condition_name,condition_type,market_name,collision_policy,seed,steps,n_agents,n_arms,threshold,threshold_ratio,halt_duration,halted_reward,transparent,total_reward,avg_global_reward,avg_reward_per_agent_per_step,reward_volatility,total_collisions,avg_collisions_per_step,total_halted_choices,total_triggers,market_wide_halt_steps,avg_available_arms,gini_total_rewards,agent_0_reward,agent_0_name,agent_1_reward,agent_1_name,agent_2_reward,agent_2_name,agent_3_reward,agent_3_name,agent_4_reward,agent_4_name,agent_5_reward,agent_5_name,agent_6_reward,agent_6_name,agent_7_reward,agent_7_name,agent_8_reward,agent_8_name,agent_9_reward,agent_9_name
low_congestion_baseline,baseline,low_congestion,linear_share,0,10000,5,10,,,,,,76925.2575447252,7.69252575447252,1.538505150894504,3.0684472029693555,4667,0.4667,0,0,0,10,0.09211761631873783,11401.908534570304,RandomAgent_1,18023.658989944477,EpsilonGreedyAgent_1,16622.023361613694,UCB_BaselineAgent_1,13202.869585016171,RiskAverseEpsilonGreedyAgent_1,17674.79707358055,RiskAverseUCBAgent_1,,,,,,,,,,
low_congestion_baseline,baseline,low_congestion,linear_share,1,10000,5,10,,,,,,75490.64417215722,7.549064417215722,1.5098128834431443,2.6638509759835194,4669,0.4669,0,0,0,10,0.09301930484957976,11697.267476055034,RandomAgent_1,17925.130195175032,EpsilonGreedyAgent_1,18311.43696661768,UCB_BaselineAgent_1,13958.55846686176,RiskAverseEpsilonGreedyAgent_1,13598.25106744772,RiskAverseUCBAgent_1,,,,,,,,,,
low_congestion_baseline,baseline,low_congestion,linear_share,2,10000,5,10,,,,,,78129.98083988487,7.812998083988487,1.5625996167976974,3.0758578924115065,4550,0.455,0,0,0,10,0.0963081083331303,11501.67622623511,RandomAgent_1,16373.01977346623,EpsilonGreedyAgent_1,18597.66471725533,UCB_BaselineAgent_1,18138.509893935126,RiskAverseEpsilonGreedyAgent_1,13519.110228993068,RiskAverseUCBAgent_1,,,,,,,,,,
low_congestion_baseline,baseline,low_congestion,linear_share,3,10000,5,10,,,,,,72997.83244569346,7.299783244569347,1.4599566489138693,2.618970584340218,4650,0.465,0,0,0,10,0.11297537598375063,11611.040139079689,RandomAgent_1,18263.526960076724,EpsilonGreedyAgent_1,18316.460802167396,UCB_BaselineAgent_1,11334.00725447712,RiskAverseEpsilonGreedyAgent_1,13472.797289892535,RiskAverseUCBAgent_1,,,,,,,,,,
low_congestion_baseline,baseline,low_congestion,linear_share,4,10000,5,10,,,,,,77682.50415864243,7.768250415864244,1.5536500831728486,3.1181600977748127,4640,0.464,0,0,0,10,0.08540711844466609,11469.03636990461,RandomAgent_1,18015.58550469427,EpsilonGreedyAgent_1,16927.214101081667,UCB_BaselineAgent_1,13888.584684076292,RiskAverseEpsilonGreedyAgent_1,17382.08349888559,RiskAverseUCBAgent_1,,,,,,,,,,
low_congestion_baseline,baseline,low_congestion,linear_share,5,10000,5,10,,,,,,78265.62318119514,7.826562318119515,1.5653124636239029,3.115594308586229,4736,0.4736,0,0,0,10,0.09615755965981232,11402.437479891412,RandomAgent_1,16788.775226934933,EpsilonGreedyAgent_1,18583.065504655115,UCB_BaselineAgent_1,17972.333623040842,RiskAverseEpsilonGreedyAgent_1,13519.011346672845,RiskAverseUCBAgent_1,,,,,,,,,,
low_congestion_baseline,baseline,low_congestion,linear_share,6,10000,5,10,,,,,,78133.58428346366,7.8133584283463655,1.562671685669273,3.1248993247566306,4720,0.472,0,0,0,10,0.09688009507718576,11492.763017406949,RandomAgent_1,16438.02448779682,EpsilonGreedyAgent_1,18518.802518898654,UCB_BaselineAgent_1,18277.943970817974,RiskAverseEpsilonGreedyAgent_1,13406.05028854326,RiskAverseUCBAgent_1,,,,,,,,,,
low_congestion_baseline,baseline,low_congestion,linear_share,7,10000,5,10,,,,,,75478.67035217084,7.5478670352170845,1.5095734070434168,2.6905498834684396,4924,0.4924,0,0,0,10,0.09489534404533706,11586.203282521941,RandomAgent_1,18276.187952957225,EpsilonGreedyAgent_1,18133.12895420921,UCB_BaselineAgent_1,13876.487845287256,RiskAverseEpsilonGreedyAgent_1,13606.662317195214,RiskAverseUCBAgent_1,,,,,,,,,,
low_congestion_baseline,baseline,low_congestion,linear_share,8,10000,5,10,,,,,,75216.14268323798,7.521614268323798,1.5043228536647597,2.626602093830067,4694,0.4694,0,0,0,10,0.09769103023346215,11610.613458679969,RandomAgent_1,18109.19666451835,EpsilonGreedyAgent_1,18481.46372836019,UCB_BaselineAgent_1,13533.827800082203,RiskAverseEpsilonGreedyAgent_1,13481.041031597262,RiskAverseUCBAgent_1,,,,,,,,,,
low_congestion_baseline,baseline,low_congestion,linear_share,9,10000,5,10,,,,,,77305.87551180765,7.730587551180765,1.546117510236153,3.115669899895385,4617,0.4617,0,0,0,10,0.08917742635098858,11442.448162861601,RandomAgent_1,16486.166498296756,EpsilonGreedyAgent_1,18450.032447440943,UCB_BaselineAgent_1,13853.774711242362,RiskAverseEpsilonGreedyAgent_1,17073.453691965984,RiskAverseUCBAgent_1,,,,,,,,,,
low_congestion_baseline,baseline,low_congestion,linear_share,10,10000,5,10,,,,,,75369.19721149512,7.536919721149512,1.5073839442299024,2.679697171507969,4885,0.4885,0,0,0,10,0.09315509547223066,11638.65512673283,RandomAgent_1,17999.386407973216,EpsilonGreedyAgent_1,18213.618433643773,UCB_BaselineAgent_1,13920.786126105748,RiskAverseEpsilonGreedyAgent_1,13596.75111703955,RiskAverseUCBAgent_1,,,,,,,,,,
low_congestion_baseline,baseline,low_congestion,linear_share,11,10000,5,10,,,,,,77693.52712691104,7.769352712691104,1.5538705425382207,3.150617308118937,4742,0.4742,0,0,0,10,0.09414454907795844,11559.53061171609,RandomAgent_1,16389.807138211607,EpsilonGreedyAgent_1,18353.943104358623,UCB_BaselineAgent_1,18043.738240718798,RiskAverseEpsilonGreedyAgent_1,13346.508031905916,RiskAverseUCBAgent_1,,,,,,,,,,
low_congestion_baseline,baseline,low_congestion,linear_share,12,10000,5,10,,,,,,78341.79921108368,7.834179921108368,1.5668359842216735,3.13481343501561,4656,0.4656,0,0,0,10,0.09085781635269896,11506.68503832996,RandomAgent_1,17980.04686154864,EpsilonGreedyAgent_1,17109.796659342795,UCB_BaselineAgent_1,18191.168626875064,RiskAverseEpsilonGreedyAgent_1,13554.102024987227,RiskAverseUCBAgent_1,,,,,,,,,,
low_congestion_baseline,baseline,low_congestion,linear_share,13,10000,5,10,,,,,,78258.0554613925,7.82580554613925,1.5651611092278501,3.1258904128087,4579,0.4579,0,0,0,10,0.08789921710037985,11507.920912502284,RandomAgent_1,18176.857878139766,EpsilonGreedyAgent_1,16836.96836397834,UCB_BaselineAgent_1,13938.563860455431,RiskAverseEpsilonGreedyAgent_1,17797.74444631669,RiskAverseUCBAgent_1,,,,,,,,,,
low_congestion_baseline,baseline,low_congestion,linear_share,14,10000,5,10,,,,,,75730.75904047754,7.573075904047754,1.5146151808095507,3.0357927003714673,4727,0.4727,0,0,0,10,0.10477997809125106,11677.713752549105,RandomAgent_1,16236.564650449738,EpsilonGreedyAgent_1,18858.119715379555,UCB_BaselineAgent_1,11740.752332511216,RiskAverseEpsilonGreedyAgent_1,17217.60858958793,RiskAverseUCBAgent_1,,,,,,,,,,
low_congestion_baseline,baseline,low_congestion,linear_share,15,10000,5,10,,,,,,77137.62069808319,7.713762069808319,1.5427524139616637,3.080594522694303,4765,0.4765,0,0,0,10,0.09120556225267995,11314.440390255037,RandomAgent_1,16582.174945197872,EpsilonGreedyAgent_1,18259.88315101173,UCB_BaselineAgent_1,13641.778783312682,RiskAverseEpsilonGreedyAgent_1,17339.34342830587,RiskAverseUCBAgent_1,,,,,,,,,,
low_congestion_baseline,baseline,low_congestion,linear_share,16,10000,5,10,,,,,,77455.82017662341,7.745582017662342,1.5491164035324683,3.1039664545169936,4691,0.4691,0,0,0,10,0.08835749041638774,11432.610746178749,RandomAgent_1,18076.943368355882,EpsilonGreedyAgent_1,16495.735730416964,UCB_BaselineAgent_1,13814.845426826249,RiskAverseEpsilonGreedyAgent_1,17635.684904845577,RiskAverseUCBAgent_1,,,,,,,,,,
low_congestion_baseline,baseline,low_congestion,linear_share,17,10000,5,10,,,,,,78640.46288801162,7.864046288801162,1.5728092577602324,3.11749160224396,4667,0.4667,0,0,0,10,0.09275963503628559,11428.864740285127,RandomAgent_1,18287.68694561314,EpsilonGreedyAgent_1,16995.440445145683,UCB_BaselineAgent_1,18223.738968876467,RiskAverseEpsilonGreedyAgent_1,13704.731788091201,RiskAverseUCBAgent_1,,,,,,,,,,
low_congestion_baseline,baseline,low_congestion,linear_share,18,10000,5,10,,,,,,78217.26618926218,7.821726618926219,1.5643453237852436,3.1114926738854214,4621,0.4621,0,0,0,10,0.09658678841244495,11475.323498678268,RandomAgent_1,16452.328499165833,EpsilonGreedyAgent_1,18667.95849649583,UCB_BaselineAgent_1,18061.636024171232,RiskAverseEpsilonGreedyAgent_1,13560.019670751028,RiskAverseUCBAgent_1,,,,,,,,,,
low_congestion_baseline,baseline,low_congestion,linear_share,19,10000,5,10,,,,,,77980.30369238771,7.798030369238771,1.5596060738477542,3.130592300923631,4735,0.4735,0,0,0,10,0.09351528451842173,11334.536498663661,RandomAgent_1,18201.041223735625,EpsilonGreedyAgent_1,16982.17093673144,UCB_BaselineAgent_1,17980.210649839744,RiskAverseEpsilonGreedyAgent_1,13482.344383417238,RiskAverseUCBAgent_1,,,,,,,,,,
low_congestion_baseline,baseline,low_congestion,linear_share,20,10000,5,10,,,,,,77869.22536337702,7.786922536337702,1.5573845072675403,3.145900077032534,4719,0.4719,0,0,0,10,0.09332187173211448,11457.719458104262,RandomAgent_1,18108.507641350556,EpsilonGreedyAgent_1,16546.440319658814,UCB_BaselineAgent_1,18243.581290740603,RiskAverseEpsilonGreedyAgent_1,13512.976653522777,RiskAverseUCBAgent_1,,,,,,,,,,
low_congestion_baseline,baseline,low_congestion,linear_share,21,10000,5,10,,,,,,78281.33087741373,7.828133087741373,1.5656266175482745,3.13036519486863,4624,0.4624,0,0,0,10,0.09754730141809831,11518.280013822889,RandomAgent_1,16413.46380984497,EpsilonGreedyAgent_1,18766.669747622538,UCB_BaselineAgent_1,18088.23464239821,RiskAverseEpsilonGreedyAgent_1,13494.682663725125,RiskAverseUCBAgent_1,,,,,,,,,,
low_congestion_baseline,baseline,low_congestion,linear_share,22,10000,5,10,,,,,,76707.60517175279,7.670760517175279,1.5341521034350558,3.039548446726716,4672,0.4672,0,0,0,10,0.0860579277586766,11560.259445826365,RandomAgent_1,16465.17446573881,EpsilonGreedyAgent_1,18413.51131759545,UCB_BaselineAgent_1,13735.95991255043,RiskAverseEpsilonGreedyAgent_1,16532.700030041735,RiskAverseUCBAgent_1,,,,,,,,,,
low_congestion_baseline,baseline,low_congestion,linear_share,23,10000,5,10,,,,,,75453.1598701516,7.545315987015161,1.5090631974030322,2.6532792999864157,4728,0.4728,0,0,0,10,0.0959064588553511,11711.533755243268,RandomAgent_1,18181.001514867974,EpsilonGreedyAgent_1,18397.490041534445,UCB_BaselineAgent_1,13701.333902537901,RiskAverseEpsilonGreedyAgent_1,13461.80065596802,RiskAverseUCBAgent_1,,,,,,,,,,
low_congestion_baseline,baseline,low_congestion,linear_share,24,10000,5,10,,,,,,76097.69186158282,7.609769186158282,1.5219538372316563,2.830243752564312,4693,0.4693,0,0,0,10,0.09557841272683154,11480.003519115671,RandomAgent_1,14280.803433775185,EpsilonGreedyAgent_1,18536.46140464985,UCB_BaselineAgent_1,13865.04888717323,RiskAverseEpsilonGreedyAgent_1,17935.374616868885,RiskAverseUCBAgent_1,,,,,,,,,,
low_congestion_baseline,baseline,low_congestion,linear_share,25,10000,5,10,,,,,,73659.64784063108,7.365964784063108,1.4731929568126216,2.5799187654375406,4689,0.4689,0,0,0,10,0.11442941422423147,11732.481277753846,RandomAgent_1,18319.430753864468,EpsilonGreedyAgent_1,18607.041222814292,UCB_BaselineAgent_1,11364.478017911373,RiskAverseEpsilonGreedyAgent_1,13636.216568287102,RiskAverseUCBAgent_1,,,,,,,,,,
low_congestion_baseline,baseline,low_congestion,linear_share,26,10000,5,10,,,,,,77476.65978191377,7.747665978191376,1.5495331956382754,3.0752008074002286,4674,0.4674,0,0,0,10,0.09776199984223011,11423.099872791267,RandomAgent_1,15980.222024150939,EpsilonGreedyAgent_1,18522.031802079873,UCB_BaselineAgent_1,18144.56261387718,RiskAverseEpsilonGreedyAgent_1,13406.74346901451,RiskAverseUCBAgent_1,,,,,,,,,,
low_congestion_baseline,baseline,low_congestion,linear_share,27,10000,5,10,,,,,,78223.66627763427,7.822366627763427,1.5644733255526855,3.113253557075097,4631,0.4631,0,0,0,10,0.09449479423330165,11491.371431374713,RandomAgent_1,16431.009108841004,EpsilonGreedyAgent_1,18442.613436351126,UCB_BaselineAgent_1,18217.755706906686,RiskAverseEpsilonGreedyAgent_1,13640.916594160743,RiskAverseUCBAgent_1,,,,,,,,,,
low_congestion_baseline,baseline,low_congestion,linear_share,28,10000,5,10,,,,,,77206.56703682178,7.720656703682178,1.5441313407364357,3.0892813211486994,4606,0.4606,0,0,0,10,0.09216660957076561,11396.151349132853,RandomAgent_1,16144.475913438519,EpsilonGreedyAgent_1,18106.1956163545,UCB_BaselineAgent_1,17964.662212203682,RiskAverseEpsilonGreedyAgent_1,13595.081945692233,RiskAverseUCBAgent_1,,,,,,,,,,
low_congestion_baseline,baseline,low_congestion,linear_share,29,10000,5,10,,,,,,78160.63663853571,7.816063663853571,1.5632127327707142,3.0992375572310014,4620,0.462,0,0,0,10,0.0962169369442043,11591.871340022462,RandomAgent_1,16356.375499437358,EpsilonGreedyAgent_1,18695.04625609466,UCB_BaselineAgent_1,18055.96816412949,RiskAverseEpsilonGreedyAgent_1,13461.375378851733,RiskAverseUCBAgent_1,,,,,,,,,,
low_congestion_cb_opaque_ratio06_halt3,circuit_breaker,low_congestion,linear_share,0,10000,5,10,3,0.6,3,0.0,False,73436.27160606859,7.343627160606859,1.4687254321213719,2.649378506514518,4561,0.4561,170,105,0,9.9685,0.1101971379430764,11940.788847884223,RandomAgent_1,17652.770398780893,EpsilonGreedyAgent_1,18628.458863467662,UCB_BaselineAgent_1,11368.865948667051,RiskAverseEpsilonGreedyAgent_1,13845.387547268763,RiskAverseUCBAgent_1,,,,,,,,,,
low_congestion_cb_opaque_ratio06_halt3,circuit_breaker,low_congestion,linear_share,1,10000,5,10,3,0.6,3,0.0,False,76877.98773184401,7.687798773184401,1.5375597546368802,3.0625061642082505,4726,0.4726,150,85,0,9.9745,0.08468961137619724,11706.479272692573,RandomAgent_1,16279.78406583129,EpsilonGreedyAgent_1,18482.785178382226,UCB_BaselineAgent_1,13842.3168826662,RiskAverseEpsilonGreedyAgent_1,16566.622332271727,RiskAverseUCBAgent_1,,,,,,,,,,
low_congestion_cb_opaque_ratio06_halt3,circuit_breaker,low_congestion,linear_share,2,10000,5,10,3,0.6,3,0.0,False,77736.09437268264,7.773609437268264,1.5547218874536528,3.101723912209944,4625,0.4625,177,99,0,9.9703,0.09205439527120785,11463.864235427902,RandomAgent_1,16437.31657120844,EpsilonGreedyAgent_1,18262.526413509622,UCB_BaselineAgent_1,17932.46784596517,RiskAverseEpsilonGreedyAgent_1,13639.9193065715,RiskAverseUCBAgent_1,,,,,,,,,,
low_congestion_cb_opaque_ratio06_halt3,circuit_breaker,low_congestion,linear_share,3,10000,5,10,3,0.6,3,0.0,False,77626.98570278182,7.762698570278182,1.5525397140556365,3.111934960534317,4741,0.4741,175,100,0,9.97,0.09423327892177347,11350.243325841693,RandomAgent_1,16400.838808074914,EpsilonGreedyAgent_1,18257.22588579891,UCB_BaselineAgent_1,18046.163026059385,RiskAverseEpsilonGreedyAgent_1,13572.514657006925,RiskAverseUCBAgent_1,,,,,,,,,,
low_congestion_cb_opaque_ratio06_halt3,circuit_breaker,low_congestion,linear_share,4,10000,5,10,3,0.6,3,0.0,False,76373.78162888961,7.637378162888961,1.5274756325777923,2.9397784534831763,4735,0.4735,216,108,0,9.9676,0.09038595839251906,11581.329231926453,RandomAgent_1,15002.733816501446,EpsilonGreedyAgent_1,18416.597482072426,UCB_BaselineAgent_1,13892.931988605404,RiskAverseEpsilonGreedyAgent_1,17480.189109783878,RiskAverseUCBAgent_1,,,,,,,,,,
low_congestion_cb_opaque_ratio06_halt3,circuit_breaker,low_congestion,linear_share,5,10000,5,10,3,0.6,3,0.0,False,75581.34064459961,7.558134064459961,1.511626812891992,2.6594517728474827,4592,0.4592,184,104,0,9.9688,0.0977075975770012,11856.729480730844,RandomAgent_1,17979.50351978943,EpsilonGreedyAgent_1,18671.741117688693,UCB_BaselineAgent_1,13926.0177727675,RiskAverseEpsilonGreedyAgent_1,13147.348753623142,RiskAverseUCBAgent_1,,,,,,,,,,
low_congestion_cb_opaque_ratio06_halt3,circuit_breaker,low_congestion,linear_share,6,10000,5,10,3,0.6,3,0.0,False,75428.67046333864,7.542867046333864,1.5085734092667729,2.666011361919772,4621,0.4621,187,103,0,9.9691,0.10291092481634245,11459.943759345977,RandomAgent_1,18143.295816317393,EpsilonGreedyAgent_1,18783.901076090555,UCB_BaselineAgent_1,13656.404949401409,RiskAverseEpsilonGreedyAgent_1,13385.124862183302,RiskAverseUCBAgent_1,,,,,,,,,,
low_congestion_cb_opaque_ratio06_halt3,circuit_breaker,low_congestion,linear_share,7,10000,5,10,3,0.6,3,0.0,False,74908.91239550544,7.490891239550544,1.4981782479101087,2.7089810578202194,4750,0.475,218,102,0,9.9694,0.09961942967230342,11551.714572247523,RandomAgent_1,17972.197700930843,EpsilonGreedyAgent_1,18437.090746775964,UCB_BaselineAgent_1,13860.917151095357,RiskAverseEpsilonGreedyAgent_1,13086.992224455747,RiskAverseUCBAgent_1,,,,,,,,,,
low_congestion_cb_opaque_ratio06_halt3,circuit_breaker,low_congestion,linear_share,8,10000,5,10,3,0.6,3,0.0,False,74890.30689152726,7.489030689152726,1.4978061378305452,2.633489944111912,4732,0.4732,229,128,0,9.9616,0.0945101649460891,11523.575610832611,RandomAgent_1,17972.208173698345,EpsilonGreedyAgent_1,18145.408365036797,UCB_BaselineAgent_1,13727.979202806455,RiskAverseEpsilonGreedyAgent_1,13521.135539153045,RiskAverseUCBAgent_1,,,,,,,,,,
low_congestion_cb_opaque_ratio06_halt3,circuit_breaker,low_congestion,linear_share,9,10000,5,10,3,0.6,3,0.0,False,77681.35340898673,7.768135340898673,1.5536270681797346,3.1403000081029644,4589,0.4589,189,100,0,9.97,0.09469489363119621,11553.781653582282,RandomAgent_1,16371.772374302847,EpsilonGreedyAgent_1,18589.670188641783,UCB_BaselineAgent_1,17742.210433909615,RiskAverseEpsilonGreedyAgent_1,13423.918758550199,RiskAverseUCBAgent_1,,,,,,,,,,
low_congestion_cb_opaque_ratio06_halt3,circuit_breaker,low_congestion,linear_share,10,10000,5,10,3,0.6,3,0.0,False,78063.7212870596,7.80637212870596,1.561274425741192,3.1463501408879337,4603,0.4603,129,73,0,9.9781,0.0972283766876818,11445.787710466097,RandomAgent_1,16247.079335235632,EpsilonGreedyAgent_1,18340.811562764186,UCB_BaselineAgent_1,18518.60959470426,RiskAverseEpsilonGreedyAgent_1,13511.43308388942,RiskAverseUCBAgent_1,,,,,,,,,,
low_congestion_cb_opaque_ratio06_halt3,circuit_breaker,low_congestion,linear_share,11,10000,5,10,3,0.6,3,0.0,False,76684.06041459553,7.668406041459553,1.5336812082919107,3.1078631448411596,4560,0.456,246,129,0,9.9613,0.09498407489779637,11523.64049926699,RandomAgent_1,16307.318451822946,EpsilonGreedyAgent_1,18465.792944260338,UCB_BaselineAgent_1,13031.101032257115,RiskAverseEpsilonGreedyAgent_1,17356.207486988133,RiskAverseUCBAgent_1,,,,,,,,,,
low_congestion_cb_opaque_ratio06_halt3,circuit_breaker,low_congestion,linear_share,12,10000,5,10,3,0.6,3,0.0,False,77692.53618753207,7.769253618753207,1.5538507237506414,3.126267265909713,4647,0.4647,151,88,0,9.9736,0.09271247667441052,11547.81000754513,RandomAgent_1,16106.105515639263,EpsilonGreedyAgent_1,18474.744261742246,UCB_BaselineAgent_1,17858.838258433552,RiskAverseEpsilonGreedyAgent_1,13705.03814417187,RiskAverseUCBAgent_1,,,,,,,,,,
low_congestion_cb_opaque_ratio06_halt3,circuit_breaker,low_congestion,linear_share,13,10000,5,10,3,0.6,3,0.0,False,77073.74061226592,7.7073740612265915,1.5414748122453183,3.1169417248679707,4683,0.4683,183,99,0,9.9703,0.09154751019516705,11525.083276515057,RandomAgent_1,16198.241136462062,EpsilonGreedyAgent_1,18023.814208489188,UCB_BaselineAgent_1,13342.145609272613,RiskAverseEpsilonGreedyAgent_1,17984.456381526994,RiskAverseUCBAgent_1,,,,,,,,,,
low_congestion_cb_opaque_ratio06_halt3,circuit_breaker,low_congestion,linear_share,14,10000,5,10,3,0.6,3,0.0,False,75602.26436231998,7.560226436231998,1.5120452872463996,2.632516034032501,4693,0.4693,201,98,0,9.9706,0.09771075830608855,11738.953841413208,RandomAgent_1,18058.543848150042,EpsilonGreedyAgent_1,18597.437247078848,UCB_BaselineAgent_1,13899.705217445719,RiskAverseEpsilonGreedyAgent_1,13307.624208232162,RiskAverseUCBAgent_1,,,,,,,,,,
low_congestion_cb_opaque_ratio06_halt3,circuit_breaker,low_congestion,linear_share,15,10000,5,10,3,0.6,3,0.0,False,77709.62912642918,7.770962912642918,1.5541925825285836,3.1118087919587203,4601,0.4601,158,91,0,9.9727,0.09363909517968638,11341.723953654991,RandomAgent_1,16400.07213270442,EpsilonGreedyAgent_1,18194.893151174085,UCB_BaselineAgent_1,18129.124944613533,RiskAverseEpsilonGreedyAgent_1,13643.814944282152,RiskAverseUCBAgent_1,,,,,,,,,,
low_congestion_cb_opaque_ratio06_halt3,circuit_breaker,low_congestion,linear_share,16,10000,5,10,3,0.6,3,0.0,False,77383.73231065302,7.738373231065302,1.5476746462130604,3.0993659738701282,4633,0.4633,216,120,0,9.964,0.09003147998916616,11592.795751991483,RandomAgent_1,16515.047211926776,EpsilonGreedyAgent_1,17944.51160211756,UCB_BaselineAgent_1,17996.629171338824,RiskAverseEpsilonGreedyAgent_1,13334.748573278379,RiskAverseUCBAgent_1,,,,,,,,,,
low_congestion_cb_opaque_ratio06_halt3,circuit_breaker,low_congestion,linear_share,17,10000,5,10,3,0.6,3,0.0,False,77704.99219177887,7.770499219177887,1.5540998438355775,3.091655641039832,4587,0.4587,205,106,0,9.9682,0.08777145998513469,11377.554205070113,RandomAgent_1,17921.566610976297,EpsilonGreedyAgent_1,16815.2765340726,UCB_BaselineAgent_1,13813.95906072872,RiskAverseEpsilonGreedyAgent_1,17776.63578093114,RiskAverseUCBAgent_1,,,,,,,,,,
low_congestion_cb_opaque_ratio06_halt3,circuit_breaker,low_congestion,linear_share,18,10000,5,10,3,0.6,3,0.0,False,77540.69513823368,7.754069513823368,1.5508139027646737,3.1355935545434592,4594,0.4594,201,103,0,9.9691,0.08540038043892473,11652.868657155446,RandomAgent_1,18098.814532085893,EpsilonGreedyAgent_1,16703.374417548202,UCB_BaselineAgent_1,13711.258560272718,RiskAverseEpsilonGreedyAgent_1,17374.378971171427,RiskAverseUCBAgent_1,,,,,,,,,,
low_congestion_cb_opaque_ratio06_halt3,circuit_breaker,low_congestion,linear_share,19,10000,5,10,3,0.6,3,0.0,False,77523.69956164114,7.752369956164115,1.550473991232823,3.1370059548303355,4776,0.4776,177,93,0,9.9721,0.09221282122982655,11493.162865140876,RandomAgent_1,18240.682345303758,EpsilonGreedyAgent_1,16824.38179035565,UCB_BaselineAgent_1,17671.06561119805,RiskAverseEpsilonGreedyAgent_1,13294.406949642811,RiskAverseUCBAgent_1,,,,,,,,,,
low_congestion_cb_opaque_ratio06_halt3,circuit_breaker,low_congestion,linear_share,20,10000,5,10,3,0.6,3,0.0,False,75257.46371406248,7.525746371406249,1.5051492742812498,2.631773128250568,4771,0.4771,155,83,0,9.9751,0.0953168714806103,11717.874632459256,RandomAgent_1,17890.344456750103,EpsilonGreedyAgent_1,18425.706985832097,UCB_BaselineAgent_1,13850.793467500202,RiskAverseEpsilonGreedyAgent_1,13372.744171520826,RiskAverseUCBAgent_1,,,,,,,,,,
low_congestion_cb_opaque_ratio06_halt3,circuit_breaker,low_congestion,linear_share,21,10000,5,10,3,0.6,3,0.0,False,77839.86445573924,7.783986445573924,1.5567972891147848,3.0906477285652545,4678,0.4678,187,102,0,9.9694,0.09517737029450202,11383.390869879737,RandomAgent_1,16374.212617977726,EpsilonGreedyAgent_1,18396.751028732026,UCB_BaselineAgent_1,18090.136814444784,RiskAverseEpsilonGreedyAgent_1,13595.373124704964,RiskAverseUCBAgent_1,,,,,,,,,,
low_congestion_cb_opaque_ratio06_halt3,circuit_breaker,low_congestion,linear_share,22,10000,5,10,3,0.6,3,0.0,False,77592.86265059216,7.759286265059216,1.551857253011843,3.063169813802654,4662,0.4662,132,69,0,9.9793,0.09521256953659751,11397.373227499003,RandomAgent_1,16409.98298255686,EpsilonGreedyAgent_1,18322.858591298413,UCB_BaselineAgent_1,18040.608349148482,RiskAverseEpsilonGreedyAgent_1,13422.039500089395,RiskAverseUCBAgent_1,,,,,,,,,,
low_congestion_cb_opaque_ratio06_halt3,circuit_breaker,low_congestion,linear_share,23,10000,5,10,3,0.6,3,0.0,False,77848.43827599999,7.784843827599999,1.5569687655199997,3.094530468249102,4516,0.4516,148,79,0,9.9763,0.08885448589919731,11559.71668692565,RandomAgent_1,16549.621648917586,EpsilonGreedyAgent_1,18576.597991046663,UCB_BaselineAgent_1,13951.653577339364,RiskAverseEpsilonGreedyAgent_1,17210.848371770724,RiskAverseUCBAgent_1,,,,,,,,,,
low_congestion_cb_opaque_ratio06_halt3,circuit_breaker,low_congestion,linear_share,24,10000,5,10,3,0.6,3,0.0,False,75070.29382274278,7.507029382274278,1.5014058764548557,2.6598120746116183,4664,0.4664,230,122,0,9.9634,0.09566521723004673,11652.928835388237,RandomAgent_1,17842.701525686327,EpsilonGreedyAgent_1,18372.18365621329,UCB_BaselineAgent_1,13875.308553308785,RiskAverseEpsilonGreedyAgent_1,13327.17125214614,RiskAverseUCBAgent_1,,,,,,,,,,
low_congestion_cb_opaque_ratio06_halt3,circuit_breaker,low_congestion,linear_share,25,10000,5,10,3,0.6,3,0.0,False,76868.81938781483,7.686881938781483,1.5373763877562967,3.058168097274154,4762,0.4762,219,107,0,9.9679,0.08491453345562161,11601.084894853591,RandomAgent_1,18084.388611930335,EpsilonGreedyAgent_1,16588.91840460615,UCB_BaselineAgent_1,16973.009940636548,RiskAverseEpsilonGreedyAgent_1,13621.417535788205,RiskAverseUCBAgent_1,,,,,,,,,,
low_congestion_cb_opaque_ratio06_halt3,circuit_breaker,low_congestion,linear_share,26,10000,5,10,3,0.6,3,0.0,False,77708.98619099513,7.770898619099513,1.5541797238199027,3.0895578313414687,4627,0.4627,118,75,0,9.9775,0.09037988169876154,11543.818939446073,RandomAgent_1,16429.575224473032,EpsilonGreedyAgent_1,18628.17861392433,UCB_BaselineAgent_1,13858.90515746305,RiskAverseEpsilonGreedyAgent_1,17248.508255688637,RiskAverseUCBAgent_1,,,,,,,,,,
low_congestion_cb_opaque_ratio06_halt3,circuit_breaker,low_congestion,linear_share,27,10000,5,10,3,0.6,3,0.0,False,76793.90348345862,7.679390348345862,1.5358780696691725,3.062669441080436,4665,0.4665,200,96,0,9.9712,0.09167711510189203,11264.872921781905,RandomAgent_1,16255.005170634386,EpsilonGreedyAgent_1,18712.34751862746,UCB_BaselineAgent_1,13928.009122082247,RiskAverseEpsilonGreedyAgent_1,16633.66875033263,RiskAverseUCBAgent_1,,,,,,,,,,
low_congestion_cb_opaque_ratio06_halt3,circuit_breaker,low_congestion,linear_share,28,10000,5,10,3,0.6,3,0.0,False,77628.69965876038,7.762869965876038,1.5525739931752076,3.1390852016983115,4642,0.4642,173,95,0,9.9715,0.09189409242741364,11567.752189303374,RandomAgent_1,16214.036786070139,EpsilonGreedyAgent_1,18222.42831778885,UCB_BaselineAgent_1,18074.588681141093,RiskAverseEpsilonGreedyAgent_1,13549.893684456922,RiskAverseUCBAgent_1,,,,,,,,,,
low_congestion_cb_opaque_ratio06_halt3,circuit_breaker,low_congestion,linear_share,29,10000,5,10,3,0.6,3,0.0,False,77266.78381262324,7.726678381262324,1.5453356762524648,3.1420090111178265,4662,0.4662,195,100,0,9.97,0.09272777098775098,11609.658245453415,RandomAgent_1,17453.910901594827,EpsilonGreedyAgent_1,16400.928938044886,UCB_BaselineAgent_1,18493.210967561532,RiskAverseEpsilonGreedyAgent_1,13309.074759968576,RiskAverseUCBAgent_1,,,,,,,,,,
low_congestion_cb_transparent_ratio06_halt3,circuit_breaker,low_congestion,linear_share,0,10000,5,10,3,0.6,3,0.0,True,78557.00730094496,7.855700730094496,1.5711401460188992,3.1331527720523846,4642,0.4642,0,94,0,9.9718,0.09317480038573311,11536.32332338323,RandomAgent_1,16579.14800225067,EpsilonGreedyAgent_1,18364.3483050658,UCB_BaselineAgent_1,18359.985696147687,RiskAverseEpsilonGreedyAgent_1,13717.201974097568,RiskAverseUCBAgent_1,,,,,,,,,,
low_congestion_cb_transparent_ratio06_halt3,circuit_breaker,low_congestion,linear_share,1,10000,5,10,3,0.6,3,0.0,True,75571.38337072216,7.5571383370722165,1.5114276674144433,2.7040986186046942,4878,0.4878,0,120,0,9.964,0.09467026949937973,11761.210577420923,RandomAgent_1,18090.032095563343,EpsilonGreedyAgent_1,18378.383761649635,UCB_BaselineAgent_1,13903.286547435495,RiskAverseEpsilonGreedyAgent_1,13438.47038865277,RiskAverseUCBAgent_1,,,,,,,,,,
low_congestion_cb_transparent_ratio06_halt3,circuit_breaker,low_congestion,linear_share,2,10000,5,10,3,0.6,3,0.0,True,77972.96084369585,7.797296084369585,1.559459216873917,3.078702622118736,4622,0.4622,0,114,0,9.9658,0.09168544947074886,11413.282370581597,RandomAgent_1,16530.32189024726,EpsilonGreedyAgent_1,18472.42386603662,UCB_BaselineAgent_1,13901.375401971005,RiskAverseEpsilonGreedyAgent_1,17655.55731485936,RiskAverseUCBAgent_1,,,,,,,,,,
low_congestion_cb_transparent_ratio06_halt3,circuit_breaker,low_congestion,linear_share,3,10000,5,10,3,0.6,3,0.0,True,77798.75322280642,7.779875322280643,1.5559750644561285,3.132586005723372,4733,0.4733,0,121,0,9.9637,0.09444786949809436,11406.854446278996,RandomAgent_1,18252.50945070735,EpsilonGreedyAgent_1,16613.385667415278,UCB_BaselineAgent_1,18102.25493915161,RiskAverseEpsilonGreedyAgent_1,13423.748719253186,RiskAverseUCBAgent_1,,,,,,,,,,
low_congestion_cb_transparent_ratio06_halt3,circuit_breaker,low_congestion,linear_share,4,10000,5,10,3,0.6,3,0.0,True,77805.22401581965,7.780522401581965,1.556104480316393,3.0977053976981255,4624,0.4624,0,93,0,9.9721,0.09321689995226379,11498.455019959127,RandomAgent_1,16052.02820949418,EpsilonGreedyAgent_1,18707.487461067227,UCB_BaselineAgent_1,13916.70687519999,RiskAverseEpsilonGreedyAgent_1,17630.546450099126,RiskAverseUCBAgent_1,,,,,,,,,,
low_congestion_cb_transparent_ratio06_halt3,circuit_breaker,low_congestion,linear_share,5,10000,5,10,3,0.6,3,0.0,True,78331.46603927719,7.8331466039277196,1.5666293207855437,3.09959547663823,4640,0.464,0,89,0,9.9733,0.09464744563150385,11542.472630753384,RandomAgent_1,16556.28657757891,EpsilonGreedyAgent_1,18506.83190521956,UCB_BaselineAgent_1,18165.919654882087,RiskAverseEpsilonGreedyAgent_1,13559.955270843253,RiskAverseUCBAgent_1,,,,,,,,,,
low_congestion_cb_transparent_ratio06_halt3,circuit_breaker,low_congestion,linear_share,6,10000,5,10,3,0.6,3,0.0,True,77221.638995093,7.7221638995093,1.54443277990186,3.099986228487721,4617,0.4617,0,98,0,9.9706,0.09300566021004775,11462.113523462525,RandomAgent_1,16158.404039982852,EpsilonGreedyAgent_1,18771.87363691082,UCB_BaselineAgent_1,13746.82211426598,RiskAverseEpsilonGreedyAgent_1,17082.42568047083,RiskAverseUCBAgent_1,,,,,,,,,,
low_congestion_cb_transparent_ratio06_halt3,circuit_breaker,low_congestion,linear_share,7,10000,5,10,3,0.6,3,0.0,True,75672.41154111538,7.567241154111538,1.5134482308223076,2.6594987242132673,4637,0.4637,0,93,0,9.9721,0.09845416801049156,11645.545674527653,RandomAgent_1,17910.78925689326,EpsilonGreedyAgent_1,18698.549579847528,UCB_BaselineAgent_1,14026.390761384022,RiskAverseEpsilonGreedyAgent_1,13391.136268462911,RiskAverseUCBAgent_1,,,,,,,,,,
low_congestion_cb_transparent_ratio06_halt3,circuit_breaker,low_congestion,linear_share,8,10000,5,10,3,0.6,3,0.0,True,73071.60498102981,7.307160498102982,1.4614320996205963,2.5468369393939425,4682,0.4682,0,102,0,9.9694,0.11256928130041866,11693.419983976431,RandomAgent_1,18075.389223241524,EpsilonGreedyAgent_1,18352.723000039663,UCB_BaselineAgent_1,11261.685049443959,RiskAverseEpsilonGreedyAgent_1,13688.387724328239,RiskAverseUCBAgent_1,,,,,,,,,,
low_congestion_cb_transparent_ratio06_halt3,circuit_breaker,low_congestion,linear_share,9,10000,5,10,3,0.6,3,0.0,True,75664.25256182643,7.566425256182644,1.5132850512365286,2.736141154701382,4834,0.4834,0,128,0,9.9616,0.0916169509835918,11588.98991437444,RandomAgent_1,17599.4767110715,EpsilonGreedyAgent_1,18444.500640086364,UCB_BaselineAgent_1,14051.10742921615,RiskAverseEpsilonGreedyAgent_1,13980.177867077979,RiskAverseUCBAgent_1,,,,,,,,,,
low_congestion_cb_transparent_ratio06_halt3,circuit_breaker,low_congestion,linear_share,10,10000,5,10,3,0.6,3,0.0,True,78148.631352517,7.8148631352516995,1.56297262705034,3.114746749741547,4697,0.4697,0,91,0,9.9727,0.09292687140578448,11490.12981699729,RandomAgent_1,18285.39544208056,EpsilonGreedyAgent_1,16599.67791766648,UCB_BaselineAgent_1,18169.08323309481,RiskAverseEpsilonGreedyAgent_1,13604.344942677855,RiskAverseUCBAgent_1,,,,,,,,,,
low_congestion_cb_transparent_ratio06_halt3,circuit_breaker,low_congestion,linear_share,11,10000,5,10,3,0.6,3,0.0,True,73931.39611454145,7.393139611454145,1.478627922290829,2.6315500110428163,4683,0.4683,0,97,0,9.9709,0.11070089555862439,11722.328050269032,RandomAgent_1,18172.222514502377,EpsilonGreedyAgent_1,18710.194073504248,UCB_BaselineAgent_1,11704.801605896992,RiskAverseEpsilonGreedyAgent_1,13621.84987036881,RiskAverseUCBAgent_1,,,,,,,,,,
low_congestion_cb_transparent_ratio06_halt3,circuit_breaker,low_congestion,linear_share,12,10000,5,10,3,0.6,3,0.0,True,77700.42188077871,7.770042188077871,1.5540084376155743,3.121473417766184,4849,0.4849,0,111,0,9.9667,0.08881096822652212,11564.062475558649,RandomAgent_1,18075.157674125716,EpsilonGreedyAgent_1,16366.85593955099,UCB_BaselineAgent_1,17961.889820756107,RiskAverseEpsilonGreedyAgent_1,13732.455970787252,RiskAverseUCBAgent_1,,,,,,,,,,
low_congestion_cb_transparent_ratio06_halt3,circuit_breaker,low_congestion,linear_share,13,10000,5,10,3,0.6,3,0.0,True,75796.20842934983,7.579620842934983,1.5159241685869966,2.6395701629560113,4645,0.4645,0,110,0,9.967,0.09940857322501517,11632.399802138325,RandomAgent_1,18159.0905990962,EpsilonGreedyAgent_1,18693.534027288788,UCB_BaselineAgent_1,13866.807290998197,RiskAverseEpsilonGreedyAgent_1,13444.376709828326,RiskAverseUCBAgent_1,,,,,,,,,,
low_congestion_cb_transparent_ratio06_halt3,circuit_breaker,low_congestion,linear_share,14,10000,5,10,3,0.6,3,0.0,True,75859.95545666585,7.585995545666584,1.517199109133317,2.659365813502225,4796,0.4796,0,104,0,9.9688,0.09636086639439334,11699.223844441056,RandomAgent_1,18133.045436831562,EpsilonGreedyAgent_1,18590.664810331054,UCB_BaselineAgent_1,13795.92157756162,RiskAverseEpsilonGreedyAgent_1,13641.099787500558,RiskAverseUCBAgent_1,,,,,,,,,,
low_congestion_cb_transparent_ratio06_halt3,circuit_breaker,low_congestion,linear_share,15,10000,5,10,3,0.6,3,0.0,True,77191.9504554827,7.71919504554827,1.543839009109654,3.116795965696453,4685,0.4685,0,93,0,9.9721,0.09134138180779994,11367.784092719596,RandomAgent_1,17913.891171805088,EpsilonGreedyAgent_1,16526.717413518127,UCB_BaselineAgent_1,17944.094446227184,RiskAverseEpsilonGreedyAgent_1,13439.463331212713,RiskAverseUCBAgent_1,,,,,,,,,,
low_congestion_cb_transparent_ratio06_halt3,circuit_breaker,low_congestion,linear_share,16,10000,5,10,3,0.6,3,0.0,True,74861.70809203123,7.486170809203123,1.4972341618406246,2.634305539185442,4751,0.4751,0,106,0,9.9682,0.09642387164056321,11475.59115411953,RandomAgent_1,18019.98851257624,EpsilonGreedyAgent_1,18174.25238509254,UCB_BaselineAgent_1,13820.704395369012,RiskAverseEpsilonGreedyAgent_1,13371.171644873912,RiskAverseUCBAgent_1,,,,,,,,,,
low_congestion_cb_transparent_ratio06_halt3,circuit_breaker,low_congestion,linear_share,17,10000,5,10,3,0.6,3,0.0,True,77793.3329730122,7.77933329730122,1.5558666594602442,3.0954006322731047,4613,0.4613,0,131,0,9.9607,0.09424474832140706,11418.850655927741,RandomAgent_1,18148.42720829147,EpsilonGreedyAgent_1,16359.944701785154,UCB_BaselineAgent_1,18294.805742794753,RiskAverseEpsilonGreedyAgent_1,13571.304664213085,RiskAverseUCBAgent_1,,,,,,,,,,
low_congestion_cb_transparent_ratio06_halt3,circuit_breaker,low_congestion,linear_share,18,10000,5,10,3,0.6,3,0.0,True,76964.75540258276,7.696475540258276,1.539295108051655,2.9794760465692516,4677,0.4677,0,112,0,9.9664,0.09658292832776416,11590.59793926036,RandomAgent_1,15430.69697358659,EpsilonGreedyAgent_1,18535.27751019731,UCB_BaselineAgent_1,18051.263737346726,RiskAverseEpsilonGreedyAgent_1,13356.91924219177,RiskAverseUCBAgent_1,,,,,,,,,,
low_congestion_cb_transparent_ratio06_halt3,circuit_breaker,low_congestion,linear_share,19,10000,5,10,3,0.6,3,0.0,True,77590.15314823318,7.759015314823317,1.5518030629646635,3.111771710430928,4710,0.471,0,99,0,9.9703,0.09524975535264968,11381.759461334555,RandomAgent_1,18292.69145259599,EpsilonGreedyAgent_1,16675.041120510057,UCB_BaselineAgent_1,17947.452447064665,RiskAverseEpsilonGreedyAgent_1,13293.208666727907,RiskAverseUCBAgent_1,,,,,,,,,,
low_congestion_cb_transparent_ratio06_halt3,circuit_breaker,low_congestion,linear_share,20,10000,5,10,3,0.6,3,0.0,True,77230.7030812921,7.72307030812921,1.544614061625842,3.152223883270354,4537,0.4537,0,60,0,9.982,0.09703117586632315,11474.055457562696,RandomAgent_1,16550.722864338433,EpsilonGreedyAgent_1,18445.967306338236,UCB_BaselineAgent_1,12984.658159101109,RiskAverseEpsilonGreedyAgent_1,17775.299293951626,RiskAverseUCBAgent_1,,,,,,,,,,
low_congestion_cb_transparent_ratio06_halt3,circuit_breaker,low_congestion,linear_share,21,10000,5,10,3,0.6,3,0.0,True,80026.58312518412,8.002658312518411,1.6005316625036823,3.5051014192414285,4600,0.46,0,80,0,9.976,0.07233200684743024,11380.804725919777,RandomAgent_1,16276.028160166321,EpsilonGreedyAgent_1,16928.67736942528,UCB_BaselineAgent_1,18067.773138801305,RiskAverseEpsilonGreedyAgent_1,17373.299730871426,RiskAverseUCBAgent_1,,,,,,,,,,
low_congestion_cb_transparent_ratio06_halt3,circuit_breaker,low_congestion,linear_share,22,10000,5,10,3,0.6,3,0.0,True,77451.65038576757,7.745165038576757,1.5490330077153514,3.085516108466939,4745,0.4745,0,92,0,9.9724,0.09278631176993213,11438.635638579666,RandomAgent_1,18029.302345381457,EpsilonGreedyAgent_1,16358.994642540927,UCB_BaselineAgent_1,18146.273046839146,RiskAverseEpsilonGreedyAgent_1,13478.444712426372,RiskAverseUCBAgent_1,,,,,,,,,,
low_congestion_cb_transparent_ratio06_halt3,circuit_breaker,low_congestion,linear_share,23,10000,5,10,3,0.6,3,0.0,True,77906.33737589119,7.790633737589119,1.5581267475178238,3.08013023766748,4658,0.4658,0,108,0,9.9676,0.08934718375573425,11449.123311446741,RandomAgent_1,18296.924290319246,EpsilonGreedyAgent_1,16521.112761008168,UCB_BaselineAgent_1,13966.499683856082,RiskAverseEpsilonGreedyAgent_1,17672.67732926096,RiskAverseUCBAgent_1,,,,,,,,,,
low_congestion_cb_transparent_ratio06_halt3,circuit_breaker,low_congestion,linear_share,24,10000,5,10,3,0.6,3,0.0,True,77967.64287703566,7.796764287703565,1.5593528575407132,3.099284333720816,4628,0.4628,0,104,0,9.9688,0.09055270988812669,11467.993590159997,RandomAgent_1,16642.185952315525,EpsilonGreedyAgent_1,18384.81901730752,UCB_BaselineAgent_1,13827.920903142245,RiskAverseEpsilonGreedyAgent_1,17644.723414110376,RiskAverseUCBAgent_1,,,,,,,,,,
low_congestion_cb_transparent_ratio06_halt3,circuit_breaker,low_congestion,linear_share,25,10000,5,10,3,0.6,3,0.0,True,75573.39870816942,7.557339870816942,1.5114679741633885,2.999938911982231,4620,0.462,0,86,0,9.9742,0.10051597971244997,11592.338370646823,RandomAgent_1,16772.29761033673,EpsilonGreedyAgent_1,18643.316328846002,UCB_BaselineAgent_1,11883.417998356954,RiskAverseEpsilonGreedyAgent_1,16682.02839998291,RiskAverseUCBAgent_1,,,,,,,,,,
low_congestion_cb_transparent_ratio06_halt3,circuit_breaker,low_congestion,linear_share,26,10000,5,10,3,0.6,3,0.0,True,77093.16932095276,7.709316932095276,1.5418633864190552,3.0521704050951377,4908,0.4908,0,131,0,9.9607,0.08150718979367522,11594.638197680399,RandomAgent_1,17954.847581420836,EpsilonGreedyAgent_1,16911.30288425851,UCB_BaselineAgent_1,13922.602692642298,RiskAverseEpsilonGreedyAgent_1,16709.777964950707,RiskAverseUCBAgent_1,,,,,,,,,,
low_congestion_cb_transparent_ratio06_halt3,circuit_breaker,low_congestion,linear_share,27,10000,5,10,3,0.6,3,0.0,True,75128.7784065791,7.512877840657911,1.5025755681315822,2.658008082045186,4879,0.4879,0,126,0,9.9622,0.09322557561602296,11447.114248857284,RandomAgent_1,17973.86762235885,EpsilonGreedyAgent_1,18055.634491753117,UCB_BaselineAgent_1,13971.062966164285,RiskAverseEpsilonGreedyAgent_1,13681.099077445562,RiskAverseUCBAgent_1,,,,,,,,,,
low_congestion_cb_transparent_ratio06_halt3,circuit_breaker,low_congestion,linear_share,28,10000,5,10,3,0.6,3,0.0,True,75639.48506623162,7.563948506623162,1.5127897013246323,2.628627164760922,4751,0.4751,0,113,0,9.9661,0.0943444962043063,11651.314356501502,RandomAgent_1,17846.431842349622,EpsilonGreedyAgent_1,18484.83066847529,UCB_BaselineAgent_1,13983.866511924918,RiskAverseEpsilonGreedyAgent_1,13673.041686980287,RiskAverseUCBAgent_1,,,,,,,,,,
low_congestion_cb_transparent_ratio06_halt3,circuit_breaker,low_congestion,linear_share,29,10000,5,10,3,0.6,3,0.0,True,77892.37324884774,7.789237324884774,1.5578474649769547,3.1358702046771816,4668,0.4668,0,97,0,9.9709,0.09596054112067143,11514.77473030936,RandomAgent_1,16393.27928454325,EpsilonGreedyAgent_1,18411.78609494901,UCB_BaselineAgent_1,18232.49806254931,RiskAverseEpsilonGreedyAgent_1,13340.035076496812,RiskAverseUCBAgent_1,,,,,,,,,,
low_congestion_cb_opaque_ratio06_halt5,circuit_breaker,low_congestion,linear_share,0,10000,5,10,3,0.6,5,0.0,False,75260.5336885992,7.52605336885992,1.505210673771984,2.667320649572526,4647,0.4647,340,102,0,9.949,0.09786537595000633,11572.864618803162,RandomAgent_1,18007.130464673028,EpsilonGreedyAgent_1,18470.513208544002,UCB_BaselineAgent_1,13821.098811506492,RiskAverseEpsilonGreedyAgent_1,13388.926585072522,RiskAverseUCBAgent_1,,,,,,,,,,
low_congestion_cb_opaque_ratio06_halt5,circuit_breaker,low_congestion,linear_share,1,10000,5,10,3,0.6,5,0.0,False,75887.54866397919,7.588754866397919,1.5177509732795837,3.086449392711502,4670,0.467,333,96,0,9.952,0.08660841278654297,11488.79353390324,RandomAgent_1,16036.478548193914,EpsilonGreedyAgent_1,18280.37465875644,UCB_BaselineAgent_1,13616.906911355049,RiskAverseEpsilonGreedyAgent_1,16464.995011770556,RiskAverseUCBAgent_1,,,,,,,,,,
low_congestion_cb_opaque_ratio06_halt5,circuit_breaker,low_congestion,linear_share,2,10000,5,10,3,0.6,5,0.0,False,77058.25854236672,7.7058258542366715,1.5411651708473344,3.077981307933283,4649,0.4649,323,91,0,9.9545,0.08898422634496983,11384.22036507084,RandomAgent_1,16394.702622704568,EpsilonGreedyAgent_1,18287.84703948794,UCB_BaselineAgent_1,13828.15903211483,RiskAverseEpsilonGreedyAgent_1,17163.329482988545,RiskAverseUCBAgent_1,,,,,,,,,,
low_congestion_cb_opaque_ratio06_halt5,circuit_breaker,low_congestion,linear_share,3,10000,5,10,3,0.6,5,0.0,False,74905.08008934188,7.490508008934188,1.4981016017868376,2.660565014312583,4742,0.4742,336,93,0,9.9535,0.0985927741057866,11574.554057584111,RandomAgent_1,18138.64966414341,EpsilonGreedyAgent_1,18291.178619545375,UCB_BaselineAgent_1,13791.548061563843,RiskAverseEpsilonGreedyAgent_1,13109.149686505145,RiskAverseUCBAgent_1,,,,,,,,,,
low_congestion_cb_opaque_ratio06_halt5,circuit_breaker,low_congestion,linear_share,4,10000,5,10,3,0.6,5,0.0,False,77551.42256450783,7.755142256450783,1.5510284512901564,3.09654571108852,4602,0.4602,305,86,0,9.957,0.09145747859936448,11284.39993918615,RandomAgent_1,16699.83831477912,EpsilonGreedyAgent_1,18325.65824080514,UCB_BaselineAgent_1,13796.199374558013,RiskAverseEpsilonGreedyAgent_1,17445.326695179396,RiskAverseUCBAgent_1,,,,,,,,,,
low_congestion_cb_opaque_ratio06_halt5,circuit_breaker,low_congestion,linear_share,5,10000,5,10,3,0.6,5,0.0,False,77488.89108266798,7.748889108266797,1.5497778216533595,3.160315608270689,4723,0.4723,268,81,0,9.9595,0.09326414726915933,11495.899872924427,RandomAgent_1,16420.735518864603,EpsilonGreedyAgent_1,18288.10541340139,UCB_BaselineAgent_1,17883.538785334054,RiskAverseEpsilonGreedyAgent_1,13400.611492143507,RiskAverseUCBAgent_1,,,,,,,,,,
low_congestion_cb_opaque_ratio06_halt5,circuit_breaker,low_congestion,linear_share,6,10000,5,10,3,0.6,5,0.0,False,77761.46174651591,7.776146174651591,1.5552292349303183,3.164597580543805,4579,0.4579,335,106,0,9.947,0.09502651708075871,11510.027314954978,RandomAgent_1,16721.87769973802,EpsilonGreedyAgent_1,18619.703101445342,UCB_BaselineAgent_1,17582.0021197985,RiskAverseEpsilonGreedyAgent_1,13327.851510579072,RiskAverseUCBAgent_1,,,,,,,,,,
low_congestion_cb_opaque_ratio06_halt5,circuit_breaker,low_congestion,linear_share,7,10000,5,10,3,0.6,5,0.0,False,74902.38229015177,7.490238229015177,1.4980476458030354,2.692500140025129,4692,0.4692,344,94,0,9.953,0.09674896529782773,11507.461751776795,RandomAgent_1,17868.31536116059,EpsilonGreedyAgent_1,18275.647858783585,UCB_BaselineAgent_1,13963.089705542912,RiskAverseEpsilonGreedyAgent_1,13287.867612887887,RiskAverseUCBAgent_1,,,,,,,,,,
low_congestion_cb_opaque_ratio06_halt5,circuit_breaker,low_congestion,linear_share,8,10000,5,10,3,0.6,5,0.0,False,74563.16731870598,7.456316731870598,1.4912633463741196,2.6237376894494155,4710,0.471,312,87,0,9.9565,0.09682929466072432,11420.350155769494,RandomAgent_1,17931.81999177471,EpsilonGreedyAgent_1,18153.689966817426,UCB_BaselineAgent_1,13708.554838323467,RiskAverseEpsilonGreedyAgent_1,13348.752366020875,RiskAverseUCBAgent_1,,,,,,,,,,
low_congestion_cb_opaque_ratio06_halt5,circuit_breaker,low_congestion,linear_share,9,10000,5,10,3,0.6,5,0.0,False,77702.0006207393,7.77020006207393,1.554040012414786,3.1695364585420345,4558,0.4558,276,91,0,9.9545,0.09448101157293931,11519.118370905035,RandomAgent_1,16248.52872137193,EpsilonGreedyAgent_1,18464.305274517214,UCB_BaselineAgent_1,17966.541748221127,RiskAverseEpsilonGreedyAgent_1,13503.50650572399,RiskAverseUCBAgent_1,,,,,,,,,,
low_congestion_cb_opaque_ratio06_halt5,circuit_breaker,low_congestion,linear_share,10,10000,5,10,3,0.6,5,0.0,False,76551.63221270998,7.655163221270999,1.5310326442541997,3.125360575268144,4621,0.4621,364,99,0,9.9505,0.09018178863724291,11517.999713495345,RandomAgent_1,18073.929679840876,EpsilonGreedyAgent_1,16333.605916612369,UCB_BaselineAgent_1,13239.524522672997,RiskAverseEpsilonGreedyAgent_1,17386.572380088393,RiskAverseUCBAgent_1,,,,,,,,,,
low_congestion_cb_opaque_ratio06_halt5,circuit_breaker,low_congestion,linear_share,11,10000,5,10,3,0.6,5,0.0,False,73206.25429568041,7.320625429568041,1.4641250859136081,2.589435545932755,4707,0.4707,331,91,0,9.9545,0.1144357558753546,11726.475499929977,RandomAgent_1,18334.916165521416,EpsilonGreedyAgent_1,18449.543664844925,UCB_BaselineAgent_1,11281.997691228622,RiskAverseEpsilonGreedyAgent_1,13413.321274155463,RiskAverseUCBAgent_1,,,,,,,,,,
low_congestion_cb_opaque_ratio06_halt5,circuit_breaker,low_congestion,linear_share,12,10000,5,10,3,0.6,5,0.0,False,73950.81357747453,7.395081357747453,1.4790162715494906,2.637722877786655,4711,0.4711,385,115,0,9.9425,0.09810287046605337,11346.21192592404,RandomAgent_1,17525.285205049644,EpsilonGreedyAgent_1,18252.125169978855,UCB_BaselineAgent_1,13627.04729648832,RiskAverseEpsilonGreedyAgent_1,13200.14398003367,RiskAverseUCBAgent_1,,,,,,,,,,
low_congestion_cb_opaque_ratio06_halt5,circuit_breaker,low_congestion,linear_share,13,10000,5,10,3,0.6,5,0.0,False,74763.1087983624,7.47631087983624,1.495262175967248,2.6642785758949827,4743,0.4743,324,101,0,9.9495,0.09575569711150766,11654.84744207851,RandomAgent_1,17794.231034624874,EpsilonGreedyAgent_1,18311.36013463315,UCB_BaselineAgent_1,13792.89777031847,RiskAverseEpsilonGreedyAgent_1,13209.772416707407,RiskAverseUCBAgent_1,,,,,,,,,,
low_congestion_cb_opaque_ratio06_halt5,circuit_breaker,low_congestion,linear_share,14,10000,5,10,3,0.6,5,0.0,False,75427.8089583993,7.54278089583993,1.508556179167986,2.667928550464828,4614,0.4614,305,83,0,9.9585,0.0936868135625446,11829.848787468147,RandomAgent_1,17924.617525108664,EpsilonGreedyAgent_1,18484.742518585463,UCB_BaselineAgent_1,13620.672828185618,RiskAverseEpsilonGreedyAgent_1,13567.927299051413,RiskAverseUCBAgent_1,,,,,,,,,,
low_congestion_cb_opaque_ratio06_halt5,circuit_breaker,low_congestion,linear_share,15,10000,5,10,3,0.6,5,0.0,False,74302.86695685823,7.4302866956858225,1.4860573391371645,2.7551854773423297,4766,0.4766,470,131,0,9.9345,0.09029523531043604,11476.360099153439,RandomAgent_1,17710.598586381013,EpsilonGreedyAgent_1,17794.73714982655,UCB_BaselineAgent_1,13746.805574043821,RiskAverseEpsilonGreedyAgent_1,13574.365547453408,RiskAverseUCBAgent_1,,,,,,,,,,
low_congestion_cb_opaque_ratio06_halt5,circuit_breaker,low_congestion,linear_share,16,10000,5,10,3,0.6,5,0.0,False,74665.1833066651,7.46651833066651,1.4933036661333021,2.667215232217403,4725,0.4725,355,108,0,9.946,0.09483442603435277,11639.41243094571,RandomAgent_1,17833.201134989034,EpsilonGreedyAgent_1,18233.066039713518,UCB_BaselineAgent_1,13641.069857585455,RiskAverseEpsilonGreedyAgent_1,13318.433843431392,RiskAverseUCBAgent_1,,,,,,,,,,
low_congestion_cb_opaque_ratio06_halt5,circuit_breaker,low_congestion,linear_share,17,10000,5,10,3,0.6,5,0.0,False,77634.72153085178,7.763472153085178,1.5526944306170356,3.064717922194179,4565,0.4565,335,99,0,9.9505,0.09121901885636374,11486.218793795379,RandomAgent_1,16621.628853038288,EpsilonGreedyAgent_1,18729.655340523357,UCB_BaselineAgent_1,17007.376634058546,RiskAverseEpsilonGreedyAgent_1,13789.841909436213,RiskAverseUCBAgent_1,,,,,,,,,,
low_congestion_cb_opaque_ratio06_halt5,circuit_breaker,low_congestion,linear_share,18,10000,5,10,3,0.6,5,0.0,False,74290.87231464719,7.4290872314647185,1.4858174462929439,2.641462164923241,4726,0.4726,356,103,0,9.9485,0.09579376942599249,11645.713274073534,RandomAgent_1,17872.360579384214,EpsilonGreedyAgent_1,18234.780477321954,UCB_BaselineAgent_1,13279.029730399354,RiskAverseEpsilonGreedyAgent_1,13258.988253468135,RiskAverseUCBAgent_1,,,,,,,,,,
low_congestion_cb_opaque_ratio06_halt5,circuit_breaker,low_congestion,linear_share,19,10000,5,10,3,0.6,5,0.0,False,75722.52768439321,7.572252768439321,1.514450553687864,2.6763772349925885,4604,0.4604,252,75,0,9.9625,0.09734587681908735,11726.062485930812,RandomAgent_1,18059.921436056036,EpsilonGreedyAgent_1,18620.81711077752,UCB_BaselineAgent_1,13894.485596866545,RiskAverseEpsilonGreedyAgent_1,13421.241054762299,RiskAverseUCBAgent_1,,,,,,,,,,
low_congestion_cb_opaque_ratio06_halt5,circuit_breaker,low_congestion,linear_share,20,10000,5,10,3,0.6,5,0.0,False,77554.93453621845,7.755493453621845,1.5510986907243691,3.1551958044628376,4608,0.4608,295,85,0,9.9575,0.09022124839011125,11456.600106839538,RandomAgent_1,17985.90090206328,EpsilonGreedyAgent_1,16797.23428877704,UCB_BaselineAgent_1,17874.677589884297,RiskAverseEpsilonGreedyAgent_1,13440.521648654296,RiskAverseUCBAgent_1,,,,,,,,,,
low_congestion_cb_opaque_ratio06_halt5,circuit_breaker,low_congestion,linear_share,21,10000,5,10,3,0.6,5,0.0,False,75077.13319043377,7.507713319043377,1.5015426638086755,2.657344715314359,4632,0.4632,249,85,0,9.9575,0.098149025149872,11600.76226743652,RandomAgent_1,17992.324985478997,EpsilonGreedyAgent_1,18446.513446409193,UCB_BaselineAgent_1,13775.573731905131,RiskAverseEpsilonGreedyAgent_1,13261.958759203935,RiskAverseUCBAgent_1,,,,,,,,,,
low_congestion_cb_opaque_ratio06_halt5,circuit_breaker,low_congestion,linear_share,22,10000,5,10,3,0.6,5,0.0,False,75129.93271617123,7.512993271617122,1.5025986543234247,2.669564104543386,4687,0.4687,304,90,0,9.955,0.10191798878400316,11496.844518003729,RandomAgent_1,17913.33076556111,EpsilonGreedyAgent_1,18761.00090690628,UCB_BaselineAgent_1,13659.842082108013,RiskAverseEpsilonGreedyAgent_1,13298.914443592099,RiskAverseUCBAgent_1,,,,,,,,,,
low_congestion_cb_opaque_ratio06_halt5,circuit_breaker,low_congestion,linear_share,23,10000,5,10,3,0.6,5,0.0,False,77042.12749831527,7.704212749831527,1.5408425499663054,3.094691940797631,4693,0.4693,339,96,0,9.952,0.08913177672401185,11500.962164934313,RandomAgent_1,16382.1397098358,EpsilonGreedyAgent_1,18184.998063819356,UCB_BaselineAgent_1,17386.605014131226,RiskAverseEpsilonGreedyAgent_1,13587.42254559458,RiskAverseUCBAgent_1,,,,,,,,,,
low_congestion_cb_opaque_ratio06_halt5,circuit_breaker,low_congestion,linear_share,24,10000,5,10,3,0.6,5,0.0,False,76563.3898319274,7.65633898319274,1.531267796638548,3.1458018437667556,4779,0.4779,372,114,0,9.943,0.08920555389972362,11335.066279547871,RandomAgent_1,17650.066784885596,EpsilonGreedyAgent_1,16343.040260480633,UCB_BaselineAgent_1,17776.660425739094,RiskAverseEpsilonGreedyAgent_1,13458.556081274213,RiskAverseUCBAgent_1,,,,,,,,,,
low_congestion_cb_opaque_ratio06_halt5,circuit_breaker,low_congestion,linear_share,25,10000,5,10,3,0.6,5,0.0,False,77499.7398354966,7.74997398354966,1.549994796709932,3.094095805497321,4447,0.4447,287,87,0,9.9565,0.08710217477598592,11536.113098027316,RandomAgent_1,16539.01269063631,EpsilonGreedyAgent_1,18389.577386439658,UCB_BaselineAgent_1,13932.987763302954,RiskAverseEpsilonGreedyAgent_1,17102.048897090364,RiskAverseUCBAgent_1,,,,,,,,,,
low_congestion_cb_opaque_ratio06_halt5,circuit_breaker,low_congestion,linear_share,26,10000,5,10,3,0.6,5,0.0,False,75098.58994428978,7.509858994428978,1.5019717988857957,2.648317956183276,4621,0.4621,339,100,0,9.95,0.09330814985100377,11707.812804906735,RandomAgent_1,17910.150113028438,EpsilonGreedyAgent_1,18220.89557843275,UCB_BaselineAgent_1,13841.691998143553,RiskAverseEpsilonGreedyAgent_1,13418.0394497783,RiskAverseUCBAgent_1,,,,,,,,,,
low_congestion_cb_opaque_ratio06_halt5,circuit_breaker,low_congestion,linear_share,27,10000,5,10,3,0.6,5,0.0,False,77281.75712867393,7.728175712867393,1.5456351425734784,3.0912918100823124,4679,0.4679,320,94,0,9.953,0.0979786214956666,11393.701641650308,RandomAgent_1,15852.440773932738,EpsilonGreedyAgent_1,18552.049057252432,UCB_BaselineAgent_1,18048.385450105074,RiskAverseEpsilonGreedyAgent_1,13435.180205733372,RiskAverseUCBAgent_1,,,,,,,,,,
low_congestion_cb_opaque_ratio06_halt5,circuit_breaker,low_congestion,linear_share,28,10000,5,10,3,0.6,5,0.0,False,75171.92476662318,7.517192476662318,1.5034384953324635,3.070214990613472,4688,0.4688,325,94,0,9.953,0.09912767640463005,11656.941544114134,RandomAgent_1,15865.054445474294,EpsilonGreedyAgent_1,18173.67861688235,UCB_BaselineAgent_1,11940.339361620625,RiskAverseEpsilonGreedyAgent_1,17535.910798531775,RiskAverseUCBAgent_1,,,,,,,,,,
low_congestion_cb_opaque_ratio06_halt5,circuit_breaker,low_congestion,linear_share,29,10000,5,10,3,0.6,5,0.0,False,73168.58190183638,7.3168581901836385,1.4633716380367277,2.5846354945619843,4616,0.4616,274,90,0,9.955,0.11489983872427212,11777.397912944918,RandomAgent_1,18071.951671525603,EpsilonGreedyAgent_1,18618.631159196353,UCB_BaselineAgent_1,11257.085213230815,RiskAverseEpsilonGreedyAgent_1,13443.51594493869,RiskAverseUCBAgent_1,,,,,,,,,,
low_congestion_cb_transparent_ratio06_halt5,circuit_breaker,low_congestion,linear_share,0,10000,5,10,3,0.6,5,0.0,True,78175.92383224455,7.817592383224454,1.5635184766448909,3.145921348683769,4648,0.4648,0,99,0,9.9505,0.09208826563322381,11699.277476439593,RandomAgent_1,16698.756114547738,EpsilonGreedyAgent_1,18688.770818956094,UCB_BaselineAgent_1,17553.92291861706,RiskAverseEpsilonGreedyAgent_1,13535.196503684061,RiskAverseUCBAgent_1,,,,,,,,,,
low_congestion_cb_transparent_ratio06_halt5,circuit_breaker,low_congestion,linear_share,1,10000,5,10,3,0.6,5,0.0,True,77468.72742982744,7.746872742982744,1.5493745485965489,3.163389184856797,4803,0.4803,0,122,0,9.939,0.09022241837220846,11383.735687729617,RandomAgent_1,17895.658146399823,EpsilonGreedyAgent_1,16718.37564258771,UCB_BaselineAgent_1,17938.77034150363,RiskAverseEpsilonGreedyAgent_1,13532.187611606658,RiskAverseUCBAgent_1,,,,,,,,,,
low_congestion_cb_transparent_ratio06_halt5,circuit_breaker,low_congestion,linear_share,2,10000,5,10,3,0.6,5,0.0,True,73616.51731738794,7.361651731738794,1.4723303463477588,2.9262444270435197,4650,0.465,0,114,0,9.943,0.10260593579437671,11936.533448285703,RandomAgent_1,15895.350863669739,EpsilonGreedyAgent_1,18820.197495821354,UCB_BaselineAgent_1,11357.741641921462,RiskAverseEpsilonGreedyAgent_1,15606.693867689686,RiskAverseUCBAgent_1,,,,,,,,,,
low_congestion_cb_transparent_ratio06_halt5,circuit_breaker,low_congestion,linear_share,3,10000,5,10,3,0.6,5,0.0,True,77172.34917630216,7.717234917630216,1.5434469835260431,3.133106572098119,4769,0.4769,0,114,0,9.943,0.09111744942917022,11427.903036284513,RandomAgent_1,17953.599027679604,EpsilonGreedyAgent_1,16502.768592080756,UCB_BaselineAgent_1,17908.027797986004,RiskAverseEpsilonGreedyAgent_1,13380.050722271284,RiskAverseUCBAgent_1,,,,,,,,,,
low_congestion_cb_transparent_ratio06_halt5,circuit_breaker,low_congestion,linear_share,4,10000,5,10,3,0.6,5,0.0,True,77924.01128022856,7.792401128022856,1.5584802256045711,3.1354623768554357,4709,0.4709,0,95,0,9.9527,0.09474346898569652,11528.606530389412,RandomAgent_1,16436.498383056085,EpsilonGreedyAgent_1,18472.825417308202,UCB_BaselineAgent_1,18027.310520280385,RiskAverseEpsilonGreedyAgent_1,13458.770429194468,RiskAverseUCBAgent_1,,,,,,,,,,
low_congestion_cb_transparent_ratio06_halt5,circuit_breaker,low_congestion,linear_share,5,10000,5,10,3,0.6,5,0.0,True,77670.29808285498,7.767029808285498,1.5534059616570994,3.1595525700060536,4716,0.4716,0,107,0,9.9465,0.09301644929284669,11364.296727078186,RandomAgent_1,18011.754317555315,EpsilonGreedyAgent_1,16687.63358335151,UCB_BaselineAgent_1,18128.330316477135,RiskAverseEpsilonGreedyAgent_1,13478.283138392826,RiskAverseUCBAgent_1,,,,,,,,,,
low_congestion_cb_transparent_ratio06_halt5,circuit_breaker,low_congestion,linear_share,6,10000,5,10,3,0.6,5,0.0,True,75436.58829385057,7.543658829385056,1.5087317658770114,2.7139039010840555,4656,0.4656,0,120,0,9.94,0.10059149872850015,11499.767009040017,RandomAgent_1,18252.116774432907,EpsilonGreedyAgent_1,18544.20218619022,UCB_BaselineAgent_1,13770.213884062206,RiskAverseEpsilonGreedyAgent_1,13370.288440125216,RiskAverseUCBAgent_1,,,,,,,,,,
low_congestion_cb_transparent_ratio06_halt5,circuit_breaker,low_congestion,linear_share,7,10000,5,10,3,0.6,5,0.0,True,76849.90570992162,7.684990570992161,1.5369981141984324,3.0680470701479443,4667,0.4667,0,96,0,9.952,0.09425389981772248,11567.67794733904,RandomAgent_1,16061.431703097824,EpsilonGreedyAgent_1,18396.83742295679,UCB_BaselineAgent_1,13186.884651651271,RiskAverseEpsilonGreedyAgent_1,17637.073984876686,RiskAverseUCBAgent_1,,,,,,,,,,
low_congestion_cb_transparent_ratio06_halt5,circuit_breaker,low_congestion,linear_share,8,10000,5,10,3,0.6,5,0.0,True,75464.10803685075,7.546410803685076,1.509282160737015,2.663828924639145,4660,0.466,0,105,0,9.9475,0.09854936173372963,11546.47315203211,RandomAgent_1,18051.848640077576,EpsilonGreedyAgent_1,18532.958713546694,UCB_BaselineAgent_1,13900.35697017975,RiskAverseEpsilonGreedyAgent_1,13432.470561014621,RiskAverseUCBAgent_1,,,,,,,,,,
low_congestion_cb_transparent_ratio06_halt5,circuit_breaker,low_congestion,linear_share,9,10000,5,10,3,0.6,5,0.0,True,78138.93031923134,7.813893031923134,1.5627786063846267,3.2015436188204807,4722,0.4722,0,98,0,9.951,0.08127024397226079,11493.001668153864,RandomAgent_1,14256.638391123388,EpsilonGreedyAgent_1,17093.80775614292,UCB_BaselineAgent_1,17823.084050558497,RiskAverseEpsilonGreedyAgent_1,17472.398453252674,RiskAverseUCBAgent_1,,,,,,,,,,
low_congestion_cb_transparent_ratio06_halt5,circuit_breaker,low_congestion,linear_share,10,10000,5,10,3,0.6,5,0.0,True,75670.06197895635,7.567006197895635,1.513401239579127,2.6433174450488375,4727,0.4727,0,96,0,9.952,0.09888877497810067,11566.028293397268,RandomAgent_1,18085.504470441072,EpsilonGreedyAgent_1,18626.238890869663,UCB_BaselineAgent_1,13893.663987902328,RiskAverseEpsilonGreedyAgent_1,13498.626336346024,RiskAverseUCBAgent_1,,,,,,,,,,
low_congestion_cb_transparent_ratio06_halt5,circuit_breaker,low_congestion,linear_share,11,10000,5,10,3,0.6,5,0.0,True,72202.81734205253,7.220281734205253,1.4440563468410506,2.926020691151833,4873,0.4873,0,127,0,9.9365,0.1009477552705047,11759.577232636995,RandomAgent_1,16563.590878622064,EpsilonGreedyAgent_1,18024.740100582243,UCB_BaselineAgent_1,11315.856504966681,RiskAverseEpsilonGreedyAgent_1,14539.052625244536,RiskAverseUCBAgent_1,,,,,,,,,,
low_congestion_cb_transparent_ratio06_halt5,circuit_breaker,low_congestion,linear_share,12,10000,5,10,3,0.6,5,0.0,True,77821.01663731308,7.782101663731308,1.5564203327462616,3.1307145406862005,4765,0.4765,0,112,0,9.944,0.09014204006121962,11374.671841165771,RandomAgent_1,18005.33135628092,EpsilonGreedyAgent_1,16841.50170189933,UCB_BaselineAgent_1,17937.777853025254,RiskAverseEpsilonGreedyAgent_1,13661.733884941807,RiskAverseUCBAgent_1,,,,,,,,,,
low_congestion_cb_transparent_ratio06_halt5,circuit_breaker,low_congestion,linear_share,13,10000,5,10,3,0.6,5,0.0,True,75604.30999413281,7.560430999413281,1.5120861998826562,2.642315257970461,4688,0.4688,0,108,0,9.946,0.09360934817509792,11776.886445333203,RandomAgent_1,18029.424161904568,EpsilonGreedyAgent_1,18368.82962651492,UCB_BaselineAgent_1,13909.03468055916,RiskAverseEpsilonGreedyAgent_1,13520.135079820955,RiskAverseUCBAgent_1,,,,,,,,,,
low_congestion_cb_transparent_ratio06_halt5,circuit_breaker,low_congestion,linear_share,14,10000,5,10,3,0.6,5,0.0,True,78157.03618399025,7.8157036183990245,1.563140723679805,3.1682164903928496,4808,0.4808,0,120,0,9.94,0.09233522204283107,11563.405716763338,RandomAgent_1,16437.3244867967,EpsilonGreedyAgent_1,18400.27442940394,UCB_BaselineAgent_1,18061.95617569542,RiskAverseEpsilonGreedyAgent_1,13694.075375330844,RiskAverseUCBAgent_1,,,,,,,,,,
low_congestion_cb_transparent_ratio06_halt5,circuit_breaker,low_congestion,linear_share,15,10000,5,10,3,0.6,5,0.0,True,75789.22299084842,7.578922299084842,1.5157844598169683,2.7797457475748075,4831,0.4831,0,143,0,9.9285,0.08693102492532212,11677.280958083007,RandomAgent_1,17971.690290880604,EpsilonGreedyAgent_1,17837.045067144245,UCB_BaselineAgent_1,13954.776650518845,RiskAverseEpsilonGreedyAgent_1,14348.430024221712,RiskAverseUCBAgent_1,,,,,,,,,,
low_congestion_cb_transparent_ratio06_halt5,circuit_breaker,low_congestion,linear_share,16,10000,5,10,3,0.6,5,0.0,True,77696.02082566028,7.769602082566028,1.5539204165132057,3.147567643917523,4684,0.4684,0,106,0,9.947,0.08994837710181924,11474.677765121414,RandomAgent_1,18001.490269374262,EpsilonGreedyAgent_1,16653.794414418113,UCB_BaselineAgent_1,17992.005409792,RiskAverseEpsilonGreedyAgent_1,13574.052966954489,RiskAverseUCBAgent_1,,,,,,,,,,
low_congestion_cb_transparent_ratio06_halt5,circuit_breaker,low_congestion,linear_share,17,10000,5,10,3,0.6,5,0.0,True,78230.07833044666,7.823007833044666,1.5646015666089332,3.1076655982615136,4673,0.4673,0,116,0,9.942,0.09651148884720895,11370.6045034946,RandomAgent_1,16448.97219557341,EpsilonGreedyAgent_1,18649.088787925244,UCB_BaselineAgent_1,18039.84880267755,RiskAverseEpsilonGreedyAgent_1,13721.564040775862,RiskAverseUCBAgent_1,,,,,,,,,,
low_congestion_cb_transparent_ratio06_halt5,circuit_breaker,low_congestion,linear_share,18,10000,5,10,3,0.6,5,0.0,True,75342.43786737624,7.534243786737624,1.5068487573475249,2.6626870284241173,4655,0.4655,0,73,0,9.9635,0.10055343222965463,11494.18388064113,RandomAgent_1,18035.647809160055,EpsilonGreedyAgent_1,18606.8378525934,UCB_BaselineAgent_1,13884.664372202533,RiskAverseEpsilonGreedyAgent_1,13321.103952779125,RiskAverseUCBAgent_1,,,,,,,,,,
low_congestion_cb_transparent_ratio06_halt5,circuit_breaker,low_congestion,linear_share,19,10000,5,10,3,0.6,5,0.0,True,73500.72248420137,7.350072248420137,1.4700144496840273,2.6683318405476744,4701,0.4701,0,106,0,9.9474,0.11423455575768782,11760.26866266288,RandomAgent_1,17941.490769900814,EpsilonGreedyAgent_1,18698.854511672682,UCB_BaselineAgent_1,11294.062589226849,RiskAverseEpsilonGreedyAgent_1,13806.045950738138,RiskAverseUCBAgent_1,,,,,,,,,,
low_congestion_cb_transparent_ratio06_halt5,circuit_breaker,low_congestion,linear_share,20,10000,5,10,3,0.6,5,0.0,True,78208.95378521047,7.820895378521047,1.5641790757042093,3.140342766570045,4732,0.4732,0,108,0,9.946,0.08846635703486783,11678.746163260295,RandomAgent_1,18042.17529243782,EpsilonGreedyAgent_1,16796.764398254152,UCB_BaselineAgent_1,18101.24601251859,RiskAverseEpsilonGreedyAgent_1,13590.021918739607,RiskAverseUCBAgent_1,,,,,,,,,,
low_congestion_cb_transparent_ratio06_halt5,circuit_breaker,low_congestion,linear_share,21,10000,5,10,3,0.6,5,0.0,True,75712.49165172492,7.5712491651724925,1.5142498330344984,2.6553038717968915,4737,0.4737,0,90,0,9.955,0.09728300016378943,11614.600800369131,RandomAgent_1,18024.354913142317,EpsilonGreedyAgent_1,18595.615036125146,UCB_BaselineAgent_1,13905.383361823133,RiskAverseEpsilonGreedyAgent_1,13572.53754026519,RiskAverseUCBAgent_1,,,,,,,,,,
low_congestion_cb_transparent_ratio06_halt5,circuit_breaker,low_congestion,linear_share,22,10000,5,10,3,0.6,5,0.0,True,77367.22929224929,7.736722929224929,1.547344585844986,3.1098621962281454,4566,0.4566,0,100,0,9.95,0.0957994527440138,11501.198568869588,RandomAgent_1,15818.467033880403,EpsilonGreedyAgent_1,18455.665727475505,UCB_BaselineAgent_1,18106.154605553613,RiskAverseEpsilonGreedyAgent_1,13485.743356470188,RiskAverseUCBAgent_1,,,,,,,,,,
low_congestion_cb_transparent_ratio06_halt5,circuit_breaker,low_congestion,linear_share,23,10000,5,10,3,0.6,5,0.0,True,77975.28741307031,7.7975287413070316,1.5595057482614063,3.118341776943242,4558,0.4558,0,102,0,9.949,0.09370634370667852,11714.21401468237,RandomAgent_1,16381.040227012825,EpsilonGreedyAgent_1,18631.41926678017,UCB_BaselineAgent_1,17840.57555389493,RiskAverseEpsilonGreedyAgent_1,13408.038350700024,RiskAverseUCBAgent_1,,,,,,,,,,
low_congestion_cb_transparent_ratio06_halt5,circuit_breaker,low_congestion,linear_share,24,10000,5,10,3,0.6,5,0.0,True,77765.53436370412,7.7765534363704125,1.5553106872740825,3.1293880883658987,4589,0.4589,0,87,0,9.9565,0.09062622772606455,11544.373624827911,RandomAgent_1,16211.782852205615,EpsilonGreedyAgent_1,18455.672972814824,UCB_BaselineAgent_1,13878.655521809604,RiskAverseEpsilonGreedyAgent_1,17675.04939204617,RiskAverseUCBAgent_1,,,,,,,,,,
low_congestion_cb_transparent_ratio06_halt5,circuit_breaker,low_congestion,linear_share,25,10000,5,10,3,0.6,5,0.0,True,77089.41478739923,7.7089414787399235,1.5417882957479847,3.0977133787739533,4645,0.4645,0,99,0,9.9505,0.08690874430091444,11495.884990827182,RandomAgent_1,16546.333493402388,EpsilonGreedyAgent_1,18407.2326915,UCB_BaselineAgent_1,13856.649208926123,RiskAverseEpsilonGreedyAgent_1,16783.314402743537,RiskAverseUCBAgent_1,,,,,,,,,,
low_congestion_cb_transparent_ratio06_halt5,circuit_breaker,low_congestion,linear_share,26,10000,5,10,3,0.6,5,0.0,True,77847.9725701242,7.7847972570124195,1.556959451402484,3.149909470722889,4748,0.4748,0,94,0,9.953,0.09005226097486752,11561.389353511942,RandomAgent_1,18083.41371484646,EpsilonGreedyAgent_1,16740.49605247771,UCB_BaselineAgent_1,17972.294791120956,RiskAverseEpsilonGreedyAgent_1,13490.378658167128,RiskAverseUCBAgent_1,,,,,,,,,,
low_congestion_cb_transparent_ratio06_halt5,circuit_breaker,low_congestion,linear_share,27,10000,5,10,3,0.6,5,0.0,True,77765.44910987063,7.776544910987064,1.5553089821974126,3.0805833333117545,4570,0.457,0,87,0,9.9565,0.09190038464103689,11380.47973447585,RandomAgent_1,16320.18629672975,EpsilonGreedyAgent_1,18627.48518943115,UCB_BaselineAgent_1,14032.31104334713,RiskAverseEpsilonGreedyAgent_1,17404.986845886753,RiskAverseUCBAgent_1,,,,,,,,,,
low_congestion_cb_transparent_ratio06_halt5,circuit_breaker,low_congestion,linear_share,28,10000,5,10,3,0.6,5,0.0,True,73955.60425532928,7.395560425532928,1.4791120851065855,2.6003207084270255,4814,0.4814,0,138,0,9.931,0.10004837028652336,11739.814295634143,RandomAgent_1,17785.139743296528,EpsilonGreedyAgent_1,18317.415376082405,UCB_BaselineAgent_1,12442.497705941136,RiskAverseEpsilonGreedyAgent_1,13670.737134375071,RiskAverseUCBAgent_1,,,,,,,,,,
low_congestion_cb_transparent_ratio06_halt5,circuit_breaker,low_congestion,linear_share,29,10000,5,10,3,0.6,5,0.0,True,77922.57531405544,7.792257531405545,1.5584515062811088,3.1302666274700446,4679,0.4679,0,123,0,9.9385,0.08885953753815934,11587.90994826975,RandomAgent_1,17836.490177789263,EpsilonGreedyAgent_1,17041.708062463895,UCB_BaselineAgent_1,18035.402286585384,RiskAverseEpsilonGreedyAgent_1,13421.064838947153,RiskAverseUCBAgent_1,,,,,,,,,,
low_congestion_cb_opaque_ratio06_halt10,circuit_breaker,low_congestion,linear_share,0,10000,5,10,3,0.6,10,0.0,False,74931.4759947976,7.49314759947976,1.498629519895952,2.705172470145083,4682,0.4682,570,83,0,9.917,0.09566421282627302,11461.193752625664,RandomAgent_1,18130.432772217337,EpsilonGreedyAgent_1,18037.409821184177,UCB_BaselineAgent_1,13847.20345578561,RiskAverseEpsilonGreedyAgent_1,13455.236192984808,RiskAverseUCBAgent_1,,,,,,,,,,
low_congestion_cb_opaque_ratio06_halt10,circuit_breaker,low_congestion,linear_share,1,10000,5,10,3,0.6,10,0.0,False,77599.25753201339,7.7599257532013395,1.5519851506402678,3.1260679318822326,4553,0.4553,528,82,0,9.9182,0.09347489585330204,11464.830618614622,RandomAgent_1,16516.81738832313,EpsilonGreedyAgent_1,18295.316335947246,UCB_BaselineAgent_1,17897.639022354713,RiskAverseEpsilonGreedyAgent_1,13424.654166773686,RiskAverseUCBAgent_1,,,,,,,,,,
low_congestion_cb_opaque_ratio06_halt10,circuit_breaker,low_congestion,linear_share,2,10000,5,10,3,0.6,10,0.0,False,75370.28931232434,7.537028931232435,1.507405786246487,3.14702688280505,4870,0.487,936,130,0,9.87,0.0829785910637919,11413.303997522753,RandomAgent_1,17508.896125785846,EpsilonGreedyAgent_1,16145.943735943405,UCB_BaselineAgent_1,16873.131117281915,RiskAverseEpsilonGreedyAgent_1,13429.014335790422,RiskAverseUCBAgent_1,,,,,,,,,,
low_congestion_cb_opaque_ratio06_halt10,circuit_breaker,low_congestion,linear_share,3,10000,5,10,3,0.6,10,0.0,False,76052.813493062,7.6052813493062,1.52105626986124,3.0812145183113087,4599,0.4599,558,74,0,9.926,0.08982821327051549,11426.354103610502,RandomAgent_1,16320.577010228755,EpsilonGreedyAgent_1,18119.568950677633,UCB_BaselineAgent_1,13246.761123492815,RiskAverseEpsilonGreedyAgent_1,16939.552305052297,RiskAverseUCBAgent_1,,,,,,,,,,
low_congestion_cb_opaque_ratio06_halt10,circuit_breaker,low_congestion,linear_share,4,10000,5,10,3,0.6,10,0.0,False,77094.24896799555,7.709424896799555,1.541884979359911,3.1449972795866503,4614,0.4614,515,78,0,9.922,0.09217076989052919,11568.96322451844,RandomAgent_1,15982.126517469547,EpsilonGreedyAgent_1,18268.861770819,UCB_BaselineAgent_1,17819.545533184057,RiskAverseEpsilonGreedyAgent_1,13454.751922004501,RiskAverseUCBAgent_1,,,,,,,,,,
low_congestion_cb_opaque_ratio06_halt10,circuit_breaker,low_congestion,linear_share,5,10000,5,10,3,0.6,10,0.0,False,78865.36742317065,7.886536742317065,1.577307348463413,3.483447247954151,4630,0.463,507,71,0,9.929,0.07163984008831314,11238.286144336706,RandomAgent_1,16395.97842586442,EpsilonGreedyAgent_1,16269.524025255563,UCB_BaselineAgent_1,17909.27326296999,RiskAverseEpsilonGreedyAgent_1,17052.30556474398,RiskAverseUCBAgent_1,,,,,,,,,,
low_congestion_cb_opaque_ratio06_halt10,circuit_breaker,low_congestion,linear_share,6,10000,5,10,3,0.6,10,0.0,False,72318.64087654387,7.231864087654387,1.4463728175308774,2.640515188555735,4615,0.4615,659,94,0,9.906,0.11025275509622245,11655.695306154694,RandomAgent_1,17771.84252128552,EpsilonGreedyAgent_1,18143.679355966757,UCB_BaselineAgent_1,11235.091211715584,RiskAverseEpsilonGreedyAgent_1,13512.332481421308,RiskAverseUCBAgent_1,,,,,,,,,,
low_congestion_cb_opaque_ratio06_halt10,circuit_breaker,low_congestion,linear_share,7,10000,5,10,3,0.6,10,0.0,False,76213.81573908802,7.621381573908803,1.5242763147817604,3.0658522649210753,4672,0.4672,669,82,0,9.918,0.08704675872974987,11385.248021341777,RandomAgent_1,16174.347043614494,EpsilonGreedyAgent_1,18311.665983507653,UCB_BaselineAgent_1,13804.988269335403,RiskAverseEpsilonGreedyAgent_1,16537.566421288688,RiskAverseUCBAgent_1,,,,,,,,,,
low_congestion_cb_opaque_ratio06_halt10,circuit_breaker,low_congestion,linear_share,8,10000,5,10,3,0.6,10,0.0,False,72159.88417362931,7.215988417362931,1.4431976834725861,2.6154083524357055,4615,0.4615,699,98,0,9.902,0.11002400842531834,11531.62227639979,RandomAgent_1,17945.141500362013,EpsilonGreedyAgent_1,17884.86652471306,UCB_BaselineAgent_1,11197.6139941569,RiskAverseEpsilonGreedyAgent_1,13600.63987799754,RiskAverseUCBAgent_1,,,,,,,,,,
low_congestion_cb_opaque_ratio06_halt10,circuit_breaker,low_congestion,linear_share,9,10000,5,10,3,0.6,10,0.0,False,75181.59857936099,7.518159857936099,1.5036319715872197,3.09313136051855,4651,0.4651,710,92,0,9.908,0.08223473995862896,11487.920272668764,RandomAgent_1,16028.024345654163,EpsilonGreedyAgent_1,18064.599414060016,UCB_BaselineAgent_1,13725.034606317207,RiskAverseEpsilonGreedyAgent_1,15876.01994066083,RiskAverseUCBAgent_1,,,,,,,,,,
low_congestion_cb_opaque_ratio06_halt10,circuit_breaker,low_congestion,linear_share,10,10000,5,10,3,0.6,10,0.0,False,74102.96136752823,7.410296136752823,1.4820592273505646,2.716707945484847,4790,0.479,810,108,0,9.892,0.09217789013090294,11579.10189626052,RandomAgent_1,17862.452643583198,EpsilonGreedyAgent_1,17809.896108409583,UCB_BaselineAgent_1,13299.96102477853,RiskAverseEpsilonGreedyAgent_1,13551.549694496398,RiskAverseUCBAgent_1,,,,,,,,,,
low_congestion_cb_opaque_ratio06_halt10,circuit_breaker,low_congestion,linear_share,11,10000,5,10,3,0.6,10,0.0,False,76093.21664365563,7.609321664365563,1.5218643328731125,3.105005943551257,4630,0.463,759,104,0,9.8969,0.08905128641717641,11432.888469905689,RandomAgent_1,15975.98498106706,EpsilonGreedyAgent_1,18302.40512071104,UCB_BaselineAgent_1,13590.23714961822,RiskAverseEpsilonGreedyAgent_1,16791.700922353615,RiskAverseUCBAgent_1,,,,,,,,,,
low_congestion_cb_opaque_ratio06_halt10,circuit_breaker,low_congestion,linear_share,12,10000,5,10,3,0.6,10,0.0,False,76306.6001787868,7.63066001787868,1.526132003575736,3.0952429719284056,4636,0.4636,759,99,0,9.901,0.08874166441039821,11349.62469127607,RandomAgent_1,16227.833102700846,EpsilonGreedyAgent_1,17830.86451127189,UCB_BaselineAgent_1,13465.910375059426,RiskAverseEpsilonGreedyAgent_1,17432.367498478572,RiskAverseUCBAgent_1,,,,,,,,,,
low_congestion_cb_opaque_ratio06_halt10,circuit_breaker,low_congestion,linear_share,13,10000,5,10,3,0.6,10,0.0,False,73923.35418098838,7.392335418098837,1.4784670836197675,3.0308974326770235,4567,0.4567,698,93,0,9.907,0.10214929192635447,11784.947564126094,RandomAgent_1,16419.22735028721,EpsilonGreedyAgent_1,18087.982219747886,UCB_BaselineAgent_1,11048.05606872473,RiskAverseEpsilonGreedyAgent_1,16583.14097810246,RiskAverseUCBAgent_1,,,,,,,,,,
low_congestion_cb_opaque_ratio06_halt10,circuit_breaker,low_congestion,linear_share,14,10000,5,10,3,0.6,10,0.0,False,72679.99528081279,7.267999528081279,1.4535999056162556,2.653151159576518,4644,0.4644,749,102,0,9.898,0.10797846215428386,11939.816029082916,RandomAgent_1,17886.039436577237,EpsilonGreedyAgent_1,18029.30915518019,UCB_BaselineAgent_1,11192.578209173891,RiskAverseEpsilonGreedyAgent_1,13632.25245079855,RiskAverseUCBAgent_1,,,,,,,,,,
low_congestion_cb_opaque_ratio06_halt10,circuit_breaker,low_congestion,linear_share,15,10000,5,10,3,0.6,10,0.0,False,76630.93693758515,7.6630936937585155,1.532618738751703,3.1026466877686745,4654,0.4654,674,98,0,9.902,0.09239553933070122,11303.807547727274,RandomAgent_1,16115.906136295014,EpsilonGreedyAgent_1,18090.245852789605,UCB_BaselineAgent_1,17624.496330030703,RiskAverseEpsilonGreedyAgent_1,13496.481070742551,RiskAverseUCBAgent_1,,,,,,,,,,
low_congestion_cb_opaque_ratio06_halt10,circuit_breaker,low_congestion,linear_share,16,10000,5,10,3,0.6,10,0.0,False,73408.8879325394,7.3408887932539395,1.4681777586507878,2.694454513231362,4753,0.4753,862,115,0,9.885,0.09337075651288251,11388.268865684726,RandomAgent_1,17527.0175740043,EpsilonGreedyAgent_1,17765.23310022147,UCB_BaselineAgent_1,13583.030852127647,RiskAverseEpsilonGreedyAgent_1,13145.337540501247,RiskAverseUCBAgent_1,,,,,,,,,,
low_congestion_cb_opaque_ratio06_halt10,circuit_breaker,low_congestion,linear_share,17,10000,5,10,3,0.6,10,0.0,False,76287.22987963009,7.628722987963009,1.5257445975926018,3.0696024376131263,4633,0.4633,822,110,0,9.89,0.08186596653755718,11384.295241611939,RandomAgent_1,17423.383322538204,EpsilonGreedyAgent_1,16429.30477891484,UCB_BaselineAgent_1,13757.551588497916,RiskAverseEpsilonGreedyAgent_1,17292.69494806719,RiskAverseUCBAgent_1,,,,,,,,,,
low_congestion_cb_opaque_ratio06_halt10,circuit_breaker,low_congestion,linear_share,18,10000,5,10,3,0.6,10,0.0,False,76567.39780365789,7.656739780365789,1.5313479560731578,3.102246568736255,4513,0.4513,590,81,0,9.919,0.09620068891557554,11308.266447163747,RandomAgent_1,15806.517230238278,EpsilonGreedyAgent_1,18422.505856040993,UCB_BaselineAgent_1,17608.110247711214,RiskAverseEpsilonGreedyAgent_1,13421.998022503656,RiskAverseUCBAgent_1,,,,,,,,,,
low_congestion_cb_opaque_ratio06_halt10,circuit_breaker,low_congestion,linear_share,19,10000,5,10,3,0.6,10,0.0,False,75697.68272094638,7.569768272094638,1.5139536544189276,3.0909359839509447,4739,0.4739,626,87,0,9.913,0.08361085119070988,11332.556351177547,RandomAgent_1,17782.03773273175,EpsilonGreedyAgent_1,16574.642009804,UCB_BaselineAgent_1,13650.735559255872,RiskAverseEpsilonGreedyAgent_1,16357.711067977218,RiskAverseUCBAgent_1,,,,,,,,,,
low_congestion_cb_opaque_ratio06_halt10,circuit_breaker,low_congestion,linear_share,20,10000,5,10,3,0.6,10,0.0,False,77609.76734176066,7.760976734176066,1.5521953468352132,3.1245772578189204,4603,0.4603,566,70,0,9.93,0.09168992730630499,11466.566612854274,RandomAgent_1,16110.176667507494,EpsilonGreedyAgent_1,18310.255301485573,UCB_BaselineAgent_1,13810.030661306373,RiskAverseEpsilonGreedyAgent_1,17912.738098606947,RiskAverseUCBAgent_1,,,,,,,,,,
low_congestion_cb_opaque_ratio06_halt10,circuit_breaker,low_congestion,linear_share,21,10000,5,10,3,0.6,10,0.0,False,77052.80320229815,7.705280320229815,1.541056064045963,3.1655748699632595,4700,0.47,653,104,0,9.896,0.09821642045346057,11224.962471236076,RandomAgent_1,16184.863390607503,EpsilonGreedyAgent_1,18337.429090372105,UCB_BaselineAgent_1,18000.120651448527,RiskAverseEpsilonGreedyAgent_1,13305.427598633945,RiskAverseUCBAgent_1,,,,,,,,,,
low_congestion_cb_opaque_ratio06_halt10,circuit_breaker,low_congestion,linear_share,22,10000,5,10,3,0.6,10,0.0,False,76162.49661236645,7.616249661236645,1.523249932247329,3.0933041486738793,4656,0.4656,698,86,0,9.914,0.08889907464908631,11385.911540933901,RandomAgent_1,16001.90199008163,EpsilonGreedyAgent_1,18243.021066639492,UCB_BaselineAgent_1,13659.471193306894,RiskAverseEpsilonGreedyAgent_1,16872.190821404536,RiskAverseUCBAgent_1,,,,,,,,,,
low_congestion_cb_opaque_ratio06_halt10,circuit_breaker,low_congestion,linear_share,23,10000,5,10,3,0.6,10,0.0,False,75075.834889953,7.5075834889953,1.50151669779906,2.671904175074217,4625,0.4625,533,76,0,9.924,0.09350427641057601,11788.312901120931,RandomAgent_1,17965.537181396314,EpsilonGreedyAgent_1,18241.75450312337,UCB_BaselineAgent_1,13757.588962173528,RiskAverseEpsilonGreedyAgent_1,13322.641342138855,RiskAverseUCBAgent_1,,,,,,,,,,
low_congestion_cb_opaque_ratio06_halt10,circuit_breaker,low_congestion,linear_share,24,10000,5,10,3,0.6,10,0.0,False,72097.7231022474,7.20977231022474,1.441954462044948,2.7261543435247004,4705,0.4705,790,104,0,9.896,0.09976371717140387,11786.452091107418,RandomAgent_1,17666.494415945137,EpsilonGreedyAgent_1,17387.537269614706,UCB_BaselineAgent_1,11476.115934855308,RiskAverseEpsilonGreedyAgent_1,13781.123390724835,RiskAverseUCBAgent_1,,,,,,,,,,
low_congestion_cb_opaque_ratio06_halt10,circuit_breaker,low_congestion,linear_share,25,10000,5,10,3,0.6,10,0.0,False,76870.79937622686,7.687079937622686,1.5374159875245372,3.1164376422249296,4639,0.4639,657,76,0,9.924,0.08426124147593095,11503.352779939087,RandomAgent_1,16325.918635111942,EpsilonGreedyAgent_1,17912.622338744382,UCB_BaselineAgent_1,13877.186134160916,RiskAverseEpsilonGreedyAgent_1,17251.719488270533,RiskAverseUCBAgent_1,,,,,,,,,,
low_congestion_cb_opaque_ratio06_halt10,circuit_breaker,low_congestion,linear_share,26,10000,5,10,3,0.6,10,0.0,False,72834.52081513032,7.283452081513032,1.4566904163026064,3.0260220357632863,4707,0.4707,744,115,0,9.885,0.09635072957193702,11543.716847523418,RandomAgent_1,17614.27897999744,EpsilonGreedyAgent_1,16173.844280672934,UCB_BaselineAgent_1,11214.457924335793,RiskAverseEpsilonGreedyAgent_1,16288.222782600735,RiskAverseUCBAgent_1,,,,,,,,,,
low_congestion_cb_opaque_ratio06_halt10,circuit_breaker,low_congestion,linear_share,27,10000,5,10,3,0.6,10,0.0,False,76553.9880642301,7.65539880642301,1.5310797612846019,3.090407490898193,4595,0.4595,617,85,0,9.9162,0.08836948904669373,11563.927564317024,RandomAgent_1,16325.6833941851,EpsilonGreedyAgent_1,18238.924214071092,UCB_BaselineAgent_1,13431.42708342913,RiskAverseEpsilonGreedyAgent_1,16994.025808227747,RiskAverseUCBAgent_1,,,,,,,,,,
low_congestion_cb_opaque_ratio06_halt10,circuit_breaker,low_congestion,linear_share,28,10000,5,10,3,0.6,10,0.0,False,76432.52246039404,7.643252246039404,1.528650449207881,3.1499867641543666,4603,0.4603,605,70,0,9.93,0.08342739681013489,11574.431114500218,RandomAgent_1,17866.222151086728,EpsilonGreedyAgent_1,16340.026931051349,UCB_BaselineAgent_1,13647.004192835799,RiskAverseEpsilonGreedyAgent_1,17004.838070919945,RiskAverseUCBAgent_1,,,,,,,,,,
low_congestion_cb_opaque_ratio06_halt10,circuit_breaker,low_congestion,linear_share,29,10000,5,10,3,0.6,10,0.0,False,76979.9252261443,7.69799252261443,1.5395985045228862,3.127718178714857,4626,0.4626,532,78,0,9.922,0.0889138894354009,11301.770300739441,RandomAgent_1,16464.797020720835,EpsilonGreedyAgent_1,18173.667502423545,UCB_BaselineAgent_1,13836.01170243581,RiskAverseEpsilonGreedyAgent_1,17203.67869982467,RiskAverseUCBAgent_1,,,,,,,,,,
low_congestion_cb_transparent_ratio06_halt10,circuit_breaker,low_congestion,linear_share,0,10000,5,10,3,0.6,10,0.0,True,14916.497210699205,1.4916497210699204,0.29832994421398407,1.197510217334223,10001,1.0001,0,10000,0,0.0045,0.0005064131445871034,2990.4391450666094,RandomAgent_1,2981.687102796451,EpsilonGreedyAgent_1,2981.687102796451,UCB_BaselineAgent_1,2980.9967572432415,RiskAverseEpsilonGreedyAgent_1,2981.687102796451,RiskAverseUCBAgent_1,,,,,,,,,,
low_congestion_cb_transparent_ratio06_halt10,circuit_breaker,low_congestion,linear_share,1,10000,5,10,3,0.6,10,0.0,True,15009.263927862034,1.5009263927862033,0.3001852785572407,1.2578807066833024,10001,1.0001,0,10000,0,0.0045,0.0007724148739112202,3010.981994947801,RandomAgent_1,2996.491667112147,EpsilonGreedyAgent_1,3000.5958249041837,UCB_BaselineAgent_1,3000.5986159937192,RiskAverseEpsilonGreedyAgent_1,3000.5958249041837,RiskAverseUCBAgent_1,,,,,,,,,,
low_congestion_cb_transparent_ratio06_halt10,circuit_breaker,low_congestion,linear_share,2,10000,5,10,3,0.6,10,0.0,True,14944.236049326439,1.4944236049326438,0.2988847209865288,1.2108937101277497,10001,1.0001,0,10000,0,0.0045,0.0006296906137424063,2997.898514310855,RandomAgent_1,2987.0330596592003,EpsilonGreedyAgent_1,2986.434825118795,UCB_BaselineAgent_1,2986.434825118795,RiskAverseEpsilonGreedyAgent_1,2986.434825118795,RiskAverseUCBAgent_1,,,,,,,,,,
low_congestion_cb_transparent_ratio06_halt10,circuit_breaker,low_congestion,linear_share,3,10000,5,10,3,0.6,10,0.0,True,15090.231973396767,1.5090231973396766,0.30180463946793534,1.2291246049307691,10000,1.0,0,10000,0,0.0045,0.0006151848678574989,3027.329677041842,RandomAgent_1,3015.7255740887313,EpsilonGreedyAgent_1,3015.7255740887313,UCB_BaselineAgent_1,3015.7255740887313,RiskAverseEpsilonGreedyAgent_1,3015.7255740887313,RiskAverseUCBAgent_1,,,,,,,,,,
low_congestion_cb_transparent_ratio06_halt10,circuit_breaker,low_congestion,linear_share,4,10000,5,10,3,0.6,10,0.0,True,15070.768987227628,1.5070768987227627,0.30141537974455257,1.236780484183783,10001,1.0001,0,9999,0,0.0055,0.00043936418830137214,3019.2310039805884,RandomAgent_1,3013.522539935101,EpsilonGreedyAgent_1,3011.9847121630482,UCB_BaselineAgent_1,3014.0460189858422,RiskAverseEpsilonGreedyAgent_1,3011.9847121630482,RiskAverseUCBAgent_1,,,,,,,,,,
low_congestion_cb_transparent_ratio06_halt10,circuit_breaker,low_congestion,linear_share,5,10000,5,10,3,0.6,10,0.0,True,15122.396585583847,1.5122396585583846,0.30244793171167694,1.2356671701892963,10002,1.0002,0,10000,0,0.0045,0.0005665139288144605,3025.9358447187124,RandomAgent_1,3030.6475056344652,EpsilonGreedyAgent_1,3021.9377450768898,UCB_BaselineAgent_1,3021.9377450768898,RiskAverseEpsilonGreedyAgent_1,3021.9377450768898,RiskAverseUCBAgent_1,,,,,,,,,,
low_congestion_cb_transparent_ratio06_halt10,circuit_breaker,low_congestion,linear_share,6,10000,5,10,3,0.6,10,0.0,True,15151.238305383094,1.5151238305383095,0.3030247661076619,1.256140677932874,10005,1.0005,0,10000,0,0.0045,0.00025333938270732936,3032.4462646581046,RandomAgent_1,3028.703740331038,EpsilonGreedyAgent_1,3030.7167650403153,UCB_BaselineAgent_1,3028.6547703133215,RiskAverseEpsilonGreedyAgent_1,3030.7167650403153,RiskAverseUCBAgent_1,,,,,,,,,,
low_congestion_cb_transparent_ratio06_halt10,circuit_breaker,low_congestion,linear_share,7,10000,5,10,3,0.6,10,0.0,True,14889.239748421638,1.4889239748421639,0.29778479496843274,1.2225132882227425,10000,1.0,0,10000,0,0.0045,0.0004574437923492436,2984.4487318653937,RandomAgent_1,2976.3941542350976,EpsilonGreedyAgent_1,2976.0880474088644,UCB_BaselineAgent_1,2976.220767503417,RiskAverseEpsilonGreedyAgent_1,2976.0880474088644,RiskAverseUCBAgent_1,,,,,,,,,,
low_congestion_cb_transparent_ratio06_halt10,circuit_breaker,low_congestion,linear_share,8,10000,5,10,3,0.6,10,0.0,True,15041.621358410612,1.504162135841061,0.30083242716821224,1.2432675644129958,10000,1.0,0,10000,0,0.0045,0.0004992385345803374,3014.8128455105752,RandomAgent_1,3007.9781071953003,EpsilonGreedyAgent_1,3006.2768019015784,UCB_BaselineAgent_1,3006.2768019015784,RiskAverseEpsilonGreedyAgent_1,3006.2768019015784,RiskAverseUCBAgent_1,,,,,,,,,,
low_congestion_cb_transparent_ratio06_halt10,circuit_breaker,low_congestion,linear_share,9,10000,5,10,3,0.6,10,0.0,True,15087.287715489714,1.5087287715489714,0.3017457543097943,1.2233380640742089,10002,1.0002,0,10000,0,0.0045,0.0006245031408593782,3025.299029802283,RandomAgent_1,3017.4728862481506,EpsilonGreedyAgent_1,3014.838599813094,UCB_BaselineAgent_1,3014.838599813094,RiskAverseEpsilonGreedyAgent_1,3014.838599813094,RiskAverseUCBAgent_1,,,,,,,,,,
low_congestion_cb_transparent_ratio06_halt10,circuit_breaker,low_congestion,linear_share,10,10000,5,10,3,0.6,10,0.0,True,15148.912326339487,1.5148912326339488,0.30297824652678973,1.2536880963387995,10008,1.0008,0,9994,0,0.0105,0.0008973690237223941,3031.8692049727338,RandomAgent_1,3032.9870138821616,EpsilonGreedyAgent_1,3023.8990828535498,UCB_BaselineAgent_1,3036.302882473833,RiskAverseEpsilonGreedyAgent_1,3023.8541421572086,RiskAverseUCBAgent_1,,,,,,,,,,
low_congestion_cb_transparent_ratio06_halt10,circuit_breaker,low_congestion,linear_share,11,10000,5,10,3,0.6,10,0.0,True,15022.196297118864,1.5022196297118864,0.3004439259423773,1.249024773645421,10000,1.0,0,10000,0,0.0045,0.0002317299634007064,3006.9493607614095,RandomAgent_1,3005.0254736649804,EpsilonGreedyAgent_1,3003.4071542308247,UCB_BaselineAgent_1,3003.4071542308247,RiskAverseEpsilonGreedyAgent_1,3003.4071542308247,RiskAverseUCBAgent_1,,,,,,,,,,
low_congestion_cb_transparent_ratio06_halt10,circuit_breaker,low_congestion,linear_share,12,10000,5,10,3,0.6,10,0.0,True,15108.647545394942,1.5108647545394942,0.30217295090789886,1.2228222021666166,10000,1.0,0,10000,0,0.0045,7.553279336813823e-05,3022.427178507372,RandomAgent_1,3021.370288003254,EpsilonGreedyAgent_1,3021.370288003254,UCB_BaselineAgent_1,3022.1095028778086,RiskAverseEpsilonGreedyAgent_1,3021.370288003254,RiskAverseUCBAgent_1,,,,,,,,,,
low_congestion_cb_transparent_ratio06_halt10,circuit_breaker,low_congestion,linear_share,13,10000,5,10,3,0.6,10,0.0,True,14840.47270019794,1.4840472700197942,0.2968094540039588,1.2358372366638941,10000,1.0,0,10000,0,0.0045,0.00027493286666957495,2972.1746737417866,RandomAgent_1,2967.0745066140385,EpsilonGreedyAgent_1,2967.0745066140385,UCB_BaselineAgent_1,2967.0745066140385,RiskAverseEpsilonGreedyAgent_1,2967.0745066140385,RiskAverseUCBAgent_1,,,,,,,,,,
low_congestion_cb_transparent_ratio06_halt10,circuit_breaker,low_congestion,linear_share,14,10000,5,10,3,0.6,10,0.0,True,14808.893616780386,1.4808893616780385,0.2961778723356077,1.2236217403680705,10000,1.0,0,10000,0,0.0045,0.00037890832120646145,2966.901299670798,RandomAgent_1,2960.701677904287,EpsilonGreedyAgent_1,2960.701677904287,UCB_BaselineAgent_1,2959.8872833967266,RiskAverseEpsilonGreedyAgent_1,2960.701677904287,RiskAverseUCBAgent_1,,,,,,,,,,
low_congestion_cb_transparent_ratio06_halt10,circuit_breaker,low_congestion,linear_share,15,10000,5,10,3,0.6,10,0.0,True,14984.425400250995,1.4984425400250996,0.2996885080050199,1.2061227844275688,10000,1.0,0,10000,0,0.0045,0.00034623265951694293,3002.073177507861,RandomAgent_1,2995.5880556857837,EpsilonGreedyAgent_1,2995.5880556857837,UCB_BaselineAgent_1,2995.5880556857837,RiskAverseEpsilonGreedyAgent_1,2995.5880556857837,RiskAverseUCBAgent_1,,,,,,,,,,
low_congestion_cb_transparent_ratio06_halt10,circuit_breaker,low_congestion,linear_share,16,10000,5,10,3,0.6,10,0.0,True,14961.506355449661,1.496150635544966,0.2992301271089932,1.2204199924773824,10000,1.0,0,10000,0,0.0045,0.00017688125730175308,2994.9476811452146,RandomAgent_1,2991.6396685761115,EpsilonGreedyAgent_1,2991.6396685761115,UCB_BaselineAgent_1,2991.6396685761115,RiskAverseEpsilonGreedyAgent_1,2991.6396685761115,RiskAverseUCBAgent_1,,,,,,,,,,
low_congestion_cb_transparent_ratio06_halt10,circuit_breaker,low_congestion,linear_share,17,10000,5,10,3,0.6,10,0.0,True,14825.039720390538,1.4825039720390538,0.29650079440781074,1.223290672491957,10002,1.0002,0,10000,0,0.0045,0.0005734726831541082,2973.2499993841643,RandomAgent_1,2963.272055251921,EpsilonGreedyAgent_1,2962.839221918151,UCB_BaselineAgent_1,2962.839221918151,RiskAverseEpsilonGreedyAgent_1,2962.839221918151,RiskAverseUCBAgent_1,,,,,,,,,,
low_congestion_cb_transparent_ratio06_halt10,circuit_breaker,low_congestion,linear_share,18,10000,5,10,3,0.6,10,0.0,True,15096.445926375325,1.5096445926375326,0.30192891852750653,1.2217175870327153,10000,1.0,0,10000,0,0.0045,0.0005063381837457914,3026.933092286441,RandomAgent_1,3017.378208522221,EpsilonGreedyAgent_1,3017.378208522221,UCB_BaselineAgent_1,3017.378208522221,RiskAverseEpsilonGreedyAgent_1,3017.378208522221,RiskAverseUCBAgent_1,,,,,,,,,,
low_congestion_cb_transparent_ratio06_halt10,circuit_breaker,low_congestion,linear_share,19,10000,5,10,3,0.6,10,0.0,True,15067.223732199745,1.5067223732199746,0.3013444746439949,1.234118093718369,10000,1.0,0,10000,0,0.0045,0.0001642720592871516,3015.9198703101792,RandomAgent_1,3012.8259654723915,EpsilonGreedyAgent_1,3012.8259654723915,UCB_BaselineAgent_1,3012.8259654723915,RiskAverseEpsilonGreedyAgent_1,3012.8259654723915,RiskAverseUCBAgent_1,,,,,,,,,,
low_congestion_cb_transparent_ratio06_halt10,circuit_breaker,low_congestion,linear_share,20,10000,5,10,3,0.6,10,0.0,True,15032.074760530366,1.5032074760530365,0.3006414952106073,1.2353438047374574,10006,1.0006,0,9998,0,0.0065,0.0006432826076452347,3011.489892151497,RandomAgent_1,3007.691248974138,EpsilonGreedyAgent_1,3002.3397446164104,UCB_BaselineAgent_1,3008.21413017191,RiskAverseEpsilonGreedyAgent_1,3002.3397446164104,RiskAverseUCBAgent_1,,,,,,,,,,
low_congestion_cb_transparent_ratio06_halt10,circuit_breaker,low_congestion,linear_share,21,10000,5,10,3,0.6,10,0.0,True,15334.716055322933,1.5334716055322932,0.30669432110645867,1.2504925287237878,10008,1.0008,0,9988,0,0.0165,0.0014824000136599569,3067.3934243140966,RandomAgent_1,3069.3186388732356,EpsilonGreedyAgent_1,3057.1688144515665,UCB_BaselineAgent_1,3080.8948753128784,RiskAverseEpsilonGreedyAgent_1,3059.940302371155,RiskAverseUCBAgent_1,,,,,,,,,,
low_congestion_cb_transparent_ratio06_halt10,circuit_breaker,low_congestion,linear_share,22,10000,5,10,3,0.6,10,0.0,True,15019.060760614884,1.5019060760614884,0.30038121521229766,1.2208580645435345,10003,1.0003,0,9996,0,0.0085,0.0013723078098530905,3018.1769044850007,RandomAgent_1,3001.2312165241146,EpsilonGreedyAgent_1,2998.293451401972,UCB_BaselineAgent_1,3005.3949849285614,RiskAverseEpsilonGreedyAgent_1,2995.964203275236,RiskAverseUCBAgent_1,,,,,,,,,,
low_congestion_cb_transparent_ratio06_halt10,circuit_breaker,low_congestion,linear_share,23,10000,5,10,3,0.6,10,0.0,True,15098.582382747878,1.5098582382747878,0.30197164765495754,1.2197756263866129,10000,1.0,0,10000,0,0.0045,0.00043084270054793983,3025.8005826035096,RandomAgent_1,3018.020030055138,EpsilonGreedyAgent_1,3018.020030055138,UCB_BaselineAgent_1,3018.721709978955,RiskAverseEpsilonGreedyAgent_1,3018.020030055138,RiskAverseUCBAgent_1,,,,,,,,,,
low_congestion_cb_transparent_ratio06_halt10,circuit_breaker,low_congestion,linear_share,24,10000,5,10,3,0.6,10,0.0,True,15063.703100106926,1.5063703100106927,0.3012740620021385,1.2155871573161152,10001,1.0001,0,10000,0,0.0045,0.0002808244617036326,3016.212868139748,RandomAgent_1,3011.556721243467,EpsilonGreedyAgent_1,3011.556721243467,UCB_BaselineAgent_1,3012.820068236776,RiskAverseEpsilonGreedyAgent_1,3011.556721243467,RiskAverseUCBAgent_1,,,,,,,,,,
low_congestion_cb_transparent_ratio06_halt10,circuit_breaker,low_congestion,linear_share,25,10000,5,10,3,0.6,10,0.0,True,15054.207198591466,1.5054207198591467,0.3010841439718293,1.2570471821098277,10003,1.0003,0,9999,0,0.0055,0.0007930587807727374,3018.3038704595915,RandomAgent_1,3007.6390604583567,EpsilonGreedyAgent_1,3007.004966115331,UCB_BaselineAgent_1,3014.2543354428553,RiskAverseEpsilonGreedyAgent_1,3007.004966115331,RiskAverseUCBAgent_1,,,,,,,,,,
low_congestion_cb_transparent_ratio06_halt10,circuit_breaker,low_congestion,linear_share,26,10000,5,10,3,0.6,10,0.0,True,14860.146575016843,1.4860146575016844,0.29720293150033683,1.2266389469663304,10001,1.0001,0,10000,0,0.0045,0.0004241437409151505,2974.960880127041,RandomAgent_1,2975.3273033866494,EpsilonGreedyAgent_1,2969.9527971677176,UCB_BaselineAgent_1,2969.9527971677176,RiskAverseEpsilonGreedyAgent_1,2969.9527971677176,RiskAverseUCBAgent_1,,,,,,,,,,
low_congestion_cb_transparent_ratio06_halt10,circuit_breaker,low_congestion,linear_share,27,10000,5,10,3,0.6,10,0.0,True,15214.116023884806,1.5214116023884805,0.3042823204776961,1.2319034605248749,10001,1.0001,0,10000,0,0.0045,0.0008813602727164582,3054.8452063617665,RandomAgent_1,3039.1149110142583,EpsilonGreedyAgent_1,3039.3645678613066,UCB_BaselineAgent_1,3041.426770786168,RiskAverseEpsilonGreedyAgent_1,3039.3645678613066,RiskAverseUCBAgent_1,,,,,,,,,,
low_congestion_cb_transparent_ratio06_halt10,circuit_breaker,low_congestion,linear_share,28,10000,5,10,3,0.6,10,0.0,True,15203.886166657014,1.5203886166657015,0.30407772333314026,1.2298648020301746,10002,1.0002,0,10000,0,0.0045,0.0005396059923954422,3048.6858135644475,RandomAgent_1,3038.880389535183,EpsilonGreedyAgent_1,3038.9317919458226,UCB_BaselineAgent_1,3038.4563796657376,RiskAverseEpsilonGreedyAgent_1,3038.9317919458226,RiskAverseUCBAgent_1,,,,,,,,,,
low_congestion_cb_transparent_ratio06_halt10,circuit_breaker,low_congestion,linear_share,29,10000,5,10,3,0.6,10,0.0,True,15134.841805377067,1.5134841805377068,0.30269683610754133,1.2381167089005107,10004,1.0004,0,10000,0,0.0045,0.0004507093220811331,3030.3641849664145,RandomAgent_1,3030.388990389668,EpsilonGreedyAgent_1,3024.696210006995,UCB_BaselineAgent_1,3024.696210006995,RiskAverseEpsilonGreedyAgent_1,3024.696210006995,RiskAverseUCBAgent_1,,,,,,,,,,
low_congestion_cb_opaque_ratio08_halt3,circuit_breaker,low_congestion,linear_share,0,10000,5,10,4,0.8,3,0.0,False,79904.58872224767,7.990458872224767,1.5980917744449534,3.4189870571829633,4668,0.4668,4,2,0,9.9994,0.07743742084469551,11415.008048706071,RandomAgent_1,15772.896630004576,EpsilonGreedyAgent_1,16704.086626504486,UCB_BaselineAgent_1,18059.328471151664,RiskAverseEpsilonGreedyAgent_1,17953.26894588088,RiskAverseUCBAgent_1,,,,,,,,,,
low_congestion_cb_opaque_ratio08_halt3,circuit_breaker,low_congestion,linear_share,1,10000,5,10,4,0.8,3,0.0,False,75659.03106280467,7.565903106280468,1.5131806212560934,2.653639304095255,4755,0.4755,8,5,0,9.9985,0.09369837605154197,11824.181147320574,RandomAgent_1,17900.094094198066,EpsilonGreedyAgent_1,18499.79649875672,UCB_BaselineAgent_1,13906.45538600387,RiskAverseEpsilonGreedyAgent_1,13528.503936525436,RiskAverseUCBAgent_1,,,,,,,,,,
low_congestion_cb_opaque_ratio08_halt3,circuit_breaker,low_congestion,linear_share,2,10000,5,10,4,0.8,3,0.0,False,77973.94533269196,7.7973945332691965,1.5594789066538393,3.117488603954715,4654,0.4654,2,2,0,9.9994,0.09375065393855042,11433.412104315643,RandomAgent_1,16550.91724868626,EpsilonGreedyAgent_1,18362.810002888127,UCB_BaselineAgent_1,18021.640546214272,RiskAverseEpsilonGreedyAgent_1,13605.165430587665,RiskAverseUCBAgent_1,,,,,,,,,,
low_congestion_cb_opaque_ratio08_halt3,circuit_breaker,low_congestion,linear_share,3,10000,5,10,4,0.8,3,0.0,False,75374.05307405078,7.537405307405078,1.5074810614810157,2.672653094556133,4651,0.4651,6,3,0,9.9991,0.09712076338491915,11688.113226521531,RandomAgent_1,17882.23009354544,EpsilonGreedyAgent_1,18561.763666008734,UCB_BaselineAgent_1,13913.379050373262,RiskAverseEpsilonGreedyAgent_1,13328.56703760182,RiskAverseUCBAgent_1,,,,,,,,,,
low_congestion_cb_opaque_ratio08_halt3,circuit_breaker,low_congestion,linear_share,4,10000,5,10,4,0.8,3,0.0,False,77827.77296623918,7.782777296623918,1.5565554593247837,3.1233554896306375,4698,0.4698,6,4,0,9.9988,0.09184013998905916,11581.466400134692,RandomAgent_1,16247.428435616443,EpsilonGreedyAgent_1,18240.411981419886,UCB_BaselineAgent_1,18154.929448569033,RiskAverseEpsilonGreedyAgent_1,13603.536700499122,RiskAverseUCBAgent_1,,,,,,,,,,
low_congestion_cb_opaque_ratio08_halt3,circuit_breaker,low_congestion,linear_share,5,10000,5,10,4,0.8,3,0.0,False,75680.80862139218,7.568080862139218,1.5136161724278436,2.801253094547621,4877,0.4877,1,2,0,9.9994,0.09031562275995064,11615.18020668045,RandomAgent_1,18122.669372072713,EpsilonGreedyAgent_1,18010.92887846767,UCB_BaselineAgent_1,13938.008805207986,RiskAverseEpsilonGreedyAgent_1,13994.02135896336,RiskAverseUCBAgent_1,,,,,,,,,,
low_congestion_cb_opaque_ratio08_halt3,circuit_breaker,low_congestion,linear_share,6,10000,5,10,4,0.8,3,0.0,False,77615.21847790226,7.761521847790227,1.5523043695580452,3.0851507889670278,4613,0.4613,4,3,0,9.9991,0.09397903313526523,11708.372170049644,RandomAgent_1,16445.303108668486,EpsilonGreedyAgent_1,18985.176516913343,UCB_BaselineAgent_1,13397.233701579604,RiskAverseEpsilonGreedyAgent_1,17079.132980691193,RiskAverseUCBAgent_1,,,,,,,,,,
low_congestion_cb_opaque_ratio08_halt3,circuit_breaker,low_congestion,linear_share,7,10000,5,10,4,0.8,3,0.0,False,78380.40272934583,7.838040272934584,1.5676080545869167,3.091275144469808,4797,0.4797,1,1,0,9.9997,0.09735839490850529,11430.572663015028,RandomAgent_1,16620.87954136201,EpsilonGreedyAgent_1,18600.140917770514,UCB_BaselineAgent_1,18233.57430135782,RiskAverseEpsilonGreedyAgent_1,13495.235305840466,RiskAverseUCBAgent_1,,,,,,,,,,
low_congestion_cb_opaque_ratio08_halt3,circuit_breaker,low_congestion,linear_share,8,10000,5,10,4,0.8,3,0.0,False,77775.7414876192,7.7775741487619205,1.5555148297523842,3.1596450084545418,4574,0.4574,2,2,0,9.9994,0.08910503533984726,11553.99826058197,RandomAgent_1,16594.56811970368,EpsilonGreedyAgent_1,18417.579003682073,UCB_BaselineAgent_1,13805.616052629402,RiskAverseEpsilonGreedyAgent_1,17403.980051022078,RiskAverseUCBAgent_1,,,,,,,,,,
low_congestion_cb_opaque_ratio08_halt3,circuit_breaker,low_congestion,linear_share,9,10000,5,10,4,0.8,3,0.0,False,75729.90551302487,7.572990551302487,1.5145981102604975,2.6466063161593074,4698,0.4698,2,2,0,9.9994,0.09763081039852173,11640.436054942318,RandomAgent_1,18252.734837244807,EpsilonGreedyAgent_1,18442.66624524813,UCB_BaselineAgent_1,14020.803274333426,RiskAverseEpsilonGreedyAgent_1,13373.265101256193,RiskAverseUCBAgent_1,,,,,,,,,,
low_congestion_cb_opaque_ratio08_halt3,circuit_breaker,low_congestion,linear_share,10,10000,5,10,4,0.8,3,0.0,False,75369.19721149512,7.536919721149512,1.5073839442299024,2.679697171507969,4885,0.4885,0,1,0,9.9997,0.09315509547223066,11638.65512673283,RandomAgent_1,17999.386407973216,EpsilonGreedyAgent_1,18213.618433643773,UCB_BaselineAgent_1,13920.786126105748,RiskAverseEpsilonGreedyAgent_1,13596.75111703955,RiskAverseUCBAgent_1,,,,,,,,,,
low_congestion_cb_opaque_ratio08_halt3,circuit_breaker,low_congestion,linear_share,11,10000,5,10,4,0.8,3,0.0,False,78266.34240477523,7.8266342404775235,1.5653268480955047,3.1494289030657847,4725,0.4725,2,3,0,9.9991,0.09445366480661077,11575.717340835905,RandomAgent_1,16377.548870098772,EpsilonGreedyAgent_1,18476.658862554912,UCB_BaselineAgent_1,18257.945732848882,RiskAverseEpsilonGreedyAgent_1,13578.471598436758,RiskAverseUCBAgent_1,,,,,,,,,,
low_congestion_cb_opaque_ratio08_halt3,circuit_breaker,low_congestion,linear_share,12,10000,5,10,4,0.8,3,0.0,False,78276.51191384437,7.827651191384437,1.5655302382768874,3.1295327424505994,4697,0.4697,7,3,0,9.9991,0.09460444173871174,11527.195301172847,RandomAgent_1,18281.042634725407,EpsilonGreedyAgent_1,16679.93086675341,UCB_BaselineAgent_1,18358.318451990057,RiskAverseEpsilonGreedyAgent_1,13430.024659202649,RiskAverseUCBAgent_1,,,,,,,,,,
low_congestion_cb_opaque_ratio08_halt3,circuit_breaker,low_congestion,linear_share,13,10000,5,10,4,0.8,3,0.0,False,75655.24902785808,7.565524902785808,1.5131049805571617,2.65821301797068,4655,0.4655,4,4,0,9.9988,0.09919955146999393,11625.936483452962,RandomAgent_1,18099.416889242788,EpsilonGreedyAgent_1,18678.440000861527,UCB_BaselineAgent_1,13809.448655026425,RiskAverseEpsilonGreedyAgent_1,13442.006999274374,RiskAverseUCBAgent_1,,,,,,,,,,
low_congestion_cb_opaque_ratio08_halt3,circuit_breaker,low_congestion,linear_share,14,10000,5,10,4,0.8,3,0.0,False,75652.39193386096,7.565239193386096,1.513047838677219,2.6442233937347366,4686,0.4686,5,2,0,9.9994,0.09638867951392927,11720.665601687684,RandomAgent_1,18088.392923893553,EpsilonGreedyAgent_1,18552.201876654257,UCB_BaselineAgent_1,13769.751459236493,RiskAverseEpsilonGreedyAgent_1,13521.38007238897,RiskAverseUCBAgent_1,,,,,,,,,,
low_congestion_cb_opaque_ratio08_halt3,circuit_breaker,low_congestion,linear_share,15,10000,5,10,4,0.8,3,0.0,False,77210.00506821717,7.721000506821717,1.5442001013643434,3.0455487296289796,4742,0.4742,2,2,0,9.9994,0.09268100753156139,11255.346138782488,RandomAgent_1,16202.558428988523,EpsilonGreedyAgent_1,18385.681328231633,UCB_BaselineAgent_1,13868.668449007264,RiskAverseEpsilonGreedyAgent_1,17497.75072320727,RiskAverseUCBAgent_1,,,,,,,,,,
low_congestion_cb_opaque_ratio08_halt3,circuit_breaker,low_congestion,linear_share,16,10000,5,10,4,0.8,3,0.0,False,76899.37289606448,7.689937289606448,1.5379874579212895,3.0734368443603297,4603,0.4603,2,2,0,9.9994,0.09329877872909997,11473.006604773911,RandomAgent_1,16338.331841631918,EpsilonGreedyAgent_1,18197.16372072211,UCB_BaselineAgent_1,13201.32051012089,RiskAverseEpsilonGreedyAgent_1,17689.55021881565,RiskAverseUCBAgent_1,,,,,,,,,,
low_congestion_cb_opaque_ratio08_halt3,circuit_breaker,low_congestion,linear_share,17,10000,5,10,4,0.8,3,0.0,False,75658.52405402237,7.565852405402238,1.5131704810804476,2.641273475011852,4602,0.4602,4,2,0,9.9994,0.09707639488095543,11732.274255741031,RandomAgent_1,17907.339616326663,EpsilonGreedyAgent_1,18748.332764406987,UCB_BaselineAgent_1,13692.762676835453,RiskAverseEpsilonGreedyAgent_1,13577.814740712241,RiskAverseUCBAgent_1,,,,,,,,,,
low_congestion_cb_opaque_ratio08_halt3,circuit_breaker,low_congestion,linear_share,18,10000,5,10,4,0.8,3,0.0,False,74810.41694805308,7.481041694805309,1.4962083389610616,2.6258491563408173,4672,0.4672,4,4,0,9.9988,0.09668758703311564,11532.724725619195,RandomAgent_1,17638.840676181513,EpsilonGreedyAgent_1,18474.918362102744,UCB_BaselineAgent_1,13723.801984122365,RiskAverseEpsilonGreedyAgent_1,13440.131200027272,RiskAverseUCBAgent_1,,,,,,,,,,
low_congestion_cb_opaque_ratio08_halt3,circuit_breaker,low_congestion,linear_share,19,10000,5,10,4,0.8,3,0.0,False,75132.95993627387,7.513295993627387,1.5026591987254774,2.6861572613747224,4861,0.4861,7,5,0,9.9985,0.09537851058009883,11570.635745902488,RandomAgent_1,17960.676849489304,EpsilonGreedyAgent_1,18262.540363825465,UCB_BaselineAgent_1,13909.795427211458,RiskAverseEpsilonGreedyAgent_1,13429.311549845159,RiskAverseUCBAgent_1,,,,,,,,,,
low_congestion_cb_opaque_ratio08_halt3,circuit_breaker,low_congestion,linear_share,20,10000,5,10,4,0.8,3,0.0,False,77986.39400668735,7.798639400668735,1.5597278801337469,3.122974901899375,4592,0.4592,4,2,0,9.9994,0.08891030390752674,11735.984095035592,RandomAgent_1,16265.797701476204,EpsilonGreedyAgent_1,18318.22970999664,UCB_BaselineAgent_1,13748.194375317142,RiskAverseEpsilonGreedyAgent_1,17918.188124861765,RiskAverseUCBAgent_1,,,,,,,,,,
low_congestion_cb_opaque_ratio08_halt3,circuit_breaker,low_congestion,linear_share,21,10000,5,10,4,0.8,3,0.0,False,77610.79222689905,7.761079222689905,1.552215844537981,3.124049491160176,4744,0.4744,5,4,0,9.9988,0.09411053609970321,11191.092887070972,RandomAgent_1,17782.08672518952,EpsilonGreedyAgent_1,16908.212347051693,UCB_BaselineAgent_1,18196.4941585099,RiskAverseEpsilonGreedyAgent_1,13532.90610907696,RiskAverseUCBAgent_1,,,,,,,,,,
low_congestion_cb_opaque_ratio08_halt3,circuit_breaker,low_congestion,linear_share,22,10000,5,10,4,0.8,3,0.0,False,78214.3904190425,7.82143904190425,1.5642878083808498,3.0960789733834644,4597,0.4597,3,1,0,9.9997,0.09825831390280682,11387.820735263924,RandomAgent_1,16358.477625140227,EpsilonGreedyAgent_1,18611.251204310607,UCB_BaselineAgent_1,18311.50761500588,RiskAverseEpsilonGreedyAgent_1,13545.333239321852,RiskAverseUCBAgent_1,,,,,,,,,,
low_congestion_cb_opaque_ratio08_halt3,circuit_breaker,low_congestion,linear_share,23,10000,5,10,4,0.8,3,0.0,False,75305.75758128651,7.530575758128651,1.5061151516257303,2.6188396554388795,4663,0.4663,2,1,0,9.9997,0.10475706742471913,11733.477733482694,RandomAgent_1,18321.384417340796,EpsilonGreedyAgent_1,18872.32823708757,UCB_BaselineAgent_1,12877.059613519601,RiskAverseEpsilonGreedyAgent_1,13501.507579855843,RiskAverseUCBAgent_1,,,,,,,,,,
low_congestion_cb_opaque_ratio08_halt3,circuit_breaker,low_congestion,linear_share,24,10000,5,10,4,0.8,3,0.0,False,77518.8391612379,7.7518839161237905,1.5503767832247581,3.1488944399738843,4663,0.4663,4,3,0,9.9991,0.09434609769451163,11386.707694366483,RandomAgent_1,16131.109879919324,EpsilonGreedyAgent_1,18309.237623749417,UCB_BaselineAgent_1,18065.362018057527,RiskAverseEpsilonGreedyAgent_1,13626.421945145152,RiskAverseUCBAgent_1,,,,,,,,,,
low_congestion_cb_opaque_ratio08_halt3,circuit_breaker,low_congestion,linear_share,25,10000,5,10,4,0.8,3,0.0,False,75407.1852724663,7.54071852724663,1.508143705449326,2.6536326146881355,4689,0.4689,2,1,0,9.9997,0.0990243082859017,11547.218823201238,RandomAgent_1,17969.047690340492,EpsilonGreedyAgent_1,18572.34901146676,UCB_BaselineAgent_1,13967.122584068295,RiskAverseEpsilonGreedyAgent_1,13351.447163389521,RiskAverseUCBAgent_1,,,,,,,,,,
low_congestion_cb_opaque_ratio08_halt3,circuit_breaker,low_congestion,linear_share,26,10000,5,10,4,0.8,3,0.0,False,77662.78702301602,7.7662787023016016,1.5532557404603204,3.1237851056390173,4701,0.4701,1,4,0,9.9988,0.09188017382719327,11616.32678163876,RandomAgent_1,16520.399977903682,EpsilonGreedyAgent_1,18528.440837984028,UCB_BaselineAgent_1,17506.283620873237,RiskAverseEpsilonGreedyAgent_1,13491.33580461632,RiskAverseUCBAgent_1,,,,,,,,,,
low_congestion_cb_opaque_ratio08_halt3,circuit_breaker,low_congestion,linear_share,27,10000,5,10,4,0.8,3,0.0,False,77750.14907382376,7.775014907382376,1.5550029814764752,3.1139786610235514,4747,0.4747,5,3,0,9.9991,0.09589544453112064,11334.931148929336,RandomAgent_1,16478.17535750691,EpsilonGreedyAgent_1,18379.637438999915,UCB_BaselineAgent_1,18053.852658867254,RiskAverseEpsilonGreedyAgent_1,13503.552469520342,RiskAverseUCBAgent_1,,,,,,,,,,
low_congestion_cb_opaque_ratio08_halt3,circuit_breaker,low_congestion,linear_share,28,10000,5,10,4,0.8,3,0.0,False,76651.70160226432,7.665170160226432,1.5330340320452864,2.886921262954348,4717,0.4717,4,5,0,9.9985,0.09578397299375352,11687.331983764194,RandomAgent_1,14773.145993715816,EpsilonGreedyAgent_1,18599.33877337663,UCB_BaselineAgent_1,18061.44128133705,RiskAverseEpsilonGreedyAgent_1,13530.443570070638,RiskAverseUCBAgent_1,,,,,,,,,,
low_congestion_cb_opaque_ratio08_halt3,circuit_breaker,low_congestion,linear_share,29,10000,5,10,4,0.8,3,0.0,False,77622.3791789608,7.762237917896079,1.5524475835792158,3.117619111128933,4669,0.4669,3,2,0,9.9994,0.09544370502337385,11480.17862687227,RandomAgent_1,16306.963720209915,EpsilonGreedyAgent_1,18416.264634408228,UCB_BaselineAgent_1,18034.10941816074,RiskAverseEpsilonGreedyAgent_1,13384.862779309635,RiskAverseUCBAgent_1,,,,,,,,,,
low_congestion_cb_transparent_ratio08_halt3,circuit_breaker,low_congestion,linear_share,0,10000,5,10,4,0.8,3,0.0,True,78219.21222513632,7.821921222513632,1.5643842445027263,3.1380210124589807,4718,0.4718,0,3,0,9.9991,0.09181697291680435,11476.82708038798,RandomAgent_1,18165.332600851987,EpsilonGreedyAgent_1,16919.223241527212,UCB_BaselineAgent_1,18117.723243781948,RiskAverseEpsilonGreedyAgent_1,13540.106058587198,RiskAverseUCBAgent_1,,,,,,,,,,
low_congestion_cb_transparent_ratio08_halt3,circuit_breaker,low_congestion,linear_share,1,10000,5,10,4,0.8,3,0.0,True,77058.83463305356,7.705883463305356,1.541176692661071,3.1391721437298212,4701,0.4701,0,6,0,9.9982,0.08703203107716129,11448.698440013226,RandomAgent_1,18033.947899040562,EpsilonGreedyAgent_1,16190.312073559897,UCB_BaselineAgent_1,13894.953956055078,RiskAverseEpsilonGreedyAgent_1,17490.92226438479,RiskAverseUCBAgent_1,,,,,,,,,,
low_congestion_cb_transparent_ratio08_halt3,circuit_breaker,low_congestion,linear_share,2,10000,5,10,4,0.8,3,0.0,True,77678.96042688924,7.767896042688925,1.5535792085377849,3.1149268223535223,4638,0.4638,0,5,0,9.9985,0.09243218455961011,11532.42319622499,RandomAgent_1,16297.81774554554,EpsilonGreedyAgent_1,18275.513592282256,UCB_BaselineAgent_1,18018.55755858205,RiskAverseEpsilonGreedyAgent_1,13554.648334254409,RiskAverseUCBAgent_1,,,,,,,,,,
low_congestion_cb_transparent_ratio08_halt3,circuit_breaker,low_congestion,linear_share,3,10000,5,10,4,0.8,3,0.0,True,77590.55687015047,7.759055687015047,1.5518111374030092,3.1319988370473983,4652,0.4652,0,6,0,9.9982,0.09200990639094031,11549.199624713141,RandomAgent_1,18226.9921734191,EpsilonGreedyAgent_1,16426.2928082288,UCB_BaselineAgent_1,17940.118426243087,RiskAverseEpsilonGreedyAgent_1,13447.953837546336,RiskAverseUCBAgent_1,,,,,,,,,,
low_congestion_cb_transparent_ratio08_halt3,circuit_breaker,low_congestion,linear_share,4,10000,5,10,4,0.8,3,0.0,True,77245.00845158304,7.724500845158304,1.5449001690316608,3.0585614635867877,4704,0.4704,0,3,0,9.9991,0.08816363613314304,11552.513240138835,RandomAgent_1,16396.183376558205,EpsilonGreedyAgent_1,18673.21069722472,UCB_BaselineAgent_1,13919.497003132868,RiskAverseEpsilonGreedyAgent_1,16703.60413452841,RiskAverseUCBAgent_1,,,,,,,,,,
low_congestion_cb_transparent_ratio08_halt3,circuit_breaker,low_congestion,linear_share,5,10000,5,10,4,0.8,3,0.0,True,78289.20855302425,7.8289208553024245,1.565784171060485,3.103999432048165,4679,0.4679,0,3,0,9.9991,0.0946947482411713,11616.024522066584,RandomAgent_1,16546.020548620196,EpsilonGreedyAgent_1,18441.19838744501,UCB_BaselineAgent_1,18284.779799479278,RiskAverseEpsilonGreedyAgent_1,13401.185295413177,RiskAverseUCBAgent_1,,,,,,,,,,
low_congestion_cb_transparent_ratio08_halt3,circuit_breaker,low_congestion,linear_share,6,10000,5,10,4,0.8,3,0.0,True,78050.87868357843,7.805087868357843,1.5610175736715686,3.047498645077324,4612,0.4612,0,4,0,9.9988,0.09972432888773453,11389.015222951242,RandomAgent_1,16332.081174964682,EpsilonGreedyAgent_1,18898.71940867704,UCB_BaselineAgent_1,17935.291622539236,RiskAverseEpsilonGreedyAgent_1,13495.77125444623,RiskAverseUCBAgent_1,,,,,,,,,,
low_congestion_cb_transparent_ratio08_halt3,circuit_breaker,low_congestion,linear_share,7,10000,5,10,4,0.8,3,0.0,True,75445.58739013385,7.544558739013385,1.508911747802677,2.6683429921948005,4776,0.4776,0,4,0,9.9988,0.09875857555514367,11529.700883401094,RandomAgent_1,18113.733981317102,EpsilonGreedyAgent_1,18503.703402678202,UCB_BaselineAgent_1,13863.956959292937,RiskAverseEpsilonGreedyAgent_1,13434.492163444522,RiskAverseUCBAgent_1,,,,,,,,,,
low_congestion_cb_transparent_ratio08_halt3,circuit_breaker,low_congestion,linear_share,8,10000,5,10,4,0.8,3,0.0,True,77823.80807197365,7.782380807197365,1.5564761614394729,3.135160442044839,4608,0.4608,0,4,0,9.9988,0.09066520618227769,11438.473231163813,RandomAgent_1,18104.915110780654,EpsilonGreedyAgent_1,16855.881637390637,UCB_BaselineAgent_1,13558.821420016766,RiskAverseEpsilonGreedyAgent_1,17865.716672621784,RiskAverseUCBAgent_1,,,,,,,,,,
low_congestion_cb_transparent_ratio08_halt3,circuit_breaker,low_congestion,linear_share,9,10000,5,10,4,0.8,3,0.0,True,75850.49852624373,7.585049852624373,1.5170099705248745,2.666428456522347,4612,0.4612,0,4,0,9.9988,0.095820106365055,11562.787839701838,RandomAgent_1,18171.947531716894,EpsilonGreedyAgent_1,18395.88361645503,UCB_BaselineAgent_1,14051.747544714457,RiskAverseEpsilonGreedyAgent_1,13668.131993655508,RiskAverseUCBAgent_1,,,,,,,,,,
low_congestion_cb_transparent_ratio08_halt3,circuit_breaker,low_congestion,linear_share,10,10000,5,10,4,0.8,3,0.0,True,77045.74012321784,7.704574012321784,1.5409148024643569,3.0812668366665896,4732,0.4732,0,1,0,9.9997,0.08512936913406999,11363.88526889361,RandomAgent_1,17834.20651702907,EpsilonGreedyAgent_1,16957.368107852817,UCB_BaselineAgent_1,13716.892298910356,RiskAverseEpsilonGreedyAgent_1,17173.38793053199,RiskAverseUCBAgent_1,,,,,,,,,,
low_congestion_cb_transparent_ratio08_halt3,circuit_breaker,low_congestion,linear_share,11,10000,5,10,4,0.8,3,0.0,True,75534.18746621633,7.553418746621634,1.5106837493243266,2.966245607220105,4716,0.4716,0,4,0,9.9988,0.08598142480834126,11568.874477179925,RandomAgent_1,15978.889940262048,EpsilonGreedyAgent_1,18686.45778314998,UCB_BaselineAgent_1,13977.713901988103,RiskAverseEpsilonGreedyAgent_1,15322.251363636271,RiskAverseUCBAgent_1,,,,,,,,,,
low_congestion_cb_transparent_ratio08_halt3,circuit_breaker,low_congestion,linear_share,12,10000,5,10,4,0.8,3,0.0,True,75601.50230724916,7.560150230724916,1.5120300461449832,2.715138029131432,4859,0.4859,0,4,0,9.9988,0.09245389466606979,11418.270505878978,RandomAgent_1,18159.679133847425,EpsilonGreedyAgent_1,17961.48732808963,UCB_BaselineAgent_1,14091.894082684212,RiskAverseEpsilonGreedyAgent_1,13970.171256748912,RiskAverseUCBAgent_1,,,,,,,,,,
low_congestion_cb_transparent_ratio08_halt3,circuit_breaker,low_congestion,linear_share,13,10000,5,10,4,0.8,3,0.0,True,77169.4224975425,7.716942249754251,1.5433884499508501,3.0976319253772897,4745,0.4745,0,8,0,9.9976,0.08705449838685775,11545.158984057298,RandomAgent_1,16404.398937116483,EpsilonGreedyAgent_1,18445.795019557496,UCB_BaselineAgent_1,13890.23910599698,RiskAverseEpsilonGreedyAgent_1,16883.830450814246,RiskAverseUCBAgent_1,,,,,,,,,,
low_congestion_cb_transparent_ratio08_halt3,circuit_breaker,low_congestion,linear_share,14,10000,5,10,4,0.8,3,0.0,True,77316.59574852462,7.731659574852462,1.5463319149704924,3.107805095621649,4662,0.4662,0,3,0,9.9991,0.0856268811276173,11435.587456749308,RandomAgent_1,18289.203046244344,EpsilonGreedyAgent_1,16655.34298365717,UCB_BaselineAgent_1,14046.373028743226,RiskAverseEpsilonGreedyAgent_1,16890.08923313057,RiskAverseUCBAgent_1,,,,,,,,,,
low_congestion_cb_transparent_ratio08_halt3,circuit_breaker,low_congestion,linear_share,15,10000,5,10,4,0.8,3,0.0,True,77714.95993648366,7.771495993648366,1.5542991987296733,3.1400990210786777,4711,0.4711,0,10,0,9.997,0.08584534625657958,11538.218797156816,RandomAgent_1,18027.757844364147,EpsilonGreedyAgent_1,16627.108993566373,UCB_BaselineAgent_1,13911.14164157594,RiskAverseEpsilonGreedyAgent_1,17610.73265982038,RiskAverseUCBAgent_1,,,,,,,,,,
low_congestion_cb_transparent_ratio08_halt3,circuit_breaker,low_congestion,linear_share,16,10000,5,10,4,0.8,3,0.0,True,75300.11245166852,7.530011245166852,1.5060022490333704,2.6246029783103295,4619,0.4619,0,3,0,9.9991,0.09625202494151086,11620.109465337842,RandomAgent_1,18156.190562696185,EpsilonGreedyAgent_1,18324.653085350405,UCB_BaselineAgent_1,13753.3522900542,RiskAverseEpsilonGreedyAgent_1,13445.807048229892,RiskAverseUCBAgent_1,,,,,,,,,,
low_congestion_cb_transparent_ratio08_halt3,circuit_breaker,low_congestion,linear_share,17,10000,5,10,4,0.8,3,0.0,True,74443.45904417838,7.444345904417838,1.4888691808835677,2.8952792106014553,4671,0.4671,0,3,0,9.9991,0.08948647147521238,11740.900580875175,RandomAgent_1,16346.397045896401,EpsilonGreedyAgent_1,18745.346790851676,UCB_BaselineAgent_1,13909.731346388226,RiskAverseEpsilonGreedyAgent_1,13701.083280166898,RiskAverseUCBAgent_1,,,,,,,,,,
low_congestion_cb_transparent_ratio08_halt3,circuit_breaker,low_congestion,linear_share,18,10000,5,10,4,0.8,3,0.0,True,74791.17380586133,7.479117380586133,1.4958234761172264,2.9962424926969637,4792,0.4792,0,4,0,9.9988,0.10220536272387215,11520.132941754644,RandomAgent_1,16221.037918707276,EpsilonGreedyAgent_1,18384.530205797462,UCB_BaselineAgent_1,11642.059824628523,RiskAverseEpsilonGreedyAgent_1,17023.41291497342,RiskAverseUCBAgent_1,,,,,,,,,,
low_congestion_cb_transparent_ratio08_halt3,circuit_breaker,low_congestion,linear_share,19,10000,5,10,4,0.8,3,0.0,True,75377.46158834646,7.537746158834646,1.5075492317669292,2.634752067355606,4812,0.4812,0,9,0,9.9973,0.09766029381606223,11702.314521197737,RandomAgent_1,18045.817980015694,EpsilonGreedyAgent_1,18517.556148689262,UCB_BaselineAgent_1,13838.93431801215,RiskAverseEpsilonGreedyAgent_1,13272.838620431621,RiskAverseUCBAgent_1,,,,,,,,,,
low_congestion_cb_transparent_ratio08_halt3,circuit_breaker,low_congestion,linear_share,20,10000,5,10,4,0.8,3,0.0,True,73786.33883160296,7.378633883160296,1.4757267766320592,2.6192418350919575,4571,0.4571,0,3,0,9.9991,0.11539061532217132,11631.392788608224,RandomAgent_1,18369.501079662794,EpsilonGreedyAgent_1,18630.97060254368,UCB_BaselineAgent_1,11357.210947884854,RiskAverseEpsilonGreedyAgent_1,13797.263412903409,RiskAverseUCBAgent_1,,,,,,,,,,
low_congestion_cb_transparent_ratio08_halt3,circuit_breaker,low_congestion,linear_share,21,10000,5,10,4,0.8,3,0.0,True,75283.17685093154,7.528317685093154,1.5056635370186309,2.658097633813634,4688,0.4688,0,4,0,9.9988,0.09524079549394804,11670.277336998059,RandomAgent_1,17855.40133611863,EpsilonGreedyAgent_1,18432.90756758404,UCB_BaselineAgent_1,13869.002939425975,RiskAverseEpsilonGreedyAgent_1,13455.587670804847,RiskAverseUCBAgent_1,,,,,,,,,,
low_congestion_cb_transparent_ratio08_halt3,circuit_breaker,low_congestion,linear_share,22,10000,5,10,4,0.8,3,0.0,True,77319.26416940361,7.731926416940361,1.5463852833880722,3.072226473007492,4637,0.4637,0,2,0,9.9994,0.08888787091171846,11489.517322894468,RandomAgent_1,16444.392641130366,EpsilonGreedyAgent_1,18390.172250574524,UCB_BaselineAgent_1,13807.314939483435,RiskAverseEpsilonGreedyAgent_1,17187.867015320826,RiskAverseUCBAgent_1,,,,,,,,,,
low_congestion_cb_transparent_ratio08_halt3,circuit_breaker,low_congestion,linear_share,23,10000,5,10,4,0.8,3,0.0,True,75919.6045309182,7.591960453091819,1.5183920906183639,2.633691839441074,4636,0.4636,0,2,0,9.9994,0.0954362639907016,11796.8328200481,RandomAgent_1,18176.934165888866,EpsilonGreedyAgent_1,18527.411386838416,UCB_BaselineAgent_1,13894.043408879255,RiskAverseEpsilonGreedyAgent_1,13524.382749263554,RiskAverseUCBAgent_1,,,,,,,,,,
low_congestion_cb_transparent_ratio08_halt3,circuit_breaker,low_congestion,linear_share,24,10000,5,10,4,0.8,3,0.0,True,77809.49399322046,7.780949399322046,1.5561898798644092,3.1311592914259094,4862,0.4862,0,6,0,9.9982,0.09378718431505284,11511.514913109977,RandomAgent_1,16117.670587006305,EpsilonGreedyAgent_1,18210.088080220637,UCB_BaselineAgent_1,18342.33184846357,RiskAverseEpsilonGreedyAgent_1,13627.888564419973,RiskAverseUCBAgent_1,,,,,,,,,,
low_congestion_cb_transparent_ratio08_halt3,circuit_breaker,low_congestion,linear_share,25,10000,5,10,4,0.8,3,0.0,True,75407.13125150083,7.540713125150083,1.5081426250300167,2.651590638791374,4671,0.4671,0,4,0,9.9988,0.09656737299515772,11593.290247419069,RandomAgent_1,17954.90331881205,EpsilonGreedyAgent_1,18458.547000596605,UCB_BaselineAgent_1,13919.645284652226,RiskAverseEpsilonGreedyAgent_1,13480.745400020876,RiskAverseUCBAgent_1,,,,,,,,,,
low_congestion_cb_transparent_ratio08_halt3,circuit_breaker,low_congestion,linear_share,26,10000,5,10,4,0.8,3,0.0,True,77806.66090157081,7.780666090157081,1.5561332180314162,3.104612990950864,4625,0.4625,0,4,0,9.9988,0.09681006156124239,11584.378004674103,RandomAgent_1,16353.221709605712,EpsilonGreedyAgent_1,18639.035280481483,UCB_BaselineAgent_1,17975.940217292104,RiskAverseEpsilonGreedyAgent_1,13254.085689517406,RiskAverseUCBAgent_1,,,,,,,,,,
low_congestion_cb_transparent_ratio08_halt3,circuit_breaker,low_congestion,linear_share,27,10000,5,10,4,0.8,3,0.0,True,73071.13564610935,7.307113564610935,1.461422712922187,2.736484725061836,4796,0.4796,0,2,0,9.9994,0.11122050637081204,11676.654467997538,RandomAgent_1,17350.046061915073,EpsilonGreedyAgent_1,18692.2775066583,UCB_BaselineAgent_1,11370.212419053854,RiskAverseEpsilonGreedyAgent_1,13981.945190484588,RiskAverseUCBAgent_1,,,,,,,,,,
low_congestion_cb_transparent_ratio08_halt3,circuit_breaker,low_congestion,linear_share,28,10000,5,10,4,0.8,3,0.0,True,75503.72987246668,7.550372987246668,1.5100745974493335,2.682828652456397,4801,0.4801,0,7,0,9.9979,0.09327074611517938,11642.973700053471,RandomAgent_1,18063.7841789986,EpsilonGreedyAgent_1,18236.610816441997,UCB_BaselineAgent_1,13915.025814406708,RiskAverseEpsilonGreedyAgent_1,13645.3353625659,RiskAverseUCBAgent_1,,,,,,,,,,
low_congestion_cb_transparent_ratio08_halt3,circuit_breaker,low_congestion,linear_share,29,10000,5,10,4,0.8,3,0.0,True,78102.93060788124,7.810293060788124,1.5620586121576248,3.0871888193943153,4623,0.4623,0,1,0,9.9997,0.09635406005991509,11433.769513763498,RandomAgent_1,16312.93208673709,EpsilonGreedyAgent_1,18547.175852119206,UCB_BaselineAgent_1,18198.03832258397,RiskAverseEpsilonGreedyAgent_1,13611.014832677472,RiskAverseUCBAgent_1,,,,,,,,,,
low_congestion_cb_opaque_ratio08_halt5,circuit_breaker,low_congestion,linear_share,0,10000,5,10,4,0.8,5,0.0,False,77861.15933361022,7.786115933361022,1.5572231866722044,3.122147172118921,4766,0.4766,11,4,0,9.998,0.09079609563158808,11526.628869376282,RandomAgent_1,17824.56480719032,EpsilonGreedyAgent_1,16839.04880864077,UCB_BaselineAgent_1,18191.110984022347,RiskAverseEpsilonGreedyAgent_1,13479.805864380507,RiskAverseUCBAgent_1,,,,,,,,,,
low_congestion_cb_opaque_ratio08_halt5,circuit_breaker,low_congestion,linear_share,1,10000,5,10,4,0.8,5,0.0,False,75681.16111091629,7.568116111091629,1.513623222218326,2.6373660135565125,4796,0.4796,18,5,0,9.9975,0.09564651156817527,11717.92761841086,RandomAgent_1,18103.566525986567,EpsilonGreedyAgent_1,18463.706608952183,UCB_BaselineAgent_1,13897.433479717896,RiskAverseEpsilonGreedyAgent_1,13498.526877848783,RiskAverseUCBAgent_1,,,,,,,,,,
low_congestion_cb_opaque_ratio08_halt5,circuit_breaker,low_congestion,linear_share,2,10000,5,10,4,0.8,5,0.0,False,74978.09386762841,7.4978093867628415,1.4995618773525683,2.714304593766226,4698,0.4698,13,4,0,9.998,0.0963630641350004,11555.589002483306,RandomAgent_1,17940.609225664233,EpsilonGreedyAgent_1,18261.87854974718,UCB_BaselineAgent_1,13929.625939757612,RiskAverseEpsilonGreedyAgent_1,13290.391149976087,RiskAverseUCBAgent_1,,,,,,,,,,
low_congestion_cb_opaque_ratio08_halt5,circuit_breaker,low_congestion,linear_share,3,10000,5,10,4,0.8,5,0.0,False,74272.33111117032,7.427233111117032,1.4854466222234064,2.975633472169239,4690,0.469,5,2,0,9.999,0.10309634643377508,11841.723765945313,RandomAgent_1,16421.416218336286,EpsilonGreedyAgent_1,18625.034194150587,UCB_BaselineAgent_1,11343.372946994476,RiskAverseEpsilonGreedyAgent_1,16040.78398574366,RiskAverseUCBAgent_1,,,,,,,,,,
low_congestion_cb_opaque_ratio08_halt5,circuit_breaker,low_congestion,linear_share,4,10000,5,10,4,0.8,5,0.0,False,77766.68109675989,7.776668109675989,1.5553336219351976,3.1195940937080247,4625,0.4625,10,4,0,9.998,0.09428035984203009,11340.35082838872,RandomAgent_1,16383.382059187874,EpsilonGreedyAgent_1,18296.23969178935,UCB_BaselineAgent_1,18082.303742199976,RiskAverseEpsilonGreedyAgent_1,13664.404775193974,RiskAverseUCBAgent_1,,,,,,,,,,
low_congestion_cb_opaque_ratio08_halt5,circuit_breaker,low_congestion,linear_share,5,10000,5,10,4,0.8,5,0.0,False,77872.02703097188,7.787202703097187,1.5574405406194376,3.0903643629967976,4765,0.4765,4,2,0,9.999,0.09744209502886347,11365.031613856134,RandomAgent_1,16182.9355311013,EpsilonGreedyAgent_1,18586.695815925676,UCB_BaselineAgent_1,18132.034655527583,RiskAverseEpsilonGreedyAgent_1,13605.329414561184,RiskAverseUCBAgent_1,,,,,,,,,,
low_congestion_cb_opaque_ratio08_halt5,circuit_breaker,low_congestion,linear_share,6,10000,5,10,4,0.8,5,0.0,False,77798.8942080229,7.779889420802291,1.5559778841604581,3.0927272474615486,4664,0.4664,14,4,0,9.998,0.09362687527897529,11423.889503802133,RandomAgent_1,16466.723258481645,EpsilonGreedyAgent_1,18712.19752786572,UCB_BaselineAgent_1,13781.265776929355,RiskAverseEpsilonGreedyAgent_1,17414.81814094405,RiskAverseUCBAgent_1,,,,,,,,,,
low_congestion_cb_opaque_ratio08_halt5,circuit_breaker,low_congestion,linear_share,7,10000,5,10,4,0.8,5,0.0,False,75865.4113506585,7.58654113506585,1.51730822701317,2.6492048274203093,4639,0.4639,2,1,0,9.9995,0.09986100378920804,11735.793411104753,RandomAgent_1,18106.327667077945,EpsilonGreedyAgent_1,18815.228764519292,UCB_BaselineAgent_1,13882.853459944321,RiskAverseEpsilonGreedyAgent_1,13325.208048012184,RiskAverseUCBAgent_1,,,,,,,,,,
low_congestion_cb_opaque_ratio08_halt5,circuit_breaker,low_congestion,linear_share,8,10000,5,10,4,0.8,5,0.0,False,77667.84816334849,7.766784816334849,1.55335696326697,3.0866850692572765,4776,0.4776,3,3,0,9.9985,0.0920121619532781,11390.085065737689,RandomAgent_1,16551.152811328517,EpsilonGreedyAgent_1,18588.762869724906,UCB_BaselineAgent_1,13834.618232555114,RiskAverseEpsilonGreedyAgent_1,17303.22918400227,RiskAverseUCBAgent_1,,,,,,,,,,
low_congestion_cb_opaque_ratio08_halt5,circuit_breaker,low_congestion,linear_share,9,10000,5,10,4,0.8,5,0.0,False,77214.56694961354,7.721456694961354,1.5442913389922708,3.146253554547499,4718,0.4718,15,5,0,9.9975,0.0878125046086442,11506.36413651655,RandomAgent_1,16226.87525473988,EpsilonGreedyAgent_1,18277.182457462266,UCB_BaselineAgent_1,13897.385226246415,RiskAverseEpsilonGreedyAgent_1,17306.759874648433,RiskAverseUCBAgent_1,,,,,,,,,,
low_congestion_cb_opaque_ratio08_halt5,circuit_breaker,low_congestion,linear_share,10,10000,5,10,4,0.8,5,0.0,False,75369.19721149512,7.536919721149512,1.5073839442299024,2.679697171507969,4885,0.4885,0,1,0,9.9995,0.09315509547223066,11638.65512673283,RandomAgent_1,17999.386407973216,EpsilonGreedyAgent_1,18213.618433643773,UCB_BaselineAgent_1,13920.786126105748,RiskAverseEpsilonGreedyAgent_1,13596.75111703955,RiskAverseUCBAgent_1,,,,,,,,,,
low_congestion_cb_opaque_ratio08_halt5,circuit_breaker,low_congestion,linear_share,11,10000,5,10,4,0.8,5,0.0,False,77829.9292598853,7.78299292598853,1.5565985851977062,3.0883888200008096,4670,0.467,7,5,0,9.9975,0.09761799860640319,11408.732696249495,RandomAgent_1,16181.483828211625,EpsilonGreedyAgent_1,18590.149754342117,UCB_BaselineAgent_1,18140.366839983355,RiskAverseEpsilonGreedyAgent_1,13509.196141098711,RiskAverseUCBAgent_1,,,,,,,,,,
low_congestion_cb_opaque_ratio08_halt5,circuit_breaker,low_congestion,linear_share,12,10000,5,10,4,0.8,5,0.0,False,75513.39276734961,7.551339276734961,1.5102678553469921,2.6662947252614986,4822,0.4822,10,3,0,9.9985,0.09203819853465212,11599.13147808218,RandomAgent_1,17836.605481119717,EpsilonGreedyAgent_1,18308.359226818375,UCB_BaselineAgent_1,13879.76938972588,RiskAverseEpsilonGreedyAgent_1,13889.52719160345,RiskAverseUCBAgent_1,,,,,,,,,,
low_congestion_cb_opaque_ratio08_halt5,circuit_breaker,low_congestion,linear_share,13,10000,5,10,4,0.8,5,0.0,False,73367.7783887557,7.3367778388755704,1.467355567775114,2.6351122888751806,4659,0.4659,10,5,0,9.9975,0.11030871968482536,11921.162283712007,RandomAgent_1,18149.430892661207,EpsilonGreedyAgent_1,18292.121852557728,UCB_BaselineAgent_1,11289.874031802785,RiskAverseEpsilonGreedyAgent_1,13715.189328021972,RiskAverseUCBAgent_1,,,,,,,,,,
low_congestion_cb_opaque_ratio08_halt5,circuit_breaker,low_congestion,linear_share,14,10000,5,10,4,0.8,5,0.0,False,75960.1806154383,7.5960180615438295,1.5192036123087658,2.626057166743204,4669,0.4669,12,3,0,9.9985,0.10109140917797732,11671.383992171337,RandomAgent_1,18300.009305915533,EpsilonGreedyAgent_1,18757.901614983737,UCB_BaselineAgent_1,13955.145400398167,RiskAverseEpsilonGreedyAgent_1,13275.740301969512,RiskAverseUCBAgent_1,,,,,,,,,,
low_congestion_cb_opaque_ratio08_halt5,circuit_breaker,low_congestion,linear_share,15,10000,5,10,4,0.8,5,0.0,False,75524.93542547243,7.552493542547243,1.5104987085094486,2.6921160558553425,4685,0.4685,4,2,0,9.999,0.09469152577469919,11640.359656341003,RandomAgent_1,17803.330933281995,EpsilonGreedyAgent_1,18473.326986790493,UCB_BaselineAgent_1,14017.58067856197,RiskAverseEpsilonGreedyAgent_1,13590.337170496974,RiskAverseUCBAgent_1,,,,,,,,,,
low_congestion_cb_opaque_ratio08_halt5,circuit_breaker,low_congestion,linear_share,16,10000,5,10,4,0.8,5,0.0,False,77193.15462451919,7.7193154624519185,1.5438630924903838,3.133464064516646,4656,0.4656,12,3,0,9.9985,0.092383034140749,11485.610160998407,RandomAgent_1,17788.58328949849,EpsilonGreedyAgent_1,16332.620055398842,UCB_BaselineAgent_1,18199.10758296481,RiskAverseEpsilonGreedyAgent_1,13387.233535658637,RiskAverseUCBAgent_1,,,,,,,,,,
low_congestion_cb_opaque_ratio08_halt5,circuit_breaker,low_congestion,linear_share,17,10000,5,10,4,0.8,5,0.0,False,75861.5913347153,7.586159133471529,1.517231826694306,2.6620826490218925,4657,0.4657,4,1,0,9.9995,0.09866451055352976,11592.828557293706,RandomAgent_1,18124.460426407204,EpsilonGreedyAgent_1,18650.539037626302,UCB_BaselineAgent_1,13965.998873444645,RiskAverseEpsilonGreedyAgent_1,13527.764439943441,RiskAverseUCBAgent_1,,,,,,,,,,
low_congestion_cb_opaque_ratio08_halt5,circuit_breaker,low_congestion,linear_share,18,10000,5,10,4,0.8,5,0.0,False,75360.62798142078,7.536062798142078,1.5072125596284156,2.6864658245814548,4687,0.4687,6,4,0,9.998,0.09857910857503005,11670.555158387459,RandomAgent_1,18068.79407899516,EpsilonGreedyAgent_1,18624.676073584036,UCB_BaselineAgent_1,13592.025581223115,RiskAverseEpsilonGreedyAgent_1,13404.577089231016,RiskAverseUCBAgent_1,,,,,,,,,,
low_congestion_cb_opaque_ratio08_halt5,circuit_breaker,low_congestion,linear_share,19,10000,5,10,4,0.8,5,0.0,False,77778.90100607311,7.777890100607311,1.5555780201214622,3.1373732318437675,4747,0.4747,5,2,0,9.999,0.09297588326097128,11461.457383091341,RandomAgent_1,18158.83097461238,EpsilonGreedyAgent_1,16688.99352488322,UCB_BaselineAgent_1,18076.88849535616,RiskAverseEpsilonGreedyAgent_1,13392.730628130003,RiskAverseUCBAgent_1,,,,,,,,,,
low_congestion_cb_opaque_ratio08_halt5,circuit_breaker,low_congestion,linear_share,20,10000,5,10,4,0.8,5,0.0,False,75623.19643768569,7.56231964376857,1.5124639287537138,2.658471705033168,4794,0.4794,5,1,0,9.9995,0.09850361620683068,11509.18567488545,RandomAgent_1,17758.18596518058,EpsilonGreedyAgent_1,18774.418341446264,UCB_BaselineAgent_1,13915.650953450096,RiskAverseEpsilonGreedyAgent_1,13665.755502723301,RiskAverseUCBAgent_1,,,,,,,,,,
low_congestion_cb_opaque_ratio08_halt5,circuit_breaker,low_congestion,linear_share,21,10000,5,10,4,0.8,5,0.0,False,78263.90759164604,7.826390759164604,1.5652781518329208,3.1282270323931427,4739,0.4739,7,3,0,9.9985,0.09903175732574243,11387.851442420268,RandomAgent_1,16419.78675371402,EpsilonGreedyAgent_1,18740.04685058844,UCB_BaselineAgent_1,18194.181244268766,RiskAverseEpsilonGreedyAgent_1,13522.041300654559,RiskAverseUCBAgent_1,,,,,,,,,,
low_congestion_cb_opaque_ratio08_halt5,circuit_breaker,low_congestion,linear_share,22,10000,5,10,4,0.8,5,0.0,False,73566.94911550786,7.356694911550786,1.4713389823101573,2.5774656407472647,4544,0.4544,9,3,0,9.9985,0.11428420503830083,11698.33960255593,RandomAgent_1,18163.98386632146,EpsilonGreedyAgent_1,18597.133998209298,UCB_BaselineAgent_1,11320.530759143365,RiskAverseEpsilonGreedyAgent_1,13786.960889277807,RiskAverseUCBAgent_1,,,,,,,,,,
low_congestion_cb_opaque_ratio08_halt5,circuit_breaker,low_congestion,linear_share,23,10000,5,10,4,0.8,5,0.0,False,75783.89570997511,7.578389570997511,1.5156779141995023,2.6716678785503216,4691,0.4691,4,1,0,9.9995,0.09387575596505027,11762.474622929736,RandomAgent_1,17912.02208046447,EpsilonGreedyAgent_1,18570.45652854582,UCB_BaselineAgent_1,13796.632835714538,RiskAverseEpsilonGreedyAgent_1,13742.309642320548,RiskAverseUCBAgent_1,,,,,,,,,,
low_congestion_cb_opaque_ratio08_halt5,circuit_breaker,low_congestion,linear_share,24,10000,5,10,4,0.8,5,0.0,False,77518.8391612379,7.7518839161237905,1.5503767832247581,3.1488944399738843,4663,0.4663,4,3,0,9.9985,0.09434609769451163,11386.707694366483,RandomAgent_1,16131.109879919324,EpsilonGreedyAgent_1,18309.237623749417,UCB_BaselineAgent_1,18065.362018057527,RiskAverseEpsilonGreedyAgent_1,13626.421945145152,RiskAverseUCBAgent_1,,,,,,,,,,
low_congestion_cb_opaque_ratio08_halt5,circuit_breaker,low_congestion,linear_share,25,10000,5,10,4,0.8,5,0.0,False,78283.3793937584,7.82833793937584,1.565667587875168,3.1015422640412655,4561,0.4561,9,3,0,9.9985,0.09073374262182665,11666.54693322819,RandomAgent_1,16836.729978073767,EpsilonGreedyAgent_1,18504.080907939675,UCB_BaselineAgent_1,13596.864765119773,RiskAverseEpsilonGreedyAgent_1,17679.156809396987,RiskAverseUCBAgent_1,,,,,,,,,,
low_congestion_cb_opaque_ratio08_halt5,circuit_breaker,low_congestion,linear_share,26,10000,5,10,4,0.8,5,0.0,False,77820.94260718903,7.782094260718903,1.5564188521437807,3.1369030233361364,4749,0.4749,5,5,0,9.9975,0.09009359103065973,11604.72839419027,RandomAgent_1,17931.43810123458,EpsilonGreedyAgent_1,16595.165587476113,UCB_BaselineAgent_1,18165.183217871785,RiskAverseEpsilonGreedyAgent_1,13524.427306416292,RiskAverseUCBAgent_1,,,,,,,,,,
low_congestion_cb_opaque_ratio08_halt5,circuit_breaker,low_congestion,linear_share,27,10000,5,10,4,0.8,5,0.0,False,78227.27538406855,7.822727538406855,1.564545507681371,3.0720188719841324,4599,0.4599,6,2,0,9.999,0.09350687867705032,11529.56976312227,RandomAgent_1,16352.521192010092,EpsilonGreedyAgent_1,18884.18533496987,UCB_BaselineAgent_1,13941.62968311286,RiskAverseEpsilonGreedyAgent_1,17519.36941085345,RiskAverseUCBAgent_1,,,,,,,,,,
low_congestion_cb_opaque_ratio08_halt5,circuit_breaker,low_congestion,linear_share,28,10000,5,10,4,0.8,5,0.0,False,77381.104993882,7.738110499388201,1.5476220998776402,3.1064426575972974,4739,0.4739,9,4,0,9.998,0.08695369069146275,11665.147511361776,RandomAgent_1,17745.576467139865,EpsilonGreedyAgent_1,16575.946154236703,UCB_BaselineAgent_1,17933.528363077126,RiskAverseEpsilonGreedyAgent_1,13460.906498066532,RiskAverseUCBAgent_1,,,,,,,,,,
low_congestion_cb_opaque_ratio08_halt5,circuit_breaker,low_congestion,linear_share,29,10000,5,10,4,0.8,5,0.0,False,78031.9174781534,7.803191747815339,1.5606383495630678,3.130453209569957,4638,0.4638,11,3,0,9.9985,0.09513835866951936,11571.986364229506,RandomAgent_1,16326.228363443404,EpsilonGreedyAgent_1,18619.594546981294,UCB_BaselineAgent_1,17989.23160988141,RiskAverseEpsilonGreedyAgent_1,13524.876593617773,RiskAverseUCBAgent_1,,,,,,,,,,
low_congestion_cb_transparent_ratio08_halt5,circuit_breaker,low_congestion,linear_share,0,10000,5,10,4,0.8,5,0.0,True,78019.24751300624,7.801924751300624,1.5603849502601248,3.110706603366414,4589,0.4589,0,7,0,9.9965,0.0909610931770346,11587.654295130082,RandomAgent_1,16321.462101662295,EpsilonGreedyAgent_1,18470.914006198615,UCB_BaselineAgent_1,13831.973212785311,RiskAverseEpsilonGreedyAgent_1,17807.243897229935,RiskAverseUCBAgent_1,,,,,,,,,,
low_congestion_cb_transparent_ratio08_halt5,circuit_breaker,low_congestion,linear_share,1,10000,5,10,4,0.8,5,0.0,True,77174.60802730705,7.717460802730706,1.5434921605461411,3.1424545661183383,4700,0.47,0,5,0,9.9975,0.09172646677397722,11434.832268638529,RandomAgent_1,17864.676929479814,EpsilonGreedyAgent_1,16503.532957390933,UCB_BaselineAgent_1,18024.64625904125,RiskAverseEpsilonGreedyAgent_1,13346.919612756536,RiskAverseUCBAgent_1,,,,,,,,,,
low_congestion_cb_transparent_ratio08_halt5,circuit_breaker,low_congestion,linear_share,2,10000,5,10,4,0.8,5,0.0,True,77111.72200519626,7.711172200519626,1.5422344401039254,3.1248232377414906,4722,0.4722,0,2,0,9.999,0.09478472237648705,11501.945348659843,RandomAgent_1,16313.562057484489,EpsilonGreedyAgent_1,18894.682635382334,UCB_BaselineAgent_1,13457.236815763104,RiskAverseEpsilonGreedyAgent_1,16944.2951479065,RiskAverseUCBAgent_1,,,,,,,,,,
low_congestion_cb_transparent_ratio08_halt5,circuit_breaker,low_congestion,linear_share,3,10000,5,10,4,0.8,5,0.0,True,75245.51272705512,7.524551272705511,1.5049102545411024,2.6786316008407867,4706,0.4706,0,6,0,9.997,0.09657623733152154,11613.322872871642,RandomAgent_1,18114.7403975047,EpsilonGreedyAgent_1,18294.429842164678,UCB_BaselineAgent_1,13913.38651657356,RiskAverseEpsilonGreedyAgent_1,13309.633097940537,RiskAverseUCBAgent_1,,,,,,,,,,
low_congestion_cb_transparent_ratio08_halt5,circuit_breaker,low_congestion,linear_share,4,10000,5,10,4,0.8,5,0.0,True,78047.41555271046,7.804741555271046,1.5609483110542093,3.109810179116213,4586,0.4586,0,5,0,9.9975,0.08524131625405773,11543.848165631933,RandomAgent_1,17993.571638562153,EpsilonGreedyAgent_1,16988.63683449682,UCB_BaselineAgent_1,13894.322390014426,RiskAverseEpsilonGreedyAgent_1,17627.036524005125,RiskAverseUCBAgent_1,,,,,,,,,,
low_congestion_cb_transparent_ratio08_halt5,circuit_breaker,low_congestion,linear_share,5,10000,5,10,4,0.8,5,0.0,True,73882.40848534401,7.3882408485344016,1.4776481697068804,2.581903782524955,4643,0.4643,0,2,0,9.999,0.11445847708235979,11849.89621958933,RandomAgent_1,18257.55874059496,EpsilonGreedyAgent_1,18724.8462843447,UCB_BaselineAgent_1,11358.09259683591,RiskAverseEpsilonGreedyAgent_1,13692.014643979111,RiskAverseUCBAgent_1,,,,,,,,,,
low_congestion_cb_transparent_ratio08_halt5,circuit_breaker,low_congestion,linear_share,6,10000,5,10,4,0.8,5,0.0,True,75613.8016358325,7.56138016358325,1.51227603271665,2.7110092336866862,4621,0.4621,0,5,0,9.9975,0.10140774848846035,11496.069559563637,RandomAgent_1,18406.801928447236,EpsilonGreedyAgent_1,18493.311034032908,UCB_BaselineAgent_1,13985.89768276005,RiskAverseEpsilonGreedyAgent_1,13231.721431028665,RiskAverseUCBAgent_1,,,,,,,,,,
low_congestion_cb_transparent_ratio08_halt5,circuit_breaker,low_congestion,linear_share,7,10000,5,10,4,0.8,5,0.0,True,75295.32764352225,7.529532764352225,1.505906552870445,2.685652165771418,4689,0.4689,0,2,0,9.999,0.09431208311645167,11586.830291560776,RandomAgent_1,18120.578386446505,EpsilonGreedyAgent_1,18163.852733162483,UCB_BaselineAgent_1,13902.590960193389,RiskAverseEpsilonGreedyAgent_1,13521.475272159094,RiskAverseUCBAgent_1,,,,,,,,,,
low_congestion_cb_transparent_ratio08_halt5,circuit_breaker,low_congestion,linear_share,8,10000,5,10,4,0.8,5,0.0,True,75488.32924389953,7.548832924389953,1.5097665848779904,2.7113604618869016,4811,0.4811,0,6,0,9.997,0.09428641164863749,11604.305094892046,RandomAgent_1,18029.222404751294,EpsilonGreedyAgent_1,18317.961088609576,UCB_BaselineAgent_1,13874.115477855763,RiskAverseEpsilonGreedyAgent_1,13662.725177790848,RiskAverseUCBAgent_1,,,,,,,,,,
low_congestion_cb_transparent_ratio08_halt5,circuit_breaker,low_congestion,linear_share,9,10000,5,10,4,0.8,5,0.0,True,77773.22122036497,7.777322122036497,1.5554644244072995,3.115834701005996,4578,0.4578,0,8,0,9.996,0.09145262486109584,11505.758268710557,RandomAgent_1,16435.70167937221,EpsilonGreedyAgent_1,18568.43333383497,UCB_BaselineAgent_1,13803.632503716693,RiskAverseEpsilonGreedyAgent_1,17459.69543473053,RiskAverseUCBAgent_1,,,,,,,,,,
low_congestion_cb_transparent_ratio08_halt5,circuit_breaker,low_congestion,linear_share,10,10000,5,10,4,0.8,5,0.0,True,78499.94123091281,7.849994123091281,1.5699988246182561,3.1368319776459885,4695,0.4695,0,3,0,9.9985,0.09643928336389851,11598.92845113323,RandomAgent_1,16601.396396352062,EpsilonGreedyAgent_1,18711.852129831463,UCB_BaselineAgent_1,18144.056043621524,RiskAverseEpsilonGreedyAgent_1,13443.708209974538,RiskAverseUCBAgent_1,,,,,,,,,,
low_congestion_cb_transparent_ratio08_halt5,circuit_breaker,low_congestion,linear_share,11,10000,5,10,4,0.8,5,0.0,True,75442.36896926365,7.544236896926366,1.508847379385273,2.6447821213174114,4671,0.4671,0,3,0,9.9985,0.09585524491585584,11776.782286618924,RandomAgent_1,17935.041551575938,EpsilonGreedyAgent_1,18527.059622771012,UCB_BaselineAgent_1,13846.756170870474,RiskAverseEpsilonGreedyAgent_1,13356.729337427301,RiskAverseUCBAgent_1,,,,,,,,,,
low_congestion_cb_transparent_ratio08_halt5,circuit_breaker,low_congestion,linear_share,12,10000,5,10,4,0.8,5,0.0,True,75106.77419933498,7.510677419933498,1.5021354839866996,3.020474032756728,4605,0.4605,0,9,0,9.9955,0.10638507731825708,11522.669190371464,RandomAgent_1,16617.46044469656,EpsilonGreedyAgent_1,18539.761809110067,UCB_BaselineAgent_1,11336.04574406758,RiskAverseEpsilonGreedyAgent_1,17090.83701108931,RiskAverseUCBAgent_1,,,,,,,,,,
low_congestion_cb_transparent_ratio08_halt5,circuit_breaker,low_congestion,linear_share,13,10000,5,10,4,0.8,5,0.0,True,76636.51044927166,7.663651044927167,1.5327302089854333,3.080065195081263,4716,0.4716,0,6,0,9.997,0.08777372916331028,11501.576638865392,RandomAgent_1,15948.569021373854,EpsilonGreedyAgent_1,18461.720782064494,UCB_BaselineAgent_1,13914.125756438625,RiskAverseEpsilonGreedyAgent_1,16810.518250529298,RiskAverseUCBAgent_1,,,,,,,,,,
low_congestion_cb_transparent_ratio08_halt5,circuit_breaker,low_congestion,linear_share,14,10000,5,10,4,0.8,5,0.0,True,75843.8172752134,7.58438172752134,1.516876345504268,2.675652913974533,4701,0.4701,0,4,0,9.998,0.09549032388917866,11782.37512273015,RandomAgent_1,18127.493932456953,EpsilonGreedyAgent_1,18566.40376033633,UCB_BaselineAgent_1,13777.869943525167,RiskAverseEpsilonGreedyAgent_1,13589.6745161648,RiskAverseUCBAgent_1,,,,,,,,,,
low_congestion_cb_transparent_ratio08_halt5,circuit_breaker,low_congestion,linear_share,15,10000,5,10,4,0.8,5,0.0,True,74137.09825964557,7.413709825964557,1.4827419651929115,2.656762224466281,4753,0.4753,0,5,0,9.9975,0.09710306318604611,11663.209204848963,RandomAgent_1,17471.45437413517,EpsilonGreedyAgent_1,18324.861000161945,UCB_BaselineAgent_1,12797.409622919953,RiskAverseEpsilonGreedyAgent_1,13880.164057579548,RiskAverseUCBAgent_1,,,,,,,,,,
low_congestion_cb_transparent_ratio08_halt5,circuit_breaker,low_congestion,linear_share,16,10000,5,10,4,0.8,5,0.0,True,77391.55969530788,7.739155969530787,1.5478311939061575,3.1397980780768076,4655,0.4655,0,7,0,9.9965,0.09120442897994341,11396.606945358933,RandomAgent_1,17996.1847945822,EpsilonGreedyAgent_1,16483.843376857767,UCB_BaselineAgent_1,17980.95070237841,RiskAverseEpsilonGreedyAgent_1,13533.973876130563,RiskAverseUCBAgent_1,,,,,,,,,,
low_congestion_cb_transparent_ratio08_halt5,circuit_breaker,low_congestion,linear_share,17,10000,5,10,4,0.8,5,0.0,True,77268.1960765693,7.726819607656929,1.545363921531386,3.1003851131448297,4690,0.469,0,8,0,9.996,0.09322815629143921,11441.463541130344,RandomAgent_1,17895.047533157456,EpsilonGreedyAgent_1,16203.518647782466,UCB_BaselineAgent_1,18241.658184687392,RiskAverseEpsilonGreedyAgent_1,13486.508169811641,RiskAverseUCBAgent_1,,,,,,,,,,
low_congestion_cb_transparent_ratio08_halt5,circuit_breaker,low_congestion,linear_share,18,10000,5,10,4,0.8,5,0.0,True,77402.44140114133,7.740244140114133,1.5480488280228266,3.073770636631378,4619,0.4619,0,5,0,9.9975,0.09743591864683321,11466.315970331834,RandomAgent_1,16329.537329450168,EpsilonGreedyAgent_1,18669.575334223893,UCB_BaselineAgent_1,13244.543268174944,RiskAverseEpsilonGreedyAgent_1,17692.469498960494,RiskAverseUCBAgent_1,,,,,,,,,,
low_congestion_cb_transparent_ratio08_halt5,circuit_breaker,low_congestion,linear_share,19,10000,5,10,4,0.8,5,0.0,True,75471.1786189445,7.54711786189445,1.50942357237889,2.6582261382289967,4610,0.461,0,8,0,9.996,0.09999591399890684,11494.521341003396,RandomAgent_1,18207.797919534656,EpsilonGreedyAgent_1,18532.561508496383,UCB_BaselineAgent_1,13819.443311829713,RiskAverseEpsilonGreedyAgent_1,13416.854538080348,RiskAverseUCBAgent_1,,,,,,,,,,
low_congestion_cb_transparent_ratio08_halt5,circuit_breaker,low_congestion,linear_share,20,10000,5,10,4,0.8,5,0.0,True,77853.01474759771,7.7853014747597715,1.5570602949519543,3.141121780277747,4488,0.4488,0,3,0,9.9985,0.0926681288661495,11654.285041635145,RandomAgent_1,16262.162017655233,EpsilonGreedyAgent_1,18424.673640739285,UCB_BaselineAgent_1,18003.67492874067,RiskAverseEpsilonGreedyAgent_1,13508.219118827386,RiskAverseUCBAgent_1,,,,,,,,,,
low_congestion_cb_transparent_ratio08_halt5,circuit_breaker,low_congestion,linear_share,21,10000,5,10,4,0.8,5,0.0,True,78331.61880918706,7.833161880918706,1.566632376183741,3.086625845241158,4622,0.4622,0,2,0,9.999,0.09777112233674767,11314.856391882484,RandomAgent_1,16356.005263888308,EpsilonGreedyAgent_1,18714.90380454183,UCB_BaselineAgent_1,13799.761230310896,RiskAverseEpsilonGreedyAgent_1,18146.09211856353,RiskAverseUCBAgent_1,,,,,,,,,,
low_congestion_cb_transparent_ratio08_halt5,circuit_breaker,low_congestion,linear_share,22,10000,5,10,4,0.8,5,0.0,True,73784.38367590978,7.378438367590977,1.4756876735181954,2.6165490269556515,4572,0.4572,0,1,0,9.9995,0.11385450434052036,11688.702528953027,RandomAgent_1,18247.450670711143,EpsilonGreedyAgent_1,18726.957174940017,UCB_BaselineAgent_1,11505.475706454721,RiskAverseEpsilonGreedyAgent_1,13615.797594850868,RiskAverseUCBAgent_1,,,,,,,,,,
low_congestion_cb_transparent_ratio08_halt5,circuit_breaker,low_congestion,linear_share,23,10000,5,10,4,0.8,5,0.0,True,73517.0624779872,7.35170624779872,1.470341249559744,2.5988272162687545,4602,0.4602,0,1,0,9.9995,0.11410792010118564,11710.799350392183,RandomAgent_1,18115.761852937067,EpsilonGreedyAgent_1,18672.510666137103,UCB_BaselineAgent_1,11388.893053269514,RiskAverseEpsilonGreedyAgent_1,13629.097555251341,RiskAverseUCBAgent_1,,,,,,,,,,
low_congestion_cb_transparent_ratio08_halt5,circuit_breaker,low_congestion,linear_share,24,10000,5,10,4,0.8,5,0.0,True,74947.12719084437,7.494712719084437,1.4989425438168875,2.630603440656954,4678,0.4678,0,7,0,9.9965,0.09620098158313817,11549.449802195144,RandomAgent_1,17727.365217987273,EpsilonGreedyAgent_1,18417.57856296281,UCB_BaselineAgent_1,13814.078874665365,RiskAverseEpsilonGreedyAgent_1,13438.65473303378,RiskAverseUCBAgent_1,,,,,,,,,,
low_congestion_cb_transparent_ratio08_halt5,circuit_breaker,low_congestion,linear_share,25,10000,5,10,4,0.8,5,0.0,True,78296.98021122545,7.829698021122545,1.565939604224509,3.123931666428126,4689,0.4689,0,1,0,9.9995,0.09503826456913633,11423.60755845793,RandomAgent_1,16781.752346278456,EpsilonGreedyAgent_1,18443.48605758353,UCB_BaselineAgent_1,18105.700025675767,RiskAverseEpsilonGreedyAgent_1,13542.434223229773,RiskAverseUCBAgent_1,,,,,,,,,,
low_congestion_cb_transparent_ratio08_halt5,circuit_breaker,low_congestion,linear_share,26,10000,5,10,4,0.8,5,0.0,True,77530.51759332755,7.753051759332755,1.5506103518665508,3.1245991197209193,4662,0.4662,0,1,0,9.9995,0.08921869506534974,11650.108785666784,RandomAgent_1,18046.182035166068,EpsilonGreedyAgent_1,16342.076823486123,UCB_BaselineAgent_1,17996.46623427726,RiskAverseEpsilonGreedyAgent_1,13495.683714731314,RiskAverseUCBAgent_1,,,,,,,,,,
low_congestion_cb_transparent_ratio08_halt5,circuit_breaker,low_congestion,linear_share,27,10000,5,10,4,0.8,5,0.0,True,78000.80450207915,7.800080450207915,1.560016090041583,3.1377458470973405,4688,0.4688,0,2,0,9.999,0.09245477239834732,11418.91076569849,RandomAgent_1,18141.40169475675,EpsilonGreedyAgent_1,16852.635341037094,UCB_BaselineAgent_1,18085.870705144785,RiskAverseEpsilonGreedyAgent_1,13501.98599544202,RiskAverseUCBAgent_1,,,,,,,,,,
low_congestion_cb_transparent_ratio08_halt5,circuit_breaker,low_congestion,linear_share,28,10000,5,10,4,0.8,5,0.0,True,75964.01908529861,7.596401908529861,1.5192803817059723,2.6697344926039754,4681,0.4681,0,7,0,9.9965,0.09526097205410489,11631.147035095435,RandomAgent_1,18045.608426196646,EpsilonGreedyAgent_1,18561.12140902927,UCB_BaselineAgent_1,13911.600788918271,RiskAverseEpsilonGreedyAgent_1,13814.541426058991,RiskAverseUCBAgent_1,,,,,,,,,,
low_congestion_cb_transparent_ratio08_halt5,circuit_breaker,low_congestion,linear_share,29,10000,5,10,4,0.8,5,0.0,True,78119.37077089532,7.8119370770895316,1.5623874154179063,3.090977168743881,4628,0.4628,0,2,0,9.999,0.09556560877817799,11586.746768716312,RandomAgent_1,16217.293721352136,EpsilonGreedyAgent_1,18552.057340037863,UCB_BaselineAgent_1,18248.23243043399,RiskAverseEpsilonGreedyAgent_1,13515.04051035501,RiskAverseUCBAgent_1,,,,,,,,,,
low_congestion_cb_opaque_ratio08_halt10,circuit_breaker,low_congestion,linear_share,0,10000,5,10,4,0.8,10,0.0,False,73160.99324066986,7.316099324066986,1.4632198648133974,2.6434761782539407,4782,0.4782,19,2,0,9.998,0.11125807575542157,11694.81683234038,RandomAgent_1,17867.473063720136,EpsilonGreedyAgent_1,18409.35599550675,UCB_BaselineAgent_1,11320.994950806222,RiskAverseEpsilonGreedyAgent_1,13868.352398296369,RiskAverseUCBAgent_1,,,,,,,,,,
low_congestion_cb_opaque_ratio08_halt10,circuit_breaker,low_congestion,linear_share,1,10000,5,10,4,0.8,10,0.0,False,76119.63362078146,7.611963362078146,1.5223926724156291,2.6722973393267946,4777,0.4777,9,3,0,9.997,0.09437193668002619,11818.25950114146,RandomAgent_1,18166.65370339089,EpsilonGreedyAgent_1,18541.6565125468,UCB_BaselineAgent_1,13938.509287918683,RiskAverseEpsilonGreedyAgent_1,13654.554615783622,RiskAverseUCBAgent_1,,,,,,,,,,
low_congestion_cb_opaque_ratio08_halt10,circuit_breaker,low_congestion,linear_share,2,10000,5,10,4,0.8,10,0.0,False,78173.33130608182,7.817333130608182,1.5634666261216363,3.1063976780761235,4690,0.469,20,3,0,9.997,0.09613561982191565,11550.41716166365,RandomAgent_1,16516.182578254466,EpsilonGreedyAgent_1,18619.729760013655,UCB_BaselineAgent_1,18068.240378042698,RiskAverseEpsilonGreedyAgent_1,13418.761428107355,RiskAverseUCBAgent_1,,,,,,,,,,
low_congestion_cb_opaque_ratio08_halt10,circuit_breaker,low_congestion,linear_share,3,10000,5,10,4,0.8,10,0.0,False,75357.39750402456,7.535739750402455,1.5071479500804912,2.6903686963786875,4625,0.4625,21,2,0,9.998,0.09422534661558557,11765.686931448174,RandomAgent_1,18294.679734792095,EpsilonGreedyAgent_1,18088.52817641311,UCB_BaselineAgent_1,13813.431127933174,RiskAverseEpsilonGreedyAgent_1,13395.071533437997,RiskAverseUCBAgent_1,,,,,,,,,,
low_congestion_cb_opaque_ratio08_halt10,circuit_breaker,low_congestion,linear_share,4,10000,5,10,4,0.8,10,0.0,False,75004.1907193554,7.500419071935541,1.5000838143871082,2.690840796636263,4880,0.488,18,4,0,9.996,0.09468416830371362,11497.74504332517,RandomAgent_1,17599.83415865097,EpsilonGreedyAgent_1,18344.82392320606,UCB_BaselineAgent_1,14022.06921964867,RiskAverseEpsilonGreedyAgent_1,13539.718374524538,RiskAverseUCBAgent_1,,,,,,,,,,
low_congestion_cb_opaque_ratio08_halt10,circuit_breaker,low_congestion,linear_share,5,10000,5,10,4,0.8,10,0.0,False,75328.50372812005,7.532850372812005,1.5065700745624009,2.6335963318874587,4605,0.4605,12,2,0,9.998,0.10080639447294115,11546.984281940297,RandomAgent_1,18187.256470065462,EpsilonGreedyAgent_1,18512.890050325695,UCB_BaselineAgent_1,13946.292073635535,RiskAverseEpsilonGreedyAgent_1,13135.080852153058,RiskAverseUCBAgent_1,,,,,,,,,,
low_congestion_cb_opaque_ratio08_halt10,circuit_breaker,low_congestion,linear_share,6,10000,5,10,4,0.8,10,0.0,False,78120.57481466216,7.8120574814662165,1.5624114962932432,3.1136739256530053,4655,0.4655,22,3,0,9.997,0.09550402301077066,11493.324195680569,RandomAgent_1,18166.826020901,EpsilonGreedyAgent_1,16860.2045376722,UCB_BaselineAgent_1,18357.371789217945,RiskAverseEpsilonGreedyAgent_1,13242.848271190447,RiskAverseUCBAgent_1,,,,,,,,,,
low_congestion_cb_opaque_ratio08_halt10,circuit_breaker,low_congestion,linear_share,7,10000,5,10,4,0.8,10,0.0,False,74018.38952983751,7.401838952983751,1.4803677905967503,2.589688894810759,4599,0.4599,17,3,0,9.997,0.11275508593321626,11749.148050674987,RandomAgent_1,18246.03547969944,EpsilonGreedyAgent_1,18793.499508589262,UCB_BaselineAgent_1,11609.505883007594,RiskAverseEpsilonGreedyAgent_1,13620.200607866227,RiskAverseUCBAgent_1,,,,,,,,,,
low_congestion_cb_opaque_ratio08_halt10,circuit_breaker,low_congestion,linear_share,8,10000,5,10,4,0.8,10,0.0,False,77806.04951966667,7.780604951966668,1.5561209903933335,3.1507874607621638,4674,0.4674,10,2,0,9.998,0.09829857100993933,11465.247614381135,RandomAgent_1,16335.283988294777,EpsilonGreedyAgent_1,18794.897924754452,UCB_BaselineAgent_1,17835.939040384594,RiskAverseEpsilonGreedyAgent_1,13374.680951851717,RiskAverseUCBAgent_1,,,,,,,,,,
low_congestion_cb_opaque_ratio08_halt10,circuit_breaker,low_congestion,linear_share,9,10000,5,10,4,0.8,10,0.0,False,78000.12291501198,7.800012291501198,1.5600024583002394,3.155800795709379,4640,0.464,13,3,0,9.997,0.09398076612153261,11550.00134465596,RandomAgent_1,16283.26500562859,EpsilonGreedyAgent_1,18478.861055207984,UCB_BaselineAgent_1,18078.277180615856,RiskAverseEpsilonGreedyAgent_1,13609.718328903578,RiskAverseUCBAgent_1,,,,,,,,,,
low_congestion_cb_opaque_ratio08_halt10,circuit_breaker,low_congestion,linear_share,10,10000,5,10,4,0.8,10,0.0,False,77691.30195330494,7.769130195330494,1.5538260390660987,3.1361269027440217,4627,0.4627,12,3,0,9.997,0.0934015236510286,11539.461001562027,RandomAgent_1,18072.84192350671,EpsilonGreedyAgent_1,16474.502905349615,UCB_BaselineAgent_1,18250.59704822699,RiskAverseEpsilonGreedyAgent_1,13353.899074659601,RiskAverseUCBAgent_1,,,,,,,,,,
low_congestion_cb_opaque_ratio08_halt10,circuit_breaker,low_congestion,linear_share,11,10000,5,10,4,0.8,10,0.0,False,77520.48414240949,7.752048414240949,1.55040968284819,3.1104922364759235,4711,0.4711,34,7,0,9.993,0.08688958727247198,11475.329325563192,RandomAgent_1,13731.206013848394,EpsilonGreedyAgent_1,16719.266535380775,UCB_BaselineAgent_1,17926.489578098055,RiskAverseEpsilonGreedyAgent_1,17668.19268951908,RiskAverseUCBAgent_1,,,,,,,,,,
low_congestion_cb_opaque_ratio08_halt10,circuit_breaker,low_congestion,linear_share,12,10000,5,10,4,0.8,10,0.0,False,77914.76945756716,7.791476945756716,1.5582953891513434,3.115553743185804,4684,0.4684,13,2,0,9.998,0.09259028346315534,11275.60851032358,RandomAgent_1,17992.220808524264,EpsilonGreedyAgent_1,16685.09680238437,UCB_BaselineAgent_1,18185.405341188056,RiskAverseEpsilonGreedyAgent_1,13776.437995146896,RiskAverseUCBAgent_1,,,,,,,,,,
low_congestion_cb_opaque_ratio08_halt10,circuit_breaker,low_congestion,linear_share,13,10000,5,10,4,0.8,10,0.0,False,78660.2625794172,7.86602625794172,1.5732052515883441,3.1176403115139437,4540,0.454,11,2,0,9.998,0.09832083978180006,11615.476297684478,RandomAgent_1,16317.618863301643,EpsilonGreedyAgent_1,18831.369485150375,UCB_BaselineAgent_1,18399.434622005956,RiskAverseEpsilonGreedyAgent_1,13496.363311274752,RiskAverseUCBAgent_1,,,,,,,,,,
low_congestion_cb_opaque_ratio08_halt10,circuit_breaker,low_congestion,linear_share,14,10000,5,10,4,0.8,10,0.0,False,75991.16899930933,7.599116899930933,1.5198233799861867,2.6420817188726273,4595,0.4595,19,2,0,9.998,0.09891528250535919,11746.550568143715,RandomAgent_1,18368.202516318193,EpsilonGreedyAgent_1,18638.783711551205,UCB_BaselineAgent_1,13876.683273860945,RiskAverseEpsilonGreedyAgent_1,13360.948929435266,RiskAverseUCBAgent_1,,,,,,,,,,
low_congestion_cb_opaque_ratio08_halt10,circuit_breaker,low_congestion,linear_share,15,10000,5,10,4,0.8,10,0.0,False,77439.00993870958,7.743900993870958,1.5487801987741916,3.093785981944399,4660,0.466,13,4,0,9.996,0.09484709601198027,11388.895652736064,RandomAgent_1,18104.359075653312,EpsilonGreedyAgent_1,16255.940732630772,UCB_BaselineAgent_1,18241.803244777297,RiskAverseEpsilonGreedyAgent_1,13448.011232912142,RiskAverseUCBAgent_1,,,,,,,,,,
low_congestion_cb_opaque_ratio08_halt10,circuit_breaker,low_congestion,linear_share,16,10000,5,10,4,0.8,10,0.0,False,75127.26253591405,7.5127262535914054,1.502545250718281,2.6339043434981058,4755,0.4755,11,2,0,9.998,0.0987868191130108,11580.520135127259,RandomAgent_1,18118.368382623194,EpsilonGreedyAgent_1,18368.652584457664,UCB_BaselineAgent_1,13919.046388899449,RiskAverseEpsilonGreedyAgent_1,13140.67504480649,RiskAverseUCBAgent_1,,,,,,,,,,
low_congestion_cb_opaque_ratio08_halt10,circuit_breaker,low_congestion,linear_share,17,10000,5,10,4,0.8,10,0.0,False,77863.5081127536,7.786350811275359,1.557270162255072,3.0687644596885444,4653,0.4653,49,7,0,9.993,0.09158894263344197,11439.934238839745,RandomAgent_1,16418.834922128804,EpsilonGreedyAgent_1,18472.951131299156,UCB_BaselineAgent_1,13884.615330480428,RiskAverseEpsilonGreedyAgent_1,17647.17249000546,RiskAverseUCBAgent_1,,,,,,,,,,
low_congestion_cb_opaque_ratio08_halt10,circuit_breaker,low_congestion,linear_share,18,10000,5,10,4,0.8,10,0.0,False,76942.95637120372,7.694295637120372,1.5388591274240744,3.0819945151064556,4570,0.457,11,2,0,9.998,0.09165582789182891,11355.026685728893,RandomAgent_1,16233.250686996049,EpsilonGreedyAgent_1,18449.688083618665,UCB_BaselineAgent_1,13731.818897010398,RiskAverseEpsilonGreedyAgent_1,17173.172017849713,RiskAverseUCBAgent_1,,,,,,,,,,
low_congestion_cb_opaque_ratio08_halt10,circuit_breaker,low_congestion,linear_share,19,10000,5,10,4,0.8,10,0.0,False,75003.32417473981,7.500332417473981,1.5000664834947963,2.6356082539066734,4584,0.4584,29,4,0,9.996,0.10095139067734227,11830.441889793807,RandomAgent_1,18159.287457575312,EpsilonGreedyAgent_1,18617.203665783774,UCB_BaselineAgent_1,12803.586307396456,RiskAverseEpsilonGreedyAgent_1,13592.804854190459,RiskAverseUCBAgent_1,,,,,,,,,,
low_congestion_cb_opaque_ratio08_halt10,circuit_breaker,low_congestion,linear_share,20,10000,5,10,4,0.8,10,0.0,False,77864.58957053354,7.7864589570533544,1.5572917914106708,3.1178506819717406,4628,0.4628,10,1,0,9.999,0.0944145022243299,11398.24970113241,RandomAgent_1,16371.303907510817,EpsilonGreedyAgent_1,18606.336518283806,UCB_BaselineAgent_1,13763.003457450075,RiskAverseEpsilonGreedyAgent_1,17725.69598615644,RiskAverseUCBAgent_1,,,,,,,,,,
low_congestion_cb_opaque_ratio08_halt10,circuit_breaker,low_congestion,linear_share,21,10000,5,10,4,0.8,10,0.0,False,75444.80336903494,7.544480336903494,1.5088960673806988,2.6535412898918067,4689,0.4689,26,5,0,9.995,0.09765984385953841,11548.762259931627,RandomAgent_1,17987.330619371765,EpsilonGreedyAgent_1,18499.647888269395,UCB_BaselineAgent_1,13939.780017998713,RiskAverseEpsilonGreedyAgent_1,13469.28258346344,RiskAverseUCBAgent_1,,,,,,,,,,
low_congestion_cb_opaque_ratio08_halt10,circuit_breaker,low_congestion,linear_share,22,10000,5,10,4,0.8,10,0.0,False,77090.18464049208,7.709018464049208,1.5418036928098415,3.024094983335001,4718,0.4718,11,2,0,9.998,0.0953335718379249,11555.019387542885,RandomAgent_1,15630.993877451883,EpsilonGreedyAgent_1,18387.012323650382,UCB_BaselineAgent_1,18113.189909095036,RiskAverseEpsilonGreedyAgent_1,13403.969142751886,RiskAverseUCBAgent_1,,,,,,,,,,
low_congestion_cb_opaque_ratio08_halt10,circuit_breaker,low_congestion,linear_share,23,10000,5,10,4,0.8,10,0.0,False,73930.22653998682,7.393022653998682,1.4786045307997364,2.6041724020830053,4608,0.4608,11,1,0,9.999,0.11348372157813835,11895.654574110265,RandomAgent_1,18218.01096526761,EpsilonGreedyAgent_1,18625.965221996077,UCB_BaselineAgent_1,11299.796861484081,RiskAverseEpsilonGreedyAgent_1,13890.79891712879,RiskAverseUCBAgent_1,,,,,,,,,,
low_congestion_cb_opaque_ratio08_halt10,circuit_breaker,low_congestion,linear_share,24,10000,5,10,4,0.8,10,0.0,False,77518.8391612379,7.7518839161237905,1.5503767832247581,3.1488944399738843,4663,0.4663,4,3,0,9.997,0.09434609769451163,11386.707694366483,RandomAgent_1,16131.109879919324,EpsilonGreedyAgent_1,18309.237623749417,UCB_BaselineAgent_1,18065.362018057527,RiskAverseEpsilonGreedyAgent_1,13626.421945145152,RiskAverseUCBAgent_1,,,,,,,,,,
low_congestion_cb_opaque_ratio08_halt10,circuit_breaker,low_congestion,linear_share,25,10000,5,10,4,0.8,10,0.0,False,75347.68560517866,7.534768560517866,1.5069537121035732,2.698912562245749,4897,0.4897,16,2,0,9.998,0.09514752653661063,11453.571742486247,RandomAgent_1,18067.355161692547,EpsilonGreedyAgent_1,18174.36830799781,UCB_BaselineAgent_1,14066.306889263727,RiskAverseEpsilonGreedyAgent_1,13586.083503738322,RiskAverseUCBAgent_1,,,,,,,,,,
low_congestion_cb_opaque_ratio08_halt10,circuit_breaker,low_congestion,linear_share,26,10000,5,10,4,0.8,10,0.0,False,78068.79068104591,7.806879068104591,1.5613758136209182,3.1846015182541643,4683,0.4683,11,4,0,9.996,0.09022471698600198,11544.491101375184,RandomAgent_1,16589.50626503504,EpsilonGreedyAgent_1,18192.094219996026,UCB_BaselineAgent_1,18028.41460949499,RiskAverseEpsilonGreedyAgent_1,13714.28448514466,RiskAverseUCBAgent_1,,,,,,,,,,
low_congestion_cb_opaque_ratio08_halt10,circuit_breaker,low_congestion,linear_share,27,10000,5,10,4,0.8,10,0.0,False,77877.99523982892,7.787799523982891,1.5575599047965782,3.1070417967289106,4611,0.4611,7,1,0,9.999,0.09270878983799125,11293.022691271572,RandomAgent_1,16747.310660221767,EpsilonGreedyAgent_1,18580.983380982885,UCB_BaselineAgent_1,13891.331576270948,RiskAverseEpsilonGreedyAgent_1,17365.346931081753,RiskAverseUCBAgent_1,,,,,,,,,,
low_congestion_cb_opaque_ratio08_halt10,circuit_breaker,low_congestion,linear_share,28,10000,5,10,4,0.8,10,0.0,False,77932.50901270166,7.793250901270166,1.5586501802540331,3.1437541348830775,4709,0.4709,6,2,0,9.998,0.09144717256026724,11517.086284926465,RandomAgent_1,17791.519658561534,EpsilonGreedyAgent_1,16601.281073001355,UCB_BaselineAgent_1,18360.681302283825,RiskAverseEpsilonGreedyAgent_1,13661.940693928482,RiskAverseUCBAgent_1,,,,,,,,,,
low_congestion_cb_opaque_ratio08_halt10,circuit_breaker,low_congestion,linear_share,29,10000,5,10,4,0.8,10,0.0,False,78021.53700106425,7.802153700106425,1.5604307400212851,3.1144083237223543,4693,0.4693,4,1,0,9.999,0.09823955674229423,11331.51349098197,RandomAgent_1,16336.335581078454,EpsilonGreedyAgent_1,18601.05414357764,UCB_BaselineAgent_1,18187.777754288745,RiskAverseEpsilonGreedyAgent_1,13564.85603113744,RiskAverseUCBAgent_1,,,,,,,,,,
low_congestion_cb_transparent_ratio08_halt10,circuit_breaker,low_congestion,linear_share,0,10000,5,10,4,0.8,10,0.0,True,78246.9551081021,7.82469551081021,1.564939102162042,3.1665837422268606,4625,0.4625,0,9,0,9.991,0.08975544200501018,11652.53617091317,RandomAgent_1,18225.634193207687,EpsilonGreedyAgent_1,16795.403788367534,UCB_BaselineAgent_1,17992.455007104712,RiskAverseEpsilonGreedyAgent_1,13580.925948509002,RiskAverseUCBAgent_1,,,,,,,,,,
low_congestion_cb_transparent_ratio08_halt10,circuit_breaker,low_congestion,linear_share,1,10000,5,10,4,0.8,10,0.0,True,78139.2586007278,7.81392586007278,1.562785172014556,3.125689346649411,4623,0.4623,0,4,0,9.996,0.0858247529654228,11623.94063452539,RandomAgent_1,18053.530091131648,EpsilonGreedyAgent_1,17009.09075514173,UCB_BaselineAgent_1,13773.08480868483,RiskAverseEpsilonGreedyAgent_1,17679.612311244196,RiskAverseUCBAgent_1,,,,,,,,,,
low_congestion_cb_transparent_ratio08_halt10,circuit_breaker,low_congestion,linear_share,2,10000,5,10,4,0.8,10,0.0,True,78299.4895426865,7.82994895426865,1.56598979085373,3.1264826656493407,4691,0.4691,0,1,0,9.999,0.09231702840437128,11583.861646937232,RandomAgent_1,16629.823012350877,EpsilonGreedyAgent_1,18365.000818683435,UCB_BaselineAgent_1,18114.73311081122,RiskAverseEpsilonGreedyAgent_1,13606.070953903729,RiskAverseUCBAgent_1,,,,,,,,,,
low_congestion_cb_transparent_ratio08_halt10,circuit_breaker,low_congestion,linear_share,3,10000,5,10,4,0.8,10,0.0,True,15090.231973396767,1.5090231973396766,0.30180463946793534,1.2291246049307691,10000,1.0,0,10000,0,0.0045,0.0006151848678574989,3027.329677041842,RandomAgent_1,3015.7255740887313,EpsilonGreedyAgent_1,3015.7255740887313,UCB_BaselineAgent_1,3015.7255740887313,RiskAverseEpsilonGreedyAgent_1,3015.7255740887313,RiskAverseUCBAgent_1,,,,,,,,,,
low_congestion_cb_transparent_ratio08_halt10,circuit_breaker,low_congestion,linear_share,4,10000,5,10,4,0.8,10,0.0,True,77881.02739463006,7.788102739463006,1.557620547892601,3.1011973624463613,4678,0.4678,0,6,0,9.994,0.09083884980869428,11539.003126428466,RandomAgent_1,16239.181850979647,EpsilonGreedyAgent_1,18654.329226152997,UCB_BaselineAgent_1,13996.304007199522,RiskAverseEpsilonGreedyAgent_1,17452.209183869432,RiskAverseUCBAgent_1,,,,,,,,,,
low_congestion_cb_transparent_ratio08_halt10,circuit_breaker,low_congestion,linear_share,5,10000,5,10,4,0.8,10,0.0,True,73753.67708778977,7.375367708778977,1.4750735417557954,2.599043345126164,4631,0.4631,0,2,0,9.998,0.11386014855732474,11656.407822489045,RandomAgent_1,18232.474481920726,EpsilonGreedyAgent_1,18612.089161474494,UCB_BaselineAgent_1,11403.116703859452,RiskAverseEpsilonGreedyAgent_1,13849.588918046042,RiskAverseUCBAgent_1,,,,,,,,,,
low_congestion_cb_transparent_ratio08_halt10,circuit_breaker,low_congestion,linear_share,6,10000,5,10,4,0.8,10,0.0,True,75082.9111285961,7.5082911128596095,1.501658222571922,3.038632979394038,4633,0.4633,0,5,0,9.995,0.10423494643850106,11482.10216236898,RandomAgent_1,18322.87308621238,EpsilonGreedyAgent_1,17165.349577341363,UCB_BaselineAgent_1,11381.667768778621,RiskAverseEpsilonGreedyAgent_1,16730.918533894757,RiskAverseUCBAgent_1,,,,,,,,,,
low_congestion_cb_transparent_ratio08_halt10,circuit_breaker,low_congestion,linear_share,7,10000,5,10,4,0.8,10,0.0,True,73524.07398818244,7.352407398818244,1.4704814797636487,2.574148160009589,4738,0.4738,0,2,0,9.998,0.11508646690932922,11605.241350554765,RandomAgent_1,18102.27158838704,EpsilonGreedyAgent_1,18680.22144800829,UCB_BaselineAgent_1,11351.704181824385,RiskAverseEpsilonGreedyAgent_1,13784.635419407958,RiskAverseUCBAgent_1,,,,,,,,,,
low_congestion_cb_transparent_ratio08_halt10,circuit_breaker,low_congestion,linear_share,8,10000,5,10,4,0.8,10,0.0,True,78202.3957293185,7.8202395729318495,1.56404791458637,3.1872088382730204,4643,0.4643,0,4,0,9.996,0.0917227222109942,11577.06019201866,RandomAgent_1,16417.384734748433,EpsilonGreedyAgent_1,18386.130031620363,UCB_BaselineAgent_1,18068.01132050697,RiskAverseEpsilonGreedyAgent_1,13753.809450424069,RiskAverseUCBAgent_1,,,,,,,,,,
low_congestion_cb_transparent_ratio08_halt10,circuit_breaker,low_congestion,linear_share,9,10000,5,10,4,0.8,10,0.0,True,77513.64597506898,7.751364597506898,1.5502729195013796,3.0798134885723503,4703,0.4703,0,7,0,9.993,0.09206552798294809,11562.242107929129,RandomAgent_1,16065.193377708041,EpsilonGreedyAgent_1,18283.257413684787,UCB_BaselineAgent_1,18000.879660340404,RiskAverseEpsilonGreedyAgent_1,13602.073415406618,RiskAverseUCBAgent_1,,,,,,,,,,
low_congestion_cb_transparent_ratio08_halt10,circuit_breaker,low_congestion,linear_share,10,10000,5,10,4,0.8,10,0.0,True,75320.79289967944,7.532079289967943,1.5064158579935887,2.6623995594022993,4776,0.4776,0,1,0,9.999,0.09766688627497988,11650.47208122184,RandomAgent_1,18160.713405622195,EpsilonGreedyAgent_1,18510.627261102876,UCB_BaselineAgent_1,13508.824672033996,RiskAverseEpsilonGreedyAgent_1,13490.155479698535,RiskAverseUCBAgent_1,,,,,,,,,,
low_congestion_cb_transparent_ratio08_halt10,circuit_breaker,low_congestion,linear_share,11,10000,5,10,4,0.8,10,0.0,True,77922.52708459247,7.792252708459247,1.5584505416918493,3.0953720457815526,4605,0.4605,0,4,0,9.996,0.09310297766603837,11490.964003668489,RandomAgent_1,16359.762328351797,EpsilonGreedyAgent_1,18778.05067176055,UCB_BaselineAgent_1,13865.437584950261,RiskAverseEpsilonGreedyAgent_1,17428.312495861366,RiskAverseUCBAgent_1,,,,,,,,,,
low_congestion_cb_transparent_ratio08_halt10,circuit_breaker,low_congestion,linear_share,12,10000,5,10,4,0.8,10,0.0,True,15108.647545394942,1.5108647545394942,0.30217295090789886,1.2228222021666166,10000,1.0,0,10000,0,0.0045,7.553279336813823e-05,3022.427178507372,RandomAgent_1,3021.370288003254,EpsilonGreedyAgent_1,3021.370288003254,UCB_BaselineAgent_1,3022.1095028778086,RiskAverseEpsilonGreedyAgent_1,3021.370288003254,RiskAverseUCBAgent_1,,,,,,,,,,
low_congestion_cb_transparent_ratio08_halt10,circuit_breaker,low_congestion,linear_share,13,10000,5,10,4,0.8,10,0.0,True,14840.47270019794,1.4840472700197942,0.2968094540039588,1.2358372366638941,10000,1.0,0,10000,0,0.0045,0.00027493286666957495,2972.1746737417866,RandomAgent_1,2967.0745066140385,EpsilonGreedyAgent_1,2967.0745066140385,UCB_BaselineAgent_1,2967.0745066140385,RiskAverseEpsilonGreedyAgent_1,2967.0745066140385,RiskAverseUCBAgent_1,,,,,,,,,,
low_congestion_cb_transparent_ratio08_halt10,circuit_breaker,low_congestion,linear_share,14,10000,5,10,4,0.8,10,0.0,True,78270.77724654254,7.827077724654254,1.5654155449308507,3.159878759597198,4623,0.4623,0,3,0,9.997,0.09122200990945162,11470.136000516464,RandomAgent_1,18170.97198369874,EpsilonGreedyAgent_1,17078.577709485406,UCB_BaselineAgent_1,17999.73181524442,RiskAverseEpsilonGreedyAgent_1,13551.359737597504,RiskAverseUCBAgent_1,,,,,,,,,,
low_congestion_cb_transparent_ratio08_halt10,circuit_breaker,low_congestion,linear_share,15,10000,5,10,4,0.8,10,0.0,True,14984.425400250995,1.4984425400250996,0.2996885080050199,1.2061227844275688,10000,1.0,0,10000,0,0.0045,0.00034623265951694293,3002.073177507861,RandomAgent_1,2995.5880556857837,EpsilonGreedyAgent_1,2995.5880556857837,UCB_BaselineAgent_1,2995.5880556857837,RiskAverseEpsilonGreedyAgent_1,2995.5880556857837,RiskAverseUCBAgent_1,,,,,,,,,,
low_congestion_cb_transparent_ratio08_halt10,circuit_breaker,low_congestion,linear_share,16,10000,5,10,4,0.8,10,0.0,True,14961.506355449661,1.496150635544966,0.2992301271089932,1.2204199924773824,10000,1.0,0,10000,0,0.0045,0.00017688125730175308,2994.9476811452146,RandomAgent_1,2991.6396685761115,EpsilonGreedyAgent_1,2991.6396685761115,UCB_BaselineAgent_1,2991.6396685761115,RiskAverseEpsilonGreedyAgent_1,2991.6396685761115,RiskAverseUCBAgent_1,,,,,,,,,,
low_congestion_cb_transparent_ratio08_halt10,circuit_breaker,low_congestion,linear_share,17,10000,5,10,4,0.8,10,0.0,True,77583.25380695816,7.758325380695816,1.5516650761391633,3.0901951489103423,4618,0.4618,0,9,0,9.991,0.09265895883580444,11440.100730021999,RandomAgent_1,16077.516383204635,EpsilonGreedyAgent_1,18516.386338145767,UCB_BaselineAgent_1,13864.931384858255,RiskAverseEpsilonGreedyAgent_1,17684.318970727505,RiskAverseUCBAgent_1,,,,,,,,,,
low_congestion_cb_transparent_ratio08_halt10,circuit_breaker,low_congestion,linear_share,18,10000,5,10,4,0.8,10,0.0,True,15096.445926375325,1.5096445926375326,0.30192891852750653,1.2217175870327153,10000,1.0,0,10000,0,0.0045,0.0005063381837457914,3026.933092286441,RandomAgent_1,3017.378208522221,EpsilonGreedyAgent_1,3017.378208522221,UCB_BaselineAgent_1,3017.378208522221,RiskAverseEpsilonGreedyAgent_1,3017.378208522221,RiskAverseUCBAgent_1,,,,,,,,,,
low_congestion_cb_transparent_ratio08_halt10,circuit_breaker,low_congestion,linear_share,19,10000,5,10,4,0.8,10,0.0,True,15067.223732199745,1.5067223732199746,0.3013444746439949,1.234118093718369,10000,1.0,0,10000,0,0.0045,0.0001642720592871516,3015.9198703101792,RandomAgent_1,3012.8259654723915,EpsilonGreedyAgent_1,3012.8259654723915,UCB_BaselineAgent_1,3012.8259654723915,RiskAverseEpsilonGreedyAgent_1,3012.8259654723915,RiskAverseUCBAgent_1,,,,,,,,,,
low_congestion_cb_transparent_ratio08_halt10,circuit_breaker,low_congestion,linear_share,20,10000,5,10,4,0.8,10,0.0,True,78252.0504779383,7.825205047793831,1.5650410095587661,3.140214201745631,4689,0.4689,0,4,0,9.996,0.08837091419873655,11793.315675501492,RandomAgent_1,18185.850582891293,EpsilonGreedyAgent_1,16426.21196436257,UCB_BaselineAgent_1,18174.807768528037,RiskAverseEpsilonGreedyAgent_1,13671.864486654908,RiskAverseUCBAgent_1,,,,,,,,,,
low_congestion_cb_transparent_ratio08_halt10,circuit_breaker,low_congestion,linear_share,21,10000,5,10,4,0.8,10,0.0,True,73400.06410272057,7.340006410272057,1.4680012820544115,2.6261144955740723,4563,0.4563,0,3,0,9.997,0.11231740093076881,11704.804252977556,RandomAgent_1,17829.239389557166,EpsilonGreedyAgent_1,18640.594917616843,UCB_BaselineAgent_1,11397.681950694903,RiskAverseEpsilonGreedyAgent_1,13827.743591874107,RiskAverseUCBAgent_1,,,,,,,,,,
low_congestion_cb_transparent_ratio08_halt10,circuit_breaker,low_congestion,linear_share,22,10000,5,10,4,0.8,10,0.0,True,75398.00992595822,7.539800992595822,1.5079601985191644,2.649368659236128,4746,0.4746,0,3,0,9.997,0.10018354509955563,11593.707359244043,RandomAgent_1,17867.553828893317,EpsilonGreedyAgent_1,18771.86779897503,UCB_BaselineAgent_1,13825.106050075497,RiskAverseEpsilonGreedyAgent_1,13339.774888770331,RiskAverseUCBAgent_1,,,,,,,,,,
low_congestion_cb_transparent_ratio08_halt10,circuit_breaker,low_congestion,linear_share,23,10000,5,10,4,0.8,10,0.0,True,77683.16287163914,7.768316287163914,1.5536632574327829,3.0903403647072483,4675,0.4675,0,1,0,9.999,0.08856273918654334,11688.627593001365,RandomAgent_1,18246.74733462416,EpsilonGreedyAgent_1,16436.74536560909,UCB_BaselineAgent_1,13613.848915091628,RiskAverseEpsilonGreedyAgent_1,17697.193663312893,RiskAverseUCBAgent_1,,,,,,,,,,
low_congestion_cb_transparent_ratio08_halt10,circuit_breaker,low_congestion,linear_share,24,10000,5,10,4,0.8,10,0.0,True,76645.2257198174,7.664522571981741,1.532904514396348,3.08803750545845,4714,0.4714,0,5,0,9.995,0.08289180680499975,11436.31667986703,RandomAgent_1,17896.101848037713,EpsilonGreedyAgent_1,16692.108846818992,UCB_BaselineAgent_1,13828.557787101654,RiskAverseEpsilonGreedyAgent_1,16792.14055799201,RiskAverseUCBAgent_1,,,,,,,,,,
low_congestion_cb_transparent_ratio08_halt10,circuit_breaker,low_congestion,linear_share,25,10000,5,10,4,0.8,10,0.0,True,75259.1273046437,7.52591273046437,1.505182546092874,2.686997082335784,4895,0.4895,0,2,0,9.998,0.09397659109908396,11652.837712776158,RandomAgent_1,18035.474576790795,EpsilonGreedyAgent_1,18273.409690362707,UCB_BaselineAgent_1,13595.12794900786,RiskAverseEpsilonGreedyAgent_1,13702.277375706177,RiskAverseUCBAgent_1,,,,,,,,,,
low_congestion_cb_transparent_ratio08_halt10,circuit_breaker,low_congestion,linear_share,26,10000,5,10,4,0.8,10,0.0,True,75451.74999459114,7.545174999459114,1.5090349998918229,2.6471459756891567,4587,0.4587,0,2,0,9.998,0.09857472451088722,11581.537716519491,RandomAgent_1,18221.54142954208,EpsilonGreedyAgent_1,18422.116788494055,UCB_BaselineAgent_1,13917.943160497185,RiskAverseEpsilonGreedyAgent_1,13308.610899538331,RiskAverseUCBAgent_1,,,,,,,,,,
low_congestion_cb_transparent_ratio08_halt10,circuit_breaker,low_congestion,linear_share,27,10000,5,10,4,0.8,10,0.0,True,78392.57069044653,7.8392570690446535,1.5678514138089306,3.0734056538111534,4598,0.4598,0,4,0,9.996,0.09637789997985546,11509.413687562597,RandomAgent_1,16540.63117638497,EpsilonGreedyAgent_1,18533.330967581573,UCB_BaselineAgent_1,18324.819320899212,RiskAverseEpsilonGreedyAgent_1,13484.375538018185,RiskAverseUCBAgent_1,,,,,,,,,,
low_congestion_cb_transparent_ratio08_halt10,circuit_breaker,low_congestion,linear_share,28,10000,5,10,4,0.8,10,0.0,True,75910.63160651848,7.591063160651848,1.5182126321303695,2.66533554069293,4664,0.4664,0,8,0,9.992,0.09742098313293557,11692.988752548166,RandomAgent_1,18152.88786832566,EpsilonGreedyAgent_1,18665.208166286437,UCB_BaselineAgent_1,13790.44102692878,RiskAverseEpsilonGreedyAgent_1,13609.105792429444,RiskAverseUCBAgent_1,,,,,,,,,,
low_congestion_cb_transparent_ratio08_halt10,circuit_breaker,low_congestion,linear_share,29,10000,5,10,4,0.8,10,0.0,True,77888.3973837903,7.78883973837903,1.557767947675806,3.107858280954088,4620,0.462,0,1,0,9.999,0.09649982113230493,11581.668560212393,RandomAgent_1,16084.747151619753,EpsilonGreedyAgent_1,18691.50332153879,UCB_BaselineAgent_1,18050.67493365534,RiskAverseEpsilonGreedyAgent_1,13479.80341676403,RiskAverseUCBAgent_1,,,,,,,,,,
balanced_baseline,baseline,balanced,linear_share,0,10000,5,5,,,,,,65370.90867386446,6.537090867386446,1.3074181734772892,2.643504401699835,8792,0.8792,0,0,0,5,0.1371953617084971,8754.855375867332,RandomAgent_1,15547.195042973794,EpsilonGreedyAgent_1,17429.52380582855,UCB_BaselineAgent_1,10475.068251086303,RiskAverseEpsilonGreedyAgent_1,13164.266198108486,RiskAverseUCBAgent_1,,,,,,,,,,
balanced_baseline,baseline,balanced,linear_share,1,10000,5,5,,,,,,64546.07819668572,6.4546078196685714,1.2909215639337144,2.6759310965511443,8835,0.8835,0,0,0,5,0.13479119475323675,8682.445847739442,RandomAgent_1,16914.706365173075,EpsilonGreedyAgent_1,15693.392642578025,UCB_BaselineAgent_1,12848.227155667655,RiskAverseEpsilonGreedyAgent_1,10407.306185527523,RiskAverseUCBAgent_1,,,,,,,,,,
balanced_baseline,baseline,balanced,linear_share,2,10000,5,5,,,,,,64875.56763920343,6.487556763920343,1.2975113527840685,2.673211814199443,8950,0.895,0,0,0,5,0.1360436046084028,8766.708016569693,RandomAgent_1,12832.155890491107,EpsilonGreedyAgent_1,15751.585317443452,UCB_BaselineAgent_1,17123.90477067627,RiskAverseEpsilonGreedyAgent_1,10401.213644022906,RiskAverseUCBAgent_1,,,,,,,,,,
balanced_baseline,baseline,balanced,linear_share,3,10000,5,5,,,,,,64616.00585303337,6.461600585303337,1.2923201170606673,2.6242273504398095,8906,0.8906,0,0,0,5,0.13975909142288434,8687.061705544938,RandomAgent_1,15138.111682025183,EpsilonGreedyAgent_1,17595.15743196866,UCB_BaselineAgent_1,12818.057572111267,RiskAverseEpsilonGreedyAgent_1,10377.617461383323,RiskAverseUCBAgent_1,,,,,,,,,,
balanced_baseline,baseline,balanced,linear_share,4,10000,5,5,,,,,,64754.60351668442,6.475460351668442,1.2950920703336886,2.669216657591303,8861,0.8861,0,0,0,5,0.1345543749588609,8621.590018856234,RandomAgent_1,16806.363986761062,EpsilonGreedyAgent_1,15858.242071341294,UCB_BaselineAgent_1,10445.252002410147,RiskAverseEpsilonGreedyAgent_1,13023.155437315685,RiskAverseUCBAgent_1,,,,,,,,,,
balanced_baseline,baseline,balanced,linear_share,5,10000,5,5,,,,,,64679.49984125886,6.4679499841258865,1.2935899968251772,2.6356989661286447,8873,0.8873,0,0,0,5,0.13935479227085557,8712.096768026639,RandomAgent_1,15139.855745128063,EpsilonGreedyAgent_1,17599.344782277436,UCB_BaselineAgent_1,12847.346433600722,RiskAverseEpsilonGreedyAgent_1,10380.856112226,RiskAverseUCBAgent_1,,,,,,,,,,
balanced_baseline,baseline,balanced,linear_share,6,10000,5,5,,,,,,65045.816750189886,6.504581675018988,1.3009163350037978,2.625062808609578,8758,0.8758,0,0,0,5,0.13837126166850822,8684.623636811064,RandomAgent_1,15317.138663645059,EpsilonGreedyAgent_1,17494.4386698,UCB_BaselineAgent_1,10435.589404667071,RiskAverseEpsilonGreedyAgent_1,13114.026375266689,RiskAverseUCBAgent_1,,,,,,,,,,
balanced_baseline,baseline,balanced,linear_share,7,10000,5,5,,,,,,64955.6397116732,6.49556397116732,1.299112794233464,2.66037892137948,8877,0.8877,0,0,0,5,0.13784352953056733,8679.60407275638,RandomAgent_1,15560.975036704207,EpsilonGreedyAgent_1,17314.65636022931,UCB_BaselineAgent_1,10446.793009717778,RiskAverseEpsilonGreedyAgent_1,12953.611232265524,RiskAverseUCBAgent_1,,,,,,,,,,
balanced_baseline,baseline,balanced,linear_share,8,10000,5,5,,,,,,64823.07738131672,6.482307738131672,1.2964615476263344,2.66323715709017,8793,0.8793,0,0,0,5,0.14086714074415108,8580.587127465285,RandomAgent_1,15473.700592211373,EpsilonGreedyAgent_1,17471.87101931375,UCB_BaselineAgent_1,10427.664463550993,RiskAverseEpsilonGreedyAgent_1,12869.254178775318,RiskAverseUCBAgent_1,,,,,,,,,,
balanced_baseline,baseline,balanced,linear_share,9,10000,5,5,,,,,,64442.89319019976,6.444289319019975,1.2888578638039951,2.6428094164451137,8896,0.8896,0,0,0,5,0.13844025340106203,8687.401314656667,RandomAgent_1,14781.77820566252,EpsilonGreedyAgent_1,17689.636139386897,UCB_BaselineAgent_1,12801.555833242744,RiskAverseEpsilonGreedyAgent_1,10482.521697250924,RiskAverseUCBAgent_1,,,,,,,,,,
balanced_baseline,baseline,balanced,linear_share,10,10000,5,5,,,,,,65028.95175458397,6.502895175458397,1.3005790350916795,2.610306320428193,8857,0.8857,0,0,0,5,0.13900320416914136,8743.61749568503,RandomAgent_1,15274.698947120562,EpsilonGreedyAgent_1,17628.622177714602,UCB_BaselineAgent_1,12935.38646700325,RiskAverseEpsilonGreedyAgent_1,10446.626667060526,RiskAverseUCBAgent_1,,,,,,,,,,
balanced_baseline,baseline,balanced,linear_share,11,10000,5,5,,,,,,64191.26232057733,6.4191262320577325,1.2838252464115465,2.669540837187294,8921,0.8921,0,0,0,5,0.13269855238415262,8642.44239528795,RandomAgent_1,16736.507067549515,EpsilonGreedyAgent_1,15562.663160415397,UCB_BaselineAgent_1,12794.076156515997,RiskAverseEpsilonGreedyAgent_1,10455.573540808466,RiskAverseUCBAgent_1,,,,,,,,,,
balanced_baseline,baseline,balanced,linear_share,12,10000,5,5,,,,,,64514.34410892778,6.4514344108927775,1.2902868821785556,2.65119967230025,8879,0.8879,0,0,0,5,0.1358493073931042,8615.6327321304,RandomAgent_1,16869.469941778007,EpsilonGreedyAgent_1,15805.077978136136,UCB_BaselineAgent_1,12821.983469747462,RiskAverseEpsilonGreedyAgent_1,10402.17998713577,RiskAverseUCBAgent_1,,,,,,,,,,
balanced_baseline,baseline,balanced,linear_share,13,10000,5,5,,,,,,64633.16634323992,6.463316634323992,1.2926633268647985,2.6317645210627543,8849,0.8849,0,0,0,5,0.1380327719519987,8664.379955214306,RandomAgent_1,15171.007647529954,EpsilonGreedyAgent_1,17465.655643801598,UCB_BaselineAgent_1,12862.301847969611,RiskAverseEpsilonGreedyAgent_1,10469.821248724451,RiskAverseUCBAgent_1,,,,,,,,,,
balanced_baseline,baseline,balanced,linear_share,14,10000,5,5,,,,,,65081.423132107484,6.508142313210748,1.3016284626421497,2.649466379590498,8896,0.8896,0,0,0,5,0.13978695365537552,8697.230884039589,RandomAgent_1,15403.932942014662,EpsilonGreedyAgent_1,17601.243419220493,UCB_BaselineAgent_1,12910.892572440756,RiskAverseEpsilonGreedyAgent_1,10468.123314391985,RiskAverseUCBAgent_1,,,,,,,,,,
balanced_baseline,baseline,balanced,linear_share,15,10000,5,5,,,,,,64422.91218663559,6.442291218663559,1.288458243732712,2.674053007173696,8936,0.8936,0,0,0,5,0.13461033055037563,8646.494154052218,RandomAgent_1,12743.578107200627,EpsilonGreedyAgent_1,15777.498188841639,UCB_BaselineAgent_1,16816.935205652004,RiskAverseEpsilonGreedyAgent_1,10438.406530889108,RiskAverseUCBAgent_1,,,,,,,,,,
balanced_baseline,baseline,balanced,linear_share,16,10000,5,5,,,,,,64645.789543373445,6.464578954337345,1.2929157908674689,2.6637644556760383,8938,0.8938,0,0,0,5,0.1399730243351025,8539.690917604623,RandomAgent_1,10435.85491206595,EpsilonGreedyAgent_1,15630.90178567749,UCB_BaselineAgent_1,12786.341106080868,RiskAverseEpsilonGreedyAgent_1,17253.00082194451,RiskAverseUCBAgent_1,,,,,,,,,,
balanced_baseline,baseline,balanced,linear_share,17,10000,5,5,,,,,,65723.18525976193,6.5723185259761925,1.3144637051952386,2.643471064228415,8796,0.8796,0,0,0,5,0.1396651097030075,8850.389627706556,RandomAgent_1,15535.8068040838,EpsilonGreedyAgent_1,17811.099748441888,UCB_BaselineAgent_1,10509.137347215143,RiskAverseEpsilonGreedyAgent_1,13016.75173231455,RiskAverseUCBAgent_1,,,,,,,,,,
balanced_baseline,baseline,balanced,linear_share,18,10000,5,5,,,,,,65088.95813223102,6.508895813223102,1.3017791626446205,2.639695958545536,8816,0.8816,0,0,0,5,0.1416725916231938,8604.900644730726,RandomAgent_1,15360.016751506355,EpsilonGreedyAgent_1,17694.919099639035,UCB_BaselineAgent_1,10486.750199706186,RiskAverseEpsilonGreedyAgent_1,12942.371436648717,RiskAverseUCBAgent_1,,,,,,,,,,
balanced_baseline,baseline,balanced,linear_share,19,10000,5,5,,,,,,64131.67308020406,6.413167308020406,1.2826334616040813,2.6831692481867186,8915,0.8915,0,0,0,5,0.12807042529163293,8807.886418163665,RandomAgent_1,15239.655316310349,EpsilonGreedyAgent_1,12960.916799030565,UCB_BaselineAgent_1,16677.586227276897,RiskAverseEpsilonGreedyAgent_1,10445.628319422587,RiskAverseUCBAgent_1,,,,,,,,,,
balanced_baseline,baseline,balanced,linear_share,20,10000,5,5,,,,,,64719.65420142661,6.471965420142661,1.2943930840285323,2.6797172377980996,8836,0.8836,0,0,0,5,0.1324809295044258,8724.779577438423,RandomAgent_1,16762.868794091926,EpsilonGreedyAgent_1,15854.070469185968,UCB_BaselineAgent_1,12882.986322742388,RiskAverseEpsilonGreedyAgent_1,10494.949037967905,RiskAverseUCBAgent_1,,,,,,,,,,
balanced_baseline,baseline,balanced,linear_share,21,10000,5,5,,,,,,65306.77679172168,6.530677679172168,1.3061355358344335,2.6859291735330375,8750,0.875,0,0,0,5,0.13518943769733482,8730.098047925834,RandomAgent_1,17007.368503650683,EpsilonGreedyAgent_1,16010.657344993951,UCB_BaselineAgent_1,10493.232175698155,RiskAverseEpsilonGreedyAgent_1,13065.420719453052,RiskAverseUCBAgent_1,,,,,,,,,,
balanced_baseline,baseline,balanced,linear_share,22,10000,5,5,,,,,,64740.8057380286,6.474080573802859,1.294816114760572,2.6446932373211407,8846,0.8846,0,0,0,5,0.13253714389737303,8737.06945251195,RandomAgent_1,16833.372185228865,EpsilonGreedyAgent_1,15700.92472268114,UCB_BaselineAgent_1,10442.126472782558,RiskAverseEpsilonGreedyAgent_1,13027.312904824083,RiskAverseUCBAgent_1,,,,,,,,,,
balanced_baseline,baseline,balanced,linear_share,23,10000,5,5,,,,,,64372.70102459081,6.437270102459081,1.2874540204918161,2.671822414962477,9114,0.9114,0,0,0,5,0.12479568309454225,8845.455673159438,RandomAgent_1,16318.254115953992,EpsilonGreedyAgent_1,15762.948994536404,UCB_BaselineAgent_1,12821.08435332683,RiskAverseEpsilonGreedyAgent_1,10624.957887614144,RiskAverseUCBAgent_1,,,,,,,,,,
balanced_baseline,baseline,balanced,linear_share,24,10000,5,5,,,,,,64464.372666979034,6.446437266697903,1.2892874533395806,2.630887409643902,8913,0.8913,0,0,0,5,0.13541135596557008,8625.461718862078,RandomAgent_1,15192.882441798158,EpsilonGreedyAgent_1,17152.477850898784,UCB_BaselineAgent_1,10423.894420107905,RiskAverseEpsilonGreedyAgent_1,13069.656235312113,RiskAverseUCBAgent_1,,,,,,,,,,
balanced_baseline,baseline,balanced,linear_share,25,10000,5,5,,,,,,64762.487666827845,6.476248766682785,1.2952497533365568,2.641544148205734,8830,0.883,0,0,0,5,0.13554425550243088,8775.842926341455,RandomAgent_1,15597.814221255829,EpsilonGreedyAgent_1,17175.484907233047,UCB_BaselineAgent_1,12761.705367172372,RiskAverseEpsilonGreedyAgent_1,10451.64024482514,RiskAverseUCBAgent_1,,,,,,,,,,
balanced_baseline,baseline,balanced,linear_share,26,10000,5,5,,,,,,64095.525149409135,6.409552514940914,1.2819105029881828,2.5705128406142603,9010,0.901,0,0,0,5,0.13696077808520446,8857.174025840779,RandomAgent_1,14772.056234171321,EpsilonGreedyAgent_1,17672.4657240376,UCB_BaselineAgent_1,10456.207139957804,RiskAverseEpsilonGreedyAgent_1,12337.62202540163,RiskAverseUCBAgent_1,,,,,,,,,,
balanced_baseline,baseline,balanced,linear_share,27,10000,5,5,,,,,,64756.419614793704,6.47564196147937,1.295128392295874,2.6499673422501364,8834,0.8834,0,0,0,5,0.1324259900810676,8685.187641260922,RandomAgent_1,16840.219991368638,EpsilonGreedyAgent_1,15643.423810196122,UCB_BaselineAgent_1,10514.90605642624,RiskAverseEpsilonGreedyAgent_1,13072.682115541786,RiskAverseUCBAgent_1,,,,,,,,,,
balanced_baseline,baseline,balanced,linear_share,28,10000,5,5,,,,,,64854.53448065599,6.4854534480655985,1.2970906896131198,2.6247259275936483,8841,0.8841,0,0,0,5,0.13584286832562809,8802.49680426,RandomAgent_1,15035.60363433267,EpsilonGreedyAgent_1,17555.841113119117,UCB_BaselineAgent_1,10517.227282611775,RiskAverseEpsilonGreedyAgent_1,12943.36564633243,RiskAverseUCBAgent_1,,,,,,,,,,
balanced_baseline,baseline,balanced,linear_share,29,10000,5,5,,,,,,64737.830874549516,6.473783087454952,1.2947566174909904,2.6503007515557964,8871,0.8871,0,0,0,5,0.1392798687107506,8691.896887126619,RandomAgent_1,15456.401151179893,EpsilonGreedyAgent_1,17394.164641820586,UCB_BaselineAgent_1,12876.122995919693,RiskAverseEpsilonGreedyAgent_1,10319.245198502726,RiskAverseUCBAgent_1,,,,,,,,,,
balanced_cb_opaque_ratio06_halt3,circuit_breaker,balanced,linear_share,0,10000,5,5,3,0.6,3,0.0,False,63283.184392586845,6.328318439258685,1.2656636878517369,2.649536802701851,8872,0.8872,801,349,0,4.8953,0.12965975889150694,8615.032956846639,RandomAgent_1,15118.559860969703,EpsilonGreedyAgent_1,12732.439870697537,UCB_BaselineAgent_1,16480.621277456827,RiskAverseEpsilonGreedyAgent_1,10336.530426616138,RiskAverseUCBAgent_1,,,,,,,,,,
balanced_cb_opaque_ratio06_halt3,circuit_breaker,balanced,linear_share,1,10000,5,5,3,0.6,3,0.0,False,63927.44322242732,6.392744322242732,1.2785488644485463,2.6907675687359927,8811,0.8811,618,282,0,4.9154,0.13369950550568865,8678.804925295382,RandomAgent_1,16904.42077553603,EpsilonGreedyAgent_1,15244.339753590473,UCB_BaselineAgent_1,12771.97518163749,RiskAverseEpsilonGreedyAgent_1,10327.90258636794,RiskAverseUCBAgent_1,,,,,,,,,,
balanced_cb_opaque_ratio06_halt3,circuit_breaker,balanced,linear_share,2,10000,5,5,3,0.6,3,0.0,False,59836.80006872463,5.983680006872463,1.1967360013744925,2.3924023718166487,9011,0.9011,857,373,0,4.8881,0.12683946257250134,8889.570600904211,RandomAgent_1,13364.011367081515,EpsilonGreedyAgent_1,16854.863721817073,UCB_BaselineAgent_1,10320.428701969127,RiskAverseEpsilonGreedyAgent_1,10407.925676952704,RiskAverseUCBAgent_1,,,,,,,,,,
balanced_cb_opaque_ratio06_halt3,circuit_breaker,balanced,linear_share,3,10000,5,5,3,0.6,3,0.0,False,64071.723374380046,6.407172337438005,1.2814344674876008,2.655018278749567,8757,0.8757,712,303,0,4.9091,0.13892776213066993,8451.994051466523,RandomAgent_1,16815.630402230847,EpsilonGreedyAgent_1,15800.197216583168,UCB_BaselineAgent_1,10274.117057466941,RiskAverseEpsilonGreedyAgent_1,12729.784646632568,RiskAverseUCBAgent_1,,,,,,,,,,
balanced_cb_opaque_ratio06_halt3,circuit_breaker,balanced,linear_share,4,10000,5,5,3,0.6,3,0.0,False,63448.3274885251,6.34483274885251,1.268966549770502,2.636751244678686,8761,0.8761,677,296,0,4.9112,0.13875148133756388,8606.572573297786,RandomAgent_1,14724.43829299919,EpsilonGreedyAgent_1,17268.959120456646,UCB_BaselineAgent_1,10040.337818757642,RiskAverseEpsilonGreedyAgent_1,12808.01968301384,RiskAverseUCBAgent_1,,,,,,,,,,
balanced_cb_opaque_ratio06_halt3,circuit_breaker,balanced,linear_share,5,10000,5,5,3,0.6,3,0.0,False,64258.26457307416,6.425826457307416,1.285165291461483,2.637281161644809,8851,0.8851,621,276,0,4.9172,0.13705852956157427,8587.863410648484,RandomAgent_1,15433.382245567003,EpsilonGreedyAgent_1,17034.874501546034,UCB_BaselineAgent_1,10309.546290951757,RiskAverseEpsilonGreedyAgent_1,12892.59812436088,RiskAverseUCBAgent_1,,,,,,,,,,
balanced_cb_opaque_ratio06_halt3,circuit_breaker,balanced,linear_share,6,10000,5,5,3,0.6,3,0.0,False,62190.11068748862,6.219011068748862,1.2438022137497724,2.6458100455775937,8810,0.881,727,315,0,4.9055,0.145025329145553,8686.51317614203,RandomAgent_1,14654.102507929343,EpsilonGreedyAgent_1,17125.708735205317,UCB_BaselineAgent_1,8984.640445927414,RiskAverseEpsilonGreedyAgent_1,12739.145822284516,RiskAverseUCBAgent_1,,,,,,,,,,
balanced_cb_opaque_ratio06_halt3,circuit_breaker,balanced,linear_share,7,10000,5,5,3,0.6,3,0.0,False,63898.931633983855,6.389893163398385,1.2779786326796772,2.6404979312122685,8923,0.8923,641,281,0,4.9157,0.13432307400706334,8532.845091815407,RandomAgent_1,16749.33406135753,EpsilonGreedyAgent_1,15447.960113060639,UCB_BaselineAgent_1,10423.18574503516,RiskAverseEpsilonGreedyAgent_1,12745.60662271512,RiskAverseUCBAgent_1,,,,,,,,,,
balanced_cb_opaque_ratio06_halt3,circuit_breaker,balanced,linear_share,8,10000,5,5,3,0.6,3,0.0,False,63925.99964297163,6.392599964297163,1.2785199928594326,2.6735082745221646,8800,0.88,769,318,0,4.9046,0.1398525334602354,8448.385504881928,RandomAgent_1,15160.878754136224,EpsilonGreedyAgent_1,17214.24504130831,UCB_BaselineAgent_1,10342.065316869792,RiskAverseEpsilonGreedyAgent_1,12760.425025775372,RiskAverseUCBAgent_1,,,,,,,,,,
balanced_cb_opaque_ratio06_halt3,circuit_breaker,balanced,linear_share,9,10000,5,5,3,0.6,3,0.0,False,63438.73121379401,6.343873121379401,1.2687746242758802,2.651831277029464,8920,0.892,718,304,0,4.9088,0.13607550164058457,8655.816689104908,RandomAgent_1,14881.419438803357,EpsilonGreedyAgent_1,17095.60025363044,UCB_BaselineAgent_1,12626.051197798935,RiskAverseEpsilonGreedyAgent_1,10179.84363445637,RiskAverseUCBAgent_1,,,,,,,,,,
balanced_cb_opaque_ratio06_halt3,circuit_breaker,balanced,linear_share,10,10000,5,5,3,0.6,3,0.0,False,64154.634192498925,6.4154634192498925,1.2830926838499785,2.6253860179980157,8788,0.8788,604,265,0,4.9205,0.13624118903045712,8570.60443336185,RandomAgent_1,15068.743804467575,EpsilonGreedyAgent_1,17195.477312764946,UCB_BaselineAgent_1,10467.230452773572,RiskAverseEpsilonGreedyAgent_1,12852.578189130982,RiskAverseUCBAgent_1,,,,,,,,,,
balanced_cb_opaque_ratio06_halt3,circuit_breaker,balanced,linear_share,11,10000,5,5,3,0.6,3,0.0,False,64311.50795464743,6.431150795464743,1.2862301590929486,2.7138225652613195,8781,0.8781,635,270,0,4.919,0.13855326897971376,8586.999345550357,RandomAgent_1,12673.68885175745,EpsilonGreedyAgent_1,15436.397372806194,UCB_BaselineAgent_1,10404.939766814734,RiskAverseEpsilonGreedyAgent_1,17209.482617718695,RiskAverseUCBAgent_1,,,,,,,,,,
balanced_cb_opaque_ratio06_halt3,circuit_breaker,balanced,linear_share,12,10000,5,5,3,0.6,3,0.0,False,62319.939312463684,6.231993931246368,1.2463987862492736,2.567559016530437,8965,0.8965,804,351,0,4.8947,0.13158040390279813,8775.695335419497,RandomAgent_1,14371.25483981445,EpsilonGreedyAgent_1,16975.110249310543,UCB_BaselineAgent_1,10269.877702766971,RiskAverseEpsilonGreedyAgent_1,11928.001185152221,RiskAverseUCBAgent_1,,,,,,,,,,
balanced_cb_opaque_ratio06_halt3,circuit_breaker,balanced,linear_share,13,10000,5,5,3,0.6,3,0.0,False,64088.17142908025,6.408817142908025,1.2817634285816049,2.6831219364531957,8832,0.8832,697,297,0,4.9109,0.13146681401048976,8607.976142702235,RandomAgent_1,16522.641459837472,EpsilonGreedyAgent_1,15698.923212534815,UCB_BaselineAgent_1,10464.584562957085,RiskAverseEpsilonGreedyAgent_1,12794.046051048643,RiskAverseUCBAgent_1,,,,,,,,,,
balanced_cb_opaque_ratio06_halt3,circuit_breaker,balanced,linear_share,14,10000,5,5,3,0.6,3,0.0,False,64028.573845207946,6.402857384520795,1.280571476904159,2.658297097762373,8896,0.8896,719,308,0,4.9076,0.1319914292076576,8589.273572632195,RandomAgent_1,16540.472745643674,EpsilonGreedyAgent_1,15587.929895373965,UCB_BaselineAgent_1,10362.270811504342,RiskAverseEpsilonGreedyAgent_1,12948.62682005377,RiskAverseUCBAgent_1,,,,,,,,,,
balanced_cb_opaque_ratio06_halt3,circuit_breaker,balanced,linear_share,15,10000,5,5,3,0.6,3,0.0,False,63767.02375030308,6.376702375030308,1.2753404750060615,2.662755801042244,8874,0.8874,673,305,0,4.9085,0.1356985637245527,8629.693980353803,RandomAgent_1,12746.696903147173,EpsilonGreedyAgent_1,15372.638746565206,UCB_BaselineAgent_1,16845.8257247144,RiskAverseEpsilonGreedyAgent_1,10172.168395522503,RiskAverseUCBAgent_1,,,,,,,,,,
balanced_cb_opaque_ratio06_halt3,circuit_breaker,balanced,linear_share,16,10000,5,5,3,0.6,3,0.0,False,63610.602809027456,6.361060280902746,1.2722120561805492,2.6478684481374923,8920,0.892,733,328,0,4.9016,0.13721040340879842,8521.83333543372,RandomAgent_1,16777.679757292462,EpsilonGreedyAgent_1,15497.38056437535,UCB_BaselineAgent_1,12624.726925091829,RiskAverseEpsilonGreedyAgent_1,10188.982226834096,RiskAverseUCBAgent_1,,,,,,,,,,
balanced_cb_opaque_ratio06_halt3,circuit_breaker,balanced,linear_share,17,10000,5,5,3,0.6,3,0.0,False,64063.98666555533,6.406398666555533,1.2812797333111066,2.6356885139010218,8942,0.8942,684,304,0,4.9088,0.13589564133434684,8712.257833306521,RandomAgent_1,15036.373740561468,EpsilonGreedyAgent_1,17235.846831318442,UCB_BaselineAgent_1,12760.997909660246,RiskAverseEpsilonGreedyAgent_1,10318.51035070865,RiskAverseUCBAgent_1,,,,,,,,,,
balanced_cb_opaque_ratio06_halt3,circuit_breaker,balanced,linear_share,18,10000,5,5,3,0.6,3,0.0,False,63748.667927430535,6.374866792743053,1.2749733585486107,2.6625058846395886,8846,0.8846,733,326,0,4.9022,0.13811417063018738,8530.688319066174,RandomAgent_1,15269.722794537234,EpsilonGreedyAgent_1,17038.52047538039,UCB_BaselineAgent_1,12635.835230221792,RiskAverseEpsilonGreedyAgent_1,10273.90110822495,RiskAverseUCBAgent_1,,,,,,,,,,
balanced_cb_opaque_ratio06_halt3,circuit_breaker,balanced,linear_share,19,10000,5,5,3,0.6,3,0.0,False,63503.483550423436,6.350348355042343,1.2700696710084687,2.6902630048074956,8875,0.8875,796,349,0,4.8953,0.1331778838734441,8604.620923234108,RandomAgent_1,15281.363270505099,EpsilonGreedyAgent_1,12655.957155281441,UCB_BaselineAgent_1,16677.523223986514,RiskAverseEpsilonGreedyAgent_1,10284.018977416272,RiskAverseUCBAgent_1,,,,,,,,,,
balanced_cb_opaque_ratio06_halt3,circuit_breaker,balanced,linear_share,20,10000,5,5,3,0.6,3,0.0,False,63726.555848280805,6.37265558482808,1.2745311169656162,2.7115765351125813,8801,0.8801,661,292,0,4.9125,0.1315659666141351,8612.03492013277,RandomAgent_1,16615.799674157097,EpsilonGreedyAgent_1,15305.829838541893,UCB_BaselineAgent_1,12840.146866780326,RiskAverseEpsilonGreedyAgent_1,10352.744548668717,RiskAverseUCBAgent_1,,,,,,,,,,
balanced_cb_opaque_ratio06_halt3,circuit_breaker,balanced,linear_share,21,10000,5,5,3,0.6,3,0.0,False,58356.519585326256,5.835651958532625,1.1671303917065252,2.1187549812610413,8839,0.8839,750,318,0,4.9046,0.1343130365149081,9372.280103761386,RandomAgent_1,17001.5993093446,EpsilonGreedyAgent_1,12752.58150786523,UCB_BaselineAgent_1,8894.19832896292,RiskAverseEpsilonGreedyAgent_1,10335.860335392113,RiskAverseUCBAgent_1,,,,,,,,,,
balanced_cb_opaque_ratio06_halt3,circuit_breaker,balanced,linear_share,22,10000,5,5,3,0.6,3,0.0,False,63967.2411441001,6.39672411441001,1.2793448228820021,2.6836546208218635,8851,0.8851,638,278,0,4.9166,0.13524669155755853,8716.662760215519,RandomAgent_1,16666.377552590788,EpsilonGreedyAgent_1,15725.49922581498,UCB_BaselineAgent_1,9996.534478555364,RiskAverseEpsilonGreedyAgent_1,12862.167126923454,RiskAverseUCBAgent_1,,,,,,,,,,
balanced_cb_opaque_ratio06_halt3,circuit_breaker,balanced,linear_share,23,10000,5,5,3,0.6,3,0.0,False,63110.106325486326,6.311010632548633,1.2622021265097265,2.6322304831148675,8985,0.8985,780,333,0,4.9001,0.13311244721111204,8549.798020993572,RandomAgent_1,14440.27862508971,EpsilonGreedyAgent_1,17065.594083299267,UCB_BaselineAgent_1,12584.416588250095,RiskAverseEpsilonGreedyAgent_1,10470.01900785368,RiskAverseUCBAgent_1,,,,,,,,,,
balanced_cb_opaque_ratio06_halt3,circuit_breaker,balanced,linear_share,24,10000,5,5,3,0.6,3,0.0,False,63847.705469552624,6.384770546955262,1.2769541093910526,2.6515116683356883,8768,0.8768,644,273,0,4.9181,0.1357850358753001,8581.01805876706,RandomAgent_1,14835.45185639497,EpsilonGreedyAgent_1,17194.502790465995,UCB_BaselineAgent_1,10388.51387544583,RiskAverseEpsilonGreedyAgent_1,12848.218888478768,RiskAverseUCBAgent_1,,,,,,,,,,
balanced_cb_opaque_ratio06_halt3,circuit_breaker,balanced,linear_share,25,10000,5,5,3,0.6,3,0.0,False,64070.682625705274,6.407068262570528,1.2814136525141056,2.654515717196467,8873,0.8873,643,285,0,4.9145,0.14035256902529092,8578.57555470644,RandomAgent_1,15094.75616003025,EpsilonGreedyAgent_1,17401.109395046333,UCB_BaselineAgent_1,12737.629939516704,RiskAverseEpsilonGreedyAgent_1,10258.611576405548,RiskAverseUCBAgent_1,,,,,,,,,,
balanced_cb_opaque_ratio06_halt3,circuit_breaker,balanced,linear_share,26,10000,5,5,3,0.6,3,0.0,False,63800.94308165926,6.380094308165925,1.2760188616331851,2.6468143191296822,8814,0.8814,705,317,0,4.9051,0.13464710311777983,8650.610217842594,RandomAgent_1,16825.17942363504,EpsilonGreedyAgent_1,15349.577289598159,UCB_BaselineAgent_1,12753.39085471985,RiskAverseEpsilonGreedyAgent_1,10222.185295863617,RiskAverseUCBAgent_1,,,,,,,,,,
balanced_cb_opaque_ratio06_halt3,circuit_breaker,balanced,linear_share,27,10000,5,5,3,0.6,3,0.0,False,63854.853274504,6.3854853274504,1.27709706549008,2.646388243382666,8814,0.8814,760,322,0,4.9034,0.13864598714441856,8441.076575397597,RandomAgent_1,10406.347622251988,EpsilonGreedyAgent_1,15137.960694286794,UCB_BaselineAgent_1,12727.674385430397,RiskAverseEpsilonGreedyAgent_1,17141.79399713722,RiskAverseUCBAgent_1,,,,,,,,,,
balanced_cb_opaque_ratio06_halt3,circuit_breaker,balanced,linear_share,28,10000,5,5,3,0.6,3,0.0,False,63851.67838192397,6.385167838192397,1.2770335676384794,2.666301335437938,8900,0.89,693,295,0,4.9117,0.13068333895598427,8658.533178156122,RandomAgent_1,10413.487627744453,EpsilonGreedyAgent_1,15465.674093359668,UCB_BaselineAgent_1,16562.878106465334,RiskAverseEpsilonGreedyAgent_1,12751.105376198395,RiskAverseUCBAgent_1,,,,,,,,,,
balanced_cb_opaque_ratio06_halt3,circuit_breaker,balanced,linear_share,29,10000,5,5,3,0.6,3,0.0,False,63775.836019886396,6.37758360198864,1.275516720397728,2.678839656974372,8834,0.8834,657,283,0,4.9151,0.1322083346738432,8607.200443580597,RandomAgent_1,16437.366421383667,EpsilonGreedyAgent_1,15694.83470558738,UCB_BaselineAgent_1,12760.510469694465,RiskAverseEpsilonGreedyAgent_1,10275.923979640284,RiskAverseUCBAgent_1,,,,,,,,,,
balanced_cb_transparent_ratio06_halt3,circuit_breaker,balanced,linear_share,0,10000,5,5,3,0.6,3,0.0,True,64318.65034439607,6.431865034439607,1.2863730068879213,2.7066662704110462,9141,0.9141,0,453,0,4.8641,0.13148483070003092,8609.718273678898,RandomAgent_1,16546.4706527444,EpsilonGreedyAgent_1,15733.080756477995,UCB_BaselineAgent_1,10464.268386140506,RiskAverseEpsilonGreedyAgent_1,12965.112275354273,RiskAverseUCBAgent_1,,,,,,,,,,
balanced_cb_transparent_ratio06_halt3,circuit_breaker,balanced,linear_share,1,10000,5,5,3,0.6,3,0.0,True,60348.95963633738,6.034895963633738,1.2069791927267475,2.433938616544842,9337,0.9337,0,615,0,4.8155,0.12284209157548753,8969.952548611962,RandomAgent_1,16330.951530127071,EpsilonGreedyAgent_1,14180.563326359234,UCB_BaselineAgent_1,10369.080224058525,RiskAverseEpsilonGreedyAgent_1,10498.412007180585,RiskAverseUCBAgent_1,,,,,,,,,,
balanced_cb_transparent_ratio06_halt3,circuit_breaker,balanced,linear_share,2,10000,5,5,3,0.6,3,0.0,True,63597.94045415361,6.359794045415361,1.2719588090830722,2.6573324748785296,9229,0.9229,0,460,0,4.862,0.13257332033580194,8578.98212119384,RandomAgent_1,16612.567348434066,EpsilonGreedyAgent_1,15406.747037965599,UCB_BaselineAgent_1,12604.201785428439,RiskAverseEpsilonGreedyAgent_1,10395.442161131668,RiskAverseUCBAgent_1,,,,,,,,,,
balanced_cb_transparent_ratio06_halt3,circuit_breaker,balanced,linear_share,3,10000,5,5,3,0.6,3,0.0,True,64134.64799660017,6.413464799660018,1.2826929599320034,2.656805397525475,9043,0.9043,0,401,0,4.8797,0.13470435064531383,8528.961665180988,RandomAgent_1,16715.96823373371,EpsilonGreedyAgent_1,15619.350340818048,UCB_BaselineAgent_1,10395.323197303987,RiskAverseEpsilonGreedyAgent_1,12875.044559563436,RiskAverseUCBAgent_1,,,,,,,,,,
balanced_cb_transparent_ratio06_halt3,circuit_breaker,balanced,linear_share,4,10000,5,5,3,0.6,3,0.0,True,63932.08036975014,6.393208036975014,1.2786416073950029,2.68187073605387,9195,0.9195,0,440,0,4.868,0.13194796604953773,8658.066996782884,RandomAgent_1,16541.574130929668,EpsilonGreedyAgent_1,15712.407212603075,UCB_BaselineAgent_1,12629.880473798126,RiskAverseEpsilonGreedyAgent_1,10390.151555636387,RiskAverseUCBAgent_1,,,,,,,,,,
balanced_cb_transparent_ratio06_halt3,circuit_breaker,balanced,linear_share,5,10000,5,5,3,0.6,3,0.0,True,63366.962953756534,6.336696295375654,1.2673392590751307,2.645798661014519,9379,0.9379,0,508,0,4.8476,0.1270411039128716,8659.751968736307,RandomAgent_1,15015.37417689331,EpsilonGreedyAgent_1,12926.919298714543,UCB_BaselineAgent_1,16398.18986103996,RiskAverseEpsilonGreedyAgent_1,10366.727648372418,RiskAverseUCBAgent_1,,,,,,,,,,
balanced_cb_transparent_ratio06_halt3,circuit_breaker,balanced,linear_share,6,10000,5,5,3,0.6,3,0.0,True,63741.16979092086,6.374116979092086,1.2748233958184172,2.650975191920036,9208,0.9208,0,472,0,4.8584,0.13090493502963785,8627.219901068485,RandomAgent_1,16585.158535715404,EpsilonGreedyAgent_1,15331.312350396112,UCB_BaselineAgent_1,12810.373609534945,RiskAverseEpsilonGreedyAgent_1,10387.105394205917,RiskAverseUCBAgent_1,,,,,,,,,,
balanced_cb_transparent_ratio06_halt3,circuit_breaker,balanced,linear_share,7,10000,5,5,3,0.6,3,0.0,True,63599.07518586685,6.359907518586685,1.271981503717337,2.666287256000359,9251,0.9251,0,475,0,4.8575,0.1350129052758413,8535.681877155523,RandomAgent_1,15175.17570628679,EpsilonGreedyAgent_1,16857.627027626524,UCB_BaselineAgent_1,12678.264351820573,RiskAverseEpsilonGreedyAgent_1,10352.326222977443,RiskAverseUCBAgent_1,,,,,,,,,,
balanced_cb_transparent_ratio06_halt3,circuit_breaker,balanced,linear_share,8,10000,5,5,3,0.6,3,0.0,True,64080.11177710977,6.408011177710977,1.2816022355421954,2.6692754615852716,9126,0.9126,0,454,0,4.8638,0.1362381561309447,8553.26895733522,RandomAgent_1,15129.390276452434,EpsilonGreedyAgent_1,17093.18612926114,UCB_BaselineAgent_1,10383.833937358617,RiskAverseEpsilonGreedyAgent_1,12920.43247670236,RiskAverseUCBAgent_1,,,,,,,,,,
balanced_cb_transparent_ratio06_halt3,circuit_breaker,balanced,linear_share,9,10000,5,5,3,0.6,3,0.0,True,63479.80999873516,6.347980999873516,1.2695961999747032,2.697213419786651,9245,0.9245,0,494,0,4.8518,0.1315806781463036,8556.28609743997,RandomAgent_1,16510.131482887344,EpsilonGreedyAgent_1,15367.861790400148,UCB_BaselineAgent_1,12651.769187292999,RiskAverseEpsilonGreedyAgent_1,10393.761440714698,RiskAverseUCBAgent_1,,,,,,,,,,
balanced_cb_transparent_ratio06_halt3,circuit_breaker,balanced,linear_share,10,10000,5,5,3,0.6,3,0.0,True,63934.36649289591,6.393436649289591,1.2786873298579182,2.6170387272252884,9195,0.9195,0,422,0,4.8734,0.13483117048779603,8648.343560245969,RandomAgent_1,14852.981788504581,EpsilonGreedyAgent_1,17202.800589743114,UCB_BaselineAgent_1,12819.20837848557,RiskAverseEpsilonGreedyAgent_1,10411.032175916676,RiskAverseUCBAgent_1,,,,,,,,,,
balanced_cb_transparent_ratio06_halt3,circuit_breaker,balanced,linear_share,11,10000,5,5,3,0.6,3,0.0,True,64185.243451331975,6.418524345133197,1.2837048690266395,2.6684941230162127,9178,0.9178,0,388,0,4.8836,0.1324675828130788,8588.018424957836,RandomAgent_1,16665.2174086017,EpsilonGreedyAgent_1,15516.515516221307,UCB_BaselineAgent_1,10414.753352841686,RiskAverseEpsilonGreedyAgent_1,13000.738748709446,RiskAverseUCBAgent_1,,,,,,,,,,
balanced_cb_transparent_ratio06_halt3,circuit_breaker,balanced,linear_share,12,10000,5,5,3,0.6,3,0.0,True,63918.49427454257,6.391849427454257,1.2783698854908514,2.6746821696718386,9178,0.9178,0,431,0,4.8707,0.1309874124681829,8629.400269493284,RandomAgent_1,12703.32555242353,EpsilonGreedyAgent_1,15685.304429132035,UCB_BaselineAgent_1,16468.418522686672,RiskAverseEpsilonGreedyAgent_1,10432.04550080705,RiskAverseUCBAgent_1,,,,,,,,,,
balanced_cb_transparent_ratio06_halt3,circuit_breaker,balanced,linear_share,13,10000,5,5,3,0.6,3,0.0,True,63940.19842301551,6.39401984230155,1.27880396846031,2.676107368244478,9198,0.9198,0,495,0,4.8515,0.1294229871647392,8720.442580429795,RandomAgent_1,15408.911484045497,EpsilonGreedyAgent_1,12847.794634630902,UCB_BaselineAgent_1,16561.11736675182,RiskAverseEpsilonGreedyAgent_1,10401.932357157491,RiskAverseUCBAgent_1,,,,,,,,,,
balanced_cb_transparent_ratio06_halt3,circuit_breaker,balanced,linear_share,14,10000,5,5,3,0.6,3,0.0,True,64140.93522178448,6.414093522178448,1.2828187044356896,2.6635412669482856,9201,0.9201,0,452,0,4.8644,0.1391248115221082,8521.24149542291,RandomAgent_1,15292.81417543078,EpsilonGreedyAgent_1,17232.840602335447,UCB_BaselineAgent_1,12687.015368295764,RiskAverseEpsilonGreedyAgent_1,10407.023580299578,RiskAverseUCBAgent_1,,,,,,,,,,
balanced_cb_transparent_ratio06_halt3,circuit_breaker,balanced,linear_share,15,10000,5,5,3,0.6,3,0.0,True,63301.44035919773,6.330144035919774,1.2660288071839547,2.711949733931402,9242,0.9242,0,453,0,4.8641,0.12903353391305816,8595.52059440878,RandomAgent_1,16402.415940352646,EpsilonGreedyAgent_1,15194.920272072448,UCB_BaselineAgent_1,12719.893966738573,RiskAverseEpsilonGreedyAgent_1,10388.689585625287,RiskAverseUCBAgent_1,,,,,,,,,,
balanced_cb_transparent_ratio06_halt3,circuit_breaker,balanced,linear_share,16,10000,5,5,3,0.6,3,0.0,True,63149.52895443427,6.314952895443427,1.2629905790886853,2.6431396455695157,9046,0.9046,0,355,0,4.8937,0.14184443956197113,8660.441745440812,RandomAgent_1,16677.286932283183,EpsilonGreedyAgent_1,15663.493159552861,UCB_BaselineAgent_1,9303.659675377105,RiskAverseEpsilonGreedyAgent_1,12844.647441780307,RiskAverseUCBAgent_1,,,,,,,,,,
balanced_cb_transparent_ratio06_halt3,circuit_breaker,balanced,linear_share,17,10000,5,5,3,0.6,3,0.0,True,62006.54492776061,6.200654492776061,1.2401308985552122,2.5564267163089833,9478,0.9478,0,588,0,4.8236,0.12527087512493118,8845.93452004988,RandomAgent_1,16509.071625241468,EpsilonGreedyAgent_1,14572.498801363967,UCB_BaselineAgent_1,10479.737645312307,RiskAverseEpsilonGreedyAgent_1,11599.302335792989,RiskAverseUCBAgent_1,,,,,,,,,,
balanced_cb_transparent_ratio06_halt3,circuit_breaker,balanced,linear_share,18,10000,5,5,3,0.6,3,0.0,True,64053.96043081732,6.4053960430817325,1.2810792086163465,2.6626330903163415,8988,0.8988,0,407,0,4.8779,0.13561696950914426,8543.334576559138,RandomAgent_1,16847.488111653078,EpsilonGreedyAgent_1,15418.712893355263,UCB_BaselineAgent_1,10310.00996682793,RiskAverseEpsilonGreedyAgent_1,12934.41488242191,RiskAverseUCBAgent_1,,,,,,,,,,
balanced_cb_transparent_ratio06_halt3,circuit_breaker,balanced,linear_share,19,10000,5,5,3,0.6,3,0.0,True,64136.6068402974,6.41366068402974,1.2827321368059479,2.6816009787903887,9158,0.9158,0,419,0,4.8743,0.13083930343857086,8638.731933567491,RandomAgent_1,16544.981066355012,EpsilonGreedyAgent_1,15582.74267868627,UCB_BaselineAgent_1,10416.268534516375,RiskAverseEpsilonGreedyAgent_1,12953.88262717225,RiskAverseUCBAgent_1,,,,,,,,,,
balanced_cb_transparent_ratio06_halt3,circuit_breaker,balanced,linear_share,20,10000,5,5,3,0.6,3,0.0,True,64340.69729158534,6.434069729158534,1.2868139458317067,2.6215168879233612,9035,0.9035,0,412,0,4.8764,0.13585828847060788,8655.62858131233,RandomAgent_1,15237.470423108767,EpsilonGreedyAgent_1,17190.763492950413,UCB_BaselineAgent_1,12802.137080429551,RiskAverseEpsilonGreedyAgent_1,10454.697713784275,RiskAverseUCBAgent_1,,,,,,,,,,
balanced_cb_transparent_ratio06_halt3,circuit_breaker,balanced,linear_share,21,10000,5,5,3,0.6,3,0.0,True,62859.03315955146,6.285903315955146,1.2571806631910292,2.657188706271151,9631,0.9631,0,734,0,4.7798,0.12849893434261728,8583.904780675786,RandomAgent_1,14999.887629012936,EpsilonGreedyAgent_1,10203.734402893015,UCB_BaselineAgent_1,12789.029710841894,RiskAverseEpsilonGreedyAgent_1,16282.47663612783,RiskAverseUCBAgent_1,,,,,,,,,,
balanced_cb_transparent_ratio06_halt3,circuit_breaker,balanced,linear_share,22,10000,5,5,3,0.6,3,0.0,True,64402.484886765014,6.4402484886765015,1.2880496977353002,2.6367361202376225,9110,0.911,0,377,0,4.8869,0.13606538425787318,8604.033593130525,RandomAgent_1,15251.613420876649,EpsilonGreedyAgent_1,17166.45939363529,UCB_BaselineAgent_1,10469.092888687308,RiskAverseEpsilonGreedyAgent_1,12911.28559043524,RiskAverseUCBAgent_1,,,,,,,,,,
balanced_cb_transparent_ratio06_halt3,circuit_breaker,balanced,linear_share,23,10000,5,5,3,0.6,3,0.0,True,63964.71929154493,6.396471929154493,1.2792943858308985,2.6689924779360106,9182,0.9182,0,411,0,4.8767,0.13381358738980054,8554.01267419989,RandomAgent_1,12792.355534663064,EpsilonGreedyAgent_1,15448.875127509376,UCB_BaselineAgent_1,10427.143434165608,RiskAverseEpsilonGreedyAgent_1,16742.332521006992,RiskAverseUCBAgent_1,,,,,,,,,,
balanced_cb_transparent_ratio06_halt3,circuit_breaker,balanced,linear_share,24,10000,5,5,3,0.6,3,0.0,True,63802.5673672426,6.3802567367242595,1.276051347344852,2.674499965086377,9178,0.9178,0,404,0,4.8788,0.1317397032044798,8630.96665995904,RandomAgent_1,12849.697635171251,EpsilonGreedyAgent_1,15309.634069724116,UCB_BaselineAgent_1,16659.298824731035,RiskAverseEpsilonGreedyAgent_1,10352.970177657155,RiskAverseUCBAgent_1,,,,,,,,,,
balanced_cb_transparent_ratio06_halt3,circuit_breaker,balanced,linear_share,25,10000,5,5,3,0.6,3,0.0,True,64247.6827215404,6.42476827215404,1.284953654430808,2.6426261072254915,9133,0.9133,0,446,0,4.8662,0.1323528775819529,8579.670940276177,RandomAgent_1,16593.792209179024,EpsilonGreedyAgent_1,15697.217090025371,UCB_BaselineAgent_1,10467.045412410596,RiskAverseEpsilonGreedyAgent_1,12909.957069649226,RiskAverseUCBAgent_1,,,,,,,,,,
balanced_cb_transparent_ratio06_halt3,circuit_breaker,balanced,linear_share,26,10000,5,5,3,0.6,3,0.0,True,63782.61578211461,6.378261578211461,1.2756523156422923,2.630291895223337,9293,0.9293,0,507,0,4.8479,0.13834089004343175,8518.07181045176,RandomAgent_1,15108.12213646556,EpsilonGreedyAgent_1,17174.06949552509,UCB_BaselineAgent_1,12621.594424549907,RiskAverseEpsilonGreedyAgent_1,10360.757915122294,RiskAverseUCBAgent_1,,,,,,,,,,
balanced_cb_transparent_ratio06_halt3,circuit_breaker,balanced,linear_share,27,10000,5,5,3,0.6,3,0.0,True,64331.691792924634,6.433169179292463,1.2866338358584928,2.6752039253823585,9034,0.9034,0,406,0,4.8782,0.13287074221476147,8583.828109077165,RandomAgent_1,16690.0742458845,EpsilonGreedyAgent_1,15616.779649729995,UCB_BaselineAgent_1,10459.772832201723,RiskAverseEpsilonGreedyAgent_1,12981.23695603125,RiskAverseUCBAgent_1,,,,,,,,,,
balanced_cb_transparent_ratio06_halt3,circuit_breaker,balanced,linear_share,28,10000,5,5,3,0.6,3,0.0,True,64191.51993747844,6.419151993747844,1.283830398749569,2.655617706921853,9143,0.9143,0,399,0,4.8803,0.13233055732082843,8596.00605341807,RandomAgent_1,16694.32099159599,EpsilonGreedyAgent_1,15474.174825776594,UCB_BaselineAgent_1,10434.555680638454,RiskAverseEpsilonGreedyAgent_1,12992.462386049338,RiskAverseUCBAgent_1,,,,,,,,,,
balanced_cb_transparent_ratio06_halt3,circuit_breaker,balanced,linear_share,29,10000,5,5,3,0.6,3,0.0,True,64006.31284733584,6.400631284733584,1.2801262569467167,2.651594531019966,8982,0.8982,0,421,0,4.8737,0.1373666632481727,8691.383980971485,RandomAgent_1,15228.786134616466,EpsilonGreedyAgent_1,13029.194981426883,UCB_BaselineAgent_1,9993.026538890867,RiskAverseEpsilonGreedyAgent_1,17063.92121143014,RiskAverseUCBAgent_1,,,,,,,,,,
balanced_cb_opaque_ratio06_halt5,circuit_breaker,balanced,linear_share,0,10000,5,5,3,0.6,5,0.0,False,63582.18905638734,6.358218905638734,1.2716437811277468,2.6836309882087312,8792,0.8792,1299,286,0,4.857,0.13815650011757152,8418.493215859977,RandomAgent_1,15346.975520171089,EpsilonGreedyAgent_1,16870.47618989231,UCB_BaselineAgent_1,10290.20969362519,RiskAverseEpsilonGreedyAgent_1,12656.034436838774,RiskAverseUCBAgent_1,,,,,,,,,,
balanced_cb_opaque_ratio06_halt5,circuit_breaker,balanced,linear_share,1,10000,5,5,3,0.6,5,0.0,False,62851.79581081774,6.285179581081774,1.257035916216355,2.6574078254424083,8858,0.8858,1303,280,0,4.86,0.13464349868194736,8483.326431277988,RandomAgent_1,14813.803816830534,EpsilonGreedyAgent_1,16760.347797578113,UCB_BaselineAgent_1,12582.935431729971,RiskAverseEpsilonGreedyAgent_1,10211.382333401136,RiskAverseUCBAgent_1,,,,,,,,,,
balanced_cb_opaque_ratio06_halt5,circuit_breaker,balanced,linear_share,2,10000,5,5,3,0.6,5,0.0,False,63313.57843093198,6.331357843093198,1.2662715686186397,2.690468875272928,8873,0.8873,1176,277,0,4.8615,0.13688445046950592,8495.337915887209,RandomAgent_1,16574.151227929928,EpsilonGreedyAgent_1,15568.355110443978,UCB_BaselineAgent_1,12616.363419081687,RiskAverseEpsilonGreedyAgent_1,10059.370757589177,RiskAverseUCBAgent_1,,,,,,,,,,
balanced_cb_opaque_ratio06_halt5,circuit_breaker,balanced,linear_share,3,10000,5,5,3,0.6,5,0.0,False,63594.231331630515,6.359423133163052,1.2718846266326103,2.6726364079517215,8766,0.8766,1254,274,0,4.863,0.13811401274275226,8444.039932438704,RandomAgent_1,16708.79820346703,EpsilonGreedyAgent_1,15671.300063554867,UCB_BaselineAgent_1,10242.680414355656,RiskAverseEpsilonGreedyAgent_1,12527.412717814257,RiskAverseUCBAgent_1,,,,,,,,,,
balanced_cb_opaque_ratio06_halt5,circuit_breaker,balanced,linear_share,4,10000,5,5,3,0.6,5,0.0,False,62478.17316818112,6.247817316818113,1.2495634633636223,2.6673846811526514,8858,0.8858,1296,299,0,4.8505,0.13096713925609738,8559.373423288613,RandomAgent_1,12279.723228544386,EpsilonGreedyAgent_1,14884.686951628302,UCB_BaselineAgent_1,16481.639491376027,RiskAverseEpsilonGreedyAgent_1,10272.75007334379,RiskAverseUCBAgent_1,,,,,,,,,,
balanced_cb_opaque_ratio06_halt5,circuit_breaker,balanced,linear_share,5,10000,5,5,3,0.6,5,0.0,False,63479.99851307509,6.347999851307509,1.2695999702615017,2.6408668325416786,8872,0.8872,1255,278,0,4.861,0.1380305395520749,8486.936624444254,RandomAgent_1,15180.046857677315,EpsilonGreedyAgent_1,16935.51579767094,UCB_BaselineAgent_1,10171.759090319065,RiskAverseEpsilonGreedyAgent_1,12705.740142963508,RiskAverseUCBAgent_1,,,,,,,,,,
balanced_cb_opaque_ratio06_halt5,circuit_breaker,balanced,linear_share,6,10000,5,5,3,0.6,5,0.0,False,63391.75871364271,6.339175871364271,1.2678351742728542,2.6913685503250067,8746,0.8746,1222,287,0,4.8565,0.13890246983444565,8499.128854172832,RandomAgent_1,15219.328656330295,EpsilonGreedyAgent_1,16998.12615157829,UCB_BaselineAgent_1,12471.031431605577,RiskAverseEpsilonGreedyAgent_1,10204.143619955716,RiskAverseUCBAgent_1,,,,,,,,,,
balanced_cb_opaque_ratio06_halt5,circuit_breaker,balanced,linear_share,7,10000,5,5,3,0.6,5,0.0,False,63337.83330627715,6.333783330627715,1.266756666125543,2.678094402299738,8849,0.8849,1292,272,0,4.8643,0.134493158853644,8351.637436879777,RandomAgent_1,12722.143060085971,EpsilonGreedyAgent_1,15357.433086948999,UCB_BaselineAgent_1,10390.378155715796,RiskAverseEpsilonGreedyAgent_1,16516.241566646604,RiskAverseUCBAgent_1,,,,,,,,,,
balanced_cb_opaque_ratio06_halt5,circuit_breaker,balanced,linear_share,8,10000,5,5,3,0.6,5,0.0,False,61504.47962453285,6.150447962453285,1.230089592490657,2.661762880750614,8877,0.8877,1301,285,0,4.8575,0.1397725435307735,8603.695483010404,RandomAgent_1,16535.193448481634,EpsilonGreedyAgent_1,14915.575783890179,UCB_BaselineAgent_1,9286.97782568866,RiskAverseEpsilonGreedyAgent_1,12163.037083461973,RiskAverseUCBAgent_1,,,,,,,,,,
balanced_cb_opaque_ratio06_halt5,circuit_breaker,balanced,linear_share,9,10000,5,5,3,0.6,5,0.0,False,63132.809154411116,6.313280915441111,1.2626561830882224,2.6675427581484956,8882,0.8882,1295,302,0,4.849,0.13826314251381033,8449.789790415962,RandomAgent_1,15260.895522639754,EpsilonGreedyAgent_1,16797.188610277204,UCB_BaselineAgent_1,12491.593542249777,RiskAverseEpsilonGreedyAgent_1,10133.341688828421,RiskAverseUCBAgent_1,,,,,,,,,,
balanced_cb_opaque_ratio06_halt5,circuit_breaker,balanced,linear_share,10,10000,5,5,3,0.6,5,0.0,False,62567.379952514646,6.256737995251465,1.251347599050293,2.6761793880225913,8875,0.8875,1245,295,0,4.8526,0.1313448809273603,8484.995307782747,RandomAgent_1,14766.515416372,EpsilonGreedyAgent_1,12606.491651032758,UCB_BaselineAgent_1,16485.87181700684,RiskAverseEpsilonGreedyAgent_1,10223.505760320299,RiskAverseUCBAgent_1,,,,,,,,,,
balanced_cb_opaque_ratio06_halt5,circuit_breaker,balanced,linear_share,11,10000,5,5,3,0.6,5,0.0,False,62582.48700063124,6.258248700063124,1.2516497400126247,2.6861437991812447,8855,0.8855,1385,315,0,4.8425,0.13410377604776236,8461.014594517657,RandomAgent_1,16518.041974553504,EpsilonGreedyAgent_1,15002.451444859924,UCB_BaselineAgent_1,12465.84233488017,RiskAverseEpsilonGreedyAgent_1,10135.136651819988,RiskAverseUCBAgent_1,,,,,,,,,,
balanced_cb_opaque_ratio06_halt5,circuit_breaker,balanced,linear_share,12,10000,5,5,3,0.6,5,0.0,False,62906.32986343281,6.290632986343281,1.2581265972686562,2.6634513586500606,8936,0.8936,1315,298,0,4.8514,0.12635456164260384,8551.828863850782,RandomAgent_1,15901.506417691535,EpsilonGreedyAgent_1,15549.757118964699,UCB_BaselineAgent_1,12525.379572377262,RiskAverseEpsilonGreedyAgent_1,10377.857890548532,RiskAverseUCBAgent_1,,,,,,,,,,
balanced_cb_opaque_ratio06_halt5,circuit_breaker,balanced,linear_share,13,10000,5,5,3,0.6,5,0.0,False,62739.95433227934,6.273995433227934,1.2547990866455867,2.697702154365904,8818,0.8818,1410,301,0,4.8495,0.13202902314750098,8464.62991618869,RandomAgent_1,16455.46527348601,EpsilonGreedyAgent_1,14999.336826111858,UCB_BaselineAgent_1,10272.270333682342,RiskAverseEpsilonGreedyAgent_1,12548.251982810441,RiskAverseUCBAgent_1,,,,,,,,,,
balanced_cb_opaque_ratio06_halt5,circuit_breaker,balanced,linear_share,14,10000,5,5,3,0.6,5,0.0,False,63198.564060226185,6.319856406022619,1.2639712812045236,2.650053718120337,8795,0.8795,1292,289,0,4.8555,0.13648745820960118,8497.294727562028,RandomAgent_1,14867.7550805818,EpsilonGreedyAgent_1,16934.735596289127,UCB_BaselineAgent_1,12720.670265449544,RiskAverseEpsilonGreedyAgent_1,10178.108390343687,RiskAverseUCBAgent_1,,,,,,,,,,
balanced_cb_opaque_ratio06_halt5,circuit_breaker,balanced,linear_share,15,10000,5,5,3,0.6,5,0.0,False,62246.07626010197,6.224607626010196,1.2449215252020394,2.6542959377577744,8889,0.8889,1178,290,0,4.855,0.1281037355104031,8535.301812260574,RandomAgent_1,14775.565650848537,EpsilonGreedyAgent_1,12457.092105583943,UCB_BaselineAgent_1,16236.013963180916,RiskAverseEpsilonGreedyAgent_1,10242.102728227996,RiskAverseUCBAgent_1,,,,,,,,,,
balanced_cb_opaque_ratio06_halt5,circuit_breaker,balanced,linear_share,16,10000,5,5,3,0.6,5,0.0,False,62847.71856815403,6.284771856815403,1.2569543713630806,2.6444530728612254,8865,0.8865,1236,268,0,4.866,0.13563938321980662,8431.968214704353,RandomAgent_1,14787.096995919495,EpsilonGreedyAgent_1,16818.653614053113,UCB_BaselineAgent_1,10248.903336226043,RiskAverseEpsilonGreedyAgent_1,12561.096407251025,RiskAverseUCBAgent_1,,,,,,,,,,
balanced_cb_opaque_ratio06_halt5,circuit_breaker,balanced,linear_share,17,10000,5,5,3,0.6,5,0.0,False,63453.634234260826,6.3453634234260825,1.2690726846852165,2.6653346582562762,8889,0.8889,1319,308,0,4.846,0.13370916225432583,8653.981498622052,RandomAgent_1,12496.352286132704,EpsilonGreedyAgent_1,15465.642256570965,UCB_BaselineAgent_1,16630.269874082263,RiskAverseEpsilonGreedyAgent_1,10207.388318852843,RiskAverseUCBAgent_1,,,,,,,,,,
balanced_cb_opaque_ratio06_halt5,circuit_breaker,balanced,linear_share,18,10000,5,5,3,0.6,5,0.0,False,62213.890119671574,6.221389011967157,1.2442778023934316,2.705784416789434,8819,0.8819,1421,314,0,4.843,0.1378597702996791,8580.562477916192,RandomAgent_1,16558.78508475813,EpsilonGreedyAgent_1,15110.27038180561,UCB_BaselineAgent_1,9624.734092120965,RiskAverseEpsilonGreedyAgent_1,12339.538083070676,RiskAverseUCBAgent_1,,,,,,,,,,
balanced_cb_opaque_ratio06_halt5,circuit_breaker,balanced,linear_share,19,10000,5,5,3,0.6,5,0.0,False,61160.582928032134,6.1160582928032134,1.2232116585606427,2.6602557252969183,8800,0.88,1303,300,0,4.85,0.14529163570431103,8534.430281972984,RandomAgent_1,14896.729273832247,EpsilonGreedyAgent_1,16583.11453954425,UCB_BaselineAgent_1,8778.794953367391,RiskAverseEpsilonGreedyAgent_1,12367.51387931526,RiskAverseUCBAgent_1,,,,,,,,,,
balanced_cb_opaque_ratio06_halt5,circuit_breaker,balanced,linear_share,20,10000,5,5,3,0.6,5,0.0,False,63809.776394954344,6.380977639495434,1.2761955278990869,2.686495103552389,8696,0.8696,1127,269,0,4.8655,0.13549017405216945,8560.90497512084,RandomAgent_1,16639.45119371881,EpsilonGreedyAgent_1,15715.10606412074,UCB_BaselineAgent_1,12636.109935633222,RiskAverseEpsilonGreedyAgent_1,10258.204226360735,RiskAverseUCBAgent_1,,,,,,,,,,
balanced_cb_opaque_ratio06_halt5,circuit_breaker,balanced,linear_share,21,10000,5,5,3,0.6,5,0.0,False,62790.284568298375,6.279028456829837,1.2558056913659674,2.6839976003394956,8667,0.8667,1248,275,0,4.8625,0.1438277103452814,8581.064064847042,RandomAgent_1,15036.806217351928,EpsilonGreedyAgent_1,17110.461293463915,UCB_BaselineAgent_1,9518.14352111814,RiskAverseEpsilonGreedyAgent_1,12543.809471517348,RiskAverseUCBAgent_1,,,,,,,,,,
balanced_cb_opaque_ratio06_halt5,circuit_breaker,balanced,linear_share,22,10000,5,5,3,0.6,5,0.0,False,63272.97825484864,6.327297825484864,1.2654595650969729,2.672675758951345,8695,0.8695,1235,277,0,4.8615,0.13727883546886033,8582.129102525581,RandomAgent_1,15005.480486886976,EpsilonGreedyAgent_1,16939.35509784332,UCB_BaselineAgent_1,10004.830548842125,RiskAverseEpsilonGreedyAgent_1,12741.183018750638,RiskAverseUCBAgent_1,,,,,,,,,,
balanced_cb_opaque_ratio06_halt5,circuit_breaker,balanced,linear_share,23,10000,5,5,3,0.6,5,0.0,False,63787.39481105425,6.378739481105425,1.2757478962210849,2.662494090011617,8842,0.8842,1221,269,0,4.8655,0.13324386890238404,8631.815737240146,RandomAgent_1,16645.628047550985,EpsilonGreedyAgent_1,15530.546989303844,UCB_BaselineAgent_1,10309.973430353723,RiskAverseEpsilonGreedyAgent_1,12669.430606605549,RiskAverseUCBAgent_1,,,,,,,,,,
balanced_cb_opaque_ratio06_halt5,circuit_breaker,balanced,linear_share,24,10000,5,5,3,0.6,5,0.0,False,63203.406713656,6.320340671365599,1.26406813427312,2.7127490332358106,8883,0.8883,1318,280,0,4.86,0.13775765942679463,8374.713797597102,RandomAgent_1,12500.623183184478,EpsilonGreedyAgent_1,15389.659672665692,UCB_BaselineAgent_1,10250.056252068804,RiskAverseEpsilonGreedyAgent_1,16688.353808139924,RiskAverseUCBAgent_1,,,,,,,,,,
balanced_cb_opaque_ratio06_halt5,circuit_breaker,balanced,linear_share,25,10000,5,5,3,0.6,5,0.0,False,64043.67390946299,6.404367390946299,1.2808734781892597,2.643758384158452,8734,0.8734,1082,236,0,4.882,0.13782145122752443,8593.416969774606,RandomAgent_1,15253.56145204701,EpsilonGreedyAgent_1,17145.41872070136,UCB_BaselineAgent_1,10291.08475353923,RiskAverseEpsilonGreedyAgent_1,12760.192013400785,RiskAverseUCBAgent_1,,,,,,,,,,
balanced_cb_opaque_ratio06_halt5,circuit_breaker,balanced,linear_share,26,10000,5,5,3,0.6,5,0.0,False,62985.0412457256,6.298504124572561,1.259700824914512,2.6321265615386684,8784,0.8784,1135,257,0,4.8715,0.14316244670578415,8610.584853731574,RandomAgent_1,15243.858191991312,EpsilonGreedyAgent_1,16943.675324218613,UCB_BaselineAgent_1,9367.307606458338,RiskAverseEpsilonGreedyAgent_1,12819.615269325763,RiskAverseUCBAgent_1,,,,,,,,,,
balanced_cb_opaque_ratio06_halt5,circuit_breaker,balanced,linear_share,27,10000,5,5,3,0.6,5,0.0,False,61755.929834542505,6.1755929834542505,1.23511859669085,2.62113699250865,8797,0.8797,1299,281,0,4.8595,0.13902669041069782,8776.597953623474,RandomAgent_1,14528.486051894322,EpsilonGreedyAgent_1,16889.651180590132,UCB_BaselineAgent_1,9290.286160498345,RiskAverseEpsilonGreedyAgent_1,12270.908487936233,RiskAverseUCBAgent_1,,,,,,,,,,
balanced_cb_opaque_ratio06_halt5,circuit_breaker,balanced,linear_share,28,10000,5,5,3,0.6,5,0.0,False,63126.350815323465,6.312635081532346,1.2625270163064692,2.684069405403634,8797,0.8797,1256,278,0,4.861,0.1314705715702218,8575.342066772393,RandomAgent_1,16453.73266799585,EpsilonGreedyAgent_1,15271.959170107611,UCB_BaselineAgent_1,10280.59681547229,RiskAverseEpsilonGreedyAgent_1,12544.72009497532,RiskAverseUCBAgent_1,,,,,,,,,,
balanced_cb_opaque_ratio06_halt5,circuit_breaker,balanced,linear_share,29,10000,5,5,3,0.6,5,0.0,False,62882.65565571465,6.288265565571464,1.257653113114293,2.684924769629922,8847,0.8847,1212,281,0,4.8595,0.13405999618622433,8448.180948705216,RandomAgent_1,16422.053365510455,EpsilonGreedyAgent_1,15277.996541333237,UCB_BaselineAgent_1,12583.804868683925,RiskAverseEpsilonGreedyAgent_1,10150.619931481811,RiskAverseUCBAgent_1,,,,,,,,,,
balanced_cb_transparent_ratio06_halt5,circuit_breaker,balanced,linear_share,0,10000,5,5,3,0.6,5,0.0,True,15130.191493801929,1.513019149380193,0.30260382987603857,1.2581116327588555,10000,1.0,0,10000,0,0.001,0.00015473121082765218,3028.379411610277,RandomAgent_1,3025.453020547913,EpsilonGreedyAgent_1,3025.453020547913,UCB_BaselineAgent_1,3025.453020547913,RiskAverseEpsilonGreedyAgent_1,3025.453020547913,RiskAverseUCBAgent_1,,,,,,,,,,
balanced_cb_transparent_ratio06_halt5,circuit_breaker,balanced,linear_share,1,10000,5,5,3,0.6,5,0.0,True,14896.70701961555,1.489670701961555,0.297934140392311,1.2343454281487378,10000,1.0,0,10000,0,0.001,0.00034335579540045735,2984.456274610678,RandomAgent_1,2978.0626862512177,EpsilonGreedyAgent_1,2978.0626862512177,UCB_BaselineAgent_1,2978.0626862512177,RiskAverseEpsilonGreedyAgent_1,2978.0626862512177,RiskAverseUCBAgent_1,,,,,,,,,,
balanced_cb_transparent_ratio06_halt5,circuit_breaker,balanced,linear_share,2,10000,5,5,3,0.6,5,0.0,True,14934.7019135741,1.49347019135741,0.298694038271482,1.2105366934747022,10000,1.0,0,10000,0,0.001,0.0003632638409292177,2992.0209764099172,RandomAgent_1,2986.101038647498,EpsilonGreedyAgent_1,2985.5266328388943,UCB_BaselineAgent_1,2985.5266328388943,RiskAverseEpsilonGreedyAgent_1,2985.5266328388943,RiskAverseUCBAgent_1,,,,,,,,,,
balanced_cb_transparent_ratio06_halt5,circuit_breaker,balanced,linear_share,3,10000,5,5,3,0.6,5,0.0,True,15088.404088969113,1.5088404088969114,0.30176808177938225,1.242774214317078,10000,1.0,0,10000,0,0.001,0.0001978702734422022,3020.6663644367136,RandomAgent_1,3016.9344311330997,EpsilonGreedyAgent_1,3016.9344311330997,UCB_BaselineAgent_1,3016.9344311330997,RiskAverseEpsilonGreedyAgent_1,3016.9344311330997,RiskAverseUCBAgent_1,,,,,,,,,,
balanced_cb_transparent_ratio06_halt5,circuit_breaker,balanced,linear_share,4,10000,5,5,3,0.6,5,0.0,True,15201.314568660353,1.5201314568660353,0.3040262913732071,1.2516605019124065,10000,1.0,0,10000,0,0.001,5.794329792108144e-05,3041.1437280309137,RandomAgent_1,3040.0427101573596,EpsilonGreedyAgent_1,3040.0427101573596,UCB_BaselineAgent_1,3040.0427101573596,RiskAverseEpsilonGreedyAgent_1,3040.0427101573596,RiskAverseUCBAgent_1,,,,,,,,,,
balanced_cb_transparent_ratio06_halt5,circuit_breaker,balanced,linear_share,5,10000,5,5,3,0.6,5,0.0,True,15096.187826234762,1.5096187826234762,0.3019237565246952,1.2144985881848454,10000,1.0,0,10000,0,0.001,4.3924163598108024e-05,3019.9006526707412,RandomAgent_1,3019.071793391005,EpsilonGreedyAgent_1,3019.071793391005,UCB_BaselineAgent_1,3019.071793391005,RiskAverseEpsilonGreedyAgent_1,3019.071793391005,RiskAverseUCBAgent_1,,,,,,,,,,
balanced_cb_transparent_ratio06_halt5,circuit_breaker,balanced,linear_share,6,10000,5,5,3,0.6,5,0.0,True,15157.024379163498,1.51570243791635,0.30314048758326995,1.2607216277307631,10000,1.0,0,10000,0,0.001,3.8553090210724505e-05,3031.9892259609146,RandomAgent_1,3031.258788300646,EpsilonGreedyAgent_1,3031.258788300646,UCB_BaselineAgent_1,3031.258788300646,RiskAverseEpsilonGreedyAgent_1,3031.258788300646,RiskAverseUCBAgent_1,,,,,,,,,,
balanced_cb_transparent_ratio06_halt5,circuit_breaker,balanced,linear_share,7,10000,5,5,3,0.6,5,0.0,True,14949.353417222086,1.4949353417222087,0.2989870683444417,1.2163486743164171,10000,1.0,0,10000,0,0.001,0.00023839230187805427,2991.1955082285203,RandomAgent_1,2988.7335332537623,EpsilonGreedyAgent_1,2988.7335332537623,UCB_BaselineAgent_1,2991.957309232279,RiskAverseEpsilonGreedyAgent_1,2988.7335332537623,RiskAverseUCBAgent_1,,,,,,,,,,
balanced_cb_transparent_ratio06_halt5,circuit_breaker,balanced,linear_share,8,10000,5,5,3,0.6,5,0.0,True,14984.60684676999,1.498460684676999,0.2996921369353998,1.236824868033348,10000,1.0,0,10000,0,0.001,8.593987545113535e-05,2998.209144600094,RandomAgent_1,2996.599425542474,EpsilonGreedyAgent_1,2996.599425542474,UCB_BaselineAgent_1,2996.599425542474,RiskAverseEpsilonGreedyAgent_1,2996.599425542474,RiskAverseUCBAgent_1,,,,,,,,,,
balanced_cb_transparent_ratio06_halt5,circuit_breaker,balanced,linear_share,9,10000,5,5,3,0.6,5,0.0,True,15027.260206926614,1.5027260206926614,0.3005452041385323,1.2372605667087415,10000,1.0,0,10000,0,0.001,0.00039358266494038396,3011.3665105043187,RandomAgent_1,3003.973424105574,EpsilonGreedyAgent_1,3003.973424105574,UCB_BaselineAgent_1,3003.973424105574,RiskAverseEpsilonGreedyAgent_1,3003.973424105574,RiskAverseUCBAgent_1,,,,,,,,,,
balanced_cb_transparent_ratio06_halt5,circuit_breaker,balanced,linear_share,10,10000,5,5,3,0.6,5,0.0,True,15024.320314534765,1.5024320314534765,0.3004864062906953,1.2200769399456517,10000,1.0,0,10000,0,0.001,0.0002441734065581347,3004.5568813270643,RandomAgent_1,3008.1259668538946,EpsilonGreedyAgent_1,3003.8791554512686,UCB_BaselineAgent_1,3003.8791554512686,RiskAverseEpsilonGreedyAgent_1,3003.8791554512686,RiskAverseUCBAgent_1,,,,,,,,,,
balanced_cb_transparent_ratio06_halt5,circuit_breaker,balanced,linear_share,11,10000,5,5,3,0.6,5,0.0,True,15075.82578190003,1.507582578190003,0.3015165156380006,1.244653995497696,10000,1.0,0,10000,0,0.001,0.00014141284048596603,3017.297071726495,RandomAgent_1,3014.632177543384,EpsilonGreedyAgent_1,3014.632177543384,UCB_BaselineAgent_1,3014.632177543384,RiskAverseEpsilonGreedyAgent_1,3014.632177543384,RiskAverseUCBAgent_1,,,,,,,,,,
balanced_cb_transparent_ratio06_halt5,circuit_breaker,balanced,linear_share,12,10000,5,5,3,0.6,5,0.0,True,15112.032691467155,1.5112032691467154,0.3022406538293431,1.222001268533565,10000,1.0,0,10000,0,0.001,0.00012699902111057426,3020.4873249346233,RandomAgent_1,3022.886341633133,EpsilonGreedyAgent_1,3022.886341633133,UCB_BaselineAgent_1,3022.886341633133,RiskAverseEpsilonGreedyAgent_1,3022.886341633133,RiskAverseUCBAgent_1,,,,,,,,,,
balanced_cb_transparent_ratio06_halt5,circuit_breaker,balanced,linear_share,13,10000,5,5,3,0.6,5,0.0,True,14871.174508090728,1.4871174508090728,0.2974234901618146,1.221798691651542,10000,1.0,0,10000,0,0.001,0.00014649986616821487,2976.413526693345,RandomAgent_1,2973.690245349346,EpsilonGreedyAgent_1,2973.690245349346,UCB_BaselineAgent_1,2973.690245349346,RiskAverseEpsilonGreedyAgent_1,2973.690245349346,RiskAverseUCBAgent_1,,,,,,,,,,
balanced_cb_transparent_ratio06_halt5,circuit_breaker,balanced,linear_share,14,10000,5,5,3,0.6,5,0.0,True,14919.033357052951,1.491903335705295,0.29838066714105904,1.228002554663445,10000,1.0,0,10000,0,0.001,0.00021550320534102774,2986.294598798025,RandomAgent_1,2982.881701179732,EpsilonGreedyAgent_1,2982.881701179732,UCB_BaselineAgent_1,2984.0936547157307,RiskAverseEpsilonGreedyAgent_1,2982.881701179732,RiskAverseUCBAgent_1,,,,,,,,,,
balanced_cb_transparent_ratio06_halt5,circuit_breaker,balanced,linear_share,15,10000,5,5,3,0.6,5,0.0,True,14975.884428930121,1.4975884428930122,0.29951768857860245,1.2045911558762943,10000,1.0,0,10000,0,0.001,0.00015071624108564663,2997.4339947940844,RandomAgent_1,2994.6126085340093,EpsilonGreedyAgent_1,2994.6126085340093,UCB_BaselineAgent_1,2994.6126085340093,RiskAverseEpsilonGreedyAgent_1,2994.6126085340093,RiskAverseUCBAgent_1,,,,,,,,,,
balanced_cb_transparent_ratio06_halt5,circuit_breaker,balanced,linear_share,16,10000,5,5,3,0.6,5,0.0,True,14988.762328929131,1.498876232892913,0.2997752465785826,1.2188243108040766,10000,1.0,0,10000,0,0.001,0.00010653054538578566,2999.349226811382,RandomAgent_1,2997.3532755294373,EpsilonGreedyAgent_1,2997.3532755294373,UCB_BaselineAgent_1,2997.3532755294373,RiskAverseEpsilonGreedyAgent_1,2997.3532755294373,RiskAverseUCBAgent_1,,,,,,,,,,
balanced_cb_transparent_ratio06_halt5,circuit_breaker,balanced,linear_share,17,10000,5,5,3,0.6,5,0.0,True,14809.445541723147,1.4809445541723147,0.29618891083446297,1.221515706001024,10000,1.0,0,10000,0,0.001,0.0002616944284574707,2964.9514734178124,RandomAgent_1,2960.7846902789884,EpsilonGreedyAgent_1,2960.7846902789884,UCB_BaselineAgent_1,2962.1399974683704,RiskAverseEpsilonGreedyAgent_1,2960.7846902789884,RiskAverseUCBAgent_1,,,,,,,,,,
balanced_cb_transparent_ratio06_halt5,circuit_breaker,balanced,linear_share,18,10000,5,5,3,0.6,5,0.0,True,14883.413088264086,1.4883413088264086,0.2976682617652817,1.244231544940073,10000,1.0,0,10000,0,0.001,0.0002058770040389568,2979.746770149304,RandomAgent_1,2975.9165795286954,EpsilonGreedyAgent_1,2975.9165795286954,UCB_BaselineAgent_1,2975.9165795286954,RiskAverseEpsilonGreedyAgent_1,2975.9165795286954,RiskAverseUCBAgent_1,,,,,,,,,,
balanced_cb_transparent_ratio06_halt5,circuit_breaker,balanced,linear_share,19,10000,5,5,3,0.6,5,0.0,True,15070.247000105586,1.5070247000105585,0.3014049400021117,1.2339604840651115,10000,1.0,0,10000,0,0.001,0.00018789243765238162,3016.8809854659903,RandomAgent_1,3013.341503659899,EpsilonGreedyAgent_1,3013.341503659899,UCB_BaselineAgent_1,3013.341503659899,RiskAverseEpsilonGreedyAgent_1,3013.341503659899,RiskAverseUCBAgent_1,,,,,,,,,,
balanced_cb_transparent_ratio06_halt5,circuit_breaker,balanced,linear_share,20,10000,5,5,3,0.6,5,0.0,True,15028.004983113158,1.502800498311316,0.30056009966226316,1.2298666599572048,10000,1.0,0,10000,0,0.001,0.0003254646239017056,3009.3060698998647,RandomAgent_1,3006.157241694058,EpsilonGreedyAgent_1,3004.180557173079,UCB_BaselineAgent_1,3004.180557173079,RiskAverseEpsilonGreedyAgent_1,3004.180557173079,RiskAverseUCBAgent_1,,,,,,,,,,
balanced_cb_transparent_ratio06_halt5,circuit_breaker,balanced,linear_share,21,10000,5,5,3,0.6,5,0.0,True,15249.188126746227,1.5249188126746227,0.30498376253492454,1.2429059005562808,10000,1.0,0,10000,0,0.001,0.00010702666889805812,3050.9185716814745,RandomAgent_1,3050.256293111657,EpsilonGreedyAgent_1,3049.337753984365,UCB_BaselineAgent_1,3049.337753984365,RiskAverseEpsilonGreedyAgent_1,3049.337753984365,RiskAverseUCBAgent_1,,,,,,,,,,
balanced_cb_transparent_ratio06_halt5,circuit_breaker,balanced,linear_share,22,10000,5,5,3,0.6,5,0.0,True,14966.997230980003,1.4966997230980004,0.29933994461960006,1.2202656172041808,10001,1.0001,0,10000,0,0.001,0.00016505762131191482,2994.3001290094953,RandomAgent_1,2992.613143394188,EpsilonGreedyAgent_1,2992.613143394188,UCB_BaselineAgent_1,2994.857671787945,RiskAverseEpsilonGreedyAgent_1,2992.613143394188,RiskAverseUCBAgent_1,,,,,,,,,,
balanced_cb_transparent_ratio06_halt5,circuit_breaker,balanced,linear_share,23,10000,5,5,3,0.6,5,0.0,True,14921.246702819251,1.492124670281925,0.29842493405638504,1.2330207233459949,10000,1.0,0,10000,0,0.001,0.0002682400895195336,2987.9503251262945,RandomAgent_1,2983.1984727612125,EpsilonGreedyAgent_1,2983.1984727612125,UCB_BaselineAgent_1,2983.7009594093192,RiskAverseEpsilonGreedyAgent_1,2983.1984727612125,RiskAverseUCBAgent_1,,,,,,,,,,
balanced_cb_transparent_ratio06_halt5,circuit_breaker,balanced,linear_share,24,10000,5,5,3,0.6,5,0.0,True,15183.671635982673,1.5183671635982674,0.30367343271965347,1.2359689029800114,10000,1.0,0,10000,0,0.001,0.00015090805414041952,3039.025665537827,RandomAgent_1,3036.1614926112115,EpsilonGreedyAgent_1,3036.1614926112115,UCB_BaselineAgent_1,3036.1614926112115,RiskAverseEpsilonGreedyAgent_1,3036.1614926112115,RiskAverseUCBAgent_1,,,,,,,,,,
balanced_cb_transparent_ratio06_halt5,circuit_breaker,balanced,linear_share,25,10000,5,5,3,0.6,5,0.0,True,15049.742260088497,1.5049742260088497,0.30099484520176994,1.241029080177986,10002,1.0002,0,10000,0,0.001,0.00045129720707404175,3015.801179154961,RandomAgent_1,3008.0939454367585,EpsilonGreedyAgent_1,3008.0939454367585,UCB_BaselineAgent_1,3009.6592446232594,RiskAverseEpsilonGreedyAgent_1,3008.0939454367585,RiskAverseUCBAgent_1,,,,,,,,,,
balanced_cb_transparent_ratio06_halt5,circuit_breaker,balanced,linear_share,26,10000,5,5,3,0.6,5,0.0,True,14858.18298359916,1.485818298359916,0.29716365967198316,1.2243016326740574,10000,1.0,0,10000,0,0.001,0.00033992251390801975,2976.0545520101923,RandomAgent_1,2971.322952424158,EpsilonGreedyAgent_1,2970.2684930549362,UCB_BaselineAgent_1,2970.2684930549362,RiskAverseEpsilonGreedyAgent_1,2970.2684930549362,RiskAverseUCBAgent_1,,,,,,,,,,
balanced_cb_transparent_ratio06_halt5,circuit_breaker,balanced,linear_share,27,10000,5,5,3,0.6,5,0.0,True,15097.830944386656,1.5097830944386657,0.3019566188877331,1.2303099486666575,10000,1.0,0,10000,0,0.001,0.00019278628240360085,3021.9759904941375,RandomAgent_1,3018.7550496884132,EpsilonGreedyAgent_1,3018.7550496884132,UCB_BaselineAgent_1,3019.58980482728,RiskAverseEpsilonGreedyAgent_1,3018.7550496884132,RiskAverseUCBAgent_1,,,,,,,,,,
balanced_cb_transparent_ratio06_halt5,circuit_breaker,balanced,linear_share,28,10000,5,5,3,0.6,5,0.0,True,15157.3567649824,1.51573567649824,0.303147135299648,1.2367864003070652,10001,1.0001,0,10000,0,0.001,0.00010441410426142994,3032.403993840337,RandomAgent_1,3030.9673590414627,EpsilonGreedyAgent_1,3030.9673590414627,UCB_BaselineAgent_1,3032.050694017674,RiskAverseEpsilonGreedyAgent_1,3030.9673590414627,RiskAverseUCBAgent_1,,,,,,,,,,
balanced_cb_transparent_ratio06_halt5,circuit_breaker,balanced,linear_share,29,10000,5,5,3,0.6,5,0.0,True,15146.521244293479,1.5146521244293478,0.3029304248858696,1.2403860224671983,10002,1.0002,0,10000,0,0.001,0.0004153197974117173,3034.4432423456037,RandomAgent_1,3029.459071296676,EpsilonGreedyAgent_1,3027.5396435503994,UCB_BaselineAgent_1,3027.5396435503994,RiskAverseEpsilonGreedyAgent_1,3027.5396435503994,RiskAverseUCBAgent_1,,,,,,,,,,
balanced_cb_opaque_ratio06_halt10,circuit_breaker,balanced,linear_share,0,10000,5,5,3,0.6,10,0.0,False,61544.84667933238,6.154484667933239,1.2308969335866478,2.694095790834127,8790,0.879,2699,275,0,4.725,0.13678968298617034,8219.598668047078,RandomAgent_1,16295.6553466551,EpsilonGreedyAgent_1,14879.626904772846,UCB_BaselineAgent_1,9984.990095243053,RiskAverseEpsilonGreedyAgent_1,12164.975664614307,RiskAverseUCBAgent_1,,,,,,,,,,
balanced_cb_opaque_ratio06_halt10,circuit_breaker,balanced,linear_share,1,10000,5,5,3,0.6,10,0.0,False,61115.34947033932,6.111534947033932,1.2223069894067864,2.660403755388995,8838,0.8838,2630,279,0,4.721,0.1339088782668192,8181.901709294449,RandomAgent_1,14695.927748854841,EpsilonGreedyAgent_1,16018.232527658784,UCB_BaselineAgent_1,12310.417830092187,RiskAverseEpsilonGreedyAgent_1,9908.86965443906,RiskAverseUCBAgent_1,,,,,,,,,,
balanced_cb_opaque_ratio06_halt10,circuit_breaker,balanced,linear_share,2,10000,5,5,3,0.6,10,0.0,False,60725.78074363661,6.072578074363661,1.2145156148727323,2.672961452515519,8836,0.8836,2794,306,0,4.6945,0.13333835254953108,8169.476001045074,RandomAgent_1,15912.987095985396,EpsilonGreedyAgent_1,14614.9059710928,UCB_BaselineAgent_1,12169.172418641241,RiskAverseEpsilonGreedyAgent_1,9859.2392568721,RiskAverseUCBAgent_1,,,,,,,,,,
balanced_cb_opaque_ratio06_halt10,circuit_breaker,balanced,linear_share,3,10000,5,5,3,0.6,10,0.0,False,61381.61212113623,6.138161212113624,1.2276322424227246,2.6721183346863357,8828,0.8828,2762,282,0,4.718,0.13815174528755336,8226.191549305642,RandomAgent_1,14670.713912080048,EpsilonGreedyAgent_1,16466.725850976807,UCB_BaselineAgent_1,9951.840407675889,RiskAverseEpsilonGreedyAgent_1,12066.140401097851,RiskAverseUCBAgent_1,,,,,,,,,,
balanced_cb_opaque_ratio06_halt10,circuit_breaker,balanced,linear_share,4,10000,5,5,3,0.6,10,0.0,False,61012.1036404484,6.10121036404484,1.220242072808968,2.689326209561098,8849,0.8849,2549,278,0,4.722,0.12927355502358617,8262.195608275762,RandomAgent_1,15891.952891362464,EpsilonGreedyAgent_1,14533.527285610366,UCB_BaselineAgent_1,12249.514846086644,RiskAverseEpsilonGreedyAgent_1,10074.913009113161,RiskAverseUCBAgent_1,,,,,,,,,,
balanced_cb_opaque_ratio06_halt10,circuit_breaker,balanced,linear_share,5,10000,5,5,3,0.6,10,0.0,False,61175.4947488942,6.11754947488942,1.223509894977884,2.656559537939525,8840,0.884,2644,267,0,4.733,0.13274428972059238,8198.10207354436,RandomAgent_1,14607.80345703076,EpsilonGreedyAgent_1,16044.33111918798,UCB_BaselineAgent_1,9998.517551448535,RiskAverseEpsilonGreedyAgent_1,12326.740547682564,RiskAverseUCBAgent_1,,,,,,,,,,
balanced_cb_opaque_ratio06_halt10,circuit_breaker,balanced,linear_share,6,10000,5,5,3,0.6,10,0.0,False,61777.78099723543,6.177778099723543,1.2355556199447086,2.690253572442332,8778,0.8778,2837,279,0,4.7218,0.13545580992884387,8276.112942659007,RandomAgent_1,12423.083398934174,EpsilonGreedyAgent_1,14629.767820420846,UCB_BaselineAgent_1,10018.25906802582,RiskAverseEpsilonGreedyAgent_1,16430.55776719558,RiskAverseUCBAgent_1,,,,,,,,,,
balanced_cb_opaque_ratio06_halt10,circuit_breaker,balanced,linear_share,7,10000,5,5,3,0.6,10,0.0,False,61319.56548344412,6.131956548344412,1.2263913096688825,2.725080175745463,8834,0.8834,2662,285,0,4.715,0.13593103658501016,8181.418932897491,RandomAgent_1,14772.325108172483,EpsilonGreedyAgent_1,16276.629774800449,UCB_BaselineAgent_1,11964.525123362724,RiskAverseEpsilonGreedyAgent_1,10124.666544210979,RiskAverseUCBAgent_1,,,,,,,,,,
balanced_cb_opaque_ratio06_halt10,circuit_breaker,balanced,linear_share,8,10000,5,5,3,0.6,10,0.0,False,60956.011261120984,6.095601126112099,1.2191202252224196,2.7228555832253174,8897,0.8897,2644,266,0,4.7345,0.13083776801291447,8269.891841186558,RandomAgent_1,15899.65970458419,EpsilonGreedyAgent_1,14605.377158174837,UCB_BaselineAgent_1,9926.541734032211,RiskAverseEpsilonGreedyAgent_1,12254.540823143187,RiskAverseUCBAgent_1,,,,,,,,,,
balanced_cb_opaque_ratio06_halt10,circuit_breaker,balanced,linear_share,9,10000,5,5,3,0.6,10,0.0,False,60882.04282777956,6.088204282777956,1.2176408565555912,2.688463780241294,8919,0.8919,2756,290,0,4.71,0.13462582386385402,8149.955916443865,RandomAgent_1,14578.015143814222,EpsilonGreedyAgent_1,16075.431518252164,UCB_BaselineAgent_1,12140.411837349135,RiskAverseEpsilonGreedyAgent_1,9938.228411920174,RiskAverseUCBAgent_1,,,,,,,,,,
balanced_cb_opaque_ratio06_halt10,circuit_breaker,balanced,linear_share,10,10000,5,5,3,0.6,10,0.0,False,60871.13740479083,6.087113740479083,1.2174227480958166,2.6869528616484595,8866,0.8866,2744,276,0,4.724,0.13568141573733494,8349.070236080122,RandomAgent_1,16251.290025798278,EpsilonGreedyAgent_1,14470.610801949551,UCB_BaselineAgent_1,9627.345129826217,RiskAverseEpsilonGreedyAgent_1,12172.821211136667,RiskAverseUCBAgent_1,,,,,,,,,,
balanced_cb_opaque_ratio06_halt10,circuit_breaker,balanced,linear_share,11,10000,5,5,3,0.6,10,0.0,False,61350.221893594804,6.13502218935948,1.227004437871896,2.6616303975563973,8722,0.8722,2744,278,0,4.7225,0.13773292931660497,8268.202402556113,RandomAgent_1,14715.040952128453,EpsilonGreedyAgent_1,16376.354586001724,UCB_BaselineAgent_1,9806.480879948354,RiskAverseEpsilonGreedyAgent_1,12184.14307296016,RiskAverseUCBAgent_1,,,,,,,,,,
balanced_cb_opaque_ratio06_halt10,circuit_breaker,balanced,linear_share,12,10000,5,5,3,0.6,10,0.0,False,60596.627940997685,6.0596627940997685,1.2119325588199537,2.6996731446487363,8887,0.8887,2988,307,0,4.693,0.14026134741332696,8351.607638230651,RandomAgent_1,14947.272388763457,EpsilonGreedyAgent_1,16060.472167294116,UCB_BaselineAgent_1,9116.589737619395,RiskAverseEpsilonGreedyAgent_1,12120.686009090063,RiskAverseUCBAgent_1,,,,,,,,,,
balanced_cb_opaque_ratio06_halt10,circuit_breaker,balanced,linear_share,13,10000,5,5,3,0.6,10,0.0,False,60513.93460583575,6.051393460583575,1.210278692116715,2.6979668306416182,8950,0.895,3060,322,0,4.678,0.1353865917132977,8288.780828291414,RandomAgent_1,14807.72054839211,EpsilonGreedyAgent_1,11828.478063397359,UCB_BaselineAgent_1,15946.911555853096,RiskAverseEpsilonGreedyAgent_1,9642.043609901772,RiskAverseUCBAgent_1,,,,,,,,,,
balanced_cb_opaque_ratio06_halt10,circuit_breaker,balanced,linear_share,14,10000,5,5,3,0.6,10,0.0,False,61195.380282803206,6.119538028280321,1.223907605656064,2.697131591473006,8892,0.8892,2657,291,0,4.709,0.1355761885623925,8290.238843822142,RandomAgent_1,11814.359126519907,EpsilonGreedyAgent_1,14900.479606821806,UCB_BaselineAgent_1,16203.96394246114,RiskAverseEpsilonGreedyAgent_1,9986.338763178212,RiskAverseUCBAgent_1,,,,,,,,,,
balanced_cb_opaque_ratio06_halt10,circuit_breaker,balanced,linear_share,15,10000,5,5,3,0.6,10,0.0,False,58512.718180309595,5.85127181803096,1.170254363606192,2.486730968777473,8838,0.8838,2792,284,0,4.716,0.12375338003789604,8447.15479321127,RandomAgent_1,12298.935465014638,EpsilonGreedyAgent_1,16265.9504735754,UCB_BaselineAgent_1,11667.017247810803,RiskAverseEpsilonGreedyAgent_1,9833.660200697486,RiskAverseUCBAgent_1,,,,,,,,,,
balanced_cb_opaque_ratio06_halt10,circuit_breaker,balanced,linear_share,16,10000,5,5,3,0.6,10,0.0,False,60881.2840586027,6.08812840586027,1.217625681172054,2.6593568187108843,8831,0.8831,2588,255,0,4.745,0.13141070797215404,8231.310781037339,RandomAgent_1,14390.450347083863,EpsilonGreedyAgent_1,16019.284242802165,UCB_BaselineAgent_1,9965.265669626511,RiskAverseEpsilonGreedyAgent_1,12274.97301805282,RiskAverseUCBAgent_1,,,,,,,,,,
balanced_cb_opaque_ratio06_halt10,circuit_breaker,balanced,linear_share,17,10000,5,5,3,0.6,10,0.0,False,61179.85811981046,6.117985811981046,1.2235971623962092,2.6750888142322045,8841,0.8841,2720,279,0,4.721,0.14112087687899288,8308.52025701518,RandomAgent_1,14751.908221719777,EpsilonGreedyAgent_1,16417.595132868057,UCB_BaselineAgent_1,9385.669910425488,RiskAverseEpsilonGreedyAgent_1,12316.164597781955,RiskAverseUCBAgent_1,,,,,,,,,,
balanced_cb_opaque_ratio06_halt10,circuit_breaker,balanced,linear_share,18,10000,5,5,3,0.6,10,0.0,False,61277.62216883621,6.127762216883621,1.2255524433767242,2.6760964464221577,8760,0.876,2549,276,0,4.7243,0.13837526006553436,8229.720262729297,RandomAgent_1,14571.481307459766,EpsilonGreedyAgent_1,16485.42889818617,UCB_BaselineAgent_1,12106.36038161312,RiskAverseEpsilonGreedyAgent_1,9884.631318847865,RiskAverseUCBAgent_1,,,,,,,,,,
balanced_cb_opaque_ratio06_halt10,circuit_breaker,balanced,linear_share,19,10000,5,5,3,0.6,10,0.0,False,61146.66014911336,6.114666014911336,1.2229332029822673,2.690144164906717,8780,0.878,2699,298,0,4.702,0.137823999374157,8156.789046198379,RandomAgent_1,14670.60185652586,EpsilonGreedyAgent_1,16305.888587537906,UCB_BaselineAgent_1,12113.272844954308,RiskAverseEpsilonGreedyAgent_1,9900.107813896906,RiskAverseUCBAgent_1,,,,,,,,,,
balanced_cb_opaque_ratio06_halt10,circuit_breaker,balanced,linear_share,20,10000,5,5,3,0.6,10,0.0,False,58723.081391633634,5.872308139163364,1.1744616278326727,2.673492600064099,8862,0.8862,2779,284,0,4.716,0.12896703285028965,8463.436858227054,RandomAgent_1,15003.682168756375,EpsilonGreedyAgent_1,14441.887492135567,UCB_BaselineAgent_1,8589.02419593162,RiskAverseEpsilonGreedyAgent_1,12225.050676583018,RiskAverseUCBAgent_1,,,,,,,,,,
balanced_cb_opaque_ratio06_halt10,circuit_breaker,balanced,linear_share,21,10000,5,5,3,0.6,10,0.0,False,61790.8283230285,6.17908283230285,1.23581656646057,2.699438260277163,8714,0.8714,2283,248,0,4.752,0.1331243738296124,8359.902064956788,RandomAgent_1,16300.195639845428,EpsilonGreedyAgent_1,14739.020529626461,UCB_BaselineAgent_1,12336.765731486716,RiskAverseEpsilonGreedyAgent_1,10054.94435711311,RiskAverseUCBAgent_1,,,,,,,,,,
balanced_cb_opaque_ratio06_halt10,circuit_breaker,balanced,linear_share,22,10000,5,5,3,0.6,10,0.0,False,61536.11682317973,6.1536116823179725,1.2307223364635946,2.690025351839145,8840,0.884,2453,246,0,4.7546,0.13313755506318548,8181.868057180537,RandomAgent_1,14628.474577639316,EpsilonGreedyAgent_1,16191.464408555252,UCB_BaselineAgent_1,10165.746925587004,RiskAverseEpsilonGreedyAgent_1,12368.562854217616,RiskAverseUCBAgent_1,,,,,,,,,,
balanced_cb_opaque_ratio06_halt10,circuit_breaker,balanced,linear_share,23,10000,5,5,3,0.6,10,0.0,False,61755.334947919226,6.175533494791923,1.2351066989583845,2.6843651361983993,8824,0.8824,2298,240,0,4.7603,0.13221897520758352,8381.98728780997,RandomAgent_1,16243.3292758402,EpsilonGreedyAgent_1,14759.424157785901,UCB_BaselineAgent_1,10069.040382808995,RiskAverseEpsilonGreedyAgent_1,12301.553843674163,RiskAverseUCBAgent_1,,,,,,,,,,
balanced_cb_opaque_ratio06_halt10,circuit_breaker,balanced,linear_share,24,10000,5,5,3,0.6,10,0.0,False,60975.383448501525,6.097538344850152,1.2195076689700306,2.6771769862172947,8894,0.8894,2711,269,0,4.731,0.13272563261475145,8209.096177394085,RandomAgent_1,14438.317201260765,EpsilonGreedyAgent_1,12255.963949676965,UCB_BaselineAgent_1,9977.21541049615,RiskAverseEpsilonGreedyAgent_1,16094.790709673556,RiskAverseUCBAgent_1,,,,,,,,,,
balanced_cb_opaque_ratio06_halt10,circuit_breaker,balanced,linear_share,25,10000,5,5,3,0.6,10,0.0,False,59871.43215904219,5.987143215904219,1.1974286431808439,2.676605977371612,8875,0.8875,2568,253,0,4.747,0.13809791830896234,8634.022338798995,RandomAgent_1,14975.755193976998,EpsilonGreedyAgent_1,15715.126327149468,UCB_BaselineAgent_1,8550.842570563485,RiskAverseEpsilonGreedyAgent_1,11995.68572855324,RiskAverseUCBAgent_1,,,,,,,,,,
balanced_cb_opaque_ratio06_halt10,circuit_breaker,balanced,linear_share,26,10000,5,5,3,0.6,10,0.0,False,61137.687263582084,6.113768726358209,1.2227537452716417,2.6843821381272748,8738,0.8738,2751,275,0,4.7254,0.13133228175984835,8223.396904362316,RandomAgent_1,16081.175438441864,EpsilonGreedyAgent_1,14408.919700222312,UCB_BaselineAgent_1,10051.096843765763,RiskAverseEpsilonGreedyAgent_1,12373.098376789829,RiskAverseUCBAgent_1,,,,,,,,,,
balanced_cb_opaque_ratio06_halt10,circuit_breaker,balanced,linear_share,27,10000,5,5,3,0.6,10,0.0,False,61852.466967371394,6.185246696737139,1.2370493393474278,2.6969331262108462,8734,0.8734,2603,266,0,4.7341,0.13608867056983764,8230.654741627715,RandomAgent_1,15111.018497332869,EpsilonGreedyAgent_1,16227.060781121094,UCB_BaselineAgent_1,10060.280573683694,RiskAverseEpsilonGreedyAgent_1,12223.452373606024,RiskAverseUCBAgent_1,,,,,,,,,,
balanced_cb_opaque_ratio06_halt10,circuit_breaker,balanced,linear_share,28,10000,5,5,3,0.6,10,0.0,False,59756.621161877985,5.975662116187799,1.1951324232375597,2.6580618900075192,8825,0.8825,2393,263,0,4.737,0.14443866841455621,8578.716006074332,RandomAgent_1,14790.152146736533,EpsilonGreedyAgent_1,16163.510162847637,UCB_BaselineAgent_1,8480.269746210297,RiskAverseEpsilonGreedyAgent_1,11743.973100009185,RiskAverseUCBAgent_1,,,,,,,,,,
balanced_cb_opaque_ratio06_halt10,circuit_breaker,balanced,linear_share,29,10000,5,5,3,0.6,10,0.0,False,60248.833104017765,6.024883310401776,1.2049766620803553,2.7230862995847307,8858,0.8858,2577,271,0,4.729,0.1360642582419136,8259.7650530062,RandomAgent_1,15860.425324120199,EpsilonGreedyAgent_1,14690.373360459062,UCB_BaselineAgent_1,9397.411937089515,RiskAverseEpsilonGreedyAgent_1,12040.857429342792,RiskAverseUCBAgent_1,,,,,,,,,,
balanced_cb_transparent_ratio06_halt10,circuit_breaker,balanced,linear_share,0,10000,5,5,3,0.6,10,0.0,True,7539.088423279315,0.7539088423279315,0.1507817684655863,1.161928054745343,5000,0.5,0,5000,5000,0.001,0.00031052996310032555,1510.1587975057546,RandomAgent_1,1507.2324064433901,EpsilonGreedyAgent_1,1507.2324064433901,UCB_BaselineAgent_1,1507.2324064433901,RiskAverseEpsilonGreedyAgent_1,1507.2324064433901,RiskAverseUCBAgent_1,,,,,,,,,,
balanced_cb_transparent_ratio06_halt10,circuit_breaker,balanced,linear_share,1,10000,5,5,3,0.6,10,0.0,True,7532.321242323767,0.7532321242323767,0.15064642484647534,1.1685720588012813,5000,0.5,0,5000,5000,0.001,0.0006790563656295934,1511.5791191523222,RandomAgent_1,1505.1855307928613,EpsilonGreedyAgent_1,1505.1855307928613,UCB_BaselineAgent_1,1505.1855307928613,RiskAverseEpsilonGreedyAgent_1,1505.1855307928613,RiskAverseUCBAgent_1,,,,,,,,,,
balanced_cb_transparent_ratio06_halt10,circuit_breaker,balanced,linear_share,2,10000,5,5,3,0.6,10,0.0,True,7553.326232870284,0.7553326232870284,0.1510665246574057,1.145848878529223,5000,0.5,0,5000,5000,0.001,0.0007182580247429016,1515.745840269154,RandomAgent_1,1509.8259025067355,EpsilonGreedyAgent_1,1509.2514966981314,UCB_BaselineAgent_1,1509.2514966981314,RiskAverseEpsilonGreedyAgent_1,1509.2514966981314,RiskAverseUCBAgent_1,,,,,,,,,,
balanced_cb_transparent_ratio06_halt10,circuit_breaker,balanced,linear_share,3,10000,5,5,3,0.6,10,0.0,True,7490.951820437779,0.7490951820437779,0.14981903640875557,1.1603069716423775,5000,0.5,0,5000,5000,0.001,0.00039855371045716126,1501.1759107304472,RandomAgent_1,1497.443977426833,EpsilonGreedyAgent_1,1497.443977426833,UCB_BaselineAgent_1,1497.443977426833,RiskAverseEpsilonGreedyAgent_1,1497.443977426833,RiskAverseUCBAgent_1,,,,,,,,,,
balanced_cb_transparent_ratio06_halt10,circuit_breaker,balanced,linear_share,4,10000,5,5,3,0.6,10,0.0,True,7619.25189347655,0.7619251893476551,0.152385037869531,1.1719326744631824,5000,0.5,0,5000,5000,0.001,0.00011560377726804738,1524.7311929941538,RandomAgent_1,1523.6301751205992,EpsilonGreedyAgent_1,1523.6301751205992,UCB_BaselineAgent_1,1523.6301751205992,RiskAverseEpsilonGreedyAgent_1,1523.6301751205992,RiskAverseUCBAgent_1,,,,,,,,,,
balanced_cb_transparent_ratio06_halt10,circuit_breaker,balanced,linear_share,5,10000,5,5,3,0.6,10,0.0,True,7604.704463028897,0.7604704463028897,0.15209408926057794,1.154686093939916,5000,0.5,0,5000,5000,0.001,8.719437119664164e-05,1521.6039800295694,RandomAgent_1,1520.775120749832,EpsilonGreedyAgent_1,1520.775120749832,UCB_BaselineAgent_1,1520.775120749832,RiskAverseEpsilonGreedyAgent_1,1520.775120749832,RiskAverseUCBAgent_1,,,,,,,,,,
balanced_cb_transparent_ratio06_halt10,circuit_breaker,balanced,linear_share,6,10000,5,5,3,0.6,10,0.0,True,7707.36700016082,0.770736700016082,0.1541473400032164,1.1964057122354572,5000,0.5,0,5000,5000,0.001,7.581708879333959e-05,1542.0577501603786,RandomAgent_1,1541.3273125001103,EpsilonGreedyAgent_1,1541.3273125001103,UCB_BaselineAgent_1,1541.3273125001103,RiskAverseEpsilonGreedyAgent_1,1541.3273125001103,RiskAverseUCBAgent_1,,,,,,,,,,
balanced_cb_transparent_ratio06_halt10,circuit_breaker,balanced,linear_share,7,10000,5,5,3,0.6,10,0.0,True,7543.682352037122,0.7543682352037122,0.15087364704074244,1.1429208048985444,5000,0.5,0,5000,5000,0.001,0.0004724232286572594,1510.0612951915273,RandomAgent_1,1507.5993202167695,EpsilonGreedyAgent_1,1507.5993202167695,UCB_BaselineAgent_1,1510.8230961952856,RiskAverseEpsilonGreedyAgent_1,1507.5993202167695,RiskAverseUCBAgent_1,,,,,,,,,,
balanced_cb_transparent_ratio06_halt10,circuit_breaker,balanced,linear_share,8,10000,5,5,3,0.6,10,0.0,True,7471.932279660414,0.7471932279660414,0.14943864559320827,1.1381530015901749,5000,0.5,0,5000,5000,0.001,0.00017234835620794087,1495.6742311781793,RandomAgent_1,1494.0645121205587,EpsilonGreedyAgent_1,1494.0645121205587,UCB_BaselineAgent_1,1494.0645121205587,RiskAverseEpsilonGreedyAgent_1,1494.0645121205587,RiskAverseUCBAgent_1,,,,,,,,,,
balanced_cb_transparent_ratio06_halt10,circuit_breaker,balanced,linear_share,9,10000,5,5,3,0.6,10,0.0,True,7406.138411691433,0.7406138411691433,0.14812276823382867,1.1365323278414152,5000,0.5,0,5000,5000,0.001,0.0007985901410727525,1487.1421514572828,RandomAgent_1,1479.7490650585376,EpsilonGreedyAgent_1,1479.7490650585376,UCB_BaselineAgent_1,1479.7490650585376,RiskAverseEpsilonGreedyAgent_1,1479.7490650585376,RiskAverseUCBAgent_1,,,,,,,,,,
balanced_cb_transparent_ratio06_halt10,circuit_breaker,balanced,linear_share,10,10000,5,5,3,0.6,10,0.0,True,7501.165966498516,0.7501165966498516,0.15002331932997032,1.139920406926817,5000,0.5,0,5000,5000,0.001,0.0004890625655804559,1499.9260117198144,RandomAgent_1,1503.495097246645,EpsilonGreedyAgent_1,1499.2482858440192,UCB_BaselineAgent_1,1499.2482858440192,RiskAverseEpsilonGreedyAgent_1,1499.2482858440192,RiskAverseUCBAgent_1,,,,,,,,,,
balanced_cb_transparent_ratio06_halt10,circuit_breaker,balanced,linear_share,11,10000,5,5,3,0.6,10,0.0,True,7550.761932801126,0.7550761932801126,0.1510152386560225,1.1627971684080143,5000,0.5,0,5000,5000,0.001,0.0002823443998714037,1512.2843019067132,RandomAgent_1,1509.6194077236032,EpsilonGreedyAgent_1,1509.6194077236032,UCB_BaselineAgent_1,1509.6194077236032,RiskAverseEpsilonGreedyAgent_1,1509.6194077236032,RiskAverseUCBAgent_1,,,,,,,,,,
balanced_cb_transparent_ratio06_halt10,circuit_breaker,balanced,linear_share,12,10000,5,5,3,0.6,10,0.0,True,7548.538321236879,0.7548538321236878,0.15097076642473758,1.1486303900567163,5000,0.5,0,5000,5000,0.001,0.0002542496675692618,1507.788450888567,RandomAgent_1,1510.187467587078,EpsilonGreedyAgent_1,1510.187467587078,UCB_BaselineAgent_1,1510.187467587078,RiskAverseEpsilonGreedyAgent_1,1510.187467587078,RiskAverseUCBAgent_1,,,,,,,,,,
balanced_cb_transparent_ratio06_halt10,circuit_breaker,balanced,linear_share,13,10000,5,5,3,0.6,10,0.0,True,7404.120690825637,0.7404120690825637,0.14808241381651274,1.1407022417292003,5000,0.5,0,5000,5000,0.001,0.0002942449436162953,1483.0027632403267,RandomAgent_1,1480.2794818963275,EpsilonGreedyAgent_1,1480.2794818963275,UCB_BaselineAgent_1,1480.2794818963275,RiskAverseEpsilonGreedyAgent_1,1480.2794818963275,RiskAverseUCBAgent_1,,,,,,,,,,
balanced_cb_transparent_ratio06_halt10,circuit_breaker,balanced,linear_share,14,10000,5,5,3,0.6,10,0.0,True,7469.259057068593,0.7469259057068593,0.14938518114137186,1.1434321275100054,5000,0.5,0,5000,5000,0.001,0.00043044423609761573,1496.3397388011535,RandomAgent_1,1492.9268411828605,EpsilonGreedyAgent_1,1492.9268411828605,UCB_BaselineAgent_1,1494.138794718859,RiskAverseEpsilonGreedyAgent_1,1492.9268411828605,RiskAverseUCBAgent_1,,,,,,,,,,
balanced_cb_transparent_ratio06_halt10,circuit_breaker,balanced,linear_share,15,10000,5,5,3,0.6,10,0.0,True,7505.934283928324,0.7505934283928324,0.15011868567856648,1.1396437996668045,5000,0.5,0,5000,5000,0.001,0.0003007099346572506,1503.4439657937246,RandomAgent_1,1500.6225795336497,EpsilonGreedyAgent_1,1500.6225795336497,UCB_BaselineAgent_1,1500.6225795336497,RiskAverseEpsilonGreedyAgent_1,1500.6225795336497,RiskAverseUCBAgent_1,,,,,,,,,,
balanced_cb_transparent_ratio06_halt10,circuit_breaker,balanced,linear_share,16,10000,5,5,3,0.6,10,0.0,True,7451.736584955794,0.7451736584955794,0.14903473169911588,1.135284808553419,5000,0.5,0,5000,5000,0.001,0.00021428039053073,1491.9440780167147,RandomAgent_1,1489.9481267347699,EpsilonGreedyAgent_1,1489.9481267347699,UCB_BaselineAgent_1,1489.9481267347699,RiskAverseEpsilonGreedyAgent_1,1489.9481267347699,RiskAverseUCBAgent_1,,,,,,,,,,
balanced_cb_transparent_ratio06_halt10,circuit_breaker,balanced,linear_share,17,10000,5,5,3,0.6,10,0.0,True,7207.491942269537,0.7207491942269536,0.14414983884539073,1.1229675482457708,5000,0.5,0,5000,5000,0.001,0.0005377112340678725,1444.560753527091,RandomAgent_1,1440.3939703882659,EpsilonGreedyAgent_1,1440.3939703882659,UCB_BaselineAgent_1,1441.7492775776475,RiskAverseEpsilonGreedyAgent_1,1440.3939703882659,RiskAverseUCBAgent_1,,,,,,,,,,
balanced_cb_transparent_ratio06_halt10,circuit_breaker,balanced,linear_share,18,10000,5,5,3,0.6,10,0.0,True,7374.092411922293,0.7374092411922293,0.14748184823844585,1.1423732212833193,5000,0.5,0,5000,5000,0.001,0.00041552944082079435,1477.8826348809448,RandomAgent_1,1474.0524442603369,EpsilonGreedyAgent_1,1474.0524442603369,UCB_BaselineAgent_1,1474.0524442603369,RiskAverseEpsilonGreedyAgent_1,1474.0524442603369,RiskAverseUCBAgent_1,,,,,,,,,,
balanced_cb_transparent_ratio06_halt10,circuit_breaker,balanced,linear_share,19,10000,5,5,3,0.6,10,0.0,True,7565.25579104481,0.756525579104481,0.1513051158208962,1.158303994026476,5000,0.5,0,5000,5000,0.001,0.0003742881302475354,1515.8827436538354,RandomAgent_1,1512.3432618477439,EpsilonGreedyAgent_1,1512.3432618477439,UCB_BaselineAgent_1,1512.3432618477439,RiskAverseEpsilonGreedyAgent_1,1512.3432618477439,RiskAverseUCBAgent_1,,,,,,,,,,
balanced_cb_transparent_ratio06_halt10,circuit_breaker,balanced,linear_share,20,10000,5,5,3,0.6,10,0.0,True,7494.426585061085,0.7494426585061085,0.14988853170122168,1.1610951676566688,5000,0.5,0,5000,5000,0.001,0.0006526295153215234,1502.5903902894497,RandomAgent_1,1499.4415620836435,EpsilonGreedyAgent_1,1497.4648775626638,UCB_BaselineAgent_1,1497.4648775626638,RiskAverseEpsilonGreedyAgent_1,1497.4648775626638,RiskAverseUCBAgent_1,,,,,,,,,,
balanced_cb_transparent_ratio06_halt10,circuit_breaker,balanced,linear_share,21,10000,5,5,3,0.6,10,0.0,True,7600.254413583015,0.7600254413583015,0.1520050882716603,1.1651847347811908,5000,0.5,0,5000,5000,0.001,0.00021473883896394597,1521.1318290488318,RandomAgent_1,1520.469550479015,EpsilonGreedyAgent_1,1519.5510113517228,UCB_BaselineAgent_1,1519.5510113517228,RiskAverseEpsilonGreedyAgent_1,1519.5510113517228,RiskAverseUCBAgent_1,,,,,,,,,,
balanced_cb_transparent_ratio06_halt10,circuit_breaker,balanced,linear_share,22,10000,5,5,3,0.6,10,0.0,True,7543.23863864535,0.754323863864535,0.150864772772907,1.1565385169038576,5001,0.5001,0,5000,5000,0.001,0.00032750083610944003,1509.5484105425646,RandomAgent_1,1507.861424927257,EpsilonGreedyAgent_1,1507.861424927257,UCB_BaselineAgent_1,1510.105953321014,RiskAverseEpsilonGreedyAgent_1,1507.861424927257,RiskAverseUCBAgent_1,,,,,,,,,,
balanced_cb_transparent_ratio06_halt10,circuit_breaker,balanced,linear_share,23,10000,5,5,3,0.6,10,0.0,True,7512.307350289593,0.7512307350289593,0.15024614700579186,1.1516220280383007,5000,0.5,0,5000,5000,0.001,0.0005327892436610693,1506.1624546203632,RandomAgent_1,1501.4106022552808,EpsilonGreedyAgent_1,1501.4106022552808,UCB_BaselineAgent_1,1501.913088903388,RiskAverseEpsilonGreedyAgent_1,1501.4106022552808,RiskAverseUCBAgent_1,,,,,,,,,,
balanced_cb_transparent_ratio06_halt10,circuit_breaker,balanced,linear_share,24,10000,5,5,3,0.6,10,0.0,True,7686.236886680435,0.7686236886680435,0.1537247377336087,1.179323380350101,5000,0.5,0,5000,5000,0.001,0.00029810925360163054,1539.5387156773797,RandomAgent_1,1536.674542750764,EpsilonGreedyAgent_1,1536.674542750764,UCB_BaselineAgent_1,1536.674542750764,RiskAverseEpsilonGreedyAgent_1,1536.674542750764,RiskAverseUCBAgent_1,,,,,,,,,,
balanced_cb_transparent_ratio06_halt10,circuit_breaker,balanced,linear_share,25,10000,5,5,3,0.6,10,0.0,True,7506.863240834999,0.7506863240834999,0.15013726481669998,1.1563031702124456,5002,0.5002,0,5000,5000,0.001,0.0009047596088092025,1507.2253753042608,RandomAgent_1,1499.5181415860595,EpsilonGreedyAgent_1,1499.5181415860595,UCB_BaselineAgent_1,1501.0834407725592,RiskAverseEpsilonGreedyAgent_1,1499.5181415860595,RiskAverseUCBAgent_1,,,,,,,,,,
balanced_cb_transparent_ratio06_halt10,circuit_breaker,balanced,linear_share,26,10000,5,5,3,0.6,10,0.0,True,7420.266191068985,0.7420266191068985,0.1484053238213797,1.1328999232129628,5000,0.5,0,5000,5000,0.001,0.0006806536021541909,1488.4711935041573,RandomAgent_1,1483.739593918123,EpsilonGreedyAgent_1,1482.6851345489015,UCB_BaselineAgent_1,1482.6851345489015,RiskAverseEpsilonGreedyAgent_1,1482.6851345489015,RiskAverseUCBAgent_1,,,,,,,,,,
balanced_cb_transparent_ratio06_halt10,circuit_breaker,balanced,linear_share,27,10000,5,5,3,0.6,10,0.0,True,7603.639439926355,0.7603639439926355,0.15207278879852712,1.1665763020299444,5000,0.5,0,5000,5000,0.001,0.0003827975699166597,1523.1376896020768,RandomAgent_1,1519.916748796353,EpsilonGreedyAgent_1,1519.916748796353,UCB_BaselineAgent_1,1520.75150393522,RiskAverseEpsilonGreedyAgent_1,1519.916748796353,RiskAverseUCBAgent_1,,,,,,,,,,
balanced_cb_transparent_ratio06_halt10,circuit_breaker,balanced,linear_share,28,10000,5,5,3,0.6,10,0.0,True,7568.463779581307,0.7568463779581307,0.15136927559162613,1.1553497237507064,5001,0.5001,0,5000,5000,0.001,0.00020911004870693972,1514.6253967601192,RandomAgent_1,1513.1887619612442,EpsilonGreedyAgent_1,1513.1887619612442,UCB_BaselineAgent_1,1514.2720969374554,RiskAverseEpsilonGreedyAgent_1,1513.1887619612442,RiskAverseUCBAgent_1,,,,,,,,,,
balanced_cb_transparent_ratio06_halt10,circuit_breaker,balanced,linear_share,29,10000,5,5,3,0.6,10,0.0,True,7640.455687412481,0.7640455687412481,0.15280911374824963,1.1573197400405526,5002,0.5002,0,5000,5000,0.001,0.0008233344177415169,1533.2301309694044,RandomAgent_1,1528.2459599204765,EpsilonGreedyAgent_1,1526.3265321742,UCB_BaselineAgent_1,1526.3265321742,RiskAverseEpsilonGreedyAgent_1,1526.3265321742,RiskAverseUCBAgent_1,,,,,,,,,,
balanced_cb_opaque_ratio08_halt3,circuit_breaker,balanced,linear_share,0,10000,5,5,4,0.8,3,0.0,False,64769.033672286074,6.476903367228608,1.2953806734457214,2.63689101073942,8806,0.8806,20,7,0,4.9979,0.1374716396267266,8690.08650824976,RandomAgent_1,15336.096392562948,EpsilonGreedyAgent_1,17302.66365406037,UCB_BaselineAgent_1,10301.48754426456,RiskAverseEpsilonGreedyAgent_1,13138.699573148435,RiskAverseUCBAgent_1,,,,,,,,,,
balanced_cb_opaque_ratio08_halt3,circuit_breaker,balanced,linear_share,1,10000,5,5,4,0.8,3,0.0,False,64748.67338574029,6.474867338574029,1.2949734677148057,2.6795211668714844,8921,0.8921,7,4,0,4.9988,0.1319239058176569,8767.665736819301,RandomAgent_1,10400.145602629105,EpsilonGreedyAgent_1,15705.284105467055,UCB_BaselineAgent_1,16792.46884734861,RiskAverseEpsilonGreedyAgent_1,13083.109093476214,RiskAverseUCBAgent_1,,,,,,,,,,
balanced_cb_opaque_ratio08_halt3,circuit_breaker,balanced,linear_share,2,10000,5,5,4,0.8,3,0.0,False,65145.67679547497,6.514567679547497,1.3029135359094994,2.651362466510799,8886,0.8886,12,6,0,4.9982,0.14000612988878225,8639.723618041491,RandomAgent_1,12804.118534204572,EpsilonGreedyAgent_1,15920.960589287008,UCB_BaselineAgent_1,10467.092081096045,RiskAverseEpsilonGreedyAgent_1,17313.781972845853,RiskAverseUCBAgent_1,,,,,,,,,,
balanced_cb_opaque_ratio08_halt3,circuit_breaker,balanced,linear_share,3,10000,5,5,4,0.8,3,0.0,False,64436.11615231161,6.443611615231161,1.2887223230462321,2.6928018710469743,9003,0.9003,18,6,0,4.9982,0.13070232992187458,8748.736456768193,RandomAgent_1,12835.647385459699,EpsilonGreedyAgent_1,15766.658629410067,UCB_BaselineAgent_1,16623.588081786376,RiskAverseEpsilonGreedyAgent_1,10461.485598887277,RiskAverseUCBAgent_1,,,,,,,,,,
balanced_cb_opaque_ratio08_halt3,circuit_breaker,balanced,linear_share,4,10000,5,5,4,0.8,3,0.0,False,64713.279745544234,6.471327974554423,1.2942655949108848,2.6781857348043605,8863,0.8863,18,6,0,4.9982,0.13424857598276563,8707.511749306694,RandomAgent_1,16837.875430024338,EpsilonGreedyAgent_1,15904.94582589117,UCB_BaselineAgent_1,12816.437685529741,RiskAverseEpsilonGreedyAgent_1,10446.509054792292,RiskAverseUCBAgent_1,,,,,,,,,,
balanced_cb_opaque_ratio08_halt3,circuit_breaker,balanced,linear_share,5,10000,5,5,4,0.8,3,0.0,False,64729.21700650197,6.472921700650197,1.2945843401300394,2.6584267968372055,8910,0.891,10,6,0,4.9982,0.13712993322262101,8737.85198393087,RandomAgent_1,15442.858335840037,EpsilonGreedyAgent_1,17306.081120830495,UCB_BaselineAgent_1,12853.891970396657,RiskAverseEpsilonGreedyAgent_1,10388.533595503908,RiskAverseUCBAgent_1,,,,,,,,,,
balanced_cb_opaque_ratio08_halt3,circuit_breaker,balanced,linear_share,6,10000,5,5,4,0.8,3,0.0,False,65321.56305346817,6.532156305346817,1.3064312610693634,2.657495103107724,8767,0.8767,13,6,0,4.9982,0.14136605125025925,8645.583891969178,RandomAgent_1,10446.452799134959,EpsilonGreedyAgent_1,15710.682456444267,UCB_BaselineAgent_1,12962.560554650718,RiskAverseEpsilonGreedyAgent_1,17556.28335126905,RiskAverseUCBAgent_1,,,,,,,,,,
balanced_cb_opaque_ratio08_halt3,circuit_breaker,balanced,linear_share,7,10000,5,5,4,0.8,3,0.0,False,65183.30648042904,6.518330648042904,1.3036661296085807,2.654403698287489,8824,0.8824,13,5,0,4.9985,0.13793312800599278,8694.514594240887,RandomAgent_1,15574.663045698453,EpsilonGreedyAgent_1,17403.647968924568,UCB_BaselineAgent_1,10515.58640351862,RiskAverseEpsilonGreedyAgent_1,12994.894468046512,RiskAverseUCBAgent_1,,,,,,,,,,
balanced_cb_opaque_ratio08_halt3,circuit_breaker,balanced,linear_share,8,10000,5,5,4,0.8,3,0.0,False,64918.76910147822,6.4918769101478215,1.2983753820295643,2.7129463033447636,8901,0.8901,7,5,0,4.9985,0.1332039962084932,8702.524122349561,RandomAgent_1,16882.026561260558,EpsilonGreedyAgent_1,15760.206423094509,UCB_BaselineAgent_1,10500.612617783108,RiskAverseEpsilonGreedyAgent_1,13073.399376990483,RiskAverseUCBAgent_1,,,,,,,,,,
balanced_cb_opaque_ratio08_halt3,circuit_breaker,balanced,linear_share,9,10000,5,5,4,0.8,3,0.0,False,64623.18547418175,6.4623185474181755,1.292463709483635,2.6747261516164045,8907,0.8907,25,12,0,4.9964,0.13608760310700685,8665.206907880849,RandomAgent_1,12756.228337664503,EpsilonGreedyAgent_1,15815.13902880866,UCB_BaselineAgent_1,16962.640675861046,RiskAverseEpsilonGreedyAgent_1,10423.970523966693,RiskAverseUCBAgent_1,,,,,,,,,,
balanced_cb_opaque_ratio08_halt3,circuit_breaker,balanced,linear_share,10,10000,5,5,4,0.8,3,0.0,False,64609.83400283739,6.460983400283739,1.292196680056748,2.638300559342319,8872,0.8872,11,8,0,4.9976,0.13464124282795065,8676.446495071603,RandomAgent_1,15093.737274668858,EpsilonGreedyAgent_1,17271.947658475554,UCB_BaselineAgent_1,13030.833845768659,RiskAverseEpsilonGreedyAgent_1,10536.868728852722,RiskAverseUCBAgent_1,,,,,,,,,,
balanced_cb_opaque_ratio08_halt3,circuit_breaker,balanced,linear_share,11,10000,5,5,4,0.8,3,0.0,False,64904.992581622995,6.490499258162299,1.29809985163246,2.656928169947101,8911,0.8911,19,8,0,4.9976,0.13533396871827175,8741.3293537039,RandomAgent_1,12718.145880811386,EpsilonGreedyAgent_1,16064.850783407779,UCB_BaselineAgent_1,16919.366692317504,RiskAverseEpsilonGreedyAgent_1,10461.299871382425,RiskAverseUCBAgent_1,,,,,,,,,,
balanced_cb_opaque_ratio08_halt3,circuit_breaker,balanced,linear_share,12,10000,5,5,4,0.8,3,0.0,False,65182.68885993953,6.518268885993953,1.3036537771987906,2.6058946231167295,8791,0.8791,13,4,0,4.9988,0.1369743645918029,8787.158879425584,RandomAgent_1,15645.952170647559,EpsilonGreedyAgent_1,17349.578749624336,UCB_BaselineAgent_1,10449.898438606584,RiskAverseEpsilonGreedyAgent_1,12950.100621635473,RiskAverseUCBAgent_1,,,,,,,,,,
balanced_cb_opaque_ratio08_halt3,circuit_breaker,balanced,linear_share,13,10000,5,5,4,0.8,3,0.0,False,64705.946695927065,6.470594669592707,1.2941189339185413,2.612369724250801,8903,0.8903,15,7,0,4.9979,0.1380852983420493,8667.555541132697,RandomAgent_1,15325.19337233451,EpsilonGreedyAgent_1,17396.40269666192,UCB_BaselineAgent_1,12871.257287434553,RiskAverseEpsilonGreedyAgent_1,10445.537798363386,RiskAverseUCBAgent_1,,,,,,,,,,
balanced_cb_opaque_ratio08_halt3,circuit_breaker,balanced,linear_share,14,10000,5,5,4,0.8,3,0.0,False,64917.45173771403,6.4917451737714025,1.2983490347542805,2.682050033727794,8946,0.8946,16,8,0,4.9976,0.1312615960551169,8843.277194288243,RandomAgent_1,16692.99593747921,EpsilonGreedyAgent_1,16121.35714144602,UCB_BaselineAgent_1,12741.947653980988,RiskAverseEpsilonGreedyAgent_1,10517.873810519568,RiskAverseUCBAgent_1,,,,,,,,,,
balanced_cb_opaque_ratio08_halt3,circuit_breaker,balanced,linear_share,15,10000,5,5,4,0.8,3,0.0,False,64337.52828673798,6.433752828673798,1.2867505657347595,2.702437011259648,8881,0.8881,15,8,0,4.9976,0.13354905091420521,8670.271266518064,RandomAgent_1,16825.82702772102,EpsilonGreedyAgent_1,15577.035065504395,UCB_BaselineAgent_1,12856.787941233419,RiskAverseEpsilonGreedyAgent_1,10407.60698576108,RiskAverseUCBAgent_1,,,,,,,,,,
balanced_cb_opaque_ratio08_halt3,circuit_breaker,balanced,linear_share,16,10000,5,5,4,0.8,3,0.0,False,64538.5188736679,6.45385188736679,1.2907703774733579,2.632879711649228,9008,0.9008,10,7,0,4.9979,0.13826141759484356,8695.956216836566,RandomAgent_1,15115.817539372263,EpsilonGreedyAgent_1,17468.537719723725,UCB_BaselineAgent_1,12905.194624950997,RiskAverseEpsilonGreedyAgent_1,10353.012772784343,RiskAverseUCBAgent_1,,,,,,,,,,
balanced_cb_opaque_ratio08_halt3,circuit_breaker,balanced,linear_share,17,10000,5,5,4,0.8,3,0.0,False,64016.40559732177,6.401640559732177,1.2803281119464354,2.578072739537423,8941,0.8941,10,4,0,4.9988,0.1322146535856652,8857.614380696148,RandomAgent_1,14326.887168659367,EpsilonGreedyAgent_1,17500.75219849781,UCB_BaselineAgent_1,12877.756269829108,RiskAverseEpsilonGreedyAgent_1,10453.39557963934,RiskAverseUCBAgent_1,,,,,,,,,,
balanced_cb_opaque_ratio08_halt3,circuit_breaker,balanced,linear_share,18,10000,5,5,4,0.8,3,0.0,False,64658.75567865401,6.4658755678654005,1.2931751135730802,2.6322558230771844,8847,0.8847,9,4,0,4.9988,0.14036529467340397,8614.204971313737,RandomAgent_1,15364.554942020013,EpsilonGreedyAgent_1,17464.775512296535,UCB_BaselineAgent_1,12839.137464162855,RiskAverseEpsilonGreedyAgent_1,10376.082788860871,RiskAverseUCBAgent_1,,,,,,,,,,
balanced_cb_opaque_ratio08_halt3,circuit_breaker,balanced,linear_share,19,10000,5,5,4,0.8,3,0.0,False,63668.45028893179,6.366845028893179,1.2733690057786358,2.6311114663076696,8852,0.8852,8,5,0,4.9985,0.1342941049624875,8737.806004376638,RandomAgent_1,14636.738448084849,EpsilonGreedyAgent_1,17322.454716961656,UCB_BaselineAgent_1,10430.292008503076,RiskAverseEpsilonGreedyAgent_1,12541.159111005569,RiskAverseUCBAgent_1,,,,,,,,,,
balanced_cb_opaque_ratio08_halt3,circuit_breaker,balanced,linear_share,20,10000,5,5,4,0.8,3,0.0,False,64918.625051737676,6.491862505173768,1.2983725010347535,2.693782964050219,8840,0.884,26,10,0,4.997,0.13260811209755485,8654.897189831518,RandomAgent_1,16714.317057638378,EpsilonGreedyAgent_1,15870.308303731894,UCB_BaselineAgent_1,10467.307269145727,RiskAverseEpsilonGreedyAgent_1,13211.79523139016,RiskAverseUCBAgent_1,,,,,,,,,,
balanced_cb_opaque_ratio08_halt3,circuit_breaker,balanced,linear_share,21,10000,5,5,4,0.8,3,0.0,False,64362.332330184116,6.436233233018411,1.2872466466036823,2.685501136150618,8776,0.8776,19,9,0,4.9973,0.13068697198633616,8725.700165864218,RandomAgent_1,16692.986512019757,EpsilonGreedyAgent_1,15591.022673679541,UCB_BaselineAgent_1,12855.323418155032,RiskAverseEpsilonGreedyAgent_1,10497.29956046557,RiskAverseUCBAgent_1,,,,,,,,,,
balanced_cb_opaque_ratio08_halt3,circuit_breaker,balanced,linear_share,22,10000,5,5,4,0.8,3,0.0,False,64964.39720610132,6.496439720610132,1.2992879441220264,2.6206618117112934,8879,0.8879,18,10,0,4.997,0.13359088600849378,8755.603740129018,RandomAgent_1,10417.856785629143,EpsilonGreedyAgent_1,15938.364665527772,UCB_BaselineAgent_1,16843.664027393203,RiskAverseEpsilonGreedyAgent_1,13008.907987422182,RiskAverseUCBAgent_1,,,,,,,,,,
balanced_cb_opaque_ratio08_halt3,circuit_breaker,balanced,linear_share,23,10000,5,5,4,0.8,3,0.0,False,64711.58755050267,6.471158755050267,1.2942317510100534,2.6916631016864487,9056,0.9056,10,3,0,4.9991,0.12560031797994942,8815.569754477603,RandomAgent_1,16263.767646279422,EpsilonGreedyAgent_1,16096.58845910518,UCB_BaselineAgent_1,12862.167381257823,RiskAverseEpsilonGreedyAgent_1,10673.494309382644,RiskAverseUCBAgent_1,,,,,,,,,,
balanced_cb_opaque_ratio08_halt3,circuit_breaker,balanced,linear_share,24,10000,5,5,4,0.8,3,0.0,False,64568.27534436481,6.456827534436481,1.2913655068872962,2.6684971692270874,8870,0.887,26,7,0,4.9979,0.1347901797293689,8650.861690722622,RandomAgent_1,12959.167492168846,EpsilonGreedyAgent_1,15582.669053462514,UCB_BaselineAgent_1,16950.851677399773,RiskAverseEpsilonGreedyAgent_1,10424.725430611054,RiskAverseUCBAgent_1,,,,,,,,,,
balanced_cb_opaque_ratio08_halt3,circuit_breaker,balanced,linear_share,25,10000,5,5,4,0.8,3,0.0,False,65007.78682165509,6.500778682165509,1.3001557364331018,2.653479820643528,8819,0.8819,13,4,0,4.9988,0.13818947066405785,8763.126076290633,RandomAgent_1,15528.459849282426,EpsilonGreedyAgent_1,17473.77288955364,UCB_BaselineAgent_1,12751.15365553605,RiskAverseEpsilonGreedyAgent_1,10491.274350992346,RiskAverseUCBAgent_1,,,,,,,,,,
balanced_cb_opaque_ratio08_halt3,circuit_breaker,balanced,linear_share,26,10000,5,5,4,0.8,3,0.0,False,64818.72556716885,6.481872556716885,1.296374511343377,2.6712120141201567,8951,0.8951,16,7,0,4.9979,0.13606816726572202,8712.177482499501,RandomAgent_1,12770.884959433388,EpsilonGreedyAgent_1,15924.584539331574,UCB_BaselineAgent_1,16986.753997544314,RiskAverseEpsilonGreedyAgent_1,10424.324588360072,RiskAverseUCBAgent_1,,,,,,,,,,
balanced_cb_opaque_ratio08_halt3,circuit_breaker,balanced,linear_share,27,10000,5,5,4,0.8,3,0.0,False,64525.59403332804,6.4525594033328035,1.2905118806665608,2.674439304425192,8923,0.8923,13,9,0,4.9973,0.13399478661926145,8685.417339639065,RandomAgent_1,12884.111652543286,EpsilonGreedyAgent_1,15721.247168124979,UCB_BaselineAgent_1,16833.21279803869,RiskAverseEpsilonGreedyAgent_1,10401.605074982017,RiskAverseUCBAgent_1,,,,,,,,,,
balanced_cb_opaque_ratio08_halt3,circuit_breaker,balanced,linear_share,28,10000,5,5,4,0.8,3,0.0,False,64918.46865291552,6.491846865291552,1.2983693730583103,2.644201930588264,8882,0.8882,21,9,0,4.9973,0.13389333446580243,8748.449750837739,RandomAgent_1,12924.860920071811,EpsilonGreedyAgent_1,15917.059267209557,UCB_BaselineAgent_1,16879.438180047888,RiskAverseEpsilonGreedyAgent_1,10448.66053474853,RiskAverseUCBAgent_1,,,,,,,,,,
balanced_cb_opaque_ratio08_halt3,circuit_breaker,balanced,linear_share,29,10000,5,5,4,0.8,3,0.0,False,64368.08475819377,6.436808475819377,1.2873616951638753,2.662905031805726,8871,0.8871,14,7,0,4.9979,0.13283877523222776,8612.036160298596,RandomAgent_1,16597.874122966467,EpsilonGreedyAgent_1,15785.034591119005,UCB_BaselineAgent_1,12992.873225661666,RiskAverseEpsilonGreedyAgent_1,10380.26665814804,RiskAverseUCBAgent_1,,,,,,,,,,
balanced_cb_transparent_ratio08_halt3,circuit_breaker,balanced,linear_share,0,10000,5,5,4,0.8,3,0.0,True,64896.703858369845,6.489670385836985,1.2979340771673968,2.635470276542292,8815,0.8815,0,9,0,4.9973,0.13769611555096728,8722.258057813753,RandomAgent_1,15564.95657955396,EpsilonGreedyAgent_1,17339.879828920155,UCB_BaselineAgent_1,12809.469353712708,RiskAverseEpsilonGreedyAgent_1,10460.140038369267,RiskAverseUCBAgent_1,,,,,,,,,,
balanced_cb_transparent_ratio08_halt3,circuit_breaker,balanced,linear_share,1,10000,5,5,4,0.8,3,0.0,True,64597.09481721969,6.459709481721969,1.2919418963443938,2.663534066435722,8821,0.8821,0,5,0,4.9985,0.13374224443155636,8712.240595928004,RandomAgent_1,16918.666406142383,EpsilonGreedyAgent_1,15654.14651486526,UCB_BaselineAgent_1,10468.597023761475,RiskAverseEpsilonGreedyAgent_1,12843.444276522563,RiskAverseUCBAgent_1,,,,,,,,,,
balanced_cb_transparent_ratio08_halt3,circuit_breaker,balanced,linear_share,2,10000,5,5,4,0.8,3,0.0,True,64947.887723169,6.4947887723169,1.29895775446338,2.602427497575775,8880,0.888,0,10,0,4.997,0.14208481147451835,8538.68385350975,RandomAgent_1,15204.802109466451,EpsilonGreedyAgent_1,17699.87075765447,UCB_BaselineAgent_1,10456.90496071928,RiskAverseEpsilonGreedyAgent_1,13047.62604181905,RiskAverseUCBAgent_1,,,,,,,,,,
balanced_cb_transparent_ratio08_halt3,circuit_breaker,balanced,linear_share,3,10000,5,5,4,0.8,3,0.0,True,65319.84444800853,6.5319844448008535,1.3063968889601707,2.6120282952918483,8822,0.8822,0,7,0,4.9979,0.14295201650964784,8597.198594412446,RandomAgent_1,15404.493453223045,EpsilonGreedyAgent_1,17815.409152092074,UCB_BaselineAgent_1,10496.90586373397,RiskAverseEpsilonGreedyAgent_1,13005.837384546992,RiskAverseUCBAgent_1,,,,,,,,,,
balanced_cb_transparent_ratio08_halt3,circuit_breaker,balanced,linear_share,4,10000,5,5,4,0.8,3,0.0,True,64899.26894976047,6.489926894976048,1.2979853789952094,2.6821649590812084,8847,0.8847,0,5,0,4.9985,0.1324935022836169,8713.442488815603,RandomAgent_1,16713.83587327118,EpsilonGreedyAgent_1,16005.924766835915,UCB_BaselineAgent_1,10509.882938746674,RiskAverseEpsilonGreedyAgent_1,12956.182882091105,RiskAverseUCBAgent_1,,,,,,,,,,
balanced_cb_transparent_ratio08_halt3,circuit_breaker,balanced,linear_share,5,10000,5,5,4,0.8,3,0.0,True,61369.436016034895,6.136943601603489,1.227388720320698,2.4450773043382807,9105,0.9105,0,12,0,4.9964,0.12272353185055218,9138.733159517578,RandomAgent_1,16843.70707250988,EpsilonGreedyAgent_1,13952.213996920618,UCB_BaselineAgent_1,10533.476983994535,RiskAverseEpsilonGreedyAgent_1,10901.304803092284,RiskAverseUCBAgent_1,,,,,,,,,,
balanced_cb_transparent_ratio08_halt3,circuit_breaker,balanced,linear_share,6,10000,5,5,4,0.8,3,0.0,True,64772.057146340834,6.477205714634083,1.2954411429268167,2.6543939438950117,8881,0.8881,0,13,0,4.9961,0.13756020564836935,8717.892645041267,RandomAgent_1,15400.55548864422,EpsilonGreedyAgent_1,17382.235221353887,UCB_BaselineAgent_1,12817.276903328453,RiskAverseEpsilonGreedyAgent_1,10454.096887973006,RiskAverseUCBAgent_1,,,,,,,,,,
balanced_cb_transparent_ratio08_halt3,circuit_breaker,balanced,linear_share,7,10000,5,5,4,0.8,3,0.0,True,64761.7699724543,6.47617699724543,1.295235399449086,2.6587956478127217,8842,0.8842,0,7,0,4.9979,0.13359861821316943,8712.956313116336,RandomAgent_1,16762.645456318074,EpsilonGreedyAgent_1,15973.764287103388,UCB_BaselineAgent_1,12869.468795807206,RiskAverseEpsilonGreedyAgent_1,10442.935120109292,RiskAverseUCBAgent_1,,,,,,,,,,
balanced_cb_transparent_ratio08_halt3,circuit_breaker,balanced,linear_share,8,10000,5,5,4,0.8,3,0.0,True,64222.255745279996,6.4222255745279995,1.2844451149056,2.7264919439997155,9038,0.9038,0,12,0,4.9964,0.13158547292692346,8687.834335769156,RandomAgent_1,16608.28716003024,EpsilonGreedyAgent_1,15706.369937905563,UCB_BaselineAgent_1,12799.278461838538,RiskAverseEpsilonGreedyAgent_1,10420.485849736504,RiskAverseUCBAgent_1,,,,,,,,,,
balanced_cb_transparent_ratio08_halt3,circuit_breaker,balanced,linear_share,9,10000,5,5,4,0.8,3,0.0,True,64940.071347352874,6.494007134735288,1.2988014269470576,2.6560438692101624,8800,0.88,0,7,0,4.9979,0.14037356159034742,8638.872455367968,RandomAgent_1,15276.313113787006,EpsilonGreedyAgent_1,17600.005517543395,UCB_BaselineAgent_1,10408.906475739897,RiskAverseEpsilonGreedyAgent_1,13015.97378491461,RiskAverseUCBAgent_1,,,,,,,,,,
balanced_cb_transparent_ratio08_halt3,circuit_breaker,balanced,linear_share,10,10000,5,5,4,0.8,3,0.0,True,65309.40442610328,6.530940442610328,1.3061880885220656,2.6132299942918995,8805,0.8805,0,5,0,4.9985,0.1394742771432902,8631.25814117335,RandomAgent_1,15422.099958655414,EpsilonGreedyAgent_1,17589.107518147666,UCB_BaselineAgent_1,10565.343780130157,RiskAverseEpsilonGreedyAgent_1,13101.5950279967,RiskAverseUCBAgent_1,,,,,,,,,,
balanced_cb_transparent_ratio08_halt3,circuit_breaker,balanced,linear_share,11,10000,5,5,4,0.8,3,0.0,True,64785.368792177826,6.478536879217782,1.2957073758435564,2.6726550713642254,8803,0.8803,0,6,0,4.9982,0.13278976712273893,8687.172960629816,RandomAgent_1,16896.30572588012,EpsilonGreedyAgent_1,15584.743003828973,UCB_BaselineAgent_1,10495.923447144412,RiskAverseEpsilonGreedyAgent_1,13121.223654694502,RiskAverseUCBAgent_1,,,,,,,,,,
balanced_cb_transparent_ratio08_halt3,circuit_breaker,balanced,linear_share,12,10000,5,5,4,0.8,3,0.0,True,65343.45344850988,6.534345344850988,1.3068690689701976,2.633595537528053,8767,0.8767,0,10,0,4.997,0.1349470806649391,8741.040718080478,RandomAgent_1,17004.870568288286,EpsilonGreedyAgent_1,16023.578391450304,UCB_BaselineAgent_1,10506.467383261543,RiskAverseEpsilonGreedyAgent_1,13067.496387429268,RiskAverseUCBAgent_1,,,,,,,,,,
balanced_cb_transparent_ratio08_halt3,circuit_breaker,balanced,linear_share,13,10000,5,5,4,0.8,3,0.0,True,64955.12543719169,6.495512543719169,1.2991025087438337,2.6245369547252984,8877,0.8877,0,10,0,4.997,0.1380901994403776,8620.819511438494,RandomAgent_1,15333.855310311073,EpsilonGreedyAgent_1,17465.528550107043,UCB_BaselineAgent_1,10599.107821906828,RiskAverseEpsilonGreedyAgent_1,12935.814243428249,RiskAverseUCBAgent_1,,,,,,,,,,
balanced_cb_transparent_ratio08_halt3,circuit_breaker,balanced,linear_share,14,10000,5,5,4,0.8,3,0.0,True,65062.02045204517,6.5062020452045175,1.3012404090409035,2.6534056592768462,8852,0.8852,0,3,0,4.9991,0.1357294139848204,8760.45901477749,RandomAgent_1,16960.74939600584,EpsilonGreedyAgent_1,16115.856260200513,UCB_BaselineAgent_1,12785.593529965337,RiskAverseEpsilonGreedyAgent_1,10439.362251095994,RiskAverseUCBAgent_1,,,,,,,,,,
balanced_cb_transparent_ratio08_halt3,circuit_breaker,balanced,linear_share,15,10000,5,5,4,0.8,3,0.0,True,64282.82417476257,6.428282417476257,1.2856564834952515,2.7002848732925377,8935,0.8935,0,10,0,4.997,0.13142919481096094,8711.85295232685,RandomAgent_1,16674.471436636908,EpsilonGreedyAgent_1,15604.478483211677,UCB_BaselineAgent_1,12883.905404414401,RiskAverseEpsilonGreedyAgent_1,10408.115898172739,RiskAverseUCBAgent_1,,,,,,,,,,
balanced_cb_transparent_ratio08_halt3,circuit_breaker,balanced,linear_share,16,10000,5,5,4,0.8,3,0.0,True,64560.499564109734,6.456049956410974,1.2912099912821946,2.645199408756348,8970,0.897,0,8,0,4.9976,0.1362410187896803,8664.665254738766,RandomAgent_1,12754.473563679056,EpsilonGreedyAgent_1,16071.360385001475,UCB_BaselineAgent_1,16772.480356876335,RiskAverseEpsilonGreedyAgent_1,10297.520003814107,RiskAverseUCBAgent_1,,,,,,,,,,
balanced_cb_transparent_ratio08_halt3,circuit_breaker,balanced,linear_share,17,10000,5,5,4,0.8,3,0.0,True,64843.57727494577,6.484357727494577,1.2968715454989153,2.657896673117114,8944,0.8944,0,7,0,4.9979,0.13434720162676173,8746.744887939074,RandomAgent_1,12867.337480261118,EpsilonGreedyAgent_1,15716.199599985077,UCB_BaselineAgent_1,17023.156119515905,RiskAverseEpsilonGreedyAgent_1,10490.139187244595,RiskAverseUCBAgent_1,,,,,,,,,,
balanced_cb_transparent_ratio08_halt3,circuit_breaker,balanced,linear_share,18,10000,5,5,4,0.8,3,0.0,True,64820.27826600649,6.482027826600649,1.2964055653201298,2.644667297100991,8859,0.8859,0,6,0,4.9982,0.13632903548932918,8686.655408554188,RandomAgent_1,12883.90960019367,EpsilonGreedyAgent_1,15573.845969647595,UCB_BaselineAgent_1,10486.684895791615,RiskAverseEpsilonGreedyAgent_1,17189.182391819424,RiskAverseUCBAgent_1,,,,,,,,,,
balanced_cb_transparent_ratio08_halt3,circuit_breaker,balanced,linear_share,19,10000,5,5,4,0.8,3,0.0,True,64736.285963816415,6.473628596381642,1.2947257192763284,2.7104228767367102,8843,0.8843,0,10,0,4.997,0.13352299702995074,8690.932497405336,RandomAgent_1,16841.20918634105,EpsilonGreedyAgent_1,15757.228085531735,UCB_BaselineAgent_1,10448.324167211427,RiskAverseEpsilonGreedyAgent_1,12998.592027326866,RiskAverseUCBAgent_1,,,,,,,,,,
balanced_cb_transparent_ratio08_halt3,circuit_breaker,balanced,linear_share,20,10000,5,5,4,0.8,3,0.0,True,64138.408306112266,6.4138408306112265,1.2827681661222452,2.609637593028966,8806,0.8806,0,8,0,4.9976,0.1360530242347655,8773.976595191785,RandomAgent_1,14624.444904443842,EpsilonGreedyAgent_1,17454.203630506356,UCB_BaselineAgent_1,10169.337925946043,RiskAverseEpsilonGreedyAgent_1,13116.44525002424,RiskAverseUCBAgent_1,,,,,,,,,,
balanced_cb_transparent_ratio08_halt3,circuit_breaker,balanced,linear_share,21,10000,5,5,4,0.8,3,0.0,True,64438.08218422864,6.4438082184228636,1.2887616436845728,2.6723713038731622,8873,0.8873,0,15,0,4.9955,0.13325556260917404,8704.270389221545,RandomAgent_1,16907.46069796601,EpsilonGreedyAgent_1,15531.62700308161,UCB_BaselineAgent_1,12823.548710677876,RiskAverseEpsilonGreedyAgent_1,10471.175383281594,RiskAverseUCBAgent_1,,,,,,,,,,
balanced_cb_transparent_ratio08_halt3,circuit_breaker,balanced,linear_share,22,10000,5,5,4,0.8,3,0.0,True,64629.4553386324,6.462945533863239,1.292589106772648,2.667257122752081,8990,0.899,0,10,0,4.997,0.13267761076878037,8807.495272302325,RandomAgent_1,12823.615184895998,EpsilonGreedyAgent_1,15657.417653021048,UCB_BaselineAgent_1,16911.901473013328,RiskAverseEpsilonGreedyAgent_1,10429.0257553997,RiskAverseUCBAgent_1,,,,,,,,,,
balanced_cb_transparent_ratio08_halt3,circuit_breaker,balanced,linear_share,23,10000,5,5,4,0.8,3,0.0,True,64476.60629023318,6.447660629023319,1.2895321258046637,2.681953760418929,9043,0.9043,0,6,0,4.9982,0.12382817640794141,8871.310203067333,RandomAgent_1,16250.899911838293,EpsilonGreedyAgent_1,15860.209090645649,UCB_BaselineAgent_1,12834.850021225271,RiskAverseEpsilonGreedyAgent_1,10659.337063456636,RiskAverseUCBAgent_1,,,,,,,,,,
balanced_cb_transparent_ratio08_halt3,circuit_breaker,balanced,linear_share,24,10000,5,5,4,0.8,3,0.0,True,64811.38765238751,6.481138765238751,1.2962277530477502,2.670849221717535,8842,0.8842,0,10,0,4.997,0.13515677429316453,8739.72185852744,RandomAgent_1,12890.641879604605,EpsilonGreedyAgent_1,15757.095332745997,UCB_BaselineAgent_1,17015.17406573988,RiskAverseEpsilonGreedyAgent_1,10408.75451576958,RiskAverseUCBAgent_1,,,,,,,,,,
balanced_cb_transparent_ratio08_halt3,circuit_breaker,balanced,linear_share,25,10000,5,5,4,0.8,3,0.0,True,65094.66342777907,6.509466342777907,1.3018932685555815,2.7002817705131106,8831,0.8831,0,8,0,4.9976,0.1354882319615085,8821.229101649467,RandomAgent_1,17163.625026452883,EpsilonGreedyAgent_1,15811.757281308594,UCB_BaselineAgent_1,12850.405032350889,RiskAverseEpsilonGreedyAgent_1,10447.646986017236,RiskAverseUCBAgent_1,,,,,,,,,,
balanced_cb_transparent_ratio08_halt3,circuit_breaker,balanced,linear_share,26,10000,5,5,4,0.8,3,0.0,True,64886.37748802705,6.488637748802705,1.297727549760541,2.6386980838754326,8757,0.8757,0,7,0,4.9979,0.13714208245886939,8576.330641424733,RandomAgent_1,17030.60956434263,EpsilonGreedyAgent_1,15792.296593356254,UCB_BaselineAgent_1,10454.222109391218,RiskAverseEpsilonGreedyAgent_1,13032.918579512218,RiskAverseUCBAgent_1,,,,,,,,,,
balanced_cb_transparent_ratio08_halt3,circuit_breaker,balanced,linear_share,27,10000,5,5,4,0.8,3,0.0,True,64719.12000907036,6.471912000907036,1.294382400181407,2.672226774904449,8913,0.8913,0,19,0,4.9943,0.1319343775539168,8767.396699900855,RandomAgent_1,16715.676259046766,EpsilonGreedyAgent_1,15872.694405585284,UCB_BaselineAgent_1,12940.79115624515,RiskAverseEpsilonGreedyAgent_1,10422.5614882923,RiskAverseUCBAgent_1,,,,,,,,,,
balanced_cb_transparent_ratio08_halt3,circuit_breaker,balanced,linear_share,28,10000,5,5,4,0.8,3,0.0,True,64134.00508611615,6.413400508611615,1.282680101722323,2.654675131668866,8859,0.8859,0,8,0,4.9976,0.13092099711156813,8692.893287876243,RandomAgent_1,15077.022313270616,EpsilonGreedyAgent_1,12981.296111692001,UCB_BaselineAgent_1,16894.25912411364,RiskAverseEpsilonGreedyAgent_1,10488.534249163653,RiskAverseUCBAgent_1,,,,,,,,,,
balanced_cb_transparent_ratio08_halt3,circuit_breaker,balanced,linear_share,29,10000,5,5,4,0.8,3,0.0,True,64579.18577607914,6.457918577607914,1.2915837155215828,2.610762897359793,8935,0.8935,0,9,0,4.9973,0.13893566495885312,8636.026516013217,RandomAgent_1,15271.917347275596,EpsilonGreedyAgent_1,17397.119701989137,UCB_BaselineAgent_1,12910.898787325954,RiskAverseEpsilonGreedyAgent_1,10363.223423475238,RiskAverseUCBAgent_1,,,,,,,,,,
balanced_cb_opaque_ratio08_halt5,circuit_breaker,balanced,linear_share,0,10000,5,5,4,0.8,5,0.0,False,64937.46993754446,6.4937469937544465,1.2987493987508891,2.6546950202717516,8740,0.874,30,6,0,4.997,0.13243712733964474,8704.884832001431,RandomAgent_1,16820.918799184896,EpsilonGreedyAgent_1,15802.025925875227,UCB_BaselineAgent_1,10533.763922159873,RiskAverseEpsilonGreedyAgent_1,13075.876458323037,RiskAverseUCBAgent_1,,,,,,,,,,
balanced_cb_opaque_ratio08_halt5,circuit_breaker,balanced,linear_share,1,10000,5,5,4,0.8,5,0.0,False,64569.09453000482,6.456909453000482,1.2913818906000964,2.6062800679789007,8929,0.8929,9,3,0,4.9985,0.13876708355900735,8673.779674302237,RandomAgent_1,15319.781617696613,EpsilonGreedyAgent_1,17385.36060160664,UCB_BaselineAgent_1,12847.391504030462,RiskAverseEpsilonGreedyAgent_1,10342.781132368862,RiskAverseUCBAgent_1,,,,,,,,,,
balanced_cb_opaque_ratio08_halt5,circuit_breaker,balanced,linear_share,2,10000,5,5,4,0.8,5,0.0,False,62060.93937099761,6.2060939370997605,1.241218787419952,2.466982364165568,8861,0.8861,28,7,0,4.9965,0.13337786632491944,9030.547649443875,RandomAgent_1,13954.641252670917,EpsilonGreedyAgent_1,17363.62159461163,UCB_BaselineAgent_1,9926.899954446806,RiskAverseEpsilonGreedyAgent_1,11785.228919824374,RiskAverseUCBAgent_1,,,,,,,,,,
balanced_cb_opaque_ratio08_halt5,circuit_breaker,balanced,linear_share,3,10000,5,5,4,0.8,5,0.0,False,64604.30750326035,6.460430750326035,1.292086150065207,2.671679383463806,8808,0.8808,22,5,0,4.9975,0.13467724230016898,8657.050563163955,RandomAgent_1,16988.321370470403,EpsilonGreedyAgent_1,15559.543194743072,UCB_BaselineAgent_1,10470.259871227956,RiskAverseEpsilonGreedyAgent_1,12929.132503654964,RiskAverseUCBAgent_1,,,,,,,,,,
balanced_cb_opaque_ratio08_halt5,circuit_breaker,balanced,linear_share,4,10000,5,5,4,0.8,5,0.0,False,63928.33560054589,6.392833560054589,1.2785667120109179,2.6368323740348765,9017,0.9017,42,8,0,4.996,0.1272272334854192,8794.41320369247,RandomAgent_1,15034.257675689112,EpsilonGreedyAgent_1,13018.513427831203,UCB_BaselineAgent_1,16656.427741497046,RiskAverseEpsilonGreedyAgent_1,10424.723551836061,RiskAverseUCBAgent_1,,,,,,,,,,
balanced_cb_opaque_ratio08_halt5,circuit_breaker,balanced,linear_share,5,10000,5,5,4,0.8,5,0.0,False,64829.259014396965,6.482925901439696,1.2965851802879393,2.662327286047844,8923,0.8923,30,7,0,4.9965,0.137735101373889,8660.165297698233,RandomAgent_1,17151.623179300506,EpsilonGreedyAgent_1,15761.441298367043,UCB_BaselineAgent_1,12834.833583314776,RiskAverseEpsilonGreedyAgent_1,10421.195655716407,RiskAverseUCBAgent_1,,,,,,,,,,
balanced_cb_opaque_ratio08_halt5,circuit_breaker,balanced,linear_share,6,10000,5,5,4,0.8,5,0.0,False,64493.398107440094,6.44933981074401,1.2898679621488018,2.663092134497118,8855,0.8855,34,9,0,4.9955,0.13171825887097754,8692.758373295175,RandomAgent_1,16718.764150627772,EpsilonGreedyAgent_1,15689.80347466948,UCB_BaselineAgent_1,12887.652347975032,RiskAverseEpsilonGreedyAgent_1,10504.419760872634,RiskAverseUCBAgent_1,,,,,,,,,,
balanced_cb_opaque_ratio08_halt5,circuit_breaker,balanced,linear_share,7,10000,5,5,4,0.8,5,0.0,False,64732.83786634404,6.473283786634404,1.2946567573268808,2.6457478818698146,8924,0.8924,29,7,0,4.9965,0.1385110112719219,8679.124738517352,RandomAgent_1,15253.608221320588,EpsilonGreedyAgent_1,17473.57488991352,UCB_BaselineAgent_1,12899.54858090132,RiskAverseEpsilonGreedyAgent_1,10426.981435691256,RiskAverseUCBAgent_1,,,,,,,,,,
balanced_cb_opaque_ratio08_halt5,circuit_breaker,balanced,linear_share,8,10000,5,5,4,0.8,5,0.0,False,65157.16629701007,6.515716629701007,1.3031433259402014,2.631035455291643,8783,0.8783,7,3,0,4.9985,0.14135934352919288,8683.272435138208,RandomAgent_1,15653.40776738812,EpsilonGreedyAgent_1,17578.509600465793,UCB_BaselineAgent_1,10417.446463123832,RiskAverseEpsilonGreedyAgent_1,12824.53003089412,RiskAverseUCBAgent_1,,,,,,,,,,
balanced_cb_opaque_ratio08_halt5,circuit_breaker,balanced,linear_share,9,10000,5,5,4,0.8,5,0.0,False,64772.38396586075,6.477238396586075,1.295447679317215,2.663154806337296,8814,0.8814,45,11,0,4.9945,0.13874208275509758,8547.158987705821,RandomAgent_1,10518.908820219614,EpsilonGreedyAgent_1,15588.391744408766,UCB_BaselineAgent_1,12872.187567369774,RiskAverseEpsilonGreedyAgent_1,17245.736846156768,RiskAverseUCBAgent_1,,,,,,,,,,
balanced_cb_opaque_ratio08_halt5,circuit_breaker,balanced,linear_share,10,10000,5,5,4,0.8,5,0.0,False,65081.58428056534,6.508158428056534,1.3016316856113068,2.6126683425621806,8762,0.8762,34,9,0,4.9955,0.13900389994940565,8606.33077844878,RandomAgent_1,15286.113155160232,EpsilonGreedyAgent_1,17552.786663906823,UCB_BaselineAgent_1,10562.539851365036,RiskAverseEpsilonGreedyAgent_1,13073.813831684467,RiskAverseUCBAgent_1,,,,,,,,,,
balanced_cb_opaque_ratio08_halt5,circuit_breaker,balanced,linear_share,11,10000,5,5,4,0.8,5,0.0,False,64928.05771500279,6.492805771500279,1.2985611543000557,2.653895785973136,8770,0.877,24,6,0,4.997,0.138932977828105,8576.035098159256,RandomAgent_1,15333.433931510986,EpsilonGreedyAgent_1,17428.76837422663,UCB_BaselineAgent_1,10487.27947629473,RiskAverseEpsilonGreedyAgent_1,13102.540834811183,RiskAverseUCBAgent_1,,,,,,,,,,
balanced_cb_opaque_ratio08_halt5,circuit_breaker,balanced,linear_share,12,10000,5,5,4,0.8,5,0.0,False,64509.071836519215,6.450907183651921,1.2901814367303843,2.6580103675558875,8856,0.8856,25,7,0,4.9965,0.13267568289418885,8631.171615907631,RandomAgent_1,10457.235320938616,EpsilonGreedyAgent_1,15628.805207675008,UCB_BaselineAgent_1,16743.86812101502,RiskAverseEpsilonGreedyAgent_1,13047.991570982935,RiskAverseUCBAgent_1,,,,,,,,,,
balanced_cb_opaque_ratio08_halt5,circuit_breaker,balanced,linear_share,13,10000,5,5,4,0.8,5,0.0,False,64193.04644849467,6.4193046448494675,1.2838609289698935,2.6304212113919325,8914,0.8914,29,7,0,4.9965,0.13053883505072528,8703.668472691661,RandomAgent_1,16831.578669618968,EpsilonGreedyAgent_1,15309.17768956929,UCB_BaselineAgent_1,10615.784329064953,RiskAverseEpsilonGreedyAgent_1,12732.837287549803,RiskAverseUCBAgent_1,,,,,,,,,,
balanced_cb_opaque_ratio08_halt5,circuit_breaker,balanced,linear_share,14,10000,5,5,4,0.8,5,0.0,False,64251.40645672853,6.425140645672853,1.2850281291345707,2.639688104450539,9071,0.9071,39,10,0,4.995,0.12899135514434512,8813.46844313647,RandomAgent_1,15048.21995123365,EpsilonGreedyAgent_1,13005.385621456433,UCB_BaselineAgent_1,16894.246449300026,RiskAverseEpsilonGreedyAgent_1,10490.085991601954,RiskAverseUCBAgent_1,,,,,,,,,,
balanced_cb_opaque_ratio08_halt5,circuit_breaker,balanced,linear_share,15,10000,5,5,4,0.8,5,0.0,False,64565.11196383807,6.456511196383807,1.2913022392767615,2.66649538720825,8931,0.8931,15,4,0,4.998,0.13297832197728598,8791.010058054577,RandomAgent_1,12798.330374207766,EpsilonGreedyAgent_1,15763.749241283202,UCB_BaselineAgent_1,16831.564594395135,RiskAverseEpsilonGreedyAgent_1,10380.457695897392,RiskAverseUCBAgent_1,,,,,,,,,,
balanced_cb_opaque_ratio08_halt5,circuit_breaker,balanced,linear_share,16,10000,5,5,4,0.8,5,0.0,False,63766.222721685706,6.376622272168571,1.2753244544337141,2.6375252740482855,9022,0.9022,17,5,0,4.9975,0.13023444758864722,8673.511013606974,RandomAgent_1,14762.081852773239,EpsilonGreedyAgent_1,13084.706004547108,UCB_BaselineAgent_1,16864.087000877516,RiskAverseEpsilonGreedyAgent_1,10381.836849880867,RiskAverseUCBAgent_1,,,,,,,,,,
balanced_cb_opaque_ratio08_halt5,circuit_breaker,balanced,linear_share,17,10000,5,5,4,0.8,5,0.0,False,65032.4306424519,6.50324306424519,1.300648612849038,2.656556460240598,8865,0.8865,29,6,0,4.997,0.13663494469789783,8795.66340088984,RandomAgent_1,15473.740591058031,EpsilonGreedyAgent_1,17430.552405455568,UCB_BaselineAgent_1,12803.212055862194,RiskAverseEpsilonGreedyAgent_1,10529.26218918627,RiskAverseUCBAgent_1,,,,,,,,,,
balanced_cb_opaque_ratio08_halt5,circuit_breaker,balanced,linear_share,18,10000,5,5,4,0.8,5,0.0,False,64436.96594004636,6.443696594004636,1.288739318800927,2.646546891020378,8880,0.888,37,9,0,4.9955,0.13250354203634784,8632.759407722528,RandomAgent_1,16766.68448599289,EpsilonGreedyAgent_1,15538.318056810875,UCB_BaselineAgent_1,10460.852650522489,RiskAverseEpsilonGreedyAgent_1,13038.351338997578,RiskAverseUCBAgent_1,,,,,,,,,,
balanced_cb_opaque_ratio08_halt5,circuit_breaker,balanced,linear_share,19,10000,5,5,4,0.8,5,0.0,False,64427.27367754117,6.442727367754117,1.2885454735508233,2.6851715277571113,8914,0.8914,35,7,0,4.9965,0.1306448121232675,8728.739666942018,RandomAgent_1,16691.480098124524,EpsilonGreedyAgent_1,15594.048666280007,UCB_BaselineAgent_1,10476.806865603257,RiskAverseEpsilonGreedyAgent_1,12936.198380591362,RiskAverseUCBAgent_1,,,,,,,,,,
balanced_cb_opaque_ratio08_halt5,circuit_breaker,balanced,linear_share,20,10000,5,5,4,0.8,5,0.0,False,64599.818160492374,6.459981816049237,1.2919963632098475,2.6362193617834393,8833,0.8833,15,4,0,4.998,0.13153893712975306,8757.635955717937,RandomAgent_1,15338.455952959548,EpsilonGreedyAgent_1,13088.046305669488,UCB_BaselineAgent_1,16945.3248178793,RiskAverseEpsilonGreedyAgent_1,10470.355128266105,RiskAverseUCBAgent_1,,,,,,,,,,
balanced_cb_opaque_ratio08_halt5,circuit_breaker,balanced,linear_share,21,10000,5,5,4,0.8,5,0.0,False,64048.92979850757,6.404892979850757,1.2809785959701514,2.650620879666586,8949,0.8949,39,10,0,4.995,0.12505919450994862,8874.045127118292,RandomAgent_1,14924.722198426514,EpsilonGreedyAgent_1,13053.871706768272,UCB_BaselineAgent_1,16681.475915522864,RiskAverseEpsilonGreedyAgent_1,10514.814850671626,RiskAverseUCBAgent_1,,,,,,,,,,
balanced_cb_opaque_ratio08_halt5,circuit_breaker,balanced,linear_share,22,10000,5,5,4,0.8,5,0.0,False,64505.02449372316,6.450502449372316,1.2901004898744632,2.625763078204723,8883,0.8883,39,8,0,4.996,0.13188485845083964,8794.693090478253,RandomAgent_1,15573.225979457473,EpsilonGreedyAgent_1,12948.088145245421,UCB_BaselineAgent_1,16824.4225139492,RiskAverseEpsilonGreedyAgent_1,10364.594764592812,RiskAverseUCBAgent_1,,,,,,,,,,
balanced_cb_opaque_ratio08_halt5,circuit_breaker,balanced,linear_share,23,10000,5,5,4,0.8,5,0.0,False,64423.16540802951,6.442316540802951,1.2884633081605903,2.6957739130194422,9084,0.9084,24,5,0,4.9975,0.12366740432806789,8891.625324494522,RandomAgent_1,16281.672310089925,EpsilonGreedyAgent_1,15772.110245894213,UCB_BaselineAgent_1,12843.167421987784,RiskAverseEpsilonGreedyAgent_1,10634.590105563071,RiskAverseUCBAgent_1,,,,,,,,,,
balanced_cb_opaque_ratio08_halt5,circuit_breaker,balanced,linear_share,24,10000,5,5,4,0.8,5,0.0,False,62458.16765800778,6.245816765800778,1.2491633531601556,2.5912028778676315,8907,0.8907,34,6,0,4.997,0.1404833785393762,8968.324529533043,RandomAgent_1,16948.468194938603,EpsilonGreedyAgent_1,15013.90688682879,UCB_BaselineAgent_1,9038.358192700594,RiskAverseEpsilonGreedyAgent_1,12489.109854006743,RiskAverseUCBAgent_1,,,,,,,,,,
balanced_cb_opaque_ratio08_halt5,circuit_breaker,balanced,linear_share,25,10000,5,5,4,0.8,5,0.0,False,65027.400944585155,6.502740094458516,1.3005480188917031,2.646426372394037,8852,0.8852,32,6,0,4.997,0.1384392205393008,8725.15084659316,RandomAgent_1,15796.008122781965,EpsilonGreedyAgent_1,17287.923446727273,UCB_BaselineAgent_1,12802.621956594918,RiskAverseEpsilonGreedyAgent_1,10415.696571887838,RiskAverseUCBAgent_1,,,,,,,,,,
balanced_cb_opaque_ratio08_halt5,circuit_breaker,balanced,linear_share,26,10000,5,5,4,0.8,5,0.0,False,64991.97041839048,6.499197041839048,1.2998394083678098,2.66504418385424,8856,0.8856,25,6,0,4.997,0.13649535032938154,8669.813370206677,RandomAgent_1,10470.213948300694,EpsilonGreedyAgent_1,15951.896296357974,UCB_BaselineAgent_1,17017.849409746806,RiskAverseEpsilonGreedyAgent_1,12882.197393778328,RiskAverseUCBAgent_1,,,,,,,,,,
balanced_cb_opaque_ratio08_halt5,circuit_breaker,balanced,linear_share,27,10000,5,5,4,0.8,5,0.0,False,64449.63755727859,6.444963755727859,1.2889927511455719,2.6314901009347005,8970,0.897,32,7,0,4.9965,0.13657432288319837,8609.367041130414,RandomAgent_1,15237.969678513367,EpsilonGreedyAgent_1,17229.7254628145,UCB_BaselineAgent_1,12899.302876571006,RiskAverseEpsilonGreedyAgent_1,10473.272498249302,RiskAverseUCBAgent_1,,,,,,,,,,
balanced_cb_opaque_ratio08_halt5,circuit_breaker,balanced,linear_share,28,10000,5,5,4,0.8,5,0.0,False,64138.59544576425,6.413859544576425,1.282771908915285,2.6074832824284138,8762,0.8762,27,6,0,4.997,0.13471602600892663,8745.585847400682,RandomAgent_1,14630.581103360411,EpsilonGreedyAgent_1,17454.604102799793,UCB_BaselineAgent_1,12860.448508663725,RiskAverseEpsilonGreedyAgent_1,10447.375883539644,RiskAverseUCBAgent_1,,,,,,,,,,
balanced_cb_opaque_ratio08_halt5,circuit_breaker,balanced,linear_share,29,10000,5,5,4,0.8,5,0.0,False,64442.38661365834,6.444238661365834,1.2888477322731668,2.6549100275697546,8838,0.8838,20,5,0,4.9975,0.1335980153814067,8649.902827555208,RandomAgent_1,16725.50410332739,EpsilonGreedyAgent_1,15735.08049303248,UCB_BaselineAgent_1,12969.053540231658,RiskAverseEpsilonGreedyAgent_1,10362.845649511604,RiskAverseUCBAgent_1,,,,,,,,,,
balanced_cb_transparent_ratio08_halt5,circuit_breaker,balanced,linear_share,0,10000,5,5,4,0.8,5,0.0,True,15130.191493801929,1.513019149380193,0.30260382987603857,1.2581116327588555,10000,1.0,0,10000,0,0.001,0.00015473121082765218,3028.379411610277,RandomAgent_1,3025.453020547913,EpsilonGreedyAgent_1,3025.453020547913,UCB_BaselineAgent_1,3025.453020547913,RiskAverseEpsilonGreedyAgent_1,3025.453020547913,RiskAverseUCBAgent_1,,,,,,,,,,
balanced_cb_transparent_ratio08_halt5,circuit_breaker,balanced,linear_share,1,10000,5,5,4,0.8,5,0.0,True,14896.70701961555,1.489670701961555,0.297934140392311,1.2343454281487378,10000,1.0,0,10000,0,0.001,0.00034335579540045735,2984.456274610678,RandomAgent_1,2978.0626862512177,EpsilonGreedyAgent_1,2978.0626862512177,UCB_BaselineAgent_1,2978.0626862512177,RiskAverseEpsilonGreedyAgent_1,2978.0626862512177,RiskAverseUCBAgent_1,,,,,,,,,,
balanced_cb_transparent_ratio08_halt5,circuit_breaker,balanced,linear_share,2,10000,5,5,4,0.8,5,0.0,True,14836.22724191285,1.483622724191285,0.296724544838257,1.2301987722026995,10003,1.0003,0,9996,0,0.003,0.0005368533753749016,2972.5773773448864,RandomAgent_1,2967.154268884856,EpsilonGreedyAgent_1,2967.800334206609,UCB_BaselineAgent_1,2964.3476307382493,RiskAverseEpsilonGreedyAgent_1,2964.3476307382493,RiskAverseUCBAgent_1,,,,,,,,,,
balanced_cb_transparent_ratio08_halt5,circuit_breaker,balanced,linear_share,3,10000,5,5,4,0.8,5,0.0,True,15088.404088969113,1.5088404088969114,0.30176808177938225,1.242774214317078,10000,1.0,0,10000,0,0.001,0.0001978702734422022,3020.6663644367136,RandomAgent_1,3016.9344311330997,EpsilonGreedyAgent_1,3016.9344311330997,UCB_BaselineAgent_1,3016.9344311330997,RiskAverseEpsilonGreedyAgent_1,3016.9344311330997,RiskAverseUCBAgent_1,,,,,,,,,,
balanced_cb_transparent_ratio08_halt5,circuit_breaker,balanced,linear_share,4,10000,5,5,4,0.8,5,0.0,True,15201.314568660353,1.5201314568660353,0.3040262913732071,1.2516605019124065,10000,1.0,0,10000,0,0.001,5.794329792108144e-05,3041.1437280309137,RandomAgent_1,3040.0427101573596,EpsilonGreedyAgent_1,3040.0427101573596,UCB_BaselineAgent_1,3040.0427101573596,RiskAverseEpsilonGreedyAgent_1,3040.0427101573596,RiskAverseUCBAgent_1,,,,,,,,,,
balanced_cb_transparent_ratio08_halt5,circuit_breaker,balanced,linear_share,5,10000,5,5,4,0.8,5,0.0,True,15096.187826234762,1.5096187826234762,0.3019237565246952,1.2144985881848454,10000,1.0,0,10000,0,0.001,4.3924163598108024e-05,3019.9006526707412,RandomAgent_1,3019.071793391005,EpsilonGreedyAgent_1,3019.071793391005,UCB_BaselineAgent_1,3019.071793391005,RiskAverseEpsilonGreedyAgent_1,3019.071793391005,RiskAverseUCBAgent_1,,,,,,,,,,
balanced_cb_transparent_ratio08_halt5,circuit_breaker,balanced,linear_share,6,10000,5,5,4,0.8,5,0.0,True,15157.024379163498,1.51570243791635,0.30314048758326995,1.2607216277307631,10000,1.0,0,10000,0,0.001,3.8553090210724505e-05,3031.9892259609146,RandomAgent_1,3031.258788300646,EpsilonGreedyAgent_1,3031.258788300646,UCB_BaselineAgent_1,3031.258788300646,RiskAverseEpsilonGreedyAgent_1,3031.258788300646,RiskAverseUCBAgent_1,,,,,,,,,,
balanced_cb_transparent_ratio08_halt5,circuit_breaker,balanced,linear_share,7,10000,5,5,4,0.8,5,0.0,True,14949.353417222086,1.4949353417222087,0.2989870683444417,1.2163486743164171,10000,1.0,0,10000,0,0.001,0.00023839230187805427,2991.1955082285203,RandomAgent_1,2988.7335332537623,EpsilonGreedyAgent_1,2988.7335332537623,UCB_BaselineAgent_1,2991.957309232279,RiskAverseEpsilonGreedyAgent_1,2988.7335332537623,RiskAverseUCBAgent_1,,,,,,,,,,
balanced_cb_transparent_ratio08_halt5,circuit_breaker,balanced,linear_share,8,10000,5,5,4,0.8,5,0.0,True,14984.60684676999,1.498460684676999,0.2996921369353998,1.236824868033348,10000,1.0,0,10000,0,0.001,8.593987545113535e-05,2998.209144600094,RandomAgent_1,2996.599425542474,EpsilonGreedyAgent_1,2996.599425542474,UCB_BaselineAgent_1,2996.599425542474,RiskAverseEpsilonGreedyAgent_1,2996.599425542474,RiskAverseUCBAgent_1,,,,,,,,,,
balanced_cb_transparent_ratio08_halt5,circuit_breaker,balanced,linear_share,9,10000,5,5,4,0.8,5,0.0,True,15027.260206926614,1.5027260206926614,0.3005452041385323,1.2372605667087415,10000,1.0,0,10000,0,0.001,0.00039358266494038396,3011.3665105043187,RandomAgent_1,3003.973424105574,EpsilonGreedyAgent_1,3003.973424105574,UCB_BaselineAgent_1,3003.973424105574,RiskAverseEpsilonGreedyAgent_1,3003.973424105574,RiskAverseUCBAgent_1,,,,,,,,,,
balanced_cb_transparent_ratio08_halt5,circuit_breaker,balanced,linear_share,10,10000,5,5,4,0.8,5,0.0,True,15029.727139015664,1.5029727139015663,0.3005945427803133,1.2206331029315187,10000,1.0,0,9999,0,0.0015,0.0006567164701074546,3011.2309619083458,RandomAgent_1,3010.354963337078,EpsilonGreedyAgent_1,3002.713737923413,UCB_BaselineAgent_1,3002.713737923413,RiskAverseEpsilonGreedyAgent_1,3002.713737923413,RiskAverseUCBAgent_1,,,,,,,,,,
balanced_cb_transparent_ratio08_halt5,circuit_breaker,balanced,linear_share,11,10000,5,5,4,0.8,5,0.0,True,15075.82578190003,1.507582578190003,0.3015165156380006,1.244653995497696,10000,1.0,0,10000,0,0.001,0.00014141284048596603,3017.297071726495,RandomAgent_1,3014.632177543384,EpsilonGreedyAgent_1,3014.632177543384,UCB_BaselineAgent_1,3014.632177543384,RiskAverseEpsilonGreedyAgent_1,3014.632177543384,RiskAverseUCBAgent_1,,,,,,,,,,
balanced_cb_transparent_ratio08_halt5,circuit_breaker,balanced,linear_share,12,10000,5,5,4,0.8,5,0.0,True,15112.032691467155,1.5112032691467154,0.3022406538293431,1.222001268533565,10000,1.0,0,10000,0,0.001,0.00012699902111057426,3020.4873249346233,RandomAgent_1,3022.886341633133,EpsilonGreedyAgent_1,3022.886341633133,UCB_BaselineAgent_1,3022.886341633133,RiskAverseEpsilonGreedyAgent_1,3022.886341633133,RiskAverseUCBAgent_1,,,,,,,,,,
balanced_cb_transparent_ratio08_halt5,circuit_breaker,balanced,linear_share,13,10000,5,5,4,0.8,5,0.0,True,14871.174508090728,1.4871174508090728,0.2974234901618146,1.221798691651542,10000,1.0,0,10000,0,0.001,0.00014649986616821487,2976.413526693345,RandomAgent_1,2973.690245349346,EpsilonGreedyAgent_1,2973.690245349346,UCB_BaselineAgent_1,2973.690245349346,RiskAverseEpsilonGreedyAgent_1,2973.690245349346,RiskAverseUCBAgent_1,,,,,,,,,,
balanced_cb_transparent_ratio08_halt5,circuit_breaker,balanced,linear_share,14,10000,5,5,4,0.8,5,0.0,True,65126.706421992065,6.512670642199207,1.3025341284398413,2.6795076292484477,8956,0.8956,0,7,0,4.9965,0.13493093692034863,8742.263206140207,RandomAgent_1,16862.923326872777,EpsilonGreedyAgent_1,16199.607533827377,UCB_BaselineAgent_1,12850.003369998878,RiskAverseEpsilonGreedyAgent_1,10471.908985152824,RiskAverseUCBAgent_1,,,,,,,,,,
balanced_cb_transparent_ratio08_halt5,circuit_breaker,balanced,linear_share,15,10000,5,5,4,0.8,5,0.0,True,14975.884428930121,1.4975884428930122,0.29951768857860245,1.2045911558762943,10000,1.0,0,10000,0,0.001,0.00015071624108564663,2997.4339947940844,RandomAgent_1,2994.6126085340093,EpsilonGreedyAgent_1,2994.6126085340093,UCB_BaselineAgent_1,2994.6126085340093,RiskAverseEpsilonGreedyAgent_1,2994.6126085340093,RiskAverseUCBAgent_1,,,,,,,,,,
balanced_cb_transparent_ratio08_halt5,circuit_breaker,balanced,linear_share,16,10000,5,5,4,0.8,5,0.0,True,14988.762328929131,1.498876232892913,0.2997752465785826,1.2188243108040766,10000,1.0,0,10000,0,0.001,0.00010653054538578566,2999.349226811382,RandomAgent_1,2997.3532755294373,EpsilonGreedyAgent_1,2997.3532755294373,UCB_BaselineAgent_1,2997.3532755294373,RiskAverseEpsilonGreedyAgent_1,2997.3532755294373,RiskAverseUCBAgent_1,,,,,,,,,,
balanced_cb_transparent_ratio08_halt5,circuit_breaker,balanced,linear_share,17,10000,5,5,4,0.8,5,0.0,True,65427.3659916985,6.542736599169849,1.3085473198339699,2.667774419296918,8813,0.8813,0,14,0,4.993,0.13404023249397246,8788.501259284007,RandomAgent_1,17005.81348016653,EpsilonGreedyAgent_1,16035.889882078993,UCB_BaselineAgent_1,10545.76595135529,RiskAverseEpsilonGreedyAgent_1,13051.395418813681,RiskAverseUCBAgent_1,,,,,,,,,,
balanced_cb_transparent_ratio08_halt5,circuit_breaker,balanced,linear_share,18,10000,5,5,4,0.8,5,0.0,True,14883.413088264086,1.4883413088264086,0.2976682617652817,1.244231544940073,10000,1.0,0,10000,0,0.001,0.0002058770040389568,2979.746770149304,RandomAgent_1,2975.9165795286954,EpsilonGreedyAgent_1,2975.9165795286954,UCB_BaselineAgent_1,2975.9165795286954,RiskAverseEpsilonGreedyAgent_1,2975.9165795286954,RiskAverseUCBAgent_1,,,,,,,,,,
balanced_cb_transparent_ratio08_halt5,circuit_breaker,balanced,linear_share,19,10000,5,5,4,0.8,5,0.0,True,15070.247000105586,1.5070247000105585,0.3014049400021117,1.2339604840651115,10000,1.0,0,10000,0,0.001,0.00018789243765238162,3016.8809854659903,RandomAgent_1,3013.341503659899,EpsilonGreedyAgent_1,3013.341503659899,UCB_BaselineAgent_1,3013.341503659899,RiskAverseEpsilonGreedyAgent_1,3013.341503659899,RiskAverseUCBAgent_1,,,,,,,,,,
balanced_cb_transparent_ratio08_halt5,circuit_breaker,balanced,linear_share,20,10000,5,5,4,0.8,5,0.0,True,64945.988290044304,6.49459882900443,1.2989197658008862,2.609719247151044,8739,0.8739,0,11,0,4.9945,0.13848031250934878,8698.006431091037,RandomAgent_1,15392.937425279795,EpsilonGreedyAgent_1,17461.743556150497,UCB_BaselineAgent_1,12957.241088708846,RiskAverseEpsilonGreedyAgent_1,10436.059788814131,RiskAverseUCBAgent_1,,,,,,,,,,
balanced_cb_transparent_ratio08_halt5,circuit_breaker,balanced,linear_share,21,10000,5,5,4,0.8,5,0.0,True,15249.188126746227,1.5249188126746227,0.30498376253492454,1.2429059005562808,10000,1.0,0,10000,0,0.001,0.00010702666889805812,3050.9185716814745,RandomAgent_1,3050.256293111657,EpsilonGreedyAgent_1,3049.337753984365,UCB_BaselineAgent_1,3049.337753984365,RiskAverseEpsilonGreedyAgent_1,3049.337753984365,RiskAverseUCBAgent_1,,,,,,,,,,
balanced_cb_transparent_ratio08_halt5,circuit_breaker,balanced,linear_share,22,10000,5,5,4,0.8,5,0.0,True,65139.55613545909,6.513955613545909,1.3027911227091817,2.6591999308048564,8884,0.8884,0,9,0,4.9955,0.1342346551722764,8781.572119689874,RandomAgent_1,16838.959660493736,EpsilonGreedyAgent_1,16216.538169387197,UCB_BaselineAgent_1,12831.137574689586,RiskAverseEpsilonGreedyAgent_1,10471.348611198697,RiskAverseUCBAgent_1,,,,,,,,,,
balanced_cb_transparent_ratio08_halt5,circuit_breaker,balanced,linear_share,23,10000,5,5,4,0.8,5,0.0,True,64692.17321092775,6.469217321092775,1.293843464218555,2.6809579977156544,9018,0.9018,0,7,0,4.9965,0.12783413069946392,8772.98911921305,RandomAgent_1,16391.307473232082,EpsilonGreedyAgent_1,16064.650709015152,UCB_BaselineAgent_1,12836.60780610948,RiskAverseEpsilonGreedyAgent_1,10626.618103357987,RiskAverseUCBAgent_1,,,,,,,,,,
balanced_cb_transparent_ratio08_halt5,circuit_breaker,balanced,linear_share,24,10000,5,5,4,0.8,5,0.0,True,15183.671635982673,1.5183671635982674,0.30367343271965347,1.2359689029800114,10000,1.0,0,10000,0,0.001,0.00015090805414041952,3039.025665537827,RandomAgent_1,3036.1614926112115,EpsilonGreedyAgent_1,3036.1614926112115,UCB_BaselineAgent_1,3036.1614926112115,RiskAverseEpsilonGreedyAgent_1,3036.1614926112115,RiskAverseUCBAgent_1,,,,,,,,,,
balanced_cb_transparent_ratio08_halt5,circuit_breaker,balanced,linear_share,25,10000,5,5,4,0.8,5,0.0,True,64921.58951021151,6.492158951021151,1.2984317902042302,2.647267432834377,8879,0.8879,0,8,0,4.996,0.13614579436366614,8836.299143537588,RandomAgent_1,15634.182645379244,EpsilonGreedyAgent_1,17276.73295686978,UCB_BaselineAgent_1,12756.327930430287,RiskAverseEpsilonGreedyAgent_1,10418.046833994615,RiskAverseUCBAgent_1,,,,,,,,,,
balanced_cb_transparent_ratio08_halt5,circuit_breaker,balanced,linear_share,26,10000,5,5,4,0.8,5,0.0,True,14966.324582312269,1.496632458231227,0.29932649164624536,1.2282437881766763,10000,1.0,0,9999,0,0.0015,0.0005585647463446364,3001.3372619424945,RandomAgent_1,2991.6059748599264,EpsilonGreedyAgent_1,2991.1271151699493,UCB_BaselineAgent_1,2991.1271151699493,RiskAverseEpsilonGreedyAgent_1,2991.1271151699493,RiskAverseUCBAgent_1,,,,,,,,,,
balanced_cb_transparent_ratio08_halt5,circuit_breaker,balanced,linear_share,27,10000,5,5,4,0.8,5,0.0,True,15097.830944386656,1.5097830944386657,0.3019566188877331,1.2303099486666575,10000,1.0,0,10000,0,0.001,0.00019278628240360085,3021.9759904941375,RandomAgent_1,3018.7550496884132,EpsilonGreedyAgent_1,3018.7550496884132,UCB_BaselineAgent_1,3019.58980482728,RiskAverseEpsilonGreedyAgent_1,3018.7550496884132,RiskAverseUCBAgent_1,,,,,,,,,,
balanced_cb_transparent_ratio08_halt5,circuit_breaker,balanced,linear_share,28,10000,5,5,4,0.8,5,0.0,True,15168.651546447583,1.5168651546447582,0.3033730309289517,1.2372658711205913,10002,1.0002,0,9998,0,0.002,0.00013915127092678503,3035.3094662957506,RandomAgent_1,3033.5570117607494,EpsilonGreedyAgent_1,3033.5570117607494,UCB_BaselineAgent_1,3032.671044869584,RiskAverseEpsilonGreedyAgent_1,3033.5570117607494,RiskAverseUCBAgent_1,,,,,,,,,,
balanced_cb_transparent_ratio08_halt5,circuit_breaker,balanced,linear_share,29,10000,5,5,4,0.8,5,0.0,True,64524.238526065295,6.45242385260653,1.2904847705213058,2.6403445959813507,8983,0.8983,0,14,0,4.993,0.139146772995294,8601.299010107072,RandomAgent_1,15178.810394856635,EpsilonGreedyAgent_1,17437.932024776765,UCB_BaselineAgent_1,12899.969599330349,RiskAverseEpsilonGreedyAgent_1,10406.227496994477,RiskAverseUCBAgent_1,,,,,,,,,,
balanced_cb_opaque_ratio08_halt10,circuit_breaker,balanced,linear_share,0,10000,5,5,4,0.8,10,0.0,False,64397.595742369114,6.439759574236912,1.2879519148473824,2.6204005506555523,8899,0.8899,51,5,0,4.995,0.1313364138529638,8772.17890188184,RandomAgent_1,15330.985643167634,EpsilonGreedyAgent_1,12998.711121944778,UCB_BaselineAgent_1,16884.488483286666,RiskAverseEpsilonGreedyAgent_1,10411.2315920882,RiskAverseUCBAgent_1,,,,,,,,,,
balanced_cb_opaque_ratio08_halt10,circuit_breaker,balanced,linear_share,1,10000,5,5,4,0.8,10,0.0,False,64791.94737261497,6.479194737261498,1.2958389474522995,2.620019503151676,8812,0.8812,35,6,0,4.994,0.1372695394724368,8752.090685194236,RandomAgent_1,15362.617319665822,EpsilonGreedyAgent_1,17388.10034250122,UCB_BaselineAgent_1,12889.404334376984,RiskAverseEpsilonGreedyAgent_1,10399.734690876714,RiskAverseUCBAgent_1,,,,,,,,,,
balanced_cb_opaque_ratio08_halt10,circuit_breaker,balanced,linear_share,2,10000,5,5,4,0.8,10,0.0,False,65083.82549906181,6.508382549906181,1.3016765099812362,2.6448478838519707,8952,0.8952,40,4,0,4.996,0.13606789411742914,8641.264636207294,RandomAgent_1,16965.784489853908,EpsilonGreedyAgent_1,15928.137025920018,UCB_BaselineAgent_1,10437.629041304299,RiskAverseEpsilonGreedyAgent_1,13111.010305776288,RiskAverseUCBAgent_1,,,,,,,,,,
balanced_cb_opaque_ratio08_halt10,circuit_breaker,balanced,linear_share,3,10000,5,5,4,0.8,10,0.0,False,64582.02277592354,6.458202277592354,1.2916404555184708,2.661247829451641,8738,0.8738,92,10,0,4.99,0.13687443395785226,8556.968969231435,RandomAgent_1,17023.57063292459,EpsilonGreedyAgent_1,15586.698355611912,UCB_BaselineAgent_1,10420.832154729083,RiskAverseEpsilonGreedyAgent_1,12993.95266342652,RiskAverseUCBAgent_1,,,,,,,,,,
balanced_cb_opaque_ratio08_halt10,circuit_breaker,balanced,linear_share,4,10000,5,5,4,0.8,10,0.0,False,64572.02419737217,6.457202419737217,1.2914404839474434,2.6740932077079975,8909,0.8909,62,7,0,4.993,0.1341050076321182,8693.069858431318,RandomAgent_1,12832.450209339217,EpsilonGreedyAgent_1,15744.537438411298,UCB_BaselineAgent_1,16864.049488055483,RiskAverseEpsilonGreedyAgent_1,10437.917203134857,RiskAverseUCBAgent_1,,,,,,,,,,
balanced_cb_opaque_ratio08_halt10,circuit_breaker,balanced,linear_share,5,10000,5,5,4,0.8,10,0.0,False,64419.80574303293,6.441980574303293,1.2883961148606586,2.6538885875406035,9023,0.9023,95,10,0,4.99,0.1318081882728901,8772.573128017213,RandomAgent_1,15454.425022191463,EpsilonGreedyAgent_1,12904.722515068654,UCB_BaselineAgent_1,16868.81700710009,RiskAverseEpsilonGreedyAgent_1,10419.26807065551,RiskAverseUCBAgent_1,,,,,,,,,,
balanced_cb_opaque_ratio08_halt10,circuit_breaker,balanced,linear_share,6,10000,5,5,4,0.8,10,0.0,False,64058.4416534018,6.40584416534018,1.281168833068036,2.6467924296111356,8950,0.895,89,10,0,4.99,0.12729488685004764,8789.42003164104,RandomAgent_1,15315.706738027684,EpsilonGreedyAgent_1,12967.530700152465,UCB_BaselineAgent_1,16544.89923799513,RiskAverseEpsilonGreedyAgent_1,10440.884945585483,RiskAverseUCBAgent_1,,,,,,,,,,
balanced_cb_opaque_ratio08_halt10,circuit_breaker,balanced,linear_share,7,10000,5,5,4,0.8,10,0.0,False,65019.02984261686,6.501902984261686,1.3003805968523372,2.6344885472376096,8800,0.88,41,4,0,4.996,0.13719149657787133,8592.959768164812,RandomAgent_1,13007.99795557684,EpsilonGreedyAgent_1,15765.425955626728,UCB_BaselineAgent_1,10528.21790680645,RiskAverseEpsilonGreedyAgent_1,17124.42825644203,RiskAverseUCBAgent_1,,,,,,,,,,
balanced_cb_opaque_ratio08_halt10,circuit_breaker,balanced,linear_share,8,10000,5,5,4,0.8,10,0.0,False,64484.965079083304,6.44849650790833,1.289699301581666,2.6220801171256642,8915,0.8915,33,4,0,4.996,0.1371671903363405,8719.28099967236,RandomAgent_1,15192.333197684957,EpsilonGreedyAgent_1,17368.67410040202,UCB_BaselineAgent_1,12826.611079266899,RiskAverseEpsilonGreedyAgent_1,10378.065702057067,RiskAverseUCBAgent_1,,,,,,,,,,
balanced_cb_opaque_ratio08_halt10,circuit_breaker,balanced,linear_share,9,10000,5,5,4,0.8,10,0.0,False,63165.636607414526,6.316563660741453,1.2633127321482904,2.6134273207346594,8826,0.8826,50,7,0,4.993,0.1315799770268058,8834.61470670851,RandomAgent_1,13943.690518755098,EpsilonGreedyAgent_1,13169.315810032458,UCB_BaselineAgent_1,9977.386571652361,RiskAverseEpsilonGreedyAgent_1,17240.6290002661,RiskAverseUCBAgent_1,,,,,,,,,,
balanced_cb_opaque_ratio08_halt10,circuit_breaker,balanced,linear_share,10,10000,5,5,4,0.8,10,0.0,False,65171.918379049384,6.517191837904939,1.3034383675809877,2.642930314443602,8806,0.8806,21,3,0,4.997,0.13746477311063154,8651.545274906262,RandomAgent_1,15377.0719882293,EpsilonGreedyAgent_1,13158.659220672085,UCB_BaselineAgent_1,10548.71926533289,RiskAverseEpsilonGreedyAgent_1,17435.922629908844,RiskAverseUCBAgent_1,,,,,,,,,,
balanced_cb_opaque_ratio08_halt10,circuit_breaker,balanced,linear_share,11,10000,5,5,4,0.8,10,0.0,False,64968.66439052427,6.496866439052427,1.2993732878104853,2.695741112634472,8803,0.8803,47,6,0,4.994,0.13272976713221873,8723.32855650719,RandomAgent_1,16880.563107213788,EpsilonGreedyAgent_1,15759.59679805822,UCB_BaselineAgent_1,10515.876660857573,RiskAverseEpsilonGreedyAgent_1,13089.2992678875,RiskAverseUCBAgent_1,,,,,,,,,,
balanced_cb_opaque_ratio08_halt10,circuit_breaker,balanced,linear_share,12,10000,5,5,4,0.8,10,0.0,False,64751.9686179984,6.47519686179984,1.295039372359968,2.6316867396564847,8809,0.8809,57,7,0,4.993,0.1349556386992592,8752.061166930578,RandomAgent_1,16922.68467555601,EpsilonGreedyAgent_1,15830.38843523327,UCB_BaselineAgent_1,10325.027247793225,RiskAverseEpsilonGreedyAgent_1,12921.807092485311,RiskAverseUCBAgent_1,,,,,,,,,,
balanced_cb_opaque_ratio08_halt10,circuit_breaker,balanced,linear_share,13,10000,5,5,4,0.8,10,0.0,False,64845.629873179176,6.484562987317918,1.2969125974635836,2.6403566713052657,8905,0.8905,55,7,0,4.993,0.13708591065252596,8769.158558077806,RandomAgent_1,15222.377551763557,EpsilonGreedyAgent_1,17483.068892458716,UCB_BaselineAgent_1,12944.382207857236,RiskAverseEpsilonGreedyAgent_1,10426.642663021858,RiskAverseUCBAgent_1,,,,,,,,,,
balanced_cb_opaque_ratio08_halt10,circuit_breaker,balanced,linear_share,14,10000,5,5,4,0.8,10,0.0,False,65016.96141848245,6.501696141848245,1.300339228369649,2.678221366068819,8781,0.8781,28,3,0,4.997,0.13551146334921405,8674.650844506688,RandomAgent_1,16934.74900201533,EpsilonGreedyAgent_1,16056.813137395255,UCB_BaselineAgent_1,12800.0979429975,RiskAverseEpsilonGreedyAgent_1,10550.65049156768,RiskAverseUCBAgent_1,,,,,,,,,,
balanced_cb_opaque_ratio08_halt10,circuit_breaker,balanced,linear_share,15,10000,5,5,4,0.8,10,0.0,False,64265.20642043732,6.426520642043732,1.2853041284087463,2.7100248396103614,8924,0.8924,75,9,0,4.991,0.1314340434745065,8693.791632684173,RandomAgent_1,16591.579847708832,EpsilonGreedyAgent_1,15717.610265666823,UCB_BaselineAgent_1,12865.627815066046,RiskAverseEpsilonGreedyAgent_1,10396.596859311441,RiskAverseUCBAgent_1,,,,,,,,,,
balanced_cb_opaque_ratio08_halt10,circuit_breaker,balanced,linear_share,16,10000,5,5,4,0.8,10,0.0,False,59679.94003972456,5.967994003972456,1.1935988007944913,2.243942817992749,8963,0.8963,44,4,0,4.996,0.12499208078980528,9311.717675879174,RandomAgent_1,12849.735122441765,EpsilonGreedyAgent_1,17139.09643226254,UCB_BaselineAgent_1,9855.69291776851,RiskAverseEpsilonGreedyAgent_1,10523.697891372572,RiskAverseUCBAgent_1,,,,,,,,,,
balanced_cb_opaque_ratio08_halt10,circuit_breaker,balanced,linear_share,17,10000,5,5,4,0.8,10,0.0,False,65136.550099167245,6.513655009916724,1.302731001983345,2.6685909011338014,8805,0.8805,64,8,0,4.992,0.13422443361687564,8794.509354835964,RandomAgent_1,16769.135340289904,EpsilonGreedyAgent_1,16280.642967205365,UCB_BaselineAgent_1,12919.65886076768,RiskAverseEpsilonGreedyAgent_1,10372.603576068332,RiskAverseUCBAgent_1,,,,,,,,,,
balanced_cb_opaque_ratio08_halt10,circuit_breaker,balanced,linear_share,18,10000,5,5,4,0.8,10,0.0,False,64755.45681731822,6.4755456817318215,1.2951091363463645,2.638319020156239,8866,0.8866,37,4,0,4.996,0.13649747030365633,8703.591420160052,RandomAgent_1,12817.966715708752,EpsilonGreedyAgent_1,15590.052428680905,UCB_BaselineAgent_1,10457.723994697939,RiskAverseEpsilonGreedyAgent_1,17186.122258070573,RiskAverseUCBAgent_1,,,,,,,,,,
balanced_cb_opaque_ratio08_halt10,circuit_breaker,balanced,linear_share,19,10000,5,5,4,0.8,10,0.0,False,64862.69073319218,6.486269073319218,1.2972538146638437,2.6794112133379664,8833,0.8833,53,7,0,4.993,0.1378130880318591,8649.278504932365,RandomAgent_1,12875.215075119713,EpsilonGreedyAgent_1,15498.52405376518,UCB_BaselineAgent_1,10510.66465755287,RiskAverseEpsilonGreedyAgent_1,17329.00844182205,RiskAverseUCBAgent_1,,,,,,,,,,
balanced_cb_opaque_ratio08_halt10,circuit_breaker,balanced,linear_share,20,10000,5,5,4,0.8,10,0.0,False,64678.1729925658,6.46781729925658,1.293563459851316,2.693658028419394,8872,0.8872,90,9,0,4.991,0.13507792168423305,8666.836274498322,RandomAgent_1,16874.649424213105,EpsilonGreedyAgent_1,15872.821146355072,UCB_BaselineAgent_1,12816.901667137365,RiskAverseEpsilonGreedyAgent_1,10446.964480361932,RiskAverseUCBAgent_1,,,,,,,,,,
balanced_cb_opaque_ratio08_halt10,circuit_breaker,balanced,linear_share,21,10000,5,5,4,0.8,10,0.0,False,64550.063506912964,6.4550063506912965,1.2910012701382594,2.6669464580345044,8786,0.8786,45,5,0,4.995,0.14134696713511818,8769.775928387964,RandomAgent_1,17069.65190145496,EpsilonGreedyAgent_1,15981.019526231581,UCB_BaselineAgent_1,9770.882209662064,RiskAverseEpsilonGreedyAgent_1,12958.733941176397,RiskAverseUCBAgent_1,,,,,,,,,,
balanced_cb_opaque_ratio08_halt10,circuit_breaker,balanced,linear_share,22,10000,5,5,4,0.8,10,0.0,False,64991.855498050354,6.499185549805035,1.299837109961007,2.6275278159778255,8835,0.8835,59,6,0,4.994,0.1374004993215776,8791.404606469467,RandomAgent_1,15400.474139149914,EpsilonGreedyAgent_1,17472.077548857258,UCB_BaselineAgent_1,12890.86267281805,RiskAverseEpsilonGreedyAgent_1,10437.036530755668,RiskAverseUCBAgent_1,,,,,,,,,,
balanced_cb_opaque_ratio08_halt10,circuit_breaker,balanced,linear_share,23,10000,5,5,4,0.8,10,0.0,False,64693.0145929801,6.46930145929801,1.293860291859602,2.6785744890702476,8972,0.8972,18,2,0,4.998,0.12591840386685194,8860.311371067843,RandomAgent_1,16344.86671521334,EpsilonGreedyAgent_1,16024.612454514565,UCB_BaselineAgent_1,12834.60375658634,RiskAverseEpsilonGreedyAgent_1,10628.620295598012,RiskAverseUCBAgent_1,,,,,,,,,,
balanced_cb_opaque_ratio08_halt10,circuit_breaker,balanced,linear_share,24,10000,5,5,4,0.8,10,0.0,False,64220.641477218276,6.422064147721827,1.2844128295443655,2.623928049610146,8963,0.8963,19,2,0,4.998,0.13415332936736002,8692.842611204063,RandomAgent_1,15193.216244803027,EpsilonGreedyAgent_1,17064.81522877959,UCB_BaselineAgent_1,12871.138083168524,RiskAverseEpsilonGreedyAgent_1,10398.629309263073,RiskAverseUCBAgent_1,,,,,,,,,,
balanced_cb_opaque_ratio08_halt10,circuit_breaker,balanced,linear_share,25,10000,5,5,4,0.8,10,0.0,False,65455.20713462615,6.545520713462615,1.309104142692523,2.6783818017665424,8782,0.8782,32,4,0,4.996,0.1393345608076546,8693.635948317587,RandomAgent_1,12825.335803861424,EpsilonGreedyAgent_1,16085.301842121304,UCB_BaselineAgent_1,10533.155226481618,RiskAverseEpsilonGreedyAgent_1,17317.77831384422,RiskAverseUCBAgent_1,,,,,,,,,,
balanced_cb_opaque_ratio08_halt10,circuit_breaker,balanced,linear_share,26,10000,5,5,4,0.8,10,0.0,False,64487.79717988386,6.448779717988386,1.2897559435976773,2.61786489373072,8953,0.8953,86,10,0,4.99,0.13327420866786954,8703.47884521461,RandomAgent_1,15384.29084847913,EpsilonGreedyAgent_1,13065.476550050516,UCB_BaselineAgent_1,16947.872707599137,RiskAverseEpsilonGreedyAgent_1,10386.678228540468,RiskAverseUCBAgent_1,,,,,,,,,,
balanced_cb_opaque_ratio08_halt10,circuit_breaker,balanced,linear_share,27,10000,5,5,4,0.8,10,0.0,False,65253.23750674782,6.525323750674782,1.3050647501349564,2.6750516296958686,8761,0.8761,63,6,0,4.994,0.1368160502806528,8755.393974107086,RandomAgent_1,15158.118316866194,EpsilonGreedyAgent_1,17630.75015795831,UCB_BaselineAgent_1,10589.605125322185,RiskAverseEpsilonGreedyAgent_1,13119.369932494046,RiskAverseUCBAgent_1,,,,,,,,,,
balanced_cb_opaque_ratio08_halt10,circuit_breaker,balanced,linear_share,28,10000,5,5,4,0.8,10,0.0,False,64756.15865716302,6.475615865716302,1.2951231731432604,2.6780698369520928,8828,0.8828,67,7,0,4.993,0.13429884950212245,8671.627474551755,RandomAgent_1,16916.03142888137,EpsilonGreedyAgent_1,15743.147402453416,UCB_BaselineAgent_1,12935.091054748587,RiskAverseEpsilonGreedyAgent_1,10490.261296527886,RiskAverseUCBAgent_1,,,,,,,,,,
balanced_cb_opaque_ratio08_halt10,circuit_breaker,balanced,linear_share,29,10000,5,5,4,0.8,10,0.0,False,64782.435560190155,6.478243556019016,1.295648711203803,2.616653405144564,8908,0.8908,105,11,0,4.989,0.13883910524068765,8649.664961151275,RandomAgent_1,15141.624387774873,EpsilonGreedyAgent_1,17569.065660526914,UCB_BaselineAgent_1,12927.493235434218,RiskAverseEpsilonGreedyAgent_1,10494.587315302873,RiskAverseUCBAgent_1,,,,,,,,,,
balanced_cb_transparent_ratio08_halt10,circuit_breaker,balanced,linear_share,0,10000,5,5,4,0.8,10,0.0,True,7539.088423279315,0.7539088423279315,0.1507817684655863,1.161928054745343,5000,0.5,0,5000,5000,0.001,0.00031052996310032555,1510.1587975057546,RandomAgent_1,1507.2324064433901,EpsilonGreedyAgent_1,1507.2324064433901,UCB_BaselineAgent_1,1507.2324064433901,RiskAverseEpsilonGreedyAgent_1,1507.2324064433901,RiskAverseUCBAgent_1,,,,,,,,,,
balanced_cb_transparent_ratio08_halt10,circuit_breaker,balanced,linear_share,1,10000,5,5,4,0.8,10,0.0,True,7532.321242323767,0.7532321242323767,0.15064642484647534,1.1685720588012813,5000,0.5,0,5000,5000,0.001,0.0006790563656295934,1511.5791191523222,RandomAgent_1,1505.1855307928613,EpsilonGreedyAgent_1,1505.1855307928613,UCB_BaselineAgent_1,1505.1855307928613,RiskAverseEpsilonGreedyAgent_1,1505.1855307928613,RiskAverseUCBAgent_1,,,,,,,,,,
balanced_cb_transparent_ratio08_halt10,circuit_breaker,balanced,linear_share,2,10000,5,5,4,0.8,10,0.0,True,7708.370832865436,0.7708370832865435,0.1541674166573087,1.1661662961694894,5003,0.5003,0,5000,4998,0.0017,0.000626183804703695,1545.0326562631437,RandomAgent_1,1542.6700032582382,EpsilonGreedyAgent_1,1540.222724448018,UCB_BaselineAgent_1,1540.222724448018,RiskAverseEpsilonGreedyAgent_1,1540.222724448018,RiskAverseUCBAgent_1,,,,,,,,,,
balanced_cb_transparent_ratio08_halt10,circuit_breaker,balanced,linear_share,3,10000,5,5,4,0.8,10,0.0,True,7490.951820437779,0.7490951820437779,0.14981903640875557,1.1603069716423775,5000,0.5,0,5000,5000,0.001,0.00039855371045716126,1501.1759107304472,RandomAgent_1,1497.443977426833,EpsilonGreedyAgent_1,1497.443977426833,UCB_BaselineAgent_1,1497.443977426833,RiskAverseEpsilonGreedyAgent_1,1497.443977426833,RiskAverseUCBAgent_1,,,,,,,,,,
balanced_cb_transparent_ratio08_halt10,circuit_breaker,balanced,linear_share,4,10000,5,5,4,0.8,10,0.0,True,7619.25189347655,0.7619251893476551,0.152385037869531,1.1719326744631824,5000,0.5,0,5000,5000,0.001,0.00011560377726804738,1524.7311929941538,RandomAgent_1,1523.6301751205992,EpsilonGreedyAgent_1,1523.6301751205992,UCB_BaselineAgent_1,1523.6301751205992,RiskAverseEpsilonGreedyAgent_1,1523.6301751205992,RiskAverseUCBAgent_1,,,,,,,,,,
balanced_cb_transparent_ratio08_halt10,circuit_breaker,balanced,linear_share,5,10000,5,5,4,0.8,10,0.0,True,7604.704463028897,0.7604704463028897,0.15209408926057794,1.154686093939916,5000,0.5,0,5000,5000,0.001,8.719437119664164e-05,1521.6039800295694,RandomAgent_1,1520.775120749832,EpsilonGreedyAgent_1,1520.775120749832,UCB_BaselineAgent_1,1520.775120749832,RiskAverseEpsilonGreedyAgent_1,1520.775120749832,RiskAverseUCBAgent_1,,,,,,,,,,
balanced_cb_transparent_ratio08_halt10,circuit_breaker,balanced,linear_share,6,10000,5,5,4,0.8,10,0.0,True,7707.36700016082,0.770736700016082,0.1541473400032164,1.1964057122354572,5000,0.5,0,5000,5000,0.001,7.581708879333959e-05,1542.0577501603786,RandomAgent_1,1541.3273125001103,EpsilonGreedyAgent_1,1541.3273125001103,UCB_BaselineAgent_1,1541.3273125001103,RiskAverseEpsilonGreedyAgent_1,1541.3273125001103,RiskAverseUCBAgent_1,,,,,,,,,,
balanced_cb_transparent_ratio08_halt10,circuit_breaker,balanced,linear_share,7,10000,5,5,4,0.8,10,0.0,True,7543.682352037122,0.7543682352037122,0.15087364704074244,1.1429208048985444,5000,0.5,0,5000,5000,0.001,0.0004724232286572594,1510.0612951915273,RandomAgent_1,1507.5993202167695,EpsilonGreedyAgent_1,1507.5993202167695,UCB_BaselineAgent_1,1510.8230961952856,RiskAverseEpsilonGreedyAgent_1,1507.5993202167695,RiskAverseUCBAgent_1,,,,,,,,,,
balanced_cb_transparent_ratio08_halt10,circuit_breaker,balanced,linear_share,8,10000,5,5,4,0.8,10,0.0,True,7471.932279660414,0.7471932279660414,0.14943864559320827,1.1381530015901749,5000,0.5,0,5000,5000,0.001,0.00017234835620794087,1495.6742311781793,RandomAgent_1,1494.0645121205587,EpsilonGreedyAgent_1,1494.0645121205587,UCB_BaselineAgent_1,1494.0645121205587,RiskAverseEpsilonGreedyAgent_1,1494.0645121205587,RiskAverseUCBAgent_1,,,,,,,,,,
balanced_cb_transparent_ratio08_halt10,circuit_breaker,balanced,linear_share,9,10000,5,5,4,0.8,10,0.0,True,7406.138411691433,0.7406138411691433,0.14812276823382867,1.1365323278414152,5000,0.5,0,5000,5000,0.001,0.0007985901410727525,1487.1421514572828,RandomAgent_1,1479.7490650585376,EpsilonGreedyAgent_1,1479.7490650585376,UCB_BaselineAgent_1,1479.7490650585376,RiskAverseEpsilonGreedyAgent_1,1479.7490650585376,RiskAverseUCBAgent_1,,,,,,,,,,
balanced_cb_transparent_ratio08_halt10,circuit_breaker,balanced,linear_share,10,10000,5,5,4,0.8,10,0.0,True,7507.88520280296,0.750788520280296,0.1501577040560592,1.1408614131666357,5001,0.5001,0,5000,4999,0.0015,0.0013146537389421287,1506.8625746658051,RandomAgent_1,1505.9865760945365,EpsilonGreedyAgent_1,1498.3453506808728,UCB_BaselineAgent_1,1498.3453506808728,RiskAverseEpsilonGreedyAgent_1,1498.3453506808728,RiskAverseUCBAgent_1,,,,,,,,,,
balanced_cb_transparent_ratio08_halt10,circuit_breaker,balanced,linear_share,11,10000,5,5,4,0.8,10,0.0,True,7550.761932801126,0.7550761932801126,0.1510152386560225,1.1627971684080143,5000,0.5,0,5000,5000,0.001,0.0002823443998714037,1512.2843019067132,RandomAgent_1,1509.6194077236032,EpsilonGreedyAgent_1,1509.6194077236032,UCB_BaselineAgent_1,1509.6194077236032,RiskAverseEpsilonGreedyAgent_1,1509.6194077236032,RiskAverseUCBAgent_1,,,,,,,,,,
balanced_cb_transparent_ratio08_halt10,circuit_breaker,balanced,linear_share,12,10000,5,5,4,0.8,10,0.0,True,7548.538321236879,0.7548538321236878,0.15097076642473758,1.1486303900567163,5000,0.5,0,5000,5000,0.001,0.0002542496675692618,1507.788450888567,RandomAgent_1,1510.187467587078,EpsilonGreedyAgent_1,1510.187467587078,UCB_BaselineAgent_1,1510.187467587078,RiskAverseEpsilonGreedyAgent_1,1510.187467587078,RiskAverseUCBAgent_1,,,,,,,,,,
balanced_cb_transparent_ratio08_halt10,circuit_breaker,balanced,linear_share,13,10000,5,5,4,0.8,10,0.0,True,7404.120690825637,0.7404120690825637,0.14808241381651274,1.1407022417292003,5000,0.5,0,5000,5000,0.001,0.0002942449436162953,1483.0027632403267,RandomAgent_1,1480.2794818963275,EpsilonGreedyAgent_1,1480.2794818963275,UCB_BaselineAgent_1,1480.2794818963275,RiskAverseEpsilonGreedyAgent_1,1480.2794818963275,RiskAverseUCBAgent_1,,,,,,,,,,
balanced_cb_transparent_ratio08_halt10,circuit_breaker,balanced,linear_share,14,10000,5,5,4,0.8,10,0.0,True,7954.725403488921,0.7954725403488921,0.15909450806977843,1.2478379390382874,5074,0.5074,0,4959,4955,0.0423,0.006412785242111196,1587.576565841651,RandomAgent_1,1629.0652166832278,EpsilonGreedyAgent_1,1568.4159133191704,UCB_BaselineAgent_1,1587.9494825490553,RiskAverseEpsilonGreedyAgent_1,1581.7182250958167,RiskAverseUCBAgent_1,,,,,,,,,,
balanced_cb_transparent_ratio08_halt10,circuit_breaker,balanced,linear_share,15,10000,5,5,4,0.8,10,0.0,True,7505.934283928324,0.7505934283928324,0.15011868567856648,1.1396437996668045,5000,0.5,0,5000,5000,0.001,0.0003007099346572506,1503.4439657937246,RandomAgent_1,1500.6225795336497,EpsilonGreedyAgent_1,1500.6225795336497,UCB_BaselineAgent_1,1500.6225795336497,RiskAverseEpsilonGreedyAgent_1,1500.6225795336497,RiskAverseUCBAgent_1,,,,,,,,,,
balanced_cb_transparent_ratio08_halt10,circuit_breaker,balanced,linear_share,16,10000,5,5,4,0.8,10,0.0,True,7451.736584955794,0.7451736584955794,0.14903473169911588,1.135284808553419,5000,0.5,0,5000,5000,0.001,0.00021428039053073,1491.9440780167147,RandomAgent_1,1489.9481267347699,EpsilonGreedyAgent_1,1489.9481267347699,UCB_BaselineAgent_1,1489.9481267347699,RiskAverseEpsilonGreedyAgent_1,1489.9481267347699,RiskAverseUCBAgent_1,,,,,,,,,,
balanced_cb_transparent_ratio08_halt10,circuit_breaker,balanced,linear_share,17,10000,5,5,4,0.8,10,0.0,True,65277.63817475557,6.527763817475557,1.3055527634951114,2.6729437020308655,8829,0.8829,0,12,0,4.988,0.13276233792191938,8813.892074054402,RandomAgent_1,16874.053522214574,EpsilonGreedyAgent_1,16058.770659006002,UCB_BaselineAgent_1,10513.063910072167,RiskAverseEpsilonGreedyAgent_1,13017.85800940843,RiskAverseUCBAgent_1,,,,,,,,,,
balanced_cb_transparent_ratio08_halt10,circuit_breaker,balanced,linear_share,18,10000,5,5,4,0.8,10,0.0,True,7374.092411922293,0.7374092411922293,0.14748184823844585,1.1423732212833193,5000,0.5,0,5000,5000,0.001,0.00041552944082079435,1477.8826348809448,RandomAgent_1,1474.0524442603369,EpsilonGreedyAgent_1,1474.0524442603369,UCB_BaselineAgent_1,1474.0524442603369,RiskAverseEpsilonGreedyAgent_1,1474.0524442603369,RiskAverseUCBAgent_1,,,,,,,,,,
balanced_cb_transparent_ratio08_halt10,circuit_breaker,balanced,linear_share,19,10000,5,5,4,0.8,10,0.0,True,7565.25579104481,0.756525579104481,0.1513051158208962,1.158303994026476,5000,0.5,0,5000,5000,0.001,0.0003742881302475354,1515.8827436538354,RandomAgent_1,1512.3432618477439,EpsilonGreedyAgent_1,1512.3432618477439,UCB_BaselineAgent_1,1512.3432618477439,RiskAverseEpsilonGreedyAgent_1,1512.3432618477439,RiskAverseUCBAgent_1,,,,,,,,,,
balanced_cb_transparent_ratio08_halt10,circuit_breaker,balanced,linear_share,20,10000,5,5,4,0.8,10,0.0,True,7484.9373102024065,0.7484937310202406,0.14969874620404813,1.1594792930345885,5002,0.5002,0,5000,4998,0.0017,0.0009242221904901537,1503.0606649604188,RandomAgent_1,1496.52483910622,EpsilonGreedyAgent_1,1495.1172687119226,UCB_BaselineAgent_1,1495.1172687119226,RiskAverseEpsilonGreedyAgent_1,1495.1172687119226,RiskAverseUCBAgent_1,,,,,,,,,,
balanced_cb_transparent_ratio08_halt10,circuit_breaker,balanced,linear_share,21,10000,5,5,4,0.8,10,0.0,True,7600.254413583015,0.7600254413583015,0.1520050882716603,1.1651847347811908,5000,0.5,0,5000,5000,0.001,0.00021473883896394597,1521.1318290488318,RandomAgent_1,1520.469550479015,EpsilonGreedyAgent_1,1519.5510113517228,UCB_BaselineAgent_1,1519.5510113517228,RiskAverseEpsilonGreedyAgent_1,1519.5510113517228,RiskAverseUCBAgent_1,,,,,,,,,,
balanced_cb_transparent_ratio08_halt10,circuit_breaker,balanced,linear_share,22,10000,5,5,4,0.8,10,0.0,True,65037.1198822417,6.50371198822417,1.300742397644834,2.665398326869665,8787,0.8787,0,6,0,4.994,0.133618278466058,8762.809644917425,RandomAgent_1,16986.416830509916,EpsilonGreedyAgent_1,15768.62483162,UCB_BaselineAgent_1,10490.469215165605,RiskAverseEpsilonGreedyAgent_1,13028.799360028752,RiskAverseUCBAgent_1,,,,,,,,,,
balanced_cb_transparent_ratio08_halt10,circuit_breaker,balanced,linear_share,23,10000,5,5,4,0.8,10,0.0,True,64659.020902131684,6.465902090213168,1.2931804180426336,2.67367742381302,8980,0.898,0,2,0,4.998,0.12709876433461464,8821.644958720244,RandomAgent_1,16495.864725020754,EpsilonGreedyAgent_1,15836.590080752712,UCB_BaselineAgent_1,12865.095673651602,RiskAverseEpsilonGreedyAgent_1,10639.82546398637,RiskAverseUCBAgent_1,,,,,,,,,,
balanced_cb_transparent_ratio08_halt10,circuit_breaker,balanced,linear_share,24,10000,5,5,4,0.8,10,0.0,True,7686.236886680435,0.7686236886680435,0.1537247377336087,1.179323380350101,5000,0.5,0,5000,5000,0.001,0.00029810925360163054,1539.5387156773797,RandomAgent_1,1536.674542750764,EpsilonGreedyAgent_1,1536.674542750764,UCB_BaselineAgent_1,1536.674542750764,RiskAverseEpsilonGreedyAgent_1,1536.674542750764,RiskAverseUCBAgent_1,,,,,,,,,,
balanced_cb_transparent_ratio08_halt10,circuit_breaker,balanced,linear_share,25,10000,5,5,4,0.8,10,0.0,True,61032.08000469075,6.103208000469075,1.2206416000938152,2.433587438407609,9019,0.9019,0,12,0,4.988,0.12949560068163835,9007.950295088272,RandomAgent_1,16739.48421691059,EpsilonGreedyAgent_1,14093.697916171763,UCB_BaselineAgent_1,9798.30110717332,RiskAverseEpsilonGreedyAgent_1,11392.646469346812,RiskAverseUCBAgent_1,,,,,,,,,,
balanced_cb_transparent_ratio08_halt10,circuit_breaker,balanced,linear_share,26,10000,5,5,4,0.8,10,0.0,True,7404.67502027543,0.740467502027543,0.14809350040550862,1.1383390695490125,5001,0.5001,0,5000,4999,0.0014,0.0011289707206778576,1489.0073495351269,RandomAgent_1,1479.276062452559,EpsilonGreedyAgent_1,1478.7972027625815,UCB_BaselineAgent_1,1478.7972027625815,RiskAverseEpsilonGreedyAgent_1,1478.7972027625815,RiskAverseUCBAgent_1,,,,,,,,,,
balanced_cb_transparent_ratio08_halt10,circuit_breaker,balanced,linear_share,27,10000,5,5,4,0.8,10,0.0,True,7603.639439926355,0.7603639439926355,0.15207278879852712,1.1665763020299444,5000,0.5,0,5000,5000,0.001,0.0003827975699166597,1523.1376896020768,RandomAgent_1,1519.916748796353,EpsilonGreedyAgent_1,1519.916748796353,UCB_BaselineAgent_1,1520.75150393522,RiskAverseEpsilonGreedyAgent_1,1519.916748796353,RiskAverseUCBAgent_1,,,,,,,,,,
balanced_cb_transparent_ratio08_halt10,circuit_breaker,balanced,linear_share,28,10000,5,5,4,0.8,10,0.0,True,7517.737105224546,0.7517737105224547,0.15035474210449093,1.1590882594742926,5004,0.5004,0,5000,4998,0.0014,0.00022644401408111747,1504.539914257431,RandomAgent_1,1503.0035255107825,EpsilonGreedyAgent_1,1503.0035255107825,UCB_BaselineAgent_1,1504.1866144347673,RiskAverseEpsilonGreedyAgent_1,1503.0035255107825,RiskAverseUCBAgent_1,,,,,,,,,,
balanced_cb_transparent_ratio08_halt10,circuit_breaker,balanced,linear_share,29,10000,5,5,4,0.8,10,0.0,True,64741.87527328815,6.474187527328815,1.294837505465763,2.6360126851981676,8926,0.8926,0,6,0,4.994,0.1396298584222615,8674.969840983187,RandomAgent_1,15430.617017020752,EpsilonGreedyAgent_1,17432.259949787047,UCB_BaselineAgent_1,12858.578426871003,RiskAverseEpsilonGreedyAgent_1,10345.45003862616,RiskAverseUCBAgent_1,,,,,,,,,,
high_congestion_baseline,baseline,high_congestion,linear_share,0,10000,10,5,,,,,,71033.98458238342,7.103398458238342,0.7103398458238341,2.662851417946213,31236,3.1236,0,0,0,5,0.1555725799820058,6357.245104231684,RandomAgent_1,7898.424037006112,EpsilonGreedyAgent_1,6768.693185895386,UCB_BaselineAgent_1,8325.887433370699,RiskAverseEpsilonGreedyAgent_1,4330.15096566543,RiskAverseUCBAgent_1,6233.165285581327,RandomAgent_2,11986.255857527383,EpsilonGreedyAgent_2,6768.693185895386,UCB_BaselineAgent_2,8035.318561544588,RiskAverseEpsilonGreedyAgent_2,4330.15096566543,RiskAverseUCBAgent_2
high_congestion_baseline,baseline,high_congestion,linear_share,1,10000,10,5,,,,,,72274.99226536152,7.227499226536152,0.7227499226536153,2.6644092617647073,31766,3.1766,0,0,0,5,0.14491357551131778,5954.06124315824,RandomAgent_1,11094.912432727751,EpsilonGreedyAgent_1,7726.04299879088,UCB_BaselineAgent_1,7728.731428092463,RiskAverseEpsilonGreedyAgent_1,4561.83162211187,RiskAverseUCBAgent_1,5991.525713522,RandomAgent_2,8040.013409402524,EpsilonGreedyAgent_2,7726.04299879088,UCB_BaselineAgent_2,8889.998796653039,RiskAverseEpsilonGreedyAgent_2,4561.83162211187,RiskAverseUCBAgent_2
high_congestion_baseline,baseline,high_congestion,linear_share,2,10000,10,5,,,,,,72205.13576246053,7.220513576246053,0.7220513576246053,2.6695586785076504,33795,3.3795,0,0,0,5,0.1446242136086484,6006.295068879033,RandomAgent_1,7912.710904710315,EpsilonGreedyAgent_1,7381.928364325145,UCB_BaselineAgent_1,7575.453202686796,RiskAverseEpsilonGreedyAgent_1,4910.613265011027,RiskAverseUCBAgent_1,6032.730085894428,RandomAgent_2,12842.449506168123,EpsilonGreedyAgent_2,7381.928364325145,UCB_BaselineAgent_2,7250.413735449487,RiskAverseEpsilonGreedyAgent_2,4910.613265011027,RiskAverseUCBAgent_2
high_congestion_baseline,baseline,high_congestion,linear_share,3,10000,10,5,,,,,,72283.85529156575,7.228385529156575,0.7228385529156575,2.6330703452719524,29742,2.9742,0,0,0,5,0.15658277454276948,6081.64473770016,RandomAgent_1,12263.83476491207,EpsilonGreedyAgent_1,7436.555943897698,UCB_BaselineAgent_1,7715.489563300495,RiskAverseEpsilonGreedyAgent_1,4394.214961391181,RiskAverseUCBAgent_1,6127.8117699054765,RandomAgent_2,8297.259871265653,EpsilonGreedyAgent_2,7436.555943897698,UCB_BaselineAgent_2,8136.272773904139,RiskAverseEpsilonGreedyAgent_2,4394.214961391181,RiskAverseUCBAgent_2
high_congestion_baseline,baseline,high_congestion,linear_share,4,10000,10,5,,,,,,71383.09881661502,7.138309881661502,0.7138309881661502,2.6563821072816665,29595,2.9595,0,0,0,5,0.16359986478128596,6270.751123448185,RandomAgent_1,8495.954519295665,EpsilonGreedyAgent_1,6794.175246391014,UCB_BaselineAgent_1,7657.633879172068,RiskAverseEpsilonGreedyAgent_1,4277.4299779828125,RiskAverseUCBAgent_1,6252.907320110098,RandomAgent_2,12510.132964375385,EpsilonGreedyAgent_2,6794.175246391014,UCB_BaselineAgent_2,8052.508561465962,RiskAverseEpsilonGreedyAgent_2,4277.4299779828125,RiskAverseUCBAgent_2
high_congestion_baseline,baseline,high_congestion,linear_share,5,10000,10,5,,,,,,72601.84217779039,7.260184217779039,0.7260184217779039,2.607721968504658,30216,3.0216,0,0,0,5,0.16360963275867513,6059.622706105794,RandomAgent_1,8213.069698389287,EpsilonGreedyAgent_1,7829.344001812186,UCB_BaselineAgent_1,8082.101442413576,RiskAverseEpsilonGreedyAgent_1,4328.943001447742,RiskAverseUCBAgent_1,5967.170012255679,RandomAgent_2,12680.53467699399,EpsilonGreedyAgent_2,7829.344001812186,UCB_BaselineAgent_2,7282.769635112199,RiskAverseEpsilonGreedyAgent_2,4328.943001447742,RiskAverseUCBAgent_2
high_congestion_baseline,baseline,high_congestion,linear_share,6,10000,10,5,,,,,,70359.10305301842,7.035910305301842,0.7035910305301842,2.68321182542505,29247,2.9247,0,0,0,5,0.16564438923331748,6399.3206021121405,RandomAgent_1,11023.88300079924,EpsilonGreedyAgent_1,5793.303185918099,UCB_BaselineAgent_1,9554.994603285104,RiskAverseEpsilonGreedyAgent_1,4381.160339782317,RiskAverseUCBAgent_1,6339.701641094301,RandomAgent_2,8315.005758382913,EpsilonGreedyAgent_2,5793.303185918099,UCB_BaselineAgent_2,8377.27039594389,RiskAverseEpsilonGreedyAgent_2,4381.160339782317,RiskAverseUCBAgent_2
high_congestion_baseline,baseline,high_congestion,linear_share,7,10000,10,5,,,,,,72126.22643134122,7.212622643134122,0.7212622643134121,2.6245306302782314,29976,2.9976,0,0,0,5,0.15929293182799653,6158.536793842559,RandomAgent_1,12603.002212595282,EpsilonGreedyAgent_1,7415.002258135615,UCB_BaselineAgent_1,7529.1352963009585,RiskAverseEpsilonGreedyAgent_1,4391.1607624523385,RiskAverseUCBAgent_1,5988.047261714824,RandomAgent_2,8047.138996760121,EpsilonGreedyAgent_2,7415.002258135615,UCB_BaselineAgent_2,8188.039828951559,RiskAverseEpsilonGreedyAgent_2,4391.1607624523385,RiskAverseUCBAgent_2
high_congestion_baseline,baseline,high_congestion,linear_share,8,10000,10,5,,,,,,70322.55693881174,7.032255693881174,0.7032255693881174,2.6430238889095823,28863,2.8863,0,0,0,5,0.1694538936398342,6380.030429499268,RandomAgent_1,11527.161910341347,EpsilonGreedyAgent_1,5725.653915399716,UCB_BaselineAgent_1,9314.574813224033,RiskAverseEpsilonGreedyAgent_1,4400.615804023319,RiskAverseUCBAgent_1,6381.399111801689,RandomAgent_2,7951.3553579814425,EpsilonGreedyAgent_2,5725.653915399716,UCB_BaselineAgent_2,8515.495877117899,RiskAverseEpsilonGreedyAgent_2,4400.615804023319,RiskAverseUCBAgent_2
high_congestion_baseline,baseline,high_congestion,linear_share,9,10000,10,5,,,,,,71786.11754385455,7.178611754385455,0.7178611754385454,2.651194690091807,30118,3.0118,0,0,0,5,0.1668002761128058,6201.803693369574,RandomAgent_1,12517.41573976379,EpsilonGreedyAgent_1,5898.532887826143,UCB_BaselineAgent_1,7553.331480278682,RiskAverseEpsilonGreedyAgent_1,4909.2668818547545,RiskAverseUCBAgent_1,6153.374187807322,RandomAgent_2,7302.0008504113675,EpsilonGreedyAgent_2,5898.532887826143,UCB_BaselineAgent_2,10442.592052862017,RiskAverseEpsilonGreedyAgent_2,4909.2668818547545,RiskAverseUCBAgent_2
high_congestion_baseline,baseline,high_congestion,linear_share,10,10000,10,5,,,,,,72287.30166128918,7.228730166128918,0.7228730166128918,2.649370120106238,30430,3.043,0,0,0,5,0.1206589521694228,6091.723541992827,RandomAgent_1,11093.499954192526,EpsilonGreedyAgent_1,5838.5079672280835,UCB_BaselineAgent_1,8910.443185612383,RiskAverseEpsilonGreedyAgent_1,6068.697197688135,RiskAverseUCBAgent_1,6009.357672961407,RandomAgent_2,8774.43950408263,EpsilonGreedyAgent_2,5838.5079672280835,UCB_BaselineAgent_2,7593.427472614965,RiskAverseEpsilonGreedyAgent_2,6068.697197688135,RiskAverseUCBAgent_2
high_congestion_baseline,baseline,high_congestion,linear_share,11,10000,10,5,,,,,,69823.59225506168,6.982359225506168,0.6982359225506168,2.6801304356630875,29180,2.918,0,0,0,5,0.171076612723994,6326.2615859855305,RandomAgent_1,8024.839668369427,EpsilonGreedyAgent_1,5676.996368093,UCB_BaselineAgent_1,8325.795030249381,RiskAverseEpsilonGreedyAgent_1,4331.276192695233,RiskAverseUCBAgent_1,6386.384776865705,RandomAgent_2,11599.123344349302,EpsilonGreedyAgent_2,5676.996368093,UCB_BaselineAgent_2,9144.642727665876,RiskAverseEpsilonGreedyAgent_2,4331.276192695233,RiskAverseUCBAgent_2
high_congestion_baseline,baseline,high_congestion,linear_share,12,10000,10,5,,,,,,72009.2392111376,7.20092392111376,0.720092392111376,2.6361248912950814,30422,3.0422,0,0,0,5,0.1284588652903198,6013.208880796973,RandomAgent_1,12293.647817559598,EpsilonGreedyAgent_1,5817.405947424877,UCB_BaselineAgent_1,8759.30167321963,RiskAverseEpsilonGreedyAgent_1,5987.503957797076,RiskAverseUCBAgent_1,6036.049164165055,RandomAgent_2,7804.180233597403,EpsilonGreedyAgent_2,5817.405947424877,UCB_BaselineAgent_2,7493.031631355032,RiskAverseEpsilonGreedyAgent_2,5987.503957797076,RiskAverseUCBAgent_2
high_congestion_baseline,baseline,high_congestion,linear_share,13,10000,10,5,,,,,,71446.28209017358,7.144628209017358,0.7144628209017359,2.649211131651684,34827,3.4827,0,0,0,5,0.1310485762415099,5876.366079136711,RandomAgent_1,8450.896632407312,EpsilonGreedyAgent_1,7360.745186091719,UCB_BaselineAgent_1,10522.145736322665,RiskAverseEpsilonGreedyAgent_1,4913.7496624946125,RiskAverseUCBAgent_1,5935.228328684147,RandomAgent_2,8536.270950006085,EpsilonGreedyAgent_2,7360.745186091719,UCB_BaselineAgent_2,7576.384666444006,RiskAverseEpsilonGreedyAgent_2,4913.7496624946125,RiskAverseUCBAgent_2
high_congestion_baseline,baseline,high_congestion,linear_share,14,10000,10,5,,,,,,72690.62391275415,7.269062391275415,0.7269062391275415,2.6359868482389333,29774,2.9774,0,0,0,5,0.1588965302889691,6149.708448174435,RandomAgent_1,7914.175865567036,EpsilonGreedyAgent_1,7547.519474681475,UCB_BaselineAgent_1,8183.8918062039065,RiskAverseEpsilonGreedyAgent_1,4345.888278272273,RiskAverseUCBAgent_1,6194.707804858772,RandomAgent_2,12687.943655530804,EpsilonGreedyAgent_2,7547.519474681475,UCB_BaselineAgent_2,7773.380826511699,RiskAverseEpsilonGreedyAgent_2,4345.888278272273,RiskAverseUCBAgent_2
high_congestion_baseline,baseline,high_congestion,linear_share,15,10000,10,5,,,,,,72341.09695342541,7.234109695342541,0.7234109695342541,2.6082947751306467,30744,3.0744,0,0,0,5,0.12543233866644443,5943.9322045592935,RandomAgent_1,7413.85024316065,EpsilonGreedyAgent_1,7320.076874592334,UCB_BaselineAgent_1,9632.02496776652,RiskAverseEpsilonGreedyAgent_1,5209.034201603981,RiskAverseUCBAgent_1,5891.855990678716,RandomAgent_2,9925.742760047771,EpsilonGreedyAgent_2,7320.076874592334,UCB_BaselineAgent_2,8475.468634819834,RiskAverseEpsilonGreedyAgent_2,5209.034201603981,RiskAverseUCBAgent_2
high_congestion_baseline,baseline,high_congestion,linear_share,16,10000,10,5,,,,,,70097.80374457937,7.009780374457938,0.7009780374457938,2.6841826236109876,33676,3.3676,0,0,0,5,0.1384257637805515,5986.625319238321,RandomAgent_1,8290.186239146517,EpsilonGreedyAgent_1,7294.698169427648,UCB_BaselineAgent_1,8751.437296960052,RiskAverseEpsilonGreedyAgent_1,4294.682531359486,RiskAverseUCBAgent_1,6047.73458539336,RandomAgent_2,8245.641885650846,EpsilonGreedyAgent_2,7294.698169427648,UCB_BaselineAgent_2,9597.417016616017,RiskAverseEpsilonGreedyAgent_2,4294.682531359486,RiskAverseUCBAgent_2
high_congestion_baseline,baseline,high_congestion,linear_share,17,10000,10,5,,,,,,70265.70249798696,7.026570249798696,0.7026570249798696,2.643986168447464,34282,3.4282,0,0,0,5,0.1376514245740621,6003.047574459591,RandomAgent_1,8531.233203542744,EpsilonGreedyAgent_1,7329.120723049187,UCB_BaselineAgent_1,8394.323747522609,RiskAverseEpsilonGreedyAgent_1,4264.672420800432,RiskAverseUCBAgent_1,6090.048609887462,RandomAgent_2,9493.252062904943,EpsilonGreedyAgent_2,7329.120723049187,UCB_BaselineAgent_2,8566.211011970381,RiskAverseEpsilonGreedyAgent_2,4264.672420800432,RiskAverseUCBAgent_2
high_congestion_baseline,baseline,high_congestion,linear_share,18,10000,10,5,,,,,,69969.61879973231,6.996961879973232,0.6996961879973231,2.6566807512530772,29303,2.9303,0,0,0,5,0.17204868995932476,6257.233384946294,RandomAgent_1,7407.401583901631,EpsilonGreedyAgent_1,5840.532411068188,UCB_BaselineAgent_1,8441.437755275787,RiskAverseEpsilonGreedyAgent_1,4369.23391233099,RiskAverseUCBAgent_1,6204.078952794499,RandomAgent_2,11925.862553984181,EpsilonGreedyAgent_2,5840.532411068188,UCB_BaselineAgent_2,9314.07192203157,RiskAverseEpsilonGreedyAgent_2,4369.23391233099,RiskAverseUCBAgent_2
high_congestion_baseline,baseline,high_congestion,linear_share,19,10000,10,5,,,,,,71758.93606596616,7.175893606596616,0.7175893606596616,2.659177992089872,30292,3.0292,0,0,0,5,0.16423944559657966,6059.7117012925355,RandomAgent_1,11927.754379379528,EpsilonGreedyAgent_1,5873.515861196855,UCB_BaselineAgent_1,10591.605258250069,RiskAverseEpsilonGreedyAgent_1,4919.797517827046,RiskAverseUCBAgent_1,6170.753265317334,RandomAgent_2,7845.922019163385,EpsilonGreedyAgent_2,5873.515861196855,UCB_BaselineAgent_2,7576.562684515506,RiskAverseEpsilonGreedyAgent_2,4919.797517827046,RiskAverseUCBAgent_2
high_congestion_baseline,baseline,high_congestion,linear_share,20,10000,10,5,,,,,,70208.15237164166,7.0208152371641654,0.7020815237164165,2.687994910605511,33876,3.3876,0,0,0,5,0.1284975469828573,6054.22860578721,RandomAgent_1,7692.982423451396,EpsilonGreedyAgent_1,7980.64122913482,UCB_BaselineAgent_1,9365.38840335687,RiskAverseEpsilonGreedyAgent_1,4373.692719469046,RiskAverseUCBAgent_1,6008.415299156446,RandomAgent_2,7781.721972403031,EpsilonGreedyAgent_2,7980.64122913482,UCB_BaselineAgent_2,8596.747770278975,RiskAverseEpsilonGreedyAgent_2,4373.692719469046,RiskAverseUCBAgent_2
high_congestion_baseline,baseline,high_congestion,linear_share,21,10000,10,5,,,,,,72241.0407570108,7.22410407570108,0.7224104075701079,2.659346089872399,31344,3.1344,0,0,0,5,0.11445774392109032,5988.456879653753,RandomAgent_1,7910.2429087259525,EpsilonGreedyAgent_1,6237.2227270522235,UCB_BaselineAgent_1,8848.506976266819,RiskAverseEpsilonGreedyAgent_1,6059.977280133321,RiskAverseUCBAgent_1,5949.611447747562,RandomAgent_2,11381.792315954423,EpsilonGreedyAgent_2,6237.2227270522235,UCB_BaselineAgent_2,7568.0302142912005,RiskAverseEpsilonGreedyAgent_2,6059.977280133321,RiskAverseUCBAgent_2
high_congestion_baseline,baseline,high_congestion,linear_share,22,10000,10,5,,,,,,72767.39490660041,7.2767394906600416,0.7276739490660041,2.60995490464827,30172,3.0172,0,0,0,5,0.15949668710197962,6067.537146680845,RandomAgent_1,7968.729180831428,EpsilonGreedyAgent_1,7941.661731710301,UCB_BaselineAgent_1,8215.535838529255,RiskAverseEpsilonGreedyAgent_1,4375.297583114167,RiskAverseUCBAgent_1,5972.115584274514,RandomAgent_2,12492.004968361654,EpsilonGreedyAgent_2,7941.661731710301,UCB_BaselineAgent_2,7417.55355827378,RiskAverseEpsilonGreedyAgent_2,4375.297583114167,RiskAverseUCBAgent_2
high_congestion_baseline,baseline,high_congestion,linear_share,23,10000,10,5,,,,,,70140.07536421159,7.0140075364211585,0.7014007536421158,2.6577557146956856,29072,2.9072,0,0,0,5,0.17162317461953913,6379.007887517365,RandomAgent_1,11443.73974211851,EpsilonGreedyAgent_1,5790.944665927157,UCB_BaselineAgent_1,9356.881454870658,RiskAverseEpsilonGreedyAgent_1,4291.847170853146,RiskAverseUCBAgent_1,6178.177505081974,RandomAgent_2,8201.173834622045,EpsilonGreedyAgent_2,5790.944665927157,UCB_BaselineAgent_2,8415.51126644043,RiskAverseEpsilonGreedyAgent_2,4291.847170853146,RiskAverseUCBAgent_2
high_congestion_baseline,baseline,high_congestion,linear_share,24,10000,10,5,,,,,,72213.84467894203,7.221384467894203,0.7221384467894203,2.6711805421297594,34998,3.4998,0,0,0,5,0.12687236799773793,5907.581584075231,RandomAgent_1,7977.705514957562,EpsilonGreedyAgent_1,8160.755343045323,UCB_BaselineAgent_1,7602.055287203404,RiskAverseEpsilonGreedyAgent_1,4926.669214127945,RiskAverseUCBAgent_1,5874.935783624577,RandomAgent_2,8141.937505688752,EpsilonGreedyAgent_2,8160.755343045323,UCB_BaselineAgent_2,10534.779889045967,RiskAverseEpsilonGreedyAgent_2,4926.669214127945,RiskAverseUCBAgent_2
high_congestion_baseline,baseline,high_congestion,linear_share,25,10000,10,5,,,,,,71117.28051489423,7.111728051489423,0.7111728051489423,2.6453940366244466,31428,3.1428,0,0,0,5,0.12171572555523058,6079.709689343185,RandomAgent_1,9785.505626599186,EpsilonGreedyAgent_1,7231.371571026656,UCB_BaselineAgent_1,7265.358094049678,RiskAverseEpsilonGreedyAgent_1,5016.183337019026,RiskAverseUCBAgent_1,6041.443886737027,RandomAgent_2,8375.251434093496,EpsilonGreedyAgent_2,7231.371571026656,UCB_BaselineAgent_2,9074.901967980297,RiskAverseEpsilonGreedyAgent_2,5016.183337019026,RiskAverseUCBAgent_2
high_congestion_baseline,baseline,high_congestion,linear_share,26,10000,10,5,,,,,,70728.13772708295,7.072813772708296,0.7072813772708295,2.663469390097744,31796,3.1796,0,0,0,5,0.14597613655327013,6126.203216298085,RandomAgent_1,8168.5267593141225,EpsilonGreedyAgent_1,7015.095643531958,UCB_BaselineAgent_1,9293.911819970881,RiskAverseEpsilonGreedyAgent_1,4305.1454826557365,RiskAverseUCBAgent_1,6120.301515398882,RandomAgent_2,9913.031005521394,EpsilonGreedyAgent_2,7015.095643531958,UCB_BaselineAgent_2,8465.681158204201,RiskAverseEpsilonGreedyAgent_2,4305.1454826557365,RiskAverseUCBAgent_2
high_congestion_baseline,baseline,high_congestion,linear_share,27,10000,10,5,,,,,,72233.13184682505,7.223313184682505,0.7223313184682505,2.660366309337229,30669,3.0669,0,0,0,5,0.13167734377635054,6044.123494821069,RandomAgent_1,10262.421012448505,EpsilonGreedyAgent_1,7348.115544587167,UCB_BaselineAgent_1,8388.607639625676,RiskAverseEpsilonGreedyAgent_1,4999.401452472649,RiskAverseUCBAgent_1,5929.819854529063,RandomAgent_2,9460.589368757792,EpsilonGreedyAgent_2,7348.115544587167,UCB_BaselineAgent_2,7452.5364825233155,RiskAverseEpsilonGreedyAgent_2,4999.401452472649,RiskAverseUCBAgent_2
high_congestion_baseline,baseline,high_congestion,linear_share,28,10000,10,5,,,,,,70308.018061482,7.0308018061482,0.70308018061482,2.664734005073642,29304,2.9304,0,0,0,5,0.17676654187079022,6217.470842114889,RandomAgent_1,12134.838596267187,EpsilonGreedyAgent_1,5920.4985710839555,UCB_BaselineAgent_1,8328.092205966184,RiskAverseEpsilonGreedyAgent_1,4266.963028361897,RiskAverseUCBAgent_1,6324.908669822766,RandomAgent_2,7384.8722138109915,EpsilonGreedyAgent_2,5920.4985710839555,UCB_BaselineAgent_2,9542.912334608276,RiskAverseEpsilonGreedyAgent_2,4266.963028361897,RiskAverseUCBAgent_2
high_congestion_baseline,baseline,high_congestion,linear_share,29,10000,10,5,,,,,,71521.57418058306,7.152157418058306,0.7152157418058306,2.68806320446554,32275,3.2275,0,0,0,5,0.13245983056582977,6132.470300027833,RandomAgent_1,8435.63109136115,EpsilonGreedyAgent_1,7437.425388390641,UCB_BaselineAgent_1,10080.099946133225,RiskAverseEpsilonGreedyAgent_1,4687.446412592864,RiskAverseUCBAgent_1,6022.167483803597,RandomAgent_2,7716.135093708603,EpsilonGreedyAgent_2,7437.425388390641,UCB_BaselineAgent_2,8885.326663581644,RiskAverseEpsilonGreedyAgent_2,4687.446412592864,RiskAverseUCBAgent_2
high_congestion_cb_opaque_ratio06_halt3,circuit_breaker,high_congestion,linear_share,0,10000,10,5,6,0.6,3,0.0,False,70781.11775792007,7.078111775792007,0.7078111775792008,2.6539125732266653,30123,3.0123,832,159,0,4.9523,0.1620606949701786,6070.1340160419695,RandomAgent_1,7653.411768993064,EpsilonGreedyAgent_1,5677.89836946194,UCB_BaselineAgent_1,10411.56679172381,RiskAverseEpsilonGreedyAgent_1,4979.538543371408,RiskAverseUCBAgent_1,6017.9280159557975,RandomAgent_2,11777.388765008234,EpsilonGreedyAgent_2,5677.89836946194,UCB_BaselineAgent_2,7535.814574530509,RiskAverseEpsilonGreedyAgent_2,4979.538543371408,RiskAverseUCBAgent_2
high_congestion_cb_opaque_ratio06_halt3,circuit_breaker,high_congestion,linear_share,1,10000,10,5,6,0.6,3,0.0,False,72043.70062739459,7.204370062739459,0.7204370062739459,2.6389670074322003,30571,3.0571,506,109,0,4.9673,0.16116404189710987,5983.347466214777,RandomAgent_1,12725.417629655227,EpsilonGreedyAgent_1,7882.808618970002,UCB_BaselineAgent_1,7697.608712928798,RiskAverseEpsilonGreedyAgent_1,4327.181044350173,RiskAverseUCBAgent_1,5951.005586850796,RandomAgent_2,7873.694500875613,EpsilonGreedyAgent_2,7882.808618970002,UCB_BaselineAgent_2,7392.647404229031,RiskAverseEpsilonGreedyAgent_2,4327.181044350173,RiskAverseUCBAgent_2
high_congestion_cb_opaque_ratio06_halt3,circuit_breaker,high_congestion,linear_share,2,10000,10,5,6,0.6,3,0.0,False,72367.51652505537,7.236751652505537,0.7236751652505536,2.6447635003094936,33492,3.3492,544,116,0,4.9652,0.10143413940407453,5832.812223675626,RandomAgent_1,10163.452938290282,EpsilonGreedyAgent_1,7211.2186693746335,UCB_BaselineAgent_1,7521.362952910922,RiskAverseEpsilonGreedyAgent_1,6044.705011124967,RiskAverseUCBAgent_1,5758.30821854553,RandomAgent_2,7837.913950425893,EpsilonGreedyAgent_2,7211.2186693746335,UCB_BaselineAgent_2,8741.818880207918,RiskAverseEpsilonGreedyAgent_2,6044.705011124967,RiskAverseUCBAgent_2
high_congestion_cb_opaque_ratio06_halt3,circuit_breaker,high_congestion,linear_share,3,10000,10,5,6,0.6,3,0.0,False,70582.90290950969,7.0582902909509695,0.7058290290950969,2.6557498737897367,34012,3.4012,572,105,0,4.9685,0.13042297183319418,6053.4623943622555,RandomAgent_1,8047.937101485698,EpsilonGreedyAgent_1,8086.371686781243,UCB_BaselineAgent_1,8357.406434024719,RiskAverseEpsilonGreedyAgent_1,4299.62909027575,RiskAverseUCBAgent_1,5981.130159178094,RandomAgent_2,7866.302002690319,EpsilonGreedyAgent_2,8086.371686781243,UCB_BaselineAgent_2,9504.663263654626,RiskAverseEpsilonGreedyAgent_2,4299.62909027575,RiskAverseUCBAgent_2
high_congestion_cb_opaque_ratio06_halt3,circuit_breaker,high_congestion,linear_share,4,10000,10,5,6,0.6,3,0.0,False,70124.27698645592,7.012427698645593,0.7012427698645592,2.706205618407356,33660,3.366,609,124,0,4.9628,0.13525150108716155,6059.284287056271,RandomAgent_1,8399.271085489007,EpsilonGreedyAgent_1,7243.6509157049395,UCB_BaselineAgent_1,8618.60962004363,RiskAverseEpsilonGreedyAgent_1,4346.784876973498,RiskAverseUCBAgent_1,6000.336736266381,RandomAgent_2,8437.245455547303,EpsilonGreedyAgent_2,7243.6509157049395,UCB_BaselineAgent_2,9428.658216696464,RiskAverseEpsilonGreedyAgent_2,4346.784876973498,RiskAverseUCBAgent_2
high_congestion_cb_opaque_ratio06_halt3,circuit_breaker,high_congestion,linear_share,5,10000,10,5,6,0.6,3,0.0,False,69182.51022260216,6.918251022260216,0.6918251022260216,2.6618409103528875,29298,2.9298,1127,209,0,4.9373,0.1720856630383223,6099.6168365384265,RandomAgent_1,7350.035904187306,EpsilonGreedyAgent_1,5710.876202102649,UCB_BaselineAgent_1,8526.125719118934,RiskAverseEpsilonGreedyAgent_1,4381.715593703375,RiskAverseUCBAgent_1,6054.065285080208,RandomAgent_2,11674.486238561998,EpsilonGreedyAgent_2,5710.876202102649,UCB_BaselineAgent_2,9292.99664750323,RiskAverseEpsilonGreedyAgent_2,4381.715593703375,RiskAverseUCBAgent_2
high_congestion_cb_opaque_ratio06_halt3,circuit_breaker,high_congestion,linear_share,6,10000,10,5,6,0.6,3,0.0,False,69854.07813939122,6.985407813939122,0.6985407813939122,2.6991630645207296,33580,3.358,472,111,0,4.9667,0.13600162765332113,6094.467522463195,RandomAgent_1,8388.205038548303,EpsilonGreedyAgent_1,7421.933843121802,UCB_BaselineAgent_1,6866.608053325251,RiskAverseEpsilonGreedyAgent_1,4762.366883796031,RiskAverseUCBAgent_1,6158.6131290265275,RandomAgent_2,11316.679926598123,EpsilonGreedyAgent_2,7421.933843121802,UCB_BaselineAgent_2,6660.903015594159,RiskAverseEpsilonGreedyAgent_2,4762.366883796031,RiskAverseUCBAgent_2
high_congestion_cb_opaque_ratio06_halt3,circuit_breaker,high_congestion,linear_share,7,10000,10,5,6,0.6,3,0.0,False,71800.93230651823,7.180093230651822,0.7180093230651823,2.638750135238155,30899,3.0899,401,84,0,4.9748,0.1316554172470008,5930.585459956618,RandomAgent_1,9264.99667318581,EpsilonGreedyAgent_1,7380.355603794104,UCB_BaselineAgent_1,7376.799350434305,RiskAverseEpsilonGreedyAgent_1,4942.426826943964,RiskAverseUCBAgent_1,5986.480158127171,RandomAgent_2,10309.721306729356,EpsilonGreedyAgent_2,7380.355603794104,UCB_BaselineAgent_2,8286.78449660883,RiskAverseEpsilonGreedyAgent_2,4942.426826943964,RiskAverseUCBAgent_2
high_congestion_cb_opaque_ratio06_halt3,circuit_breaker,high_congestion,linear_share,8,10000,10,5,6,0.6,3,0.0,False,69985.86846700708,6.998586846700708,0.6998586846700708,2.66156138662908,30883,3.0883,932,174,0,4.9478,0.15198468890830807,6172.639601919943,RandomAgent_1,10511.566210840021,EpsilonGreedyAgent_1,6552.563242779057,UCB_BaselineAgent_1,8343.345702669596,RiskAverseEpsilonGreedyAgent_1,4306.059545040192,RiskAverseUCBAgent_1,6139.11699278511,RandomAgent_2,7889.061033324671,EpsilonGreedyAgent_2,6552.563242779057,UCB_BaselineAgent_2,9212.893349829248,RiskAverseEpsilonGreedyAgent_2,4306.059545040192,RiskAverseUCBAgent_2
high_congestion_cb_opaque_ratio06_halt3,circuit_breaker,high_congestion,linear_share,9,10000,10,5,6,0.6,3,0.0,False,70491.71505052147,7.049171505052147,0.7049171505052146,2.6578645638086105,33225,3.3225,873,171,0,4.9487,0.15981251076274816,6015.228034412022,RandomAgent_1,8342.924019504977,EpsilonGreedyAgent_1,7479.534155042007,UCB_BaselineAgent_1,7190.10865334434,RiskAverseEpsilonGreedyAgent_1,4269.498762422204,RiskAverseUCBAgent_1,6058.812220875937,RandomAgent_2,12317.886299264408,EpsilonGreedyAgent_2,7479.534155042007,UCB_BaselineAgent_2,7068.689988191366,RiskAverseEpsilonGreedyAgent_2,4269.498762422204,RiskAverseUCBAgent_2
high_congestion_cb_opaque_ratio06_halt3,circuit_breaker,high_congestion,linear_share,10,10000,10,5,6,0.6,3,0.0,False,69582.30404179686,6.958230404179686,0.6958230404179686,2.6500439396424063,29837,2.9837,842,166,0,4.9502,0.17283826856620976,6163.251746666235,RandomAgent_1,12053.358173695298,EpsilonGreedyAgent_1,5931.771708758198,UCB_BaselineAgent_1,7695.7088583579025,RiskAverseEpsilonGreedyAgent_1,4229.858055496032,RiskAverseUCBAgent_1,6237.648139970704,RandomAgent_2,9104.808793846234,EpsilonGreedyAgent_2,5931.771708758198,UCB_BaselineAgent_2,8004.2688007520255,RiskAverseEpsilonGreedyAgent_2,4229.858055496032,RiskAverseUCBAgent_2
high_congestion_cb_opaque_ratio06_halt3,circuit_breaker,high_congestion,linear_share,11,10000,10,5,6,0.6,3,0.0,False,72282.91576838736,7.228291576838736,0.7228291576838737,2.6571540416871797,30817,3.0817,378,84,0,4.9748,0.12597298028810444,5896.988725840299,RandomAgent_1,9885.991660640735,EpsilonGreedyAgent_1,7518.810968774324,UCB_BaselineAgent_1,9508.625349877513,RiskAverseEpsilonGreedyAgent_1,5102.042931467454,RiskAverseUCBAgent_1,5925.476657859283,RandomAgent_2,8360.930507085972,EpsilonGreedyAgent_2,7518.810968774324,UCB_BaselineAgent_2,7463.1950666000075,RiskAverseEpsilonGreedyAgent_2,5102.042931467454,RiskAverseUCBAgent_2
high_congestion_cb_opaque_ratio06_halt3,circuit_breaker,high_congestion,linear_share,12,10000,10,5,6,0.6,3,0.0,False,72212.7357586966,7.22127357586966,0.722127357586966,2.6549193824745294,33224,3.3224,635,128,0,4.9616,0.14056740162241632,5884.127232644385,RandomAgent_1,7908.138330139485,EpsilonGreedyAgent_1,7666.122669015979,UCB_BaselineAgent_1,7772.006606719737,RiskAverseEpsilonGreedyAgent_1,4681.367668120451,RiskAverseUCBAgent_1,5883.904178155117,RandomAgent_2,10068.794473442831,EpsilonGreedyAgent_2,7666.122669015979,UCB_BaselineAgent_2,10000.784263322174,RiskAverseEpsilonGreedyAgent_2,4681.367668120451,RiskAverseUCBAgent_2
high_congestion_cb_opaque_ratio06_halt3,circuit_breaker,high_congestion,linear_share,13,10000,10,5,6,0.6,3,0.0,False,71764.27696659236,7.1764276966592355,0.7176427696659236,2.6548601274624115,30375,3.0375,531,111,0,4.9667,0.12337865857586228,5998.830254392352,RandomAgent_1,11429.221411103072,EpsilonGreedyAgent_1,5798.59053843696,UCB_BaselineAgent_1,7548.5586838057525,RiskAverseEpsilonGreedyAgent_1,5980.6595619979835,RiskAverseUCBAgent_1,6021.907312224201,RandomAgent_2,8409.016084766348,EpsilonGreedyAgent_2,5798.59053843696,UCB_BaselineAgent_2,8798.24301943074,RiskAverseEpsilonGreedyAgent_2,5980.6595619979835,RiskAverseUCBAgent_2
high_congestion_cb_opaque_ratio06_halt3,circuit_breaker,high_congestion,linear_share,14,10000,10,5,6,0.6,3,0.0,False,72683.17070503076,7.268317070503076,0.7268317070503076,2.612030759185693,32169,3.2169,525,110,0,4.967,0.15155484196334523,5857.387898936475,RandomAgent_1,11158.495515382963,EpsilonGreedyAgent_1,8144.562380495906,UCB_BaselineAgent_1,9079.92556981248,RiskAverseEpsilonGreedyAgent_1,4532.747188919332,RiskAverseUCBAgent_1,5869.282287286623,RandomAgent_2,7897.314249444918,EpsilonGreedyAgent_2,8144.562380495906,UCB_BaselineAgent_2,7466.146045336831,RiskAverseEpsilonGreedyAgent_2,4532.747188919332,RiskAverseUCBAgent_2
high_congestion_cb_opaque_ratio06_halt3,circuit_breaker,high_congestion,linear_share,15,10000,10,5,6,0.6,3,0.0,False,69526.68718710264,6.952668718710264,0.6952668718710264,2.699238934693366,29446,2.9446,1094,213,0,4.9361,0.17325177999059327,6298.804230745048,RandomAgent_1,7877.239483182879,EpsilonGreedyAgent_1,5675.991797240113,UCB_BaselineAgent_1,8423.147476012644,RiskAverseEpsilonGreedyAgent_1,4259.079838696112,RiskAverseUCBAgent_1,6265.820111861573,RandomAgent_2,11344.133337357103,EpsilonGreedyAgent_2,5675.991797240113,UCB_BaselineAgent_2,9447.399276070937,RiskAverseEpsilonGreedyAgent_2,4259.079838696112,RiskAverseUCBAgent_2
high_congestion_cb_opaque_ratio06_halt3,circuit_breaker,high_congestion,linear_share,16,10000,10,5,6,0.6,3,0.0,False,72010.41823283216,7.201041823283216,0.7201041823283216,2.6493781870315454,30420,3.042,591,119,0,4.9643,0.1634088069285211,5966.359015858438,RandomAgent_1,12971.203511494763,EpsilonGreedyAgent_1,7717.517058197716,UCB_BaselineAgent_1,7447.891903646327,RiskAverseEpsilonGreedyAgent_1,4255.067087433009,RiskAverseUCBAgent_1,6116.599779001113,RandomAgent_2,7673.568862107626,EpsilonGreedyAgent_2,7717.517058197716,UCB_BaselineAgent_2,7889.626869462447,RiskAverseEpsilonGreedyAgent_2,4255.067087433009,RiskAverseUCBAgent_2
high_congestion_cb_opaque_ratio06_halt3,circuit_breaker,high_congestion,linear_share,17,10000,10,5,6,0.6,3,0.0,False,71344.0438538978,7.1344043853897805,0.7134404385389781,2.6733418935881343,33753,3.3753,476,106,0,4.9682,0.09185350721723573,5834.229419055873,RandomAgent_1,9571.481135859549,EpsilonGreedyAgent_1,7078.591318216708,UCB_BaselineAgent_1,8648.872973311498,RiskAverseEpsilonGreedyAgent_1,6021.250322304462,RiskAverseUCBAgent_1,5900.236462525938,RandomAgent_2,7628.8331379019455,EpsilonGreedyAgent_2,7078.591318216708,UCB_BaselineAgent_2,7560.707444200657,RiskAverseEpsilonGreedyAgent_2,6021.250322304462,RiskAverseUCBAgent_2
high_congestion_cb_opaque_ratio06_halt3,circuit_breaker,high_congestion,linear_share,18,10000,10,5,6,0.6,3,0.0,False,72096.25351427367,7.209625351427367,0.7209625351427368,2.6633583183814253,30475,3.0475,536,108,0,4.9676,0.16053411939598417,5888.993440165128,RandomAgent_1,8023.291795557684,EpsilonGreedyAgent_1,7961.603032776349,UCB_BaselineAgent_1,7246.171123217889,RiskAverseEpsilonGreedyAgent_1,4360.378346465726,RiskAverseUCBAgent_1,6011.100060168284,RandomAgent_2,12511.372072105078,EpsilonGreedyAgent_2,7961.603032776349,UCB_BaselineAgent_2,7771.362264575454,RiskAverseEpsilonGreedyAgent_2,4360.378346465726,RiskAverseUCBAgent_2
high_congestion_cb_opaque_ratio06_halt3,circuit_breaker,high_congestion,linear_share,19,10000,10,5,6,0.6,3,0.0,False,72160.5717430495,7.21605717430495,0.721605717430495,2.670354302056276,30676,3.0676,632,126,0,4.9622,0.15773131498465265,6064.864154689324,RandomAgent_1,12399.493350375953,EpsilonGreedyAgent_1,7982.263305378037,UCB_BaselineAgent_1,7852.814545238745,RiskAverseEpsilonGreedyAgent_1,4401.622353152353,RiskAverseUCBAgent_1,6013.6908647748705,RandomAgent_2,8033.049939799853,EpsilonGreedyAgent_2,7982.263305378037,UCB_BaselineAgent_2,7028.887571109969,RiskAverseEpsilonGreedyAgent_2,4401.622353152353,RiskAverseUCBAgent_2
high_congestion_cb_opaque_ratio06_halt3,circuit_breaker,high_congestion,linear_share,20,10000,10,5,6,0.6,3,0.0,False,71334.71954987965,7.133471954987965,0.7133471954987965,2.638549860363332,30580,3.058,588,115,0,4.9655,0.12288881298585697,5930.942432534734,RandomAgent_1,11350.877481894828,EpsilonGreedyAgent_1,5796.987305163047,UCB_BaselineAgent_1,8742.49193384509,RiskAverseEpsilonGreedyAgent_1,5930.458810917245,RiskAverseUCBAgent_1,5946.247306271331,RandomAgent_2,8379.70361717955,EpsilonGreedyAgent_2,5796.987305163047,UCB_BaselineAgent_2,7529.564545993529,RiskAverseEpsilonGreedyAgent_2,5930.458810917245,RiskAverseUCBAgent_2
high_congestion_cb_opaque_ratio06_halt3,circuit_breaker,high_congestion,linear_share,21,10000,10,5,6,0.6,3,0.0,False,72002.48255285076,7.200248255285077,0.7200248255285077,2.667738903121187,31969,3.1969,539,113,0,4.9661,0.15480226812863096,6010.145756634734,RandomAgent_1,7336.368390307814,EpsilonGreedyAgent_1,7949.3454115221675,UCB_BaselineAgent_1,8617.627007654406,RiskAverseEpsilonGreedyAgent_1,4266.81620198725,RiskAverseUCBAgent_1,6067.905782853281,RandomAgent_2,11377.504303248497,EpsilonGreedyAgent_2,7949.3454115221675,UCB_BaselineAgent_2,8160.6080851332035,RiskAverseEpsilonGreedyAgent_2,4266.81620198725,RiskAverseUCBAgent_2
high_congestion_cb_opaque_ratio06_halt3,circuit_breaker,high_congestion,linear_share,22,10000,10,5,6,0.6,3,0.0,False,69468.71439970838,6.946871439970837,0.6946871439970838,2.648305430600749,29310,2.931,1031,193,0,4.9421,0.17706572398648568,6264.123143698593,RandomAgent_1,12117.270547018537,EpsilonGreedyAgent_1,5757.428998103317,UCB_BaselineAgent_1,9306.41514337743,RiskAverseEpsilonGreedyAgent_1,4286.292987520717,RiskAverseUCBAgent_1,6133.8301737485945,RandomAgent_2,7241.694559369434,EpsilonGreedyAgent_2,5757.428998103317,UCB_BaselineAgent_2,8317.936861247714,RiskAverseEpsilonGreedyAgent_2,4286.292987520717,RiskAverseUCBAgent_2
high_congestion_cb_opaque_ratio06_halt3,circuit_breaker,high_congestion,linear_share,23,10000,10,5,6,0.6,3,0.0,False,69336.03823919648,6.933603823919648,0.6933603823919648,2.6842497774841068,29311,2.9311,1239,220,0,4.934,0.1726670156291248,6260.903018937532,RandomAgent_1,11362.577361999798,EpsilonGreedyAgent_1,5668.847714464642,UCB_BaselineAgent_1,8283.520292499355,RiskAverseEpsilonGreedyAgent_1,4281.96184067668,RiskAverseUCBAgent_1,6184.115701461987,RandomAgent_2,7894.516291610876,EpsilonGreedyAgent_2,5668.847714464642,UCB_BaselineAgent_2,9448.786462404294,RiskAverseEpsilonGreedyAgent_2,4281.96184067668,RiskAverseUCBAgent_2
high_congestion_cb_opaque_ratio06_halt3,circuit_breaker,high_congestion,linear_share,24,10000,10,5,6,0.6,3,0.0,False,69259.40352174739,6.925940352174739,0.6925940352174739,2.6800684256056715,29204,2.9204,1231,237,0,4.9289,0.16925980140333685,6281.567473140383,RandomAgent_1,11219.320828118462,EpsilonGreedyAgent_1,5550.470236617065,UCB_BaselineAgent_1,9174.782739541413,RiskAverseEpsilonGreedyAgent_1,4363.897801732549,RiskAverseUCBAgent_1,6233.00349693046,RandomAgent_2,8200.719783975162,EpsilonGreedyAgent_2,5550.470236617065,UCB_BaselineAgent_2,8321.273123342271,RiskAverseEpsilonGreedyAgent_2,4363.897801732549,RiskAverseUCBAgent_2
high_congestion_cb_opaque_ratio06_halt3,circuit_breaker,high_congestion,linear_share,25,10000,10,5,6,0.6,3,0.0,False,72221.74288783241,7.222174288783242,0.7222174288783242,2.6286392391697504,31061,3.1061,546,117,0,4.9649,0.15076463806564533,5909.740393117864,RandomAgent_1,12101.20902227106,EpsilonGreedyAgent_1,7903.020509732175,UCB_BaselineAgent_1,7265.238526439919,RiskAverseEpsilonGreedyAgent_1,4596.797735388397,RiskAverseUCBAgent_1,5955.624775930861,RandomAgent_2,7825.445530256743,EpsilonGreedyAgent_2,7903.020509732175,UCB_BaselineAgent_2,8164.848149574828,RiskAverseEpsilonGreedyAgent_2,4596.797735388397,RiskAverseUCBAgent_2
high_congestion_cb_opaque_ratio06_halt3,circuit_breaker,high_congestion,linear_share,26,10000,10,5,6,0.6,3,0.0,False,70793.52323661055,7.0793523236610545,0.7079352323661054,2.658495718446826,31633,3.1633,779,151,0,4.9547,0.14901670090727848,6164.9945055572,RandomAgent_1,8116.176327504083,EpsilonGreedyAgent_1,6957.4570581887365,UCB_BaselineAgent_1,8455.866192874226,RiskAverseEpsilonGreedyAgent_1,4273.825909088705,RiskAverseUCBAgent_1,6131.887410208466,RandomAgent_2,10083.858944046407,EpsilonGreedyAgent_2,6957.4570581887365,UCB_BaselineAgent_2,9378.173921865286,RiskAverseEpsilonGreedyAgent_2,4273.825909088705,RiskAverseUCBAgent_2
high_congestion_cb_opaque_ratio06_halt3,circuit_breaker,high_congestion,linear_share,27,10000,10,5,6,0.6,3,0.0,False,72337.40954556743,7.233740954556742,0.7233740954556742,2.6669613062790765,30185,3.0185,754,139,0,4.9583,0.16384981414906563,6125.0371006376945,RandomAgent_1,12843.697210468963,EpsilonGreedyAgent_1,7702.9912368372825,UCB_BaselineAgent_1,7949.191567217257,RiskAverseEpsilonGreedyAgent_1,4224.6780151269595,RiskAverseUCBAgent_1,6032.207954597756,RandomAgent_2,8004.556243581888,EpsilonGreedyAgent_2,7702.9912368372825,UCB_BaselineAgent_2,7527.380965135383,RiskAverseEpsilonGreedyAgent_2,4224.6780151269595,RiskAverseUCBAgent_2
high_congestion_cb_opaque_ratio06_halt3,circuit_breaker,high_congestion,linear_share,28,10000,10,5,6,0.6,3,0.0,False,71519.9273101174,7.151992731011741,0.715199273101174,2.650651473490998,30403,3.0403,658,134,0,4.9598,0.1298862718493372,5993.31776334068,RandomAgent_1,7279.743055009733,EpsilonGreedyAgent_1,5791.81831064303,UCB_BaselineAgent_1,8829.57797578129,RiskAverseEpsilonGreedyAgent_1,5970.976513296972,RiskAverseUCBAgent_1,5927.557091928958,RandomAgent_2,12406.262513966543,EpsilonGreedyAgent_2,5791.81831064303,UCB_BaselineAgent_2,7557.879262210195,RiskAverseEpsilonGreedyAgent_2,5970.976513296972,RiskAverseUCBAgent_2
high_congestion_cb_opaque_ratio06_halt3,circuit_breaker,high_congestion,linear_share,29,10000,10,5,6,0.6,3,0.0,False,70816.60888060249,7.08166088806025,0.7081660888060249,2.660069022321731,30241,3.0241,837,163,0,4.9511,0.16147278141896693,6085.030331043863,RandomAgent_1,11108.228650031078,EpsilonGreedyAgent_1,5630.297395492896,UCB_BaselineAgent_1,7482.6187002613315,RiskAverseEpsilonGreedyAgent_1,4936.291863369611,RiskAverseUCBAgent_1,6002.575213771576,RandomAgent_2,8583.307149383083,EpsilonGreedyAgent_2,5630.297395492896,UCB_BaselineAgent_2,10421.670318386543,RiskAverseEpsilonGreedyAgent_2,4936.291863369611,RiskAverseUCBAgent_2
high_congestion_cb_transparent_ratio06_halt3,circuit_breaker,high_congestion,linear_share,0,10000,10,5,6,0.6,3,0.0,True,70281.64872552155,7.028164872552154,0.7028164872552155,2.6646642635157374,33820,3.382,0,130,0,4.961,0.13516785248512253,6063.737999580184,RandomAgent_1,8460.153260693934,EpsilonGreedyAgent_1,7480.271724533802,UCB_BaselineAgent_1,9445.719443266404,RiskAverseEpsilonGreedyAgent_1,4297.916511437355,RiskAverseUCBAgent_1,5923.190645430784,RandomAgent_2,8421.03307711915,EpsilonGreedyAgent_2,7480.271724533802,UCB_BaselineAgent_2,8411.437827488779,RiskAverseEpsilonGreedyAgent_2,4297.916511437355,RiskAverseUCBAgent_2
high_congestion_cb_transparent_ratio06_halt3,circuit_breaker,high_congestion,linear_share,1,10000,10,5,6,0.6,3,0.0,True,71250.79280947069,7.125079280947069,0.7125079280947069,2.690319485819811,30232,3.0232,0,220,0,4.934,0.16548120084219153,6056.975156218353,RandomAgent_1,7345.5336906232515,EpsilonGreedyAgent_1,5805.65140139529,UCB_BaselineAgent_1,10679.877871777917,RiskAverseEpsilonGreedyAgent_1,4938.990598977481,RiskAverseUCBAgent_1,6070.9620266504735,RandomAgent_2,12131.298745868224,EpsilonGreedyAgent_2,5805.65140139529,UCB_BaselineAgent_2,7476.861317586925,RiskAverseEpsilonGreedyAgent_2,4938.990598977481,RiskAverseUCBAgent_2
high_congestion_cb_transparent_ratio06_halt3,circuit_breaker,high_congestion,linear_share,2,10000,10,5,6,0.6,3,0.0,True,71428.01850002422,7.142801850002422,0.7142801850002422,2.648919341668898,30494,3.0494,0,181,0,4.9457,0.12976387699766434,5882.8253165901115,RandomAgent_1,12296.383627312665,EpsilonGreedyAgent_1,5787.375155084642,UCB_BaselineAgent_1,7559.597269489862,RiskAverseEpsilonGreedyAgent_1,5921.7355544614165,RiskAverseUCBAgent_1,5960.05323267713,RandomAgent_2,7553.8045798965095,EpsilonGreedyAgent_2,5787.375155084642,UCB_BaselineAgent_2,8757.133054965829,RiskAverseEpsilonGreedyAgent_2,5921.7355544614165,RiskAverseUCBAgent_2
high_congestion_cb_transparent_ratio06_halt3,circuit_breaker,high_congestion,linear_share,3,10000,10,5,6,0.6,3,0.0,True,71623.93741002171,7.162393741002171,0.7162393741002171,2.6401053978985165,30870,3.087,0,149,0,4.9553,0.12346039339581338,6012.311968919398,RandomAgent_1,12420.456062093479,EpsilonGreedyAgent_1,5886.198261855996,UCB_BaselineAgent_1,7357.662421454452,RiskAverseEpsilonGreedyAgent_1,6029.145865070144,RiskAverseUCBAgent_1,6054.301997755168,RandomAgent_2,7383.250188015457,EpsilonGreedyAgent_2,5886.198261855996,UCB_BaselineAgent_2,8565.26651793148,RiskAverseEpsilonGreedyAgent_2,6029.145865070144,RiskAverseUCBAgent_2
high_congestion_cb_transparent_ratio06_halt3,circuit_breaker,high_congestion,linear_share,4,10000,10,5,6,0.6,3,0.0,True,69401.93984206328,6.940193984206328,0.6940193984206328,2.67831732641459,29377,2.9377,0,327,0,4.9019,0.1768776196723283,6261.095203088773,RandomAgent_1,7234.70358012465,EpsilonGreedyAgent_1,5743.638871271591,UCB_BaselineAgent_1,9509.453406763165,RiskAverseEpsilonGreedyAgent_1,4242.486938546367,RiskAverseUCBAgent_1,6214.552327080517,RandomAgent_2,11804.78879885047,EpsilonGreedyAgent_2,5743.638871271591,UCB_BaselineAgent_2,8405.09490651979,RiskAverseEpsilonGreedyAgent_2,4242.486938546367,RiskAverseUCBAgent_2
high_congestion_cb_transparent_ratio06_halt3,circuit_breaker,high_congestion,linear_share,5,10000,10,5,6,0.6,3,0.0,True,68891.93301422712,6.889193301422712,0.6889193301422712,2.710624773970831,29003,2.9003,0,341,0,4.8977,0.1712550763680818,6182.882591036996,RandomAgent_1,7191.682991316816,EpsilonGreedyAgent_1,5721.382723805748,UCB_BaselineAgent_1,9202.116419517875,RiskAverseEpsilonGreedyAgent_1,4333.379348196804,RiskAverseUCBAgent_1,6205.104473201817,RandomAgent_2,11767.716522018609,EpsilonGreedyAgent_2,5721.382723805748,UCB_BaselineAgent_2,8232.905873129905,RiskAverseEpsilonGreedyAgent_2,4333.379348196804,RiskAverseUCBAgent_2
high_congestion_cb_transparent_ratio06_halt3,circuit_breaker,high_congestion,linear_share,6,10000,10,5,6,0.6,3,0.0,True,72659.3231157309,7.26593231157309,0.726593231157309,2.6798349257211416,35534,3.5534,0,85,0,4.9745,0.08783362485680479,5706.138252130625,RandomAgent_1,7849.758091269704,EpsilonGreedyAgent_1,8309.100828172393,UCB_BaselineAgent_1,8912.452163183269,RiskAverseEpsilonGreedyAgent_1,6090.26486156452,RiskAverseUCBAgent_1,5725.407875722895,RandomAgent_2,7967.5833591699,EpsilonGreedyAgent_2,8309.100828172393,UCB_BaselineAgent_2,7699.251994780679,RiskAverseEpsilonGreedyAgent_2,6090.26486156452,RiskAverseUCBAgent_2
high_congestion_cb_transparent_ratio06_halt3,circuit_breaker,high_congestion,linear_share,7,10000,10,5,6,0.6,3,0.0,True,68861.72404380025,6.886172404380025,0.6886172404380024,2.656574619827099,28795,2.8795,0,348,0,4.8956,0.16753575973130852,6198.110743415161,RandomAgent_1,6830.745606814617,EpsilonGreedyAgent_1,5780.851034502463,UCB_BaselineAgent_1,9113.60939191941,RiskAverseEpsilonGreedyAgent_1,4399.82109687028,RiskAverseUCBAgent_1,6222.0189841206,RandomAgent_2,11755.268072073042,EpsilonGreedyAgent_2,5780.851034502463,UCB_BaselineAgent_2,8380.626982711932,RiskAverseEpsilonGreedyAgent_2,4399.82109687028,RiskAverseUCBAgent_2
high_congestion_cb_transparent_ratio06_halt3,circuit_breaker,high_congestion,linear_share,8,10000,10,5,6,0.6,3,0.0,True,69124.35180908817,6.912435180908817,0.6912435180908817,2.649429997377191,28987,2.8987,0,272,0,4.9184,0.17135550692668344,6157.084174243079,RandomAgent_1,7376.267955580419,EpsilonGreedyAgent_1,5817.070630752712,UCB_BaselineAgent_1,8325.088065910473,RiskAverseEpsilonGreedyAgent_1,4310.681784241664,RiskAverseUCBAgent_1,6118.777021099346,RandomAgent_2,11960.948680417721,EpsilonGreedyAgent_2,5817.070630752712,UCB_BaselineAgent_2,8930.68108184838,RiskAverseEpsilonGreedyAgent_2,4310.681784241664,RiskAverseUCBAgent_2
high_congestion_cb_transparent_ratio06_halt3,circuit_breaker,high_congestion,linear_share,9,10000,10,5,6,0.6,3,0.0,True,70113.81701741672,7.011381701741672,0.7011381701741671,2.6254744979616977,32210,3.221,0,275,0,4.9175,0.14204654759513624,6106.368255631463,RandomAgent_1,10866.023420782034,EpsilonGreedyAgent_1,7304.501604835834,UCB_BaselineAgent_1,7567.50210936453,RiskAverseEpsilonGreedyAgent_1,4332.56084692264,RiskAverseUCBAgent_1,6133.323023442942,RandomAgent_2,7907.501944111768,EpsilonGreedyAgent_2,7304.501604835834,UCB_BaselineAgent_2,8258.97336056703,RiskAverseEpsilonGreedyAgent_2,4332.56084692264,RiskAverseUCBAgent_2
high_congestion_cb_transparent_ratio06_halt3,circuit_breaker,high_congestion,linear_share,10,10000,10,5,6,0.6,3,0.0,True,72265.61824322869,7.226561824322869,0.7226561824322869,2.6357819674064875,30547,3.0547,0,138,0,4.9586,0.15861068978483184,6040.059853243915,RandomAgent_1,12581.93384714647,EpsilonGreedyAgent_1,7922.342864844008,UCB_BaselineAgent_1,8006.460624659397,RiskAverseEpsilonGreedyAgent_1,4379.583574570272,RiskAverseUCBAgent_1,6055.717899877647,RandomAgent_2,7689.003477810976,EpsilonGreedyAgent_2,7922.342864844008,UCB_BaselineAgent_2,7288.589661661729,RiskAverseEpsilonGreedyAgent_2,4379.583574570272,RiskAverseUCBAgent_2
high_congestion_cb_transparent_ratio06_halt3,circuit_breaker,high_congestion,linear_share,11,10000,10,5,6,0.6,3,0.0,True,68350.61062189349,6.835061062189348,0.6835061062189349,2.6868342129367258,28869,2.8869,0,450,0,4.865,0.16784296682839606,6237.5562969347575,RandomAgent_1,7135.995147329139,EpsilonGreedyAgent_1,5532.305657292723,UCB_BaselineAgent_1,9510.790623545763,RiskAverseEpsilonGreedyAgent_1,4400.759465879138,RiskAverseUCBAgent_1,6202.3082448238065,RandomAgent_2,11096.092813004669,EpsilonGreedyAgent_2,5532.305657292723,UCB_BaselineAgent_2,8301.737249911635,RiskAverseEpsilonGreedyAgent_2,4400.759465879138,RiskAverseUCBAgent_2
high_congestion_cb_transparent_ratio06_halt3,circuit_breaker,high_congestion,linear_share,12,10000,10,5,6,0.6,3,0.0,True,69602.70303846475,6.9602703038464755,0.6960270303846475,2.6650258930331767,29848,2.9848,0,359,0,4.8923,0.15869440745653596,6333.524207944396,RandomAgent_1,9190.115924107999,EpsilonGreedyAgent_1,6219.002712799053,UCB_BaselineAgent_1,7750.092529590954,RiskAverseEpsilonGreedyAgent_1,4326.180154293445,RiskAverseUCBAgent_1,6197.496192433265,RandomAgent_2,11499.974627902842,EpsilonGreedyAgent_2,6219.002712799053,UCB_BaselineAgent_2,7541.133822300304,RiskAverseEpsilonGreedyAgent_2,4326.180154293445,RiskAverseUCBAgent_2
high_congestion_cb_transparent_ratio06_halt3,circuit_breaker,high_congestion,linear_share,13,10000,10,5,6,0.6,3,0.0,True,70072.40988099777,7.0072409880997775,0.7007240988099778,2.663476353310387,33852,3.3852,0,126,0,4.9622,0.1277623662296281,6008.61967369396,RandomAgent_1,7913.859470150175,EpsilonGreedyAgent_1,7928.610031425862,UCB_BaselineAgent_1,9385.717973433655,RiskAverseEpsilonGreedyAgent_1,4311.873945592116,RiskAverseUCBAgent_1,6010.444415606703,RandomAgent_2,7891.652569768881,EpsilonGreedyAgent_2,7928.610031425862,UCB_BaselineAgent_2,8381.14782430845,RiskAverseEpsilonGreedyAgent_2,4311.873945592116,RiskAverseUCBAgent_2
high_congestion_cb_transparent_ratio06_halt3,circuit_breaker,high_congestion,linear_share,14,10000,10,5,6,0.6,3,0.0,True,69442.20899591624,6.944220899591624,0.6944220899591624,2.663633489174692,29085,2.9085,0,307,0,4.9079,0.1719780711711938,6287.798568410311,RandomAgent_1,12233.287223560845,EpsilonGreedyAgent_1,5867.498027459363,UCB_BaselineAgent_1,8399.848791811037,RiskAverseEpsilonGreedyAgent_1,4357.830467948667,RiskAverseUCBAgent_1,6215.7470519221,RandomAgent_2,6766.082439165636,EpsilonGreedyAgent_2,5867.498027459363,UCB_BaselineAgent_2,9088.78793023025,RiskAverseEpsilonGreedyAgent_2,4357.830467948667,RiskAverseUCBAgent_2
high_congestion_cb_transparent_ratio06_halt3,circuit_breaker,high_congestion,linear_share,15,10000,10,5,6,0.6,3,0.0,True,67681.2322058772,6.76812322058772,0.676812322058772,2.66760919015861,32084,3.2084,0,228,0,4.9316,0.10712238280598663,6237.957190460037,RandomAgent_1,7609.063586736172,EpsilonGreedyAgent_1,5277.769084941516,UCB_BaselineAgent_1,8787.296051142774,RiskAverseEpsilonGreedyAgent_1,5749.168445199988,RiskAverseUCBAgent_1,6169.675092447752,RandomAgent_2,8420.719064754874,EpsilonGreedyAgent_2,5277.769084941516,UCB_BaselineAgent_2,8402.64616005258,RiskAverseEpsilonGreedyAgent_2,5749.168445199988,RiskAverseUCBAgent_2
high_congestion_cb_transparent_ratio06_halt3,circuit_breaker,high_congestion,linear_share,16,10000,10,5,6,0.6,3,0.0,True,71472.58090520182,7.1472580905201815,0.7147258090520182,2.6481133432697654,30727,3.0727,0,130,0,4.961,0.13548333449103045,5916.89496569475,RandomAgent_1,10581.982728900955,EpsilonGreedyAgent_1,7225.240257896417,UCB_BaselineAgent_1,8235.843386563527,RiskAverseEpsilonGreedyAgent_1,4903.734505684432,RiskAverseUCBAgent_1,5945.349142000485,RandomAgent_2,9173.241311256403,EpsilonGreedyAgent_2,7225.240257896417,UCB_BaselineAgent_2,7361.3198436240045,RiskAverseEpsilonGreedyAgent_2,4903.734505684432,RiskAverseUCBAgent_2
high_congestion_cb_transparent_ratio06_halt3,circuit_breaker,high_congestion,linear_share,17,10000,10,5,6,0.6,3,0.0,True,70144.6244193103,7.01446244193103,0.7014462441931031,2.6508572880592616,33731,3.3731,0,143,0,4.9571,0.131364169415624,5958.210102056226,RandomAgent_1,8272.681314046751,EpsilonGreedyAgent_1,7549.314461667795,UCB_BaselineAgent_1,8358.083467320654,RiskAverseEpsilonGreedyAgent_1,4315.850363145549,RiskAverseUCBAgent_1,6115.615547865632,RandomAgent_2,8343.890259147789,EpsilonGreedyAgent_2,7549.314461667795,UCB_BaselineAgent_2,9365.814079246566,RiskAverseEpsilonGreedyAgent_2,4315.850363145549,RiskAverseUCBAgent_2
high_congestion_cb_transparent_ratio06_halt3,circuit_breaker,high_congestion,linear_share,18,10000,10,5,6,0.6,3,0.0,True,69687.28152967643,6.9687281529676435,0.6968728152967643,2.6760844758717632,31796,3.1796,0,226,0,4.9322,0.14483439032316814,6014.370847925413,RandomAgent_1,7690.609559439075,EpsilonGreedyAgent_1,6982.137324369408,UCB_BaselineAgent_1,8233.921598566887,RiskAverseEpsilonGreedyAgent_1,4302.362850599812,RiskAverseUCBAgent_1,6052.896849934365,RandomAgent_2,9936.343398533216,EpsilonGreedyAgent_2,6982.137324369408,UCB_BaselineAgent_2,9190.138925339037,RiskAverseEpsilonGreedyAgent_2,4302.362850599812,RiskAverseUCBAgent_2
high_congestion_cb_transparent_ratio06_halt3,circuit_breaker,high_congestion,linear_share,19,10000,10,5,6,0.6,3,0.0,True,72046.31488750184,7.204631488750183,0.7204631488750184,2.683205904741618,30711,3.0711,0,120,0,4.964,0.1242742132942436,5912.992193172362,RandomAgent_1,9885.705771930387,EpsilonGreedyAgent_1,7315.543223188001,UCB_BaselineAgent_1,8478.902981662302,RiskAverseEpsilonGreedyAgent_1,5209.890431569602,RiskAverseUCBAgent_1,5866.961071944226,RandomAgent_2,9512.124086192769,EpsilonGreedyAgent_2,7315.543223188001,UCB_BaselineAgent_2,7338.761473084589,RiskAverseEpsilonGreedyAgent_2,5209.890431569602,RiskAverseUCBAgent_2
high_congestion_cb_transparent_ratio06_halt3,circuit_breaker,high_congestion,linear_share,20,10000,10,5,6,0.6,3,0.0,True,72912.3903937691,7.291239039376911,0.7291239039376911,2.6696641626195583,33991,3.3991,0,95,0,4.9715,0.1048997858082239,5698.649530480954,RandomAgent_1,9601.878999699022,EpsilonGreedyAgent_1,8053.51053989801,UCB_BaselineAgent_1,7634.545113981925,RiskAverseEpsilonGreedyAgent_1,5633.689730559064,RiskAverseUCBAgent_1,5782.066178990636,RandomAgent_2,8139.46751088828,EpsilonGreedyAgent_2,8053.51053989801,UCB_BaselineAgent_2,8681.38251881414,RiskAverseEpsilonGreedyAgent_2,5633.689730559064,RiskAverseUCBAgent_2
high_congestion_cb_transparent_ratio06_halt3,circuit_breaker,high_congestion,linear_share,21,10000,10,5,6,0.6,3,0.0,True,72148.9320572259,7.21489320572259,0.721489320572259,2.6736891998800396,30860,3.086,0,107,0,4.9679,0.12726123064385897,5955.136713579289,RandomAgent_1,9488.501434968472,EpsilonGreedyAgent_1,7464.710398011775,UCB_BaselineAgent_1,8333.59953033787,RiskAverseEpsilonGreedyAgent_1,5064.69419619599,RiskAverseUCBAgent_1,5937.65083340001,RandomAgent_2,9983.527534731022,EpsilonGreedyAgent_2,7464.710398011775,UCB_BaselineAgent_2,7391.706821793704,RiskAverseEpsilonGreedyAgent_2,5064.69419619599,RiskAverseUCBAgent_2
high_congestion_cb_transparent_ratio06_halt3,circuit_breaker,high_congestion,linear_share,22,10000,10,5,6,0.6,3,0.0,True,67500.78391189822,6.750078391189822,0.6750078391189822,2.655710657438711,31945,3.1945,0,260,0,4.922,0.1071861450088516,6247.977472090686,RandomAgent_1,7604.821966061639,EpsilonGreedyAgent_1,5177.759788646214,UCB_BaselineAgent_1,8423.577162553569,RiskAverseEpsilonGreedyAgent_1,5841.2630731028175,RiskAverseUCBAgent_1,6156.341319585497,RandomAgent_2,8303.893818115786,EpsilonGreedyAgent_2,5177.759788646214,UCB_BaselineAgent_2,8726.12644999298,RiskAverseEpsilonGreedyAgent_2,5841.2630731028175,RiskAverseUCBAgent_2
high_congestion_cb_transparent_ratio06_halt3,circuit_breaker,high_congestion,linear_share,23,10000,10,5,6,0.6,3,0.0,True,71076.40513914311,7.107640513914311,0.7107640513914312,2.6786516794481563,30341,3.0341,0,235,0,4.9295,0.1608994998629394,6023.861877663138,RandomAgent_1,12046.112420039664,EpsilonGreedyAgent_1,6013.28726094205,UCB_BaselineAgent_1,10503.093193223922,RiskAverseEpsilonGreedyAgent_1,4888.73996407332,RiskAverseUCBAgent_1,6123.219221666096,RandomAgent_2,7114.311728688918,EpsilonGreedyAgent_2,6013.28726094205,UCB_BaselineAgent_2,7461.752247830637,RiskAverseEpsilonGreedyAgent_2,4888.73996407332,RiskAverseUCBAgent_2
high_congestion_cb_transparent_ratio06_halt3,circuit_breaker,high_congestion,linear_share,24,10000,10,5,6,0.6,3,0.0,True,70076.82455584261,7.007682455584261,0.7007682455584261,2.67572813679722,33789,3.3789,0,147,0,4.9559,0.12852789891061467,5982.0621248000925,RandomAgent_1,7819.809614472064,EpsilonGreedyAgent_1,8066.017524009598,UCB_BaselineAgent_1,9311.979710669306,RiskAverseEpsilonGreedyAgent_1,4320.61478632745,RiskAverseUCBAgent_1,5971.5946398400965,RandomAgent_2,7840.113085265794,EpsilonGreedyAgent_2,8066.017524009598,UCB_BaselineAgent_2,8378.000760121158,RiskAverseEpsilonGreedyAgent_2,4320.61478632745,RiskAverseUCBAgent_2
high_congestion_cb_transparent_ratio06_halt3,circuit_breaker,high_congestion,linear_share,25,10000,10,5,6,0.6,3,0.0,True,68654.93341593168,6.865493341593168,0.6865493341593167,2.643086130505706,29100,2.91,0,439,0,4.8683,0.1690952058406534,6150.140342179605,RandomAgent_1,6755.412498419424,EpsilonGreedyAgent_1,5754.835043159585,UCB_BaselineAgent_1,8324.113394188758,RiskAverseEpsilonGreedyAgent_1,4373.1397549965095,RiskAverseUCBAgent_1,6209.202677219871,RandomAgent_2,11717.223125064422,EpsilonGreedyAgent_2,5754.835043159585,UCB_BaselineAgent_2,9242.891782547411,RiskAverseEpsilonGreedyAgent_2,4373.1397549965095,RiskAverseUCBAgent_2
high_congestion_cb_transparent_ratio06_halt3,circuit_breaker,high_congestion,linear_share,26,10000,10,5,6,0.6,3,0.0,True,71953.92919272382,7.195392919272383,0.7195392919272382,2.6662615386287003,30566,3.0566,0,154,0,4.9538,0.16819273129195378,6062.977180405501,RandomAgent_1,13020.929649064088,EpsilonGreedyAgent_1,7952.210720350341,UCB_BaselineAgent_1,7150.364252868027,RiskAverseEpsilonGreedyAgent_1,4214.615486662944,RiskAverseUCBAgent_1,5979.159019923537,RandomAgent_2,7572.609026829515,EpsilonGreedyAgent_2,7952.210720350341,UCB_BaselineAgent_2,7834.237649606582,RiskAverseEpsilonGreedyAgent_2,4214.615486662944,RiskAverseUCBAgent_2
high_congestion_cb_transparent_ratio06_halt3,circuit_breaker,high_congestion,linear_share,27,10000,10,5,6,0.6,3,0.0,True,69608.28872045566,6.960828872045566,0.6960828872045566,2.680212905316178,31402,3.1402,0,254,0,4.9238,0.1532993978247903,6053.718191967759,RandomAgent_1,7292.8031043163055,EpsilonGreedyAgent_1,6806.305103110037,UCB_BaselineAgent_1,9152.969894017851,RiskAverseEpsilonGreedyAgent_1,4247.955430180833,RiskAverseUCBAgent_1,6066.235616907242,RandomAgent_2,10631.067333414057,EpsilonGreedyAgent_2,6806.305103110037,UCB_BaselineAgent_2,8302.973513250708,RiskAverseEpsilonGreedyAgent_2,4247.955430180833,RiskAverseUCBAgent_2
high_congestion_cb_transparent_ratio06_halt3,circuit_breaker,high_congestion,linear_share,28,10000,10,5,6,0.6,3,0.0,True,68652.01389855816,6.865201389855816,0.6865201389855816,2.6701838537790255,30938,3.0938,0,292,0,4.9124,0.14683508464450745,6204.231440751264,RandomAgent_1,8789.861422747264,EpsilonGreedyAgent_1,5365.152755038378,UCB_BaselineAgent_1,10238.414900646574,RiskAverseEpsilonGreedyAgent_1,4883.816142780175,RiskAverseUCBAgent_1,6222.913963976398,RandomAgent_2,8914.459043929362,EpsilonGreedyAgent_2,5365.152755038378,UCB_BaselineAgent_2,7784.195330870186,RiskAverseEpsilonGreedyAgent_2,4883.816142780175,RiskAverseUCBAgent_2
high_congestion_cb_transparent_ratio06_halt3,circuit_breaker,high_congestion,linear_share,29,10000,10,5,6,0.6,3,0.0,True,66057.52443646907,6.6057524436469075,0.6605752443646907,2.696774219636247,31766,3.1766,0,277,0,4.9169,0.13982865007338519,6340.445830837967,RandomAgent_1,10158.88946733677,EpsilonGreedyAgent_1,5076.732039305496,UCB_BaselineAgent_1,8031.894566274139,RiskAverseEpsilonGreedyAgent_1,4829.643743904676,RiskAverseUCBAgent_1,6228.050504569453,RandomAgent_2,7468.812046520272,EpsilonGreedyAgent_2,5076.732039305496,UCB_BaselineAgent_2,8016.680454510132,RiskAverseEpsilonGreedyAgent_2,4829.643743904676,RiskAverseUCBAgent_2
high_congestion_cb_opaque_ratio06_halt5,circuit_breaker,high_congestion,linear_share,0,10000,10,5,6,0.6,5,0.0,False,72335.72336549319,7.233572336549319,0.7233572336549319,2.64478528529914,30816,3.0816,631,82,0,4.959,0.13168915069158582,5933.713541850312,RandomAgent_1,8358.25985012352,EpsilonGreedyAgent_1,7534.563758636457,UCB_BaselineAgent_1,10435.100910338335,RiskAverseEpsilonGreedyAgent_1,5004.745730401116,RiskAverseUCBAgent_1,5968.984608980723,RandomAgent_2,9203.166995895182,EpsilonGreedyAgent_2,7534.563758636457,UCB_BaselineAgent_2,7357.878480229966,RiskAverseEpsilonGreedyAgent_2,5004.745730401116,RiskAverseUCBAgent_2
high_congestion_cb_opaque_ratio06_halt5,circuit_breaker,high_congestion,linear_share,1,10000,10,5,6,0.6,5,0.0,False,71335.89147006047,7.133589147006046,0.7133589147006046,2.657288980621064,31936,3.1936,1041,110,0,4.945,0.14968045484184067,6075.977093399701,RandomAgent_1,7932.038053960738,EpsilonGreedyAgent_1,6439.32928569764,UCB_BaselineAgent_1,10443.393396634296,RiskAverseEpsilonGreedyAgent_1,4886.336974377592,RiskAverseUCBAgent_1,5901.018743704225,RandomAgent_2,10821.6607289589,EpsilonGreedyAgent_2,6439.32928569764,UCB_BaselineAgent_2,7510.470933252136,RiskAverseEpsilonGreedyAgent_2,4886.336974377592,RiskAverseUCBAgent_2
high_congestion_cb_opaque_ratio06_halt5,circuit_breaker,high_congestion,linear_share,2,10000,10,5,6,0.6,5,0.0,False,68722.69807254088,6.872269807254088,0.6872269807254088,2.6926309698346786,29497,2.9497,1877,188,0,4.906,0.1759867115566518,6206.564492855826,RandomAgent_1,7386.032920258671,EpsilonGreedyAgent_1,5605.704679978873,UCB_BaselineAgent_1,8240.405976362003,RiskAverseEpsilonGreedyAgent_1,4254.969490917038,RiskAverseUCBAgent_1,6157.295385912318,RandomAgent_2,11690.605644161744,EpsilonGreedyAgent_2,5605.704679978873,UCB_BaselineAgent_2,9320.445311198499,RiskAverseEpsilonGreedyAgent_2,4254.969490917038,RiskAverseUCBAgent_2
high_congestion_cb_opaque_ratio06_halt5,circuit_breaker,high_congestion,linear_share,3,10000,10,5,6,0.6,5,0.0,False,68787.90471490497,6.878790471490498,0.6878790471490497,2.7021404231319592,30689,3.0689,1937,198,0,4.901,0.1568715000745362,6053.015081800764,RandomAgent_1,7574.250174544831,EpsilonGreedyAgent_1,6154.571055056579,UCB_BaselineAgent_1,8212.997181743405,RiskAverseEpsilonGreedyAgent_1,4291.610745089262,RiskAverseUCBAgent_1,6060.826661455278,RandomAgent_2,10636.522386538663,EpsilonGreedyAgent_2,6154.571055056579,UCB_BaselineAgent_2,9357.92962853035,RiskAverseEpsilonGreedyAgent_2,4291.610745089262,RiskAverseUCBAgent_2
high_congestion_cb_opaque_ratio06_halt5,circuit_breaker,high_congestion,linear_share,4,10000,10,5,6,0.6,5,0.0,False,70136.35562824593,7.013635562824593,0.7013635562824593,2.696730814428421,34418,3.4418,956,103,0,4.9485,0.13693550183099412,6025.1670453487,RandomAgent_1,8612.558783231643,EpsilonGreedyAgent_1,7408.894415655688,UCB_BaselineAgent_1,8299.496543063948,RiskAverseEpsilonGreedyAgent_1,4232.071497338932,RiskAverseUCBAgent_1,6067.015232132428,RandomAgent_2,8439.120368015041,EpsilonGreedyAgent_2,7408.894415655688,UCB_BaselineAgent_2,9411.065830464931,RiskAverseEpsilonGreedyAgent_2,4232.071497338932,RiskAverseUCBAgent_2
high_congestion_cb_opaque_ratio06_halt5,circuit_breaker,high_congestion,linear_share,5,10000,10,5,6,0.6,5,0.0,False,69497.03177229282,6.949703177229281,0.6949703177229282,2.727137643316301,30447,3.0447,1990,205,0,4.8975,0.1649628992461858,6046.797916054601,RandomAgent_1,7855.364454642411,EpsilonGreedyAgent_1,6090.547429039432,UCB_BaselineAgent_1,8267.083681323893,RiskAverseEpsilonGreedyAgent_1,4234.901716984381,RiskAverseUCBAgent_1,6184.958564121869,RandomAgent_2,11234.476443206157,EpsilonGreedyAgent_2,6090.547429039432,UCB_BaselineAgent_2,9257.452420896265,RiskAverseEpsilonGreedyAgent_2,4234.901716984381,RiskAverseUCBAgent_2
high_congestion_cb_opaque_ratio06_halt5,circuit_breaker,high_congestion,linear_share,6,10000,10,5,6,0.6,5,0.0,False,71514.24183428193,7.151424183428193,0.7151424183428193,2.660610555203367,30412,3.0412,1056,122,0,4.939,0.15617530749595088,5926.425579645387,RandomAgent_1,12436.761398887029,EpsilonGreedyAgent_1,7725.809062163219,UCB_BaselineAgent_1,7252.631072714391,RiskAverseEpsilonGreedyAgent_1,4397.050649911749,RiskAverseUCBAgent_1,6002.56034429103,RandomAgent_2,7726.129725152453,EpsilonGreedyAgent_2,7725.809062163219,UCB_BaselineAgent_2,7924.014289441701,RiskAverseEpsilonGreedyAgent_2,4397.050649911749,RiskAverseUCBAgent_2
high_congestion_cb_opaque_ratio06_halt5,circuit_breaker,high_congestion,linear_share,7,10000,10,5,6,0.6,5,0.0,False,71423.83851124228,7.142383851124229,0.7142383851124229,2.6749564862718187,30904,3.0904,776,93,0,4.9535,0.1271778229466647,5938.995027335198,RandomAgent_1,9458.931554740066,EpsilonGreedyAgent_1,7281.888581309264,UCB_BaselineAgent_1,10089.910807867884,RiskAverseEpsilonGreedyAgent_1,5063.140062100283,RiskAverseUCBAgent_1,5919.208740454824,RandomAgent_2,7254.065881321804,EpsilonGreedyAgent_2,7281.888581309264,UCB_BaselineAgent_2,8072.669212703409,RiskAverseEpsilonGreedyAgent_2,5063.140062100283,RiskAverseUCBAgent_2
high_congestion_cb_opaque_ratio06_halt5,circuit_breaker,high_congestion,linear_share,8,10000,10,5,6,0.6,5,0.0,False,71757.14708476709,7.175714708476709,0.7175714708476708,2.6842898260351076,30782,3.0782,681,84,0,4.958,0.12613659768608732,5896.218095419454,RandomAgent_1,9832.716451686407,EpsilonGreedyAgent_1,7351.304471052313,UCB_BaselineAgent_1,7392.540807081872,RiskAverseEpsilonGreedyAgent_1,5081.326989526692,RiskAverseUCBAgent_1,5898.143934051887,RandomAgent_2,8394.573286501305,EpsilonGreedyAgent_2,7351.304471052313,UCB_BaselineAgent_2,9477.691588868147,RiskAverseEpsilonGreedyAgent_2,5081.326989526692,RiskAverseUCBAgent_2
high_congestion_cb_opaque_ratio06_halt5,circuit_breaker,high_congestion,linear_share,9,10000,10,5,6,0.6,5,0.0,False,71686.9836185429,7.1686983618542905,0.716869836185429,2.647869393261922,35448,3.5448,561,66,0,4.967,0.13444741134251448,5884.059365528547,RandomAgent_1,8951.785253291768,EpsilonGreedyAgent_1,7303.016876613615,UCB_BaselineAgent_1,7518.062782415939,RiskAverseEpsilonGreedyAgent_1,4932.67607876502,RiskAverseUCBAgent_1,5784.823753359798,RandomAgent_2,8757.019057677024,EpsilonGreedyAgent_2,7303.016876613615,UCB_BaselineAgent_2,10319.847495512558,RiskAverseEpsilonGreedyAgent_2,4932.67607876502,RiskAverseUCBAgent_2
high_congestion_cb_opaque_ratio06_halt5,circuit_breaker,high_congestion,linear_share,10,10000,10,5,6,0.6,5,0.0,False,71899.71159468793,7.189971159468794,0.7189971159468793,2.6496518622674237,32358,3.2358,1186,135,0,4.9325,0.1084622316273427,5976.39319875322,RandomAgent_1,10945.343233916316,EpsilonGreedyAgent_1,6595.2529742232555,UCB_BaselineAgent_1,8722.980235148229,RiskAverseEpsilonGreedyAgent_1,6036.200800995422,RiskAverseUCBAgent_1,5823.127329204466,RandomAgent_2,7720.352799164268,EpsilonGreedyAgent_2,6595.2529742232555,UCB_BaselineAgent_2,7448.607248064079,RiskAverseEpsilonGreedyAgent_2,6036.200800995422,RiskAverseUCBAgent_2
high_congestion_cb_opaque_ratio06_halt5,circuit_breaker,high_congestion,linear_share,11,10000,10,5,6,0.6,5,0.0,False,69192.21470129176,6.919221470129176,0.6919221470129175,2.687337248181125,31249,3.1249,1693,176,0,4.912,0.1590741396410409,6033.833065660614,RandomAgent_1,7867.235601352761,EpsilonGreedyAgent_1,6291.118703944879,UCB_BaselineAgent_1,8263.308111976034,RiskAverseEpsilonGreedyAgent_1,4213.798977968789,RiskAverseUCBAgent_1,6022.171671171003,RandomAgent_2,10405.498929966356,EpsilonGreedyAgent_2,6291.118703944879,UCB_BaselineAgent_2,9590.331957337647,RiskAverseEpsilonGreedyAgent_2,4213.798977968789,RiskAverseUCBAgent_2
high_congestion_cb_opaque_ratio06_halt5,circuit_breaker,high_congestion,linear_share,12,10000,10,5,6,0.6,5,0.0,False,68644.65564007916,6.864465564007916,0.6864465564007916,2.669288685644856,29654,2.9654,1853,198,0,4.901,0.1580786980971498,6169.84810694094,RandomAgent_1,10411.049245883638,EpsilonGreedyAgent_1,5697.857133933806,UCB_BaselineAgent_1,8080.879935464559,RiskAverseEpsilonGreedyAgent_1,4365.1396623436,RiskAverseUCBAgent_1,6238.118693241644,RandomAgent_2,8916.742841231082,EpsilonGreedyAgent_2,5697.857133933806,UCB_BaselineAgent_2,8702.02322476248,RiskAverseEpsilonGreedyAgent_2,4365.1396623436,RiskAverseUCBAgent_2
high_congestion_cb_opaque_ratio06_halt5,circuit_breaker,high_congestion,linear_share,13,10000,10,5,6,0.6,5,0.0,False,71868.36026327977,7.186836026327977,0.7186836026327977,2.6628386657379672,30841,3.0841,962,112,0,4.944,0.15767735959008844,6085.05951976272,RandomAgent_1,12422.086195047354,EpsilonGreedyAgent_1,7936.250809549891,UCB_BaselineAgent_1,7238.856632357582,RiskAverseEpsilonGreedyAgent_1,4360.941533866574,RiskAverseUCBAgent_1,5938.746847365667,RandomAgent_2,7759.248900797117,EpsilonGreedyAgent_2,7936.250809549891,UCB_BaselineAgent_2,7829.977481116394,RiskAverseEpsilonGreedyAgent_2,4360.941533866574,RiskAverseUCBAgent_2
high_congestion_cb_opaque_ratio06_halt5,circuit_breaker,high_congestion,linear_share,14,10000,10,5,6,0.6,5,0.0,False,70691.53707892745,7.069153707892744,0.7069153707892745,2.6927909432358237,29950,2.995,1547,158,0,4.921,0.15532917814524017,6064.590878558235,RandomAgent_1,10208.300266437871,EpsilonGreedyAgent_1,5543.051519057445,UCB_BaselineAgent_1,10427.997615327127,RiskAverseEpsilonGreedyAgent_1,4998.0105301056665,RiskAverseUCBAgent_1,6131.01971097367,RandomAgent_2,9204.070716874223,EpsilonGreedyAgent_2,5543.051519057445,UCB_BaselineAgent_2,7573.433792430089,RiskAverseEpsilonGreedyAgent_2,4998.0105301056665,RiskAverseUCBAgent_2
high_congestion_cb_opaque_ratio06_halt5,circuit_breaker,high_congestion,linear_share,15,10000,10,5,6,0.6,5,0.0,False,71684.80271414334,7.168480271414334,0.7168480271414334,2.6274743341284643,30798,3.0798,702,84,0,4.958,0.1305571422685996,5919.141829114483,RandomAgent_1,8370.131655737314,EpsilonGreedyAgent_1,7261.423475814635,UCB_BaselineAgent_1,7385.5386840191795,RiskAverseEpsilonGreedyAgent_1,5014.206716144648,RiskAverseUCBAgent_1,5918.272968836264,RandomAgent_2,10187.626487970765,EpsilonGreedyAgent_2,7261.423475814635,UCB_BaselineAgent_2,9352.83070454677,RiskAverseEpsilonGreedyAgent_2,5014.206716144648,RiskAverseUCBAgent_2
high_congestion_cb_opaque_ratio06_halt5,circuit_breaker,high_congestion,linear_share,16,10000,10,5,6,0.6,5,0.0,False,69091.21718004897,6.909121718004897,0.6909121718004897,2.6588508240340127,29388,2.9388,2106,218,0,4.8912,0.15583163440232073,6104.555556220285,RandomAgent_1,10877.770043869488,EpsilonGreedyAgent_1,6095.107195065518,UCB_BaselineAgent_1,8832.331719850734,RiskAverseEpsilonGreedyAgent_1,4305.618465603167,RiskAverseUCBAgent_1,6118.588868947819,RandomAgent_2,8103.079062661107,EpsilonGreedyAgent_2,6095.107195065518,UCB_BaselineAgent_2,8253.440607162176,RiskAverseEpsilonGreedyAgent_2,4305.618465603167,RiskAverseUCBAgent_2
high_congestion_cb_opaque_ratio06_halt5,circuit_breaker,high_congestion,linear_share,17,10000,10,5,6,0.6,5,0.0,False,72097.90271951638,7.209790271951638,0.7209790271951638,2.6506915057898364,30750,3.075,770,83,0,4.9585,0.1318089899874555,5876.927582741928,RandomAgent_1,9411.326100953233,EpsilonGreedyAgent_1,7382.822012822307,UCB_BaselineAgent_1,8266.524997072025,RiskAverseEpsilonGreedyAgent_1,5044.229982305672,RiskAverseUCBAgent_1,5904.767105110804,RandomAgent_2,10378.91163341424,EpsilonGreedyAgent_2,7382.822012822307,UCB_BaselineAgent_2,7405.341309968197,RiskAverseEpsilonGreedyAgent_2,5044.229982305672,RiskAverseUCBAgent_2
high_congestion_cb_opaque_ratio06_halt5,circuit_breaker,high_congestion,linear_share,18,10000,10,5,6,0.6,5,0.0,False,72960.77450557708,7.296077450557708,0.7296077450557708,2.685559058062818,33954,3.3954,619,76,0,4.962,0.11100804687325039,5670.665650503712,RandomAgent_1,8158.391670129438,EpsilonGreedyAgent_1,8126.448444757081,UCB_BaselineAgent_1,8599.613544111133,RiskAverseEpsilonGreedyAgent_1,5538.635474959289,RiskAverseUCBAgent_1,5822.627816709089,RandomAgent_2,9931.597111046936,EpsilonGreedyAgent_2,8126.448444757081,UCB_BaselineAgent_2,7447.710873644026,RiskAverseEpsilonGreedyAgent_2,5538.635474959289,RiskAverseUCBAgent_2
high_congestion_cb_opaque_ratio06_halt5,circuit_breaker,high_congestion,linear_share,19,10000,10,5,6,0.6,5,0.0,False,69516.6303613192,6.95166303613192,0.695166303613192,2.698722102204694,30294,3.0294,1690,181,0,4.9095,0.16077913273517508,6180.9113274457595,RandomAgent_1,7830.129688835699,EpsilonGreedyAgent_1,6072.136129608367,UCB_BaselineAgent_1,9097.581477176986,RiskAverseEpsilonGreedyAgent_1,4285.575964298634,RiskAverseUCBAgent_1,6238.053526989463,RandomAgent_2,11102.821873928806,EpsilonGreedyAgent_2,6072.136129608367,UCB_BaselineAgent_2,8351.70827912849,RiskAverseEpsilonGreedyAgent_2,4285.575964298634,RiskAverseUCBAgent_2
high_congestion_cb_opaque_ratio06_halt5,circuit_breaker,high_congestion,linear_share,20,10000,10,5,6,0.6,5,0.0,False,69693.79740314731,6.969379740314731,0.6969379740314732,2.704206205852858,32811,3.2811,1488,160,0,4.92,0.14371012191293264,5975.5142954344765,RandomAgent_1,9121.730628530906,EpsilonGreedyAgent_1,7191.356985017085,UCB_BaselineAgent_1,8264.917805007282,RiskAverseEpsilonGreedyAgent_1,4237.141652848905,RiskAverseUCBAgent_1,5949.8479384778975,RandomAgent_2,7878.786387724136,EpsilonGreedyAgent_2,7191.356985017085,UCB_BaselineAgent_2,9646.003072240634,RiskAverseEpsilonGreedyAgent_2,4237.141652848905,RiskAverseUCBAgent_2
high_congestion_cb_opaque_ratio06_halt5,circuit_breaker,high_congestion,linear_share,21,10000,10,5,6,0.6,5,0.0,False,70283.96597161639,7.028396597161639,0.7028396597161639,2.6808374152631256,30294,3.0294,1382,148,0,4.926,0.15787647283933381,5999.040498709273,RandomAgent_1,8454.720242408515,EpsilonGreedyAgent_1,5670.515457816537,UCB_BaselineAgent_1,7488.629211588224,RiskAverseEpsilonGreedyAgent_1,4884.133120334454,RiskAverseUCBAgent_1,6086.129898005072,RandomAgent_2,10811.239518571532,EpsilonGreedyAgent_2,5670.515457816537,UCB_BaselineAgent_2,10334.909446031781,RiskAverseEpsilonGreedyAgent_2,4884.133120334454,RiskAverseUCBAgent_2
high_congestion_cb_opaque_ratio06_halt5,circuit_breaker,high_congestion,linear_share,22,10000,10,5,6,0.6,5,0.0,False,72162.8808790471,7.21628808790471,0.721628808790471,2.642033023064962,30861,3.0861,618,77,0,4.9615,0.11891164366582063,5909.266213086577,RandomAgent_1,8409.362252717168,EpsilonGreedyAgent_1,7405.689973737111,UCB_BaselineAgent_1,9707.522253901181,RiskAverseEpsilonGreedyAgent_1,5274.957795241779,RiskAverseUCBAgent_1,5948.416026556566,RandomAgent_2,9423.839848754653,EpsilonGreedyAgent_2,7405.689973737111,UCB_BaselineAgent_2,7403.17874607316,RiskAverseEpsilonGreedyAgent_2,5274.957795241779,RiskAverseUCBAgent_2
high_congestion_cb_opaque_ratio06_halt5,circuit_breaker,high_congestion,linear_share,23,10000,10,5,6,0.6,5,0.0,False,71980.1893521862,7.198018935218619,0.719801893521862,2.635791245094897,31544,3.1544,831,97,0,4.9515,0.1432087231295378,5923.201841432117,RandomAgent_1,7912.855174387986,EpsilonGreedyAgent_1,7881.315429591547,UCB_BaselineAgent_1,8129.894052959994,RiskAverseEpsilonGreedyAgent_1,4685.8478057303155,RiskAverseUCBAgent_1,5920.101010619415,RandomAgent_2,11638.660038768467,EpsilonGreedyAgent_2,7881.315429591547,UCB_BaselineAgent_2,7321.150763374495,RiskAverseEpsilonGreedyAgent_2,4685.8478057303155,RiskAverseUCBAgent_2
high_congestion_cb_opaque_ratio06_halt5,circuit_breaker,high_congestion,linear_share,24,10000,10,5,6,0.6,5,0.0,False,70969.97003442807,7.096997003442807,0.7096997003442808,2.674297273267964,30317,3.0317,1371,140,0,4.93,0.15701904469485983,5963.621043554968,RandomAgent_1,12561.56202843947,EpsilonGreedyAgent_1,7420.219166211584,UCB_BaselineAgent_1,7588.011316535893,RiskAverseEpsilonGreedyAgent_1,4317.899222116007,RiskAverseUCBAgent_1,6041.284943687398,RandomAgent_2,7863.209988920082,EpsilonGreedyAgent_2,7420.219166211584,UCB_BaselineAgent_2,7476.043936635078,RiskAverseEpsilonGreedyAgent_2,4317.899222116007,RiskAverseUCBAgent_2
high_congestion_cb_opaque_ratio06_halt5,circuit_breaker,high_congestion,linear_share,25,10000,10,5,6,0.6,5,0.0,False,71083.12238853058,7.108312238853058,0.7108312238853058,2.7018799839185808,30311,3.0311,1431,150,0,4.925,0.165705417849068,6127.616499897417,RandomAgent_1,7766.465690822574,EpsilonGreedyAgent_1,5666.737907561345,UCB_BaselineAgent_1,10429.410610081495,RiskAverseEpsilonGreedyAgent_1,4919.861154700624,RiskAverseUCBAgent_1,6133.566680036237,RandomAgent_2,11939.586575908488,EpsilonGreedyAgent_2,5666.737907561345,UCB_BaselineAgent_2,7513.278207260434,RiskAverseEpsilonGreedyAgent_2,4919.861154700624,RiskAverseUCBAgent_2
high_congestion_cb_opaque_ratio06_halt5,circuit_breaker,high_congestion,linear_share,26,10000,10,5,6,0.6,5,0.0,False,71968.11596510097,7.196811596510097,0.7196811596510096,2.6771057754920267,30685,3.0685,749,90,0,4.955,0.12914849480050306,5929.856297087731,RandomAgent_1,8346.58461790093,EpsilonGreedyAgent_1,7458.216372269492,UCB_BaselineAgent_1,9351.150230741994,RiskAverseEpsilonGreedyAgent_1,5029.641067222731,RiskAverseUCBAgent_1,5907.030596843783,RandomAgent_2,10117.86566060197,EpsilonGreedyAgent_2,7458.216372269492,UCB_BaselineAgent_2,7339.913682940115,RiskAverseEpsilonGreedyAgent_2,5029.641067222731,RiskAverseUCBAgent_2
high_congestion_cb_opaque_ratio06_halt5,circuit_breaker,high_congestion,linear_share,27,10000,10,5,6,0.6,5,0.0,False,71752.65433061655,7.175265433061655,0.7175265433061655,2.6652881219127065,30190,3.019,1568,159,0,4.9205,0.1556465496386903,6015.707336134225,RandomAgent_1,7908.995889092181,EpsilonGreedyAgent_1,7277.970515485325,UCB_BaselineAgent_1,8058.4805543684015,RiskAverseEpsilonGreedyAgent_1,4515.782187403492,RiskAverseUCBAgent_1,6030.229000647707,RandomAgent_2,12615.45294350368,EpsilonGreedyAgent_2,7277.970515485325,UCB_BaselineAgent_2,7536.2832010927295,RiskAverseEpsilonGreedyAgent_2,4515.782187403492,RiskAverseUCBAgent_2
high_congestion_cb_opaque_ratio06_halt5,circuit_breaker,high_congestion,linear_share,28,10000,10,5,6,0.6,5,0.0,False,71838.97306283636,7.183897306283636,0.7183897306283636,2.6663728281867045,30381,3.0381,1094,122,0,4.939,0.16107148140502758,6005.792475279258,RandomAgent_1,7984.608154639075,EpsilonGreedyAgent_1,7679.327714953435,UCB_BaselineAgent_1,7851.122522344273,RiskAverseEpsilonGreedyAgent_1,4368.440891883799,RiskAverseUCBAgent_1,5894.986756724288,RandomAgent_2,12724.120900423557,EpsilonGreedyAgent_2,7679.327714953435,UCB_BaselineAgent_2,7282.805039751435,RiskAverseEpsilonGreedyAgent_2,4368.440891883799,RiskAverseUCBAgent_2
high_congestion_cb_opaque_ratio06_halt5,circuit_breaker,high_congestion,linear_share,29,10000,10,5,6,0.6,5,0.0,False,71954.74806459453,7.195474806459453,0.7195474806459453,2.6517603475993075,30703,3.0703,820,95,0,4.9525,0.1299535466969597,5937.209891915933,RandomAgent_1,10199.105632030258,EpsilonGreedyAgent_1,7318.138171208557,UCB_BaselineAgent_1,7418.753771781315,RiskAverseEpsilonGreedyAgent_1,5052.8148972532435,RiskAverseUCBAgent_1,5892.030881653902,RandomAgent_2,9373.824405903973,EpsilonGreedyAgent_2,7318.138171208557,UCB_BaselineAgent_2,8391.917344385545,RiskAverseEpsilonGreedyAgent_2,5052.8148972532435,RiskAverseUCBAgent_2
high_congestion_cb_transparent_ratio06_halt5,circuit_breaker,high_congestion,linear_share,0,10000,10,5,6,0.6,5,0.0,True,14997.341180256719,1.4997341180256718,0.14997341180256718,1.2070167961703835,10002,1.0002,0,10000,0,0.001,0.0004217565571058568,1504.4243411797836,RandomAgent_1,1499.0666283993232,EpsilonGreedyAgent_1,1499.0666283993232,UCB_BaselineAgent_1,1499.0666283993232,RiskAverseEpsilonGreedyAgent_1,1499.0666283993232,RiskAverseUCBAgent_1,1500.7470975332217,RandomAgent_2,1498.703342748451,EpsilonGreedyAgent_2,1499.0666283993232,UCB_BaselineAgent_2,1499.0666283993232,RiskAverseEpsilonGreedyAgent_2,1499.0666283993232,RiskAverseUCBAgent_2
high_congestion_cb_transparent_ratio06_halt5,circuit_breaker,high_congestion,linear_share,1,10000,10,5,6,0.6,5,0.0,True,14965.284159081542,1.4965284159081542,0.14965284159081543,1.2237732075200738,10001,1.0001,0,10000,0,0.001,0.0002662673688640371,1498.5060576623096,RandomAgent_1,1496.0306550913165,EpsilonGreedyAgent_1,1496.0306550913165,UCB_BaselineAgent_1,1496.0306550913165,RiskAverseEpsilonGreedyAgent_1,1496.0306550913165,RiskAverseUCBAgent_1,1498.5328606887003,RandomAgent_2,1496.0306550913165,EpsilonGreedyAgent_2,1496.0306550913165,UCB_BaselineAgent_2,1496.0306550913165,RiskAverseEpsilonGreedyAgent_2,1496.0306550913165,RiskAverseUCBAgent_2
high_congestion_cb_transparent_ratio06_halt5,circuit_breaker,high_congestion,linear_share,2,10000,10,5,6,0.6,5,0.0,True,15002.313996871337,1.5002313996871337,0.15002313996871336,1.2337646552377557,10001,1.0001,0,10000,0,0.001,0.0004610928044073148,1503.2320100285833,RandomAgent_1,1501.1742792806028,EpsilonGreedyAgent_1,1499.3019835608734,UCB_BaselineAgent_1,1499.3019835608734,RiskAverseEpsilonGreedyAgent_1,1499.3019835608734,RiskAverseUCBAgent_1,1502.7938226360363,RandomAgent_2,1499.3019835608734,EpsilonGreedyAgent_2,1499.3019835608734,UCB_BaselineAgent_2,1499.3019835608734,RiskAverseEpsilonGreedyAgent_2,1499.3019835608734,RiskAverseUCBAgent_2
high_congestion_cb_transparent_ratio06_halt5,circuit_breaker,high_congestion,linear_share,3,10000,10,5,6,0.6,5,0.0,True,15245.940359872664,1.5245940359872665,0.15245940359872664,1.2327698990287563,10001,1.0001,0,10000,0,0.001,0.0001760537905615145,1525.8680459253244,RandomAgent_1,1524.260069216966,EpsilonGreedyAgent_1,1524.260069216966,UCB_BaselineAgent_1,1524.260069216966,RiskAverseEpsilonGreedyAgent_1,1524.260069216966,RiskAverseUCBAgent_1,1525.9917602116109,RandomAgent_2,1524.260069216966,EpsilonGreedyAgent_2,1524.260069216966,UCB_BaselineAgent_2,1524.260069216966,RiskAverseEpsilonGreedyAgent_2,1524.260069216966,RiskAverseUCBAgent_2
high_congestion_cb_transparent_ratio06_halt5,circuit_breaker,high_congestion,linear_share,4,10000,10,5,6,0.6,5,0.0,True,15098.51214938351,1.509851214938351,0.1509851214938351,1.2225951030688333,10003,1.0003,0,10000,0,0.001,0.0002733622258188628,1511.706321288863,RandomAgent_1,1508.9467008494316,EpsilonGreedyAgent_1,1509.4159173791295,UCB_BaselineAgent_1,1509.4159173791295,RiskAverseEpsilonGreedyAgent_1,1509.4159173791295,RiskAverseUCBAgent_1,1511.3049693097776,RandomAgent_2,1509.4159173791295,EpsilonGreedyAgent_2,1509.4159173791295,UCB_BaselineAgent_2,1510.0586536606615,RiskAverseEpsilonGreedyAgent_2,1509.4159173791295,RiskAverseUCBAgent_2
high_congestion_cb_transparent_ratio06_halt5,circuit_breaker,high_congestion,linear_share,5,10000,10,5,6,0.6,5,0.0,True,15068.206549956285,1.5068206549956285,0.15068206549956284,1.2375265702018459,10003,1.0003,0,10000,0,0.001,0.0004820893135015769,1508.9719198882865,RandomAgent_1,1505.9157550301682,EpsilonGreedyAgent_1,1505.9157550301682,UCB_BaselineAgent_1,1505.9157550301682,RiskAverseEpsilonGreedyAgent_1,1505.9157550301682,RiskAverseUCBAgent_1,1506.5873684455355,RandomAgent_2,1511.236976411286,EpsilonGreedyAgent_2,1505.9157550301682,UCB_BaselineAgent_2,1505.9157550301682,RiskAverseEpsilonGreedyAgent_2,1505.9157550301682,RiskAverseUCBAgent_2
high_congestion_cb_transparent_ratio06_halt5,circuit_breaker,high_congestion,linear_share,6,10000,10,5,6,0.6,5,0.0,True,15018.696777793815,1.5018696777793816,0.15018696777793816,1.2226643480839712,10002,1.0002,0,10000,0,0.001,0.0004913989349342174,1505.4954921067126,RandomAgent_1,1500.9044440291098,EpsilonGreedyAgent_1,1500.9044440291098,UCB_BaselineAgent_1,1500.9044440291098,RiskAverseEpsilonGreedyAgent_1,1500.9044440291098,RiskAverseUCBAgent_1,1502.1778360719793,RandomAgent_2,1504.5923517659965,EpsilonGreedyAgent_2,1500.9044440291098,UCB_BaselineAgent_2,1501.0044336744693,RiskAverseEpsilonGreedyAgent_2,1500.9044440291098,RiskAverseUCBAgent_2
high_congestion_cb_transparent_ratio06_halt5,circuit_breaker,high_congestion,linear_share,7,10000,10,5,6,0.6,5,0.0,True,15063.828547976986,1.5063828547976985,0.15063828547976985,1.2071277059053633,10001,1.0001,0,10000,0,0.001,0.0002796030349634382,1507.9643560130057,RandomAgent_1,1505.840989465862,EpsilonGreedyAgent_1,1505.840989465862,UCB_BaselineAgent_1,1505.840989465862,RiskAverseEpsilonGreedyAgent_1,1505.840989465862,RiskAverseUCBAgent_1,1505.840989465862,RandomAgent_2,1508.5357199947969,EpsilonGreedyAgent_2,1505.840989465862,UCB_BaselineAgent_2,1506.4415457081489,RiskAverseEpsilonGreedyAgent_2,1505.840989465862,RiskAverseUCBAgent_2
high_congestion_cb_transparent_ratio06_halt5,circuit_breaker,high_congestion,linear_share,8,10000,10,5,6,0.6,5,0.0,True,14985.888591650726,1.4985888591650727,0.14985888591650726,1.2219872378360106,10004,1.0004,0,10000,0,0.001,0.00038103975995840145,1500.168962847755,RandomAgent_1,1497.7888940532887,EpsilonGreedyAgent_1,1497.7888940532887,UCB_BaselineAgent_1,1497.7888940532887,RiskAverseEpsilonGreedyAgent_1,1497.7888940532887,RiskAverseUCBAgent_1,1500.721280893933,RandomAgent_2,1497.7888940532887,EpsilonGreedyAgent_2,1497.7888940532887,UCB_BaselineAgent_2,1500.4760895360175,RiskAverseEpsilonGreedyAgent_2,1497.7888940532887,RiskAverseUCBAgent_2
high_congestion_cb_transparent_ratio06_halt5,circuit_breaker,high_congestion,linear_share,9,10000,10,5,6,0.6,5,0.0,True,15067.99308505919,1.506799308505919,0.1506799308505919,1.224445224214794,10002,1.0002,0,10000,0,0.001,0.0002479716060426185,1505.8142883876467,RandomAgent_1,1506.4403738612118,EpsilonGreedyAgent_1,1506.4403738612118,UCB_BaselineAgent_1,1506.4403738612118,RiskAverseEpsilonGreedyAgent_1,1506.4403738612118,RiskAverseUCBAgent_1,1508.2751475853684,RandomAgent_2,1507.1643717129327,EpsilonGreedyAgent_2,1506.4403738612118,UCB_BaselineAgent_2,1508.0970342059713,RiskAverseEpsilonGreedyAgent_2,1506.4403738612118,RiskAverseUCBAgent_2
high_congestion_cb_transparent_ratio06_halt5,circuit_breaker,high_congestion,linear_share,10,10000,10,5,6,0.6,5,0.0,True,14965.871477742214,1.4965871477742214,0.14965871477742212,1.2223183389731842,10002,1.0002,0,10000,0,0.001,0.0008509392872126931,1496.5566254955684,RandomAgent_1,1503.48947661914,EpsilonGreedyAgent_1,1494.9092619078,UCB_BaselineAgent_1,1494.9092619078,RiskAverseEpsilonGreedyAgent_1,1494.9092619078,RiskAverseUCBAgent_1,1500.4687340682158,RandomAgent_2,1495.9010701124894,EpsilonGreedyAgent_2,1494.9092619078,UCB_BaselineAgent_2,1494.9092619078,RiskAverseEpsilonGreedyAgent_2,1494.9092619078,RiskAverseUCBAgent_2
high_congestion_cb_transparent_ratio06_halt5,circuit_breaker,high_congestion,linear_share,11,10000,10,5,6,0.6,5,0.0,True,15059.310671721327,1.5059310671721327,0.15059310671721327,1.2424854295192556,10003,1.0003,0,10000,0,0.001,0.0002548802813837625,1507.6619802054145,RandomAgent_1,1504.71385140165,EpsilonGreedyAgent_1,1505.6552469039136,UCB_BaselineAgent_1,1505.6552469039136,RiskAverseEpsilonGreedyAgent_1,1505.6552469039136,RiskAverseUCBAgent_1,1507.3481117868666,RandomAgent_2,1505.6552469039136,EpsilonGreedyAgent_2,1505.6552469039136,UCB_BaselineAgent_2,1505.6552469039136,RiskAverseEpsilonGreedyAgent_2,1505.6552469039136,RiskAverseUCBAgent_2
high_congestion_cb_transparent_ratio06_halt5,circuit_breaker,high_congestion,linear_share,12,10000,10,5,6,0.6,5,0.0,True,15002.154258875367,1.5002154258875366,0.15002154258875366,1.237628533944005,10005,1.0005,0,10000,0,0.001,0.00029054550242024746,1499.4339233990515,RandomAgent_1,1500.4801638231738,EpsilonGreedyAgent_1,1499.6802779811594,UCB_BaselineAgent_1,1499.894306575651,RiskAverseEpsilonGreedyAgent_1,1499.6802779811594,RiskAverseUCBAgent_1,1501.9432253069344,RandomAgent_2,1499.6802779811594,EpsilonGreedyAgent_2,1499.6802779811594,UCB_BaselineAgent_2,1502.001249864759,RiskAverseEpsilonGreedyAgent_2,1499.6802779811594,RiskAverseUCBAgent_2
high_congestion_cb_transparent_ratio06_halt5,circuit_breaker,high_congestion,linear_share,13,10000,10,5,6,0.6,5,0.0,True,15051.819200255904,1.5051819200255905,0.15051819200255903,1.212616770748087,10003,1.0003,0,10000,0,0.001,0.00045315553188141067,1508.6299499411375,RandomAgent_1,1504.2670470386847,EpsilonGreedyAgent_1,1504.2670470386847,UCB_BaselineAgent_1,1506.5464288054231,RiskAverseEpsilonGreedyAgent_1,1504.2670470386847,RiskAverseUCBAgent_1,1506.7734922385498,RandomAgent_2,1504.2670470386847,EpsilonGreedyAgent_2,1504.2670470386847,UCB_BaselineAgent_2,1504.2670470386847,RiskAverseEpsilonGreedyAgent_2,1504.2670470386847,RiskAverseUCBAgent_2
high_congestion_cb_transparent_ratio06_halt5,circuit_breaker,high_congestion,linear_share,14,10000,10,5,6,0.6,5,0.0,True,15201.679256269435,1.5201679256269436,0.15201679256269435,1.236435157348348,10001,1.0001,0,10000,0,0.001,0.0002422453146069259,1518.7947662382653,RandomAgent_1,1519.996533625974,EpsilonGreedyAgent_1,1519.996533625974,UCB_BaselineAgent_1,1520.112402289031,RiskAverseEpsilonGreedyAgent_1,1519.996533625974,RiskAverseUCBAgent_1,1522.7963523603207,RandomAgent_2,1519.996533625974,EpsilonGreedyAgent_2,1519.996533625974,UCB_BaselineAgent_2,1519.996533625974,RiskAverseEpsilonGreedyAgent_2,1519.996533625974,RiskAverseUCBAgent_2
high_congestion_cb_transparent_ratio06_halt5,circuit_breaker,high_congestion,linear_share,15,10000,10,5,6,0.6,5,0.0,True,14952.179600382593,1.4952179600382594,0.14952179600382592,1.2201055024474774,10002,1.0002,0,10000,0,0.001,0.000692612831455941,1500.72254221053,RandomAgent_1,1493.9076882086536,EpsilonGreedyAgent_1,1493.9076882086536,UCB_BaselineAgent_1,1493.9076882086536,RiskAverseEpsilonGreedyAgent_1,1493.9076882086536,RiskAverseUCBAgent_1,1499.3015417120448,RandomAgent_2,1494.8016989994437,EpsilonGreedyAgent_2,1493.9076882086536,UCB_BaselineAgent_2,1493.9076882086536,RiskAverseEpsilonGreedyAgent_2,1493.9076882086536,RiskAverseUCBAgent_2
high_congestion_cb_transparent_ratio06_halt5,circuit_breaker,high_congestion,linear_share,16,10000,10,5,6,0.6,5,0.0,True,15006.570760643735,1.5006570760643736,0.15006570760643737,1.2338491047586249,10003,1.0003,0,10000,0,0.001,0.00037319772046884303,1501.7270543154716,RandomAgent_1,1499.804650100591,EpsilonGreedyAgent_1,1499.804650100591,UCB_BaselineAgent_1,1501.112624882345,RiskAverseEpsilonGreedyAgent_1,1499.804650100591,RiskAverseUCBAgent_1,1502.3929956961608,RandomAgent_2,1502.5101851462125,EpsilonGreedyAgent_2,1499.804650100591,UCB_BaselineAgent_2,1499.804650100591,RiskAverseEpsilonGreedyAgent_2,1499.804650100591,RiskAverseUCBAgent_2
high_congestion_cb_transparent_ratio06_halt5,circuit_breaker,high_congestion,linear_share,17,10000,10,5,6,0.6,5,0.0,True,15191.764862251604,1.5191764862251604,0.15191764862251605,1.2333371892353902,10001,1.0001,0,10000,0,0.001,0.0002853117135337424,1521.0690158821612,RandomAgent_1,1518.6409300438136,EpsilonGreedyAgent_1,1518.6409300438136,UCB_BaselineAgent_1,1518.6409300438136,RiskAverseEpsilonGreedyAgent_1,1518.6409300438136,RiskAverseUCBAgent_1,1521.5684060189346,RandomAgent_2,1518.6409300438136,EpsilonGreedyAgent_2,1518.6409300438136,UCB_BaselineAgent_2,1518.6409300438136,RiskAverseEpsilonGreedyAgent_2,1518.6409300438136,RiskAverseUCBAgent_2
high_congestion_cb_transparent_ratio06_halt5,circuit_breaker,high_congestion,linear_share,18,10000,10,5,6,0.6,5,0.0,True,14887.874623232572,1.4887874623232573,0.14887874623232572,1.2069377625075757,10001,1.0001,0,10000,0,0.001,0.00028154717173412003,1491.4336791232006,RandomAgent_1,1488.7080802056746,EpsilonGreedyAgent_1,1488.7080802056746,UCB_BaselineAgent_1,1488.7080802056746,RiskAverseEpsilonGreedyAgent_1,1488.7080802056746,RiskAverseUCBAgent_1,1486.7763024639753,RandomAgent_2,1488.7080802056746,EpsilonGreedyAgent_2,1488.7080802056746,UCB_BaselineAgent_2,1488.7080802056746,RiskAverseEpsilonGreedyAgent_2,1488.7080802056746,RiskAverseUCBAgent_2
high_congestion_cb_transparent_ratio06_halt5,circuit_breaker,high_congestion,linear_share,19,10000,10,5,6,0.6,5,0.0,True,15057.185731998989,1.5057185731998988,0.1505718573199899,1.2403387300842286,10002,1.0002,0,10000,0,0.001,0.00023053143579798707,1507.4228281467679,RandomAgent_1,1505.4600950572521,EpsilonGreedyAgent_1,1505.2787720530453,UCB_BaselineAgent_1,1505.2787720530453,RiskAverseEpsilonGreedyAgent_1,1505.2787720530453,RiskAverseUCBAgent_1,1507.3514044236517,RandomAgent_2,1505.2787720530453,EpsilonGreedyAgent_2,1505.2787720530453,UCB_BaselineAgent_2,1505.2787720530453,RiskAverseEpsilonGreedyAgent_2,1505.2787720530453,RiskAverseUCBAgent_2
high_congestion_cb_transparent_ratio06_halt5,circuit_breaker,high_congestion,linear_share,20,10000,10,5,6,0.6,5,0.0,True,14855.716891354306,1.4855716891354307,0.14855716891354306,1.2317570043026587,10001,1.0001,0,10000,0,0.001,0.00031341895652925444,1488.304062580047,RandomAgent_1,1485.000912941311,EpsilonGreedyAgent_1,1485.000912941311,UCB_BaselineAgent_1,1485.000912941311,RiskAverseEpsilonGreedyAgent_1,1485.000912941311,RiskAverseUCBAgent_1,1487.4055252437709,RandomAgent_2,1485.000912941311,EpsilonGreedyAgent_2,1485.000912941311,UCB_BaselineAgent_2,1485.000912941311,RiskAverseEpsilonGreedyAgent_2,1485.000912941311,RiskAverseUCBAgent_2
high_congestion_cb_transparent_ratio06_halt5,circuit_breaker,high_congestion,linear_share,21,10000,10,5,6,0.6,5,0.0,True,14880.81680212678,1.488081680212678,0.14880816802126778,1.2413661563573317,10002,1.0002,0,10000,0,0.001,0.0002391537944921307,1490.8218190410166,RandomAgent_1,1487.7806127002136,EpsilonGreedyAgent_1,1487.7806127002136,UCB_BaselineAgent_1,1488.2579045457487,RiskAverseEpsilonGreedyAgent_1,1487.7806127002136,RiskAverseUCBAgent_1,1487.8024505925368,RandomAgent_2,1487.7806127002136,EpsilonGreedyAgent_2,1487.7806127002136,UCB_BaselineAgent_2,1487.2509517461956,RiskAverseEpsilonGreedyAgent_2,1487.7806127002136,RiskAverseUCBAgent_2
high_congestion_cb_transparent_ratio06_halt5,circuit_breaker,high_congestion,linear_share,22,10000,10,5,6,0.6,5,0.0,True,15227.950096187438,1.522795009618744,0.15227950096187437,1.249653451358471,10001,1.0001,0,10000,0,0.001,0.0003490361928195629,1523.252509353333,RandomAgent_1,1522.1806226104557,EpsilonGreedyAgent_1,1522.1806226104557,UCB_BaselineAgent_1,1522.1806226104557,RiskAverseEpsilonGreedyAgent_1,1522.1806226104557,RiskAverseUCBAgent_1,1527.2526059504605,RandomAgent_2,1522.1806226104557,EpsilonGreedyAgent_2,1522.1806226104557,UCB_BaselineAgent_2,1522.1806226104557,RiskAverseEpsilonGreedyAgent_2,1522.1806226104557,RiskAverseUCBAgent_2
high_congestion_cb_transparent_ratio06_halt5,circuit_breaker,high_congestion,linear_share,23,10000,10,5,6,0.6,5,0.0,True,15122.239628786316,1.5122239628786316,0.15122239628786316,1.2387385031050882,10003,1.0003,0,10000,0,0.001,0.00027646215194887525,1512.9999593956647,RandomAgent_1,1511.6539499229875,EpsilonGreedyAgent_1,1511.6539499229875,UCB_BaselineAgent_1,1513.9531404984286,RiskAverseEpsilonGreedyAgent_1,1511.6539499229875,RiskAverseUCBAgent_1,1513.7088794313097,RandomAgent_2,1511.6539499229875,EpsilonGreedyAgent_2,1511.6539499229875,UCB_BaselineAgent_2,1511.6539499229875,RiskAverseEpsilonGreedyAgent_2,1511.6539499229875,RiskAverseUCBAgent_2
high_congestion_cb_transparent_ratio06_halt5,circuit_breaker,high_congestion,linear_share,24,10000,10,5,6,0.6,5,0.0,True,14946.911648018515,1.4946911648018515,0.14946911648018515,1.2407599102666043,10001,1.0001,0,10000,0,0.001,0.0005132814872670366,1498.0254626894734,RandomAgent_1,1494.1431684305894,EpsilonGreedyAgent_1,1493.6648824582867,UCB_BaselineAgent_1,1493.6648824582867,RiskAverseEpsilonGreedyAgent_1,1493.6648824582867,RiskAverseUCBAgent_1,1498.0751386361508,RandomAgent_2,1494.6785835125816,EpsilonGreedyAgent_2,1493.6648824582867,UCB_BaselineAgent_2,1493.6648824582867,RiskAverseEpsilonGreedyAgent_2,1493.6648824582867,RiskAverseUCBAgent_2
high_congestion_cb_transparent_ratio06_halt5,circuit_breaker,high_congestion,linear_share,25,10000,10,5,6,0.6,5,0.0,True,15035.86923780942,1.503586923780942,0.1503586923780942,1.2254042064135637,10001,1.0001,0,10000,0,0.001,0.00020257889358066272,1503.7898451995873,RandomAgent_1,1504.191540704698,EpsilonGreedyAgent_1,1503.2002521492243,UCB_BaselineAgent_1,1503.2002521492243,RiskAverseEpsilonGreedyAgent_1,1503.2002521492243,RiskAverseUCBAgent_1,1505.486086860565,RandomAgent_2,1503.2002521492243,EpsilonGreedyAgent_2,1503.2002521492243,UCB_BaselineAgent_2,1503.2002521492243,RiskAverseEpsilonGreedyAgent_2,1503.2002521492243,RiskAverseUCBAgent_2
high_congestion_cb_transparent_ratio06_halt5,circuit_breaker,high_congestion,linear_share,26,10000,10,5,6,0.6,5,0.0,True,14927.566005434683,1.4927566005434683,0.14927566005434684,1.2385541503440123,10002,1.0002,0,10000,0,0.001,0.00027765155808667785,1494.920410883051,RandomAgent_1,1492.2255831332184,EpsilonGreedyAgent_1,1492.2255831332184,UCB_BaselineAgent_1,1492.2255831332184,RiskAverseEpsilonGreedyAgent_1,1492.2255831332184,RiskAverseUCBAgent_1,1494.021616913009,RandomAgent_2,1492.1881280955665,EpsilonGreedyAgent_2,1492.2255831332184,UCB_BaselineAgent_2,1493.082350743746,RiskAverseEpsilonGreedyAgent_2,1492.2255831332184,RiskAverseUCBAgent_2
high_congestion_cb_transparent_ratio06_halt5,circuit_breaker,high_congestion,linear_share,27,10000,10,5,6,0.6,5,0.0,True,14877.712053621348,1.4877712053621348,0.14877712053621348,1.2145762906268136,10001,1.0001,0,10000,0,0.001,0.0004969415402595878,1489.8917845652325,RandomAgent_1,1486.8215939825361,EpsilonGreedyAgent_1,1486.8215939825361,UCB_BaselineAgent_1,1486.8215939825361,RiskAverseEpsilonGreedyAgent_1,1486.8215939825361,RiskAverseUCBAgent_1,1491.8997393048742,RandomAgent_2,1488.1693718734875,EpsilonGreedyAgent_2,1486.8215939825361,UCB_BaselineAgent_2,1486.8215939825361,RiskAverseEpsilonGreedyAgent_2,1486.8215939825361,RiskAverseUCBAgent_2
high_congestion_cb_transparent_ratio06_halt5,circuit_breaker,high_congestion,linear_share,28,10000,10,5,6,0.6,5,0.0,True,15440.473561716026,1.5440473561716026,0.15440473561716025,1.2377371987291301,10002,1.0002,0,10000,0,0.001,0.00015087012194414662,1543.0423713728178,RandomAgent_1,1543.967966811559,EpsilonGreedyAgent_1,1543.967966811559,UCB_BaselineAgent_1,1543.967966811559,RiskAverseEpsilonGreedyAgent_1,1543.967966811559,RiskAverseUCBAgent_1,1545.4321063457842,RandomAgent_2,1543.967966811559,EpsilonGreedyAgent_2,1543.967966811559,UCB_BaselineAgent_2,1544.2233163165097,RiskAverseEpsilonGreedyAgent_2,1543.967966811559,RiskAverseUCBAgent_2
high_congestion_cb_transparent_ratio06_halt5,circuit_breaker,high_congestion,linear_share,29,10000,10,5,6,0.6,5,0.0,True,14847.254800344059,1.4847254800344059,0.1484725480034406,1.226707871220976,10005,1.0005,0,10000,0,0.001,0.00025949475590469895,1484.1272920303782,RandomAgent_1,1485.4107471309155,EpsilonGreedyAgent_1,1484.2303250673694,UCB_BaselineAgent_1,1484.2303250673694,RiskAverseEpsilonGreedyAgent_1,1484.2303250673694,RiskAverseUCBAgent_1,1485.8148279884872,RandomAgent_2,1486.5199827900606,EpsilonGreedyAgent_2,1484.2303250673694,UCB_BaselineAgent_2,1484.2303250673694,RiskAverseEpsilonGreedyAgent_2,1484.2303250673694,RiskAverseUCBAgent_2
high_congestion_cb_opaque_ratio06_halt10,circuit_breaker,high_congestion,linear_share,0,10000,10,5,6,0.6,10,0.0,False,71608.61068782941,7.160861068782941,0.7160861068782941,2.681438664927131,30825,3.0825,1375,82,0,4.918,0.11871764218954373,5851.428674169693,RandomAgent_1,9290.419926588824,EpsilonGreedyAgent_1,7303.688529869896,UCB_BaselineAgent_1,9664.532388950554,RiskAverseEpsilonGreedyAgent_1,5261.859970347809,RiskAverseUCBAgent_1,5896.479185118221,RandomAgent_2,8405.35157033606,EpsilonGreedyAgent_2,7303.688529869896,UCB_BaselineAgent_2,7369.301942230648,RiskAverseEpsilonGreedyAgent_2,5261.859970347809,RiskAverseUCBAgent_2
high_congestion_cb_opaque_ratio06_halt10,circuit_breaker,high_congestion,linear_share,1,10000,10,5,6,0.6,10,0.0,False,71076.06960033561,7.107606960033562,0.7107606960033561,2.7095001220032477,30721,3.0721,1412,81,0,4.919,0.12355668162449862,5840.4727808392345,RandomAgent_1,9563.028330133231,EpsilonGreedyAgent_1,7198.548957675485,UCB_BaselineAgent_1,8371.532438356497,RiskAverseEpsilonGreedyAgent_1,5110.273734377313,RiskAverseUCBAgent_1,5842.250672750524,RandomAgent_2,9466.097888586346,EpsilonGreedyAgent_2,7198.548957675485,UCB_BaselineAgent_2,7375.042105564182,RiskAverseEpsilonGreedyAgent_2,5110.273734377313,RiskAverseUCBAgent_2
high_congestion_cb_opaque_ratio06_halt10,circuit_breaker,high_congestion,linear_share,2,10000,10,5,6,0.6,10,0.0,False,70848.84414973888,7.084884414973889,0.7084884414973889,2.6675607220255944,35312,3.5312,1291,69,0,4.931,0.14603452068635758,5821.481423599609,RandomAgent_1,12270.948507860916,EpsilonGreedyAgent_1,8037.567209993322,UCB_BaselineAgent_1,6816.778101801276,RiskAverseEpsilonGreedyAgent_1,4921.26808729119,RiskAverseUCBAgent_1,5787.130841082644,RandomAgent_2,7148.3790845373815,EpsilonGreedyAgent_2,8037.567209993322,UCB_BaselineAgent_2,7086.455596288033,RiskAverseEpsilonGreedyAgent_2,4921.26808729119,RiskAverseUCBAgent_2
high_congestion_cb_opaque_ratio06_halt10,circuit_breaker,high_congestion,linear_share,3,10000,10,5,6,0.6,10,0.0,False,70916.2303772583,7.09162303772583,0.7091623037725829,2.66841181929154,30705,3.0705,2094,111,0,4.889,0.1649674149513618,5950.324508388692,RandomAgent_1,12836.07084999014,EpsilonGreedyAgent_1,7648.656523517173,UCB_BaselineAgent_1,7465.147641860947,RiskAverseEpsilonGreedyAgent_1,4166.560770597173,RiskAverseUCBAgent_1,6006.807600902701,RandomAgent_2,7784.2621770624,EpsilonGreedyAgent_2,7648.656523517173,UCB_BaselineAgent_2,7243.183010824731,RiskAverseEpsilonGreedyAgent_2,4166.560770597173,RiskAverseUCBAgent_2
high_congestion_cb_opaque_ratio06_halt10,circuit_breaker,high_congestion,linear_share,4,10000,10,5,6,0.6,10,0.0,False,70527.53225344964,7.052753225344964,0.7052753225344963,2.6852229910875627,34111,3.4111,1646,96,0,4.904,0.13114610205074917,5730.05425644031,RandomAgent_1,8772.748494665204,EpsilonGreedyAgent_1,7419.86948110594,UCB_BaselineAgent_1,10382.176647571536,RiskAverseEpsilonGreedyAgent_1,4888.640206690188,RiskAverseUCBAgent_1,5738.071417847902,RandomAgent_2,7889.332185313498,EpsilonGreedyAgent_2,7419.86948110594,UCB_BaselineAgent_2,7398.129876018937,RiskAverseEpsilonGreedyAgent_2,4888.640206690188,RiskAverseUCBAgent_2
high_congestion_cb_opaque_ratio06_halt10,circuit_breaker,high_congestion,linear_share,5,10000,10,5,6,0.6,10,0.0,False,70489.17000025068,7.048917000025068,0.7048917000025069,2.661410712335117,31361,3.1361,2207,119,0,4.881,0.1452657618725972,5739.655725655543,RandomAgent_1,7789.981375185755,EpsilonGreedyAgent_1,7576.622557483126,UCB_BaselineAgent_1,7196.851434314285,RiskAverseEpsilonGreedyAgent_1,4602.809384914726,RiskAverseUCBAgent_1,5894.481144820878,RandomAgent_2,11809.277865149805,EpsilonGreedyAgent_2,7576.622557483126,UCB_BaselineAgent_2,7700.058570328707,RiskAverseEpsilonGreedyAgent_2,4602.809384914726,RiskAverseUCBAgent_2
high_congestion_cb_opaque_ratio06_halt10,circuit_breaker,high_congestion,linear_share,6,10000,10,5,6,0.6,10,0.0,False,70833.76246962322,7.083376246962322,0.7083376246962322,2.704318664396441,32945,3.2945,1580,88,0,4.912,0.14704797920728407,5961.171280479849,RandomAgent_1,9966.889772894147,EpsilonGreedyAgent_1,8024.963527029965,UCB_BaselineAgent_1,8105.1742654840145,RiskAverseEpsilonGreedyAgent_1,4176.658888943642,RiskAverseUCBAgent_1,5857.0534720514615,RandomAgent_2,7494.299448261149,EpsilonGreedyAgent_2,8024.963527029965,UCB_BaselineAgent_2,9045.929398505386,RiskAverseEpsilonGreedyAgent_2,4176.658888943642,RiskAverseUCBAgent_2
high_congestion_cb_opaque_ratio06_halt10,circuit_breaker,high_congestion,linear_share,7,10000,10,5,6,0.6,10,0.0,False,70028.18726307435,7.002818726307434,0.7002818726307435,2.6860886704109377,34165,3.4165,1630,83,0,4.917,0.12776857233416816,5972.114322671635,RandomAgent_1,8034.728625381995,EpsilonGreedyAgent_1,8019.464222749751,UCB_BaselineAgent_1,9255.31250082765,RiskAverseEpsilonGreedyAgent_1,4270.837440006011,RiskAverseUCBAgent_1,5959.9638164330345,RandomAgent_2,7950.498630411641,EpsilonGreedyAgent_2,8019.464222749751,UCB_BaselineAgent_2,8274.966041836862,RiskAverseEpsilonGreedyAgent_2,4270.837440006011,RiskAverseUCBAgent_2
high_congestion_cb_opaque_ratio06_halt10,circuit_breaker,high_congestion,linear_share,8,10000,10,5,6,0.6,10,0.0,False,72286.99981278065,7.228699981278065,0.7228699981278065,2.660987953485099,33866,3.3866,1004,57,0,4.943,0.11075448403513422,5719.632935521929,RandomAgent_1,7790.704439690461,EpsilonGreedyAgent_1,8093.858133452239,UCB_BaselineAgent_1,7372.897058920771,RiskAverseEpsilonGreedyAgent_1,5513.40278390418,RiskAverseUCBAgent_1,5735.234868488771,RandomAgent_2,9866.33715807889,EpsilonGreedyAgent_2,8093.858133452239,UCB_BaselineAgent_2,8587.671517366985,RiskAverseEpsilonGreedyAgent_2,5513.40278390418,RiskAverseUCBAgent_2
high_congestion_cb_opaque_ratio06_halt10,circuit_breaker,high_congestion,linear_share,9,10000,10,5,6,0.6,10,0.0,False,68168.3955986597,6.81683955986597,0.681683955986597,2.6964283930487585,29235,2.9235,3690,180,0,4.82,0.17718275034742392,6017.095928340531,RandomAgent_1,7448.059062475474,EpsilonGreedyAgent_1,5507.6991253317965,UCB_BaselineAgent_1,8905.937575461823,RiskAverseEpsilonGreedyAgent_1,4249.085728413828,RiskAverseUCBAgent_1,6177.641707055655,RandomAgent_2,11863.214690786035,EpsilonGreedyAgent_2,5507.6991253317965,UCB_BaselineAgent_2,8242.876927048928,RiskAverseEpsilonGreedyAgent_2,4249.085728413828,RiskAverseUCBAgent_2
high_congestion_cb_opaque_ratio06_halt10,circuit_breaker,high_congestion,linear_share,10,10000,10,5,6,0.6,10,0.0,False,69846.75737539398,6.984675737539398,0.6984675737539398,2.722286990646806,33891,3.3891,1934,104,0,4.896,0.13594535168231725,5845.005351054729,RandomAgent_1,8067.863046127282,EpsilonGreedyAgent_1,7843.394518658094,UCB_BaselineAgent_1,9664.517573213036,RiskAverseEpsilonGreedyAgent_1,4238.435673543617,RiskAverseUCBAgent_1,5850.7494485336865,RandomAgent_2,7889.759640934917,EpsilonGreedyAgent_2,7843.394518658094,UCB_BaselineAgent_2,8365.20193112691,RiskAverseEpsilonGreedyAgent_2,4238.435673543617,RiskAverseUCBAgent_2
high_congestion_cb_opaque_ratio06_halt10,circuit_breaker,high_congestion,linear_share,11,10000,10,5,6,0.6,10,0.0,False,69727.23420189004,6.972723420189004,0.6972723420189004,2.658083337204061,30324,3.0324,2729,146,0,4.854,0.16452312515726963,5933.894989787804,RandomAgent_1,7705.551126257019,EpsilonGreedyAgent_1,5509.763564830687,UCB_BaselineAgent_1,10394.614676849942,RiskAverseEpsilonGreedyAgent_1,4895.676100403859,RiskAverseUCBAgent_1,5979.63538773564,RandomAgent_2,11513.762680038566,EpsilonGreedyAgent_2,5509.763564830687,UCB_BaselineAgent_2,7388.89601075197,RiskAverseEpsilonGreedyAgent_2,4895.676100403859,RiskAverseUCBAgent_2
high_congestion_cb_opaque_ratio06_halt10,circuit_breaker,high_congestion,linear_share,12,10000,10,5,6,0.6,10,0.0,False,69038.93424791266,6.903893424791266,0.6903893424791266,2.700364562845682,33744,3.3744,1923,100,0,4.9,0.12760115723719267,5958.930862341492,RandomAgent_1,8027.9835418488665,EpsilonGreedyAgent_1,7546.180112449015,UCB_BaselineAgent_1,8367.041313006644,RiskAverseEpsilonGreedyAgent_1,4306.137488217162,RiskAverseUCBAgent_1,5926.3812899789145,RandomAgent_2,7948.914560329271,EpsilonGreedyAgent_2,7546.180112449015,UCB_BaselineAgent_2,9105.047479075129,RiskAverseEpsilonGreedyAgent_2,4306.137488217162,RiskAverseUCBAgent_2
high_congestion_cb_opaque_ratio06_halt10,circuit_breaker,high_congestion,linear_share,13,10000,10,5,6,0.6,10,0.0,False,69296.19451316672,6.929619451316672,0.6929619451316672,2.668099234647043,34288,3.4288,1688,84,0,4.916,0.134079589566368,5929.106545813849,RandomAgent_1,7301.123121425715,EpsilonGreedyAgent_1,7808.811923117334,UCB_BaselineAgent_1,8271.265213430062,RiskAverseEpsilonGreedyAgent_1,4231.375158410272,RiskAverseUCBAgent_1,5960.860518911635,RandomAgent_2,9288.732358414434,EpsilonGreedyAgent_2,7808.811923117334,UCB_BaselineAgent_2,8464.732592115806,RiskAverseEpsilonGreedyAgent_2,4231.375158410272,RiskAverseUCBAgent_2
high_congestion_cb_opaque_ratio06_halt10,circuit_breaker,high_congestion,linear_share,14,10000,10,5,6,0.6,10,0.0,False,71866.1626811701,7.18661626811701,0.718661626811701,2.6822696489806086,30811,3.0811,1266,74,0,4.926,0.12283820940286372,5782.031025926965,RandomAgent_1,9456.391188939837,EpsilonGreedyAgent_1,7485.283095712505,UCB_BaselineAgent_1,7383.447689988597,RiskAverseEpsilonGreedyAgent_1,5165.765268319047,RiskAverseUCBAgent_1,5883.251674768723,RandomAgent_2,9611.0292420724,EpsilonGreedyAgent_2,7485.283095712505,UCB_BaselineAgent_2,8447.915131410471,RiskAverseEpsilonGreedyAgent_2,5165.765268319047,RiskAverseUCBAgent_2
high_congestion_cb_opaque_ratio06_halt10,circuit_breaker,high_congestion,linear_share,15,10000,10,5,6,0.6,10,0.0,False,67389.45680339813,6.738945680339813,0.6738945680339813,2.6895209109677314,29215,2.9215,4149,207,0,4.793,0.17414577832855271,6051.008083795632,RandomAgent_1,11674.45456491887,EpsilonGreedyAgent_1,5451.288084704098,UCB_BaselineAgent_1,9005.246955401693,RiskAverseEpsilonGreedyAgent_1,4301.155124772103,RiskAverseUCBAgent_1,6031.46208988377,RandomAgent_2,6976.839241287174,EpsilonGreedyAgent_2,5451.288084704098,UCB_BaselineAgent_2,8145.559449158598,RiskAverseEpsilonGreedyAgent_2,4301.155124772103,RiskAverseUCBAgent_2
high_congestion_cb_opaque_ratio06_halt10,circuit_breaker,high_congestion,linear_share,16,10000,10,5,6,0.6,10,0.0,False,66621.41656304292,6.662141656304292,0.6662141656304292,2.7185513893583355,29299,2.9299,4016,209,0,4.791,0.15785524044027088,6049.605619371238,RandomAgent_1,8425.98581928552,EpsilonGreedyAgent_1,5299.917992964743,UCB_BaselineAgent_1,8124.303548941797,RiskAverseEpsilonGreedyAgent_1,4340.102637358007,RiskAverseUCBAgent_1,6020.875247280483,RandomAgent_2,9715.288926889758,EpsilonGreedyAgent_2,5299.917992964743,UCB_BaselineAgent_2,9005.316140628618,RiskAverseEpsilonGreedyAgent_2,4340.102637358007,RiskAverseUCBAgent_2
high_congestion_cb_opaque_ratio06_halt10,circuit_breaker,high_congestion,linear_share,17,10000,10,5,6,0.6,10,0.0,False,70477.78634170737,7.0477786341707365,0.7047778634170737,2.676872600608375,31713,3.1713,1384,73,0,4.927,0.12166206867776919,5929.465578713683,RandomAgent_1,9972.768976229252,EpsilonGreedyAgent_1,7357.881909437694,UCB_BaselineAgent_1,7013.809979489097,RiskAverseEpsilonGreedyAgent_1,5028.550598557595,RiskAverseUCBAgent_1,5904.88635494863,RandomAgent_2,8460.890141709726,EpsilonGreedyAgent_2,7357.881909437694,UCB_BaselineAgent_2,8423.100294626407,RiskAverseEpsilonGreedyAgent_2,5028.550598557595,RiskAverseUCBAgent_2
high_congestion_cb_opaque_ratio06_halt10,circuit_breaker,high_congestion,linear_share,18,10000,10,5,6,0.6,10,0.0,False,70605.87768914536,7.060587768914536,0.7060587768914536,2.710805659856514,35296,3.5296,1369,71,0,4.929,0.1306033156788553,5750.733936617823,RandomAgent_1,8379.852912152437,EpsilonGreedyAgent_1,7375.096983842955,UCB_BaselineAgent_1,7410.684968530427,RiskAverseEpsilonGreedyAgent_1,4885.406678648088,RiskAverseUCBAgent_1,5720.1473173322265,RandomAgent_2,8654.658975530683,EpsilonGreedyAgent_2,7375.096983842955,UCB_BaselineAgent_2,10168.79225399967,RiskAverseEpsilonGreedyAgent_2,4885.406678648088,RiskAverseUCBAgent_2
high_congestion_cb_opaque_ratio06_halt10,circuit_breaker,high_congestion,linear_share,19,10000,10,5,6,0.6,10,0.0,False,66532.01906654258,6.653201906654258,0.6653201906654258,2.719472357183191,29045,2.9045,4026,204,0,4.796,0.16131251628152987,6035.318694437844,RandomAgent_1,8502.780552744644,EpsilonGreedyAgent_1,5169.494515300697,UCB_BaselineAgent_1,8995.077410861824,RiskAverseEpsilonGreedyAgent_1,4343.199805256511,RiskAverseUCBAgent_1,5967.336261527871,RandomAgent_2,9767.641250903827,EpsilonGreedyAgent_2,5169.494515300697,UCB_BaselineAgent_2,8238.476254952146,RiskAverseEpsilonGreedyAgent_2,4343.199805256511,RiskAverseUCBAgent_2
high_congestion_cb_opaque_ratio06_halt10,circuit_breaker,high_congestion,linear_share,20,10000,10,5,6,0.6,10,0.0,False,70094.74561567904,7.009474561567904,0.7009474561567904,2.702010199395048,35706,3.5706,1546,83,0,4.917,0.1133388338884076,5756.894503883532,RandomAgent_1,7971.610458048962,EpsilonGreedyAgent_1,7925.597670091767,UCB_BaselineAgent_1,7535.747759131551,RiskAverseEpsilonGreedyAgent_1,4927.00916082665,RiskAverseUCBAgent_1,5875.771538063181,RandomAgent_2,7778.421881961261,EpsilonGreedyAgent_2,7925.597670091767,UCB_BaselineAgent_2,9471.085812753725,RiskAverseEpsilonGreedyAgent_2,4927.00916082665,RiskAverseUCBAgent_2
high_congestion_cb_opaque_ratio06_halt10,circuit_breaker,high_congestion,linear_share,21,10000,10,5,6,0.6,10,0.0,False,70907.21523901232,7.090721523901232,0.7090721523901232,2.674135643035449,30617,3.0617,2201,121,0,4.879,0.16359638218468886,5862.479179131361,RandomAgent_1,12866.378683802455,EpsilonGreedyAgent_1,7697.172234196779,UCB_BaselineAgent_1,7263.561292314372,RiskAverseEpsilonGreedyAgent_1,4275.824737835283,RiskAverseUCBAgent_1,6013.112683781068,RandomAgent_2,7760.488840888414,EpsilonGreedyAgent_2,7697.172234196779,UCB_BaselineAgent_2,7195.2006150305315,RiskAverseEpsilonGreedyAgent_2,4275.824737835283,RiskAverseUCBAgent_2
high_congestion_cb_opaque_ratio06_halt10,circuit_breaker,high_congestion,linear_share,22,10000,10,5,6,0.6,10,0.0,False,71906.3256761462,7.190632567614619,0.719063256761462,2.7177930226630878,35517,3.5517,1002,54,0,4.946,0.1302916612226186,5771.534022273834,RandomAgent_1,8170.600000773344,EpsilonGreedyAgent_1,8200.923778477749,UCB_BaselineAgent_1,10514.819250592644,RiskAverseEpsilonGreedyAgent_1,4893.601738903983,RiskAverseUCBAgent_1,5765.548615469468,RandomAgent_2,8033.216683558277,EpsilonGreedyAgent_2,8200.923778477749,UCB_BaselineAgent_2,7461.556068715162,RiskAverseEpsilonGreedyAgent_2,4893.601738903983,RiskAverseUCBAgent_2
high_congestion_cb_opaque_ratio06_halt10,circuit_breaker,high_congestion,linear_share,23,10000,10,5,6,0.6,10,0.0,False,70950.25820372881,7.09502582037288,0.7095025820372881,2.666255231553302,31065,3.1065,1691,99,0,4.901,0.13296678484191693,5896.80349950428,RandomAgent_1,9016.091658874955,EpsilonGreedyAgent_1,7396.100598839435,UCB_BaselineAgent_1,7241.934297929168,RiskAverseEpsilonGreedyAgent_1,4818.025669410444,RiskAverseUCBAgent_1,5981.000638201985,RandomAgent_2,10367.429930021162,EpsilonGreedyAgent_2,7396.100598839435,UCB_BaselineAgent_2,8018.745642697497,RiskAverseEpsilonGreedyAgent_2,4818.025669410444,RiskAverseUCBAgent_2
high_congestion_cb_opaque_ratio06_halt10,circuit_breaker,high_congestion,linear_share,24,10000,10,5,6,0.6,10,0.0,False,69685.56440784228,6.968556440784227,0.6968556440784228,2.6942008103698107,34082,3.4082,1579,84,0,4.916,0.1389159053451099,5962.5043571916285,RandomAgent_1,8287.147772460004,EpsilonGreedyAgent_1,7332.53737458991,UCB_BaselineAgent_1,8291.540221980795,RiskAverseEpsilonGreedyAgent_1,4244.819891239981,RiskAverseUCBAgent_1,5898.939856932054,RandomAgent_2,8515.970063883662,EpsilonGreedyAgent_2,7332.53737458991,UCB_BaselineAgent_2,9574.747603734348,RiskAverseEpsilonGreedyAgent_2,4244.819891239981,RiskAverseUCBAgent_2
high_congestion_cb_opaque_ratio06_halt10,circuit_breaker,high_congestion,linear_share,25,10000,10,5,6,0.6,10,0.0,False,71242.43361750832,7.124243361750832,0.7124243361750832,2.671094856247488,30348,3.0348,2061,110,0,4.89,0.16299005250364118,5919.844436000635,RandomAgent_1,7892.278455926339,EpsilonGreedyAgent_1,7758.238568796768,UCB_BaselineAgent_1,7384.259693198526,RiskAverseEpsilonGreedyAgent_1,4295.867022771997,RiskAverseUCBAgent_1,5891.964103255896,RandomAgent_2,12742.106445761436,EpsilonGreedyAgent_2,7758.238568796768,UCB_BaselineAgent_2,7303.769300227958,RiskAverseEpsilonGreedyAgent_2,4295.867022771997,RiskAverseUCBAgent_2
high_congestion_cb_opaque_ratio06_halt10,circuit_breaker,high_congestion,linear_share,26,10000,10,5,6,0.6,10,0.0,False,71311.3791851202,7.13113791851202,0.7131137918512019,2.657189326597087,30366,3.0366,1897,104,0,4.896,0.15764213160305718,5896.19613476417,RandomAgent_1,7892.612908301498,EpsilonGreedyAgent_1,7550.708084303349,UCB_BaselineAgent_1,7652.064788696037,RiskAverseEpsilonGreedyAgent_1,4422.958602832491,RiskAverseUCBAgent_1,5968.414229588641,RandomAgent_2,12681.365034156312,EpsilonGreedyAgent_2,7550.708084303349,UCB_BaselineAgent_2,7273.392715341858,RiskAverseEpsilonGreedyAgent_2,4422.958602832491,RiskAverseUCBAgent_2
high_congestion_cb_opaque_ratio06_halt10,circuit_breaker,high_congestion,linear_share,27,10000,10,5,6,0.6,10,0.0,False,69905.94253869593,6.9905942538695935,0.6990594253869593,2.6692857750448296,30602,3.0602,2243,117,0,4.883,0.1617623653439595,5995.059791820812,RandomAgent_1,7555.30467589405,EpsilonGreedyAgent_1,5650.975819963422,UCB_BaselineAgent_1,10296.978657170463,RiskAverseEpsilonGreedyAgent_1,4864.016413581458,RiskAverseUCBAgent_1,6027.40645417842,RandomAgent_2,11537.038203991011,EpsilonGreedyAgent_2,5650.975819963422,UCB_BaselineAgent_2,7464.170288551418,RiskAverseEpsilonGreedyAgent_2,4864.016413581458,RiskAverseUCBAgent_2
high_congestion_cb_opaque_ratio06_halt10,circuit_breaker,high_congestion,linear_share,28,10000,10,5,6,0.6,10,0.0,False,69988.78166186645,6.998878166186645,0.6998878166186645,2.6828619307649713,30456,3.0456,2156,115,0,4.885,0.15677439484397993,6017.427083270974,RandomAgent_1,10413.675283573162,EpsilonGreedyAgent_1,5477.527917151898,UCB_BaselineAgent_1,10174.54528537436,RiskAverseEpsilonGreedyAgent_1,4937.715804920405,RiskAverseUCBAgent_1,6050.944942982693,RandomAgent_2,9032.323923977348,EpsilonGreedyAgent_2,5477.527917151898,UCB_BaselineAgent_2,7469.377698543309,RiskAverseEpsilonGreedyAgent_2,4937.715804920405,RiskAverseUCBAgent_2
high_congestion_cb_opaque_ratio06_halt10,circuit_breaker,high_congestion,linear_share,29,10000,10,5,6,0.6,10,0.0,False,69743.66037385623,6.974366037385622,0.6974366037385623,2.6529684537491907,30240,3.024,2572,133,0,4.867,0.1641599775351159,5999.559786435969,RandomAgent_1,11536.43410856788,EpsilonGreedyAgent_1,5489.879641158934,UCB_BaselineAgent_1,10376.796421047833,RiskAverseEpsilonGreedyAgent_1,4926.174270509289,RiskAverseUCBAgent_1,5876.369197593688,RandomAgent_2,7636.575517699403,EpsilonGreedyAgent_2,5489.879641158934,UCB_BaselineAgent_2,7485.817519175005,RiskAverseEpsilonGreedyAgent_2,4926.174270509289,RiskAverseUCBAgent_2
high_congestion_cb_transparent_ratio06_halt10,circuit_breaker,high_congestion,linear_share,0,10000,10,5,6,0.6,10,0.0,True,7553.457436941135,0.7553457436941134,0.07553457436941134,1.1361266962342693,5002,0.5002,0,5000,5000,0.001,0.0008373949326827557,760.0359668482253,RandomAgent_1,754.6782540677648,EpsilonGreedyAgent_1,754.6782540677648,UCB_BaselineAgent_1,754.6782540677648,RiskAverseEpsilonGreedyAgent_1,754.6782540677648,RiskAverseUCBAgent_1,756.3587232016635,RandomAgent_2,754.3149684168924,EpsilonGreedyAgent_2,754.6782540677648,UCB_BaselineAgent_2,754.6782540677648,RiskAverseEpsilonGreedyAgent_2,754.6782540677648,RiskAverseUCBAgent_2
high_congestion_cb_transparent_ratio06_halt10,circuit_breaker,high_congestion,linear_share,1,10000,10,5,6,0.6,10,0.0,True,7541.383118846178,0.7541383118846178,0.07541383118846177,1.146725336973347,5001,0.5001,0,5000,5000,0.001,0.0005283867394803021,756.1159536387736,RandomAgent_1,753.64055106778,EpsilonGreedyAgent_1,753.64055106778,UCB_BaselineAgent_1,753.64055106778,RiskAverseEpsilonGreedyAgent_1,753.64055106778,RiskAverseUCBAgent_1,756.1427566651644,RandomAgent_2,753.64055106778,EpsilonGreedyAgent_2,753.64055106778,UCB_BaselineAgent_2,753.64055106778,RiskAverseEpsilonGreedyAgent_2,753.64055106778,RiskAverseUCBAgent_2
high_congestion_cb_transparent_ratio06_halt10,circuit_breaker,high_congestion,linear_share,2,10000,10,5,6,0.6,10,0.0,True,7483.362207462142,0.7483362207462142,0.07483362207462142,1.1455936965698688,5001,0.5001,0,5000,5000,0.001,0.0009243784867873917,751.3368310876632,RandomAgent_1,749.2791003396829,EpsilonGreedyAgent_1,747.4068046199542,UCB_BaselineAgent_1,747.4068046199542,RiskAverseEpsilonGreedyAgent_1,747.4068046199542,RiskAverseUCBAgent_1,750.8986436951163,RandomAgent_2,747.4068046199542,EpsilonGreedyAgent_2,747.4068046199542,UCB_BaselineAgent_2,747.4068046199542,RiskAverseEpsilonGreedyAgent_2,747.4068046199542,RiskAverseUCBAgent_2
high_congestion_cb_transparent_ratio06_halt10,circuit_breaker,high_congestion,linear_share,3,10000,10,5,6,0.6,10,0.0,True,7663.4875618469705,0.766348756184697,0.07663487561846971,1.1590827293624237,5001,0.5001,0,5000,5000,0.001,0.0003502459643041078,767.622766122755,RandomAgent_1,766.0147894143968,EpsilonGreedyAgent_1,766.0147894143968,UCB_BaselineAgent_1,766.0147894143968,RiskAverseEpsilonGreedyAgent_1,766.0147894143968,RiskAverseUCBAgent_1,767.7464804090412,RandomAgent_2,766.0147894143968,EpsilonGreedyAgent_2,766.0147894143968,UCB_BaselineAgent_2,766.0147894143968,RiskAverseEpsilonGreedyAgent_2,766.0147894143968,RiskAverseUCBAgent_2
high_congestion_cb_transparent_ratio06_halt10,circuit_breaker,high_congestion,linear_share,4,10000,10,5,6,0.6,10,0.0,True,7539.679913603565,0.7539679913603565,0.07539679913603566,1.1455624487636857,5003,0.5003,0,5000,5000,0.001,0.000547418847351766,755.8230977108682,RandomAgent_1,753.0634772714373,EpsilonGreedyAgent_1,753.532693801135,UCB_BaselineAgent_1,753.532693801135,RiskAverseEpsilonGreedyAgent_1,753.532693801135,RiskAverseUCBAgent_1,755.421745731783,RandomAgent_2,753.532693801135,EpsilonGreedyAgent_2,753.532693801135,UCB_BaselineAgent_2,754.1754300826668,RiskAverseEpsilonGreedyAgent_2,753.532693801135,RiskAverseUCBAgent_2
high_congestion_cb_transparent_ratio06_halt10,circuit_breaker,high_congestion,linear_share,5,10000,10,5,6,0.6,10,0.0,True,7524.4950624800495,0.752449506248005,0.0752449506248005,1.1615440246487516,5003,0.5003,0,5000,5000,0.001,0.0009654098103661912,754.6007711406629,RandomAgent_1,751.5446062825446,EpsilonGreedyAgent_1,751.5446062825446,UCB_BaselineAgent_1,751.5446062825446,RiskAverseEpsilonGreedyAgent_1,751.5446062825446,RiskAverseUCBAgent_1,752.2162196979119,RandomAgent_2,756.8658276636621,EpsilonGreedyAgent_2,751.5446062825446,UCB_BaselineAgent_2,751.5446062825446,RiskAverseEpsilonGreedyAgent_2,751.5446062825446,RiskAverseUCBAgent_2
high_congestion_cb_transparent_ratio06_halt10,circuit_breaker,high_congestion,linear_share,6,10000,10,5,6,0.6,10,0.0,True,7478.376658851203,0.7478376658851202,0.07478376658851203,1.1581541917094058,5002,0.5002,0,5000,5000,0.001,0.0009868681315980954,751.4634802124518,RandomAgent_1,746.8724321348483,EpsilonGreedyAgent_1,746.8724321348483,UCB_BaselineAgent_1,746.8724321348483,RiskAverseEpsilonGreedyAgent_1,746.8724321348483,RiskAverseUCBAgent_1,748.1458241777178,RandomAgent_2,750.5603398717354,EpsilonGreedyAgent_2,746.8724321348483,UCB_BaselineAgent_2,746.9724217802078,RiskAverseEpsilonGreedyAgent_2,746.8724321348483,RiskAverseUCBAgent_2
high_congestion_cb_transparent_ratio06_halt10,circuit_breaker,high_congestion,linear_share,7,10000,10,5,6,0.6,10,0.0,True,7642.219902231874,0.7642219902231874,0.07642219902231874,1.1524957521057921,5001,0.5001,0,5000,5000,0.001,0.0005511346485798096,765.8034914384946,RandomAgent_1,763.6801248913508,EpsilonGreedyAgent_1,763.6801248913508,UCB_BaselineAgent_1,763.6801248913508,RiskAverseEpsilonGreedyAgent_1,763.6801248913508,RiskAverseUCBAgent_1,763.6801248913508,RandomAgent_2,766.3748554202857,EpsilonGreedyAgent_2,763.6801248913508,UCB_BaselineAgent_2,764.2806811336378,RiskAverseEpsilonGreedyAgent_2,763.6801248913508,RiskAverseUCBAgent_2
high_congestion_cb_transparent_ratio06_halt10,circuit_breaker,high_congestion,linear_share,8,10000,10,5,6,0.6,10,0.0,True,7524.86480170623,0.7524864801706229,0.0752486480170623,1.1424801094619537,5004,0.5004,0,5000,5000,0.001,0.0007588467756161066,754.0665838533052,RandomAgent_1,751.6865150588391,EpsilonGreedyAgent_1,751.6865150588391,UCB_BaselineAgent_1,751.6865150588391,RiskAverseEpsilonGreedyAgent_1,751.6865150588391,RiskAverseUCBAgent_1,754.6189018994833,RandomAgent_2,751.6865150588391,EpsilonGreedyAgent_2,751.6865150588391,UCB_BaselineAgent_2,754.3737105415679,RiskAverseEpsilonGreedyAgent_2,751.6865150588391,RiskAverseUCBAgent_2
high_congestion_cb_transparent_ratio06_halt10,circuit_breaker,high_congestion,linear_share,9,10000,10,5,6,0.6,10,0.0,True,7545.637061542873,0.7545637061542874,0.07545637061542873,1.153950053626819,5002,0.5002,0,5000,5000,0.001,0.0004951781293831559,753.5786860360151,RandomAgent_1,754.2047715095803,EpsilonGreedyAgent_1,754.2047715095803,UCB_BaselineAgent_1,754.2047715095803,RiskAverseEpsilonGreedyAgent_1,754.2047715095803,RiskAverseUCBAgent_1,756.0395452337364,RandomAgent_2,754.928769361301,EpsilonGreedyAgent_2,754.2047715095803,UCB_BaselineAgent_2,755.8614318543396,RiskAverseEpsilonGreedyAgent_2,754.2047715095803,RiskAverseUCBAgent_2
high_congestion_cb_transparent_ratio06_halt10,circuit_breaker,high_congestion,linear_share,10,10000,10,5,6,0.6,10,0.0,True,7429.676334724712,0.7429676334724712,0.07429676334724712,1.136266328621936,5002,0.5002,0,5000,5000,0.001,0.0017140784381504126,742.937111193818,RandomAgent_1,749.8699623173899,EpsilonGreedyAgent_1,741.2897476060499,UCB_BaselineAgent_1,741.2897476060499,RiskAverseEpsilonGreedyAgent_1,741.2897476060499,RiskAverseUCBAgent_1,746.8492197664654,RandomAgent_2,742.2815558107393,EpsilonGreedyAgent_2,741.2897476060499,UCB_BaselineAgent_2,741.2897476060499,RiskAverseEpsilonGreedyAgent_2,741.2897476060499,RiskAverseUCBAgent_2
high_congestion_cb_transparent_ratio06_halt10,circuit_breaker,high_congestion,linear_share,11,10000,10,5,6,0.6,10,0.0,True,7551.5415853008835,0.7551541585300884,0.07551541585300883,1.1566778852021669,5003,0.5003,0,5000,5000,0.001,0.0005082831496188156,756.8850715633698,RandomAgent_1,753.9369427596052,EpsilonGreedyAgent_1,754.8783382618694,UCB_BaselineAgent_1,754.8783382618694,RiskAverseEpsilonGreedyAgent_1,754.8783382618694,RiskAverseUCBAgent_1,756.5712031448222,RandomAgent_2,754.8783382618694,EpsilonGreedyAgent_2,754.8783382618694,UCB_BaselineAgent_2,754.8783382618694,RiskAverseEpsilonGreedyAgent_2,754.8783382618694,RiskAverseUCBAgent_2
high_congestion_cb_transparent_ratio06_halt10,circuit_breaker,high_congestion,linear_share,12,10000,10,5,6,0.6,10,0.0,True,7558.198936482993,0.7558198936482994,0.07558198936482993,1.149742947095599,5005,0.5005,0,5000,5000,0.001,0.0005766993543254717,755.038391159814,RandomAgent_1,756.0846315839365,EpsilonGreedyAgent_1,755.2847457419218,UCB_BaselineAgent_1,755.4987743364136,RiskAverseEpsilonGreedyAgent_1,755.2847457419218,RiskAverseUCBAgent_1,757.5476930676978,RandomAgent_2,755.2847457419218,EpsilonGreedyAgent_2,755.2847457419218,UCB_BaselineAgent_2,757.6057176255224,RiskAverseEpsilonGreedyAgent_2,755.2847457419218,RiskAverseUCBAgent_2
high_congestion_cb_transparent_ratio06_halt10,circuit_breaker,high_congestion,linear_share,13,10000,10,5,6,0.6,10,0.0,True,7416.363259887621,0.7416363259887621,0.0741636325988762,1.1266470193129339,5003,0.5003,0,5000,5000,0.001,0.0009196980914316644,745.0843559043088,RandomAgent_1,740.7214530018566,EpsilonGreedyAgent_1,740.7214530018566,UCB_BaselineAgent_1,743.0008347685947,RiskAverseEpsilonGreedyAgent_1,740.7214530018566,RiskAverseUCBAgent_1,743.2278982017216,RandomAgent_2,740.7214530018566,EpsilonGreedyAgent_2,740.7214530018566,UCB_BaselineAgent_2,740.7214530018566,RiskAverseEpsilonGreedyAgent_2,740.7214530018566,RiskAverseUCBAgent_2
high_congestion_cb_transparent_ratio06_halt10,circuit_breaker,high_congestion,linear_share,14,10000,10,5,6,0.6,10,0.0,True,7642.913593368327,0.7642913593368328,0.07642913593368328,1.1675176935040341,5001,0.5001,0,5000,5000,0.001,0.00048182352567538445,762.9181999481547,RandomAgent_1,764.1199673358632,EpsilonGreedyAgent_1,764.1199673358632,UCB_BaselineAgent_1,764.2358359989202,RiskAverseEpsilonGreedyAgent_1,764.1199673358632,RiskAverseUCBAgent_1,766.9197860702101,RandomAgent_2,764.1199673358632,EpsilonGreedyAgent_2,764.1199673358632,UCB_BaselineAgent_2,764.1199673358632,RiskAverseEpsilonGreedyAgent_2,764.1199673358632,RiskAverseUCBAgent_2
high_congestion_cb_transparent_ratio06_halt10,circuit_breaker,high_congestion,linear_share,15,10000,10,5,6,0.6,10,0.0,True,7490.209019809399,0.74902090198094,0.07490209019809399,1.1432115422114568,5002,0.5002,0,5000,5000,0.001,0.0013826144800588303,754.5254841532101,RandomAgent_1,747.7106301513343,EpsilonGreedyAgent_1,747.7106301513343,UCB_BaselineAgent_1,747.7106301513343,RiskAverseEpsilonGreedyAgent_1,747.7106301513343,RiskAverseUCBAgent_1,753.1044836547248,RandomAgent_2,748.6046409421244,EpsilonGreedyAgent_2,747.7106301513343,UCB_BaselineAgent_2,747.7106301513343,RiskAverseEpsilonGreedyAgent_2,747.7106301513343,RiskAverseUCBAgent_2
high_congestion_cb_transparent_ratio06_halt10,circuit_breaker,high_congestion,linear_share,16,10000,10,5,6,0.6,10,0.0,True,7508.2939047911805,0.750829390479118,0.0750829390479118,1.153354057984698,5003,0.5003,0,5000,5000,0.001,0.0007458975462253381,751.8993687302154,RandomAgent_1,749.9769645153358,EpsilonGreedyAgent_1,749.9769645153358,UCB_BaselineAgent_1,751.2849392970893,RiskAverseEpsilonGreedyAgent_1,749.9769645153358,RiskAverseUCBAgent_1,752.5653101109046,RandomAgent_2,752.6824995609563,EpsilonGreedyAgent_2,749.9769645153358,UCB_BaselineAgent_2,749.9769645153358,RiskAverseEpsilonGreedyAgent_2,749.9769645153358,RiskAverseUCBAgent_2
high_congestion_cb_transparent_ratio06_halt10,circuit_breaker,high_congestion,linear_share,17,10000,10,5,6,0.6,10,0.0,True,7472.642615125714,0.7472642615125714,0.07472642615125714,1.131632992045424,5001,0.5001,0,5000,5000,0.001,0.0005800342245296797,749.156791169572,RandomAgent_1,746.7287053312245,EpsilonGreedyAgent_1,746.7287053312245,UCB_BaselineAgent_1,746.7287053312245,RiskAverseEpsilonGreedyAgent_1,746.7287053312245,RiskAverseUCBAgent_1,749.6561813063455,RandomAgent_2,746.7287053312245,EpsilonGreedyAgent_2,746.7287053312245,UCB_BaselineAgent_2,746.7287053312245,RiskAverseEpsilonGreedyAgent_2,746.7287053312245,RiskAverseUCBAgent_2
high_congestion_cb_transparent_ratio06_halt10,circuit_breaker,high_congestion,linear_share,18,10000,10,5,6,0.6,10,0.0,True,7443.7137870835595,0.7443713787083559,0.0744371378708356,1.1253918584433995,5001,0.5001,0,5000,5000,0.001,0.0005631112524202564,747.0175955082998,RandomAgent_1,744.2919965907732,EpsilonGreedyAgent_1,744.2919965907732,UCB_BaselineAgent_1,744.2919965907732,RiskAverseEpsilonGreedyAgent_1,744.2919965907732,RiskAverseUCBAgent_1,742.3602188490742,RandomAgent_2,744.2919965907732,EpsilonGreedyAgent_2,744.2919965907732,UCB_BaselineAgent_2,744.2919965907732,RiskAverseEpsilonGreedyAgent_2,744.2919965907732,RiskAverseUCBAgent_2
high_congestion_cb_transparent_ratio06_halt10,circuit_breaker,high_congestion,linear_share,19,10000,10,5,6,0.6,10,0.0,True,7619.098795224904,0.7619098795224905,0.07619098795224905,1.1657595982043867,5002,0.5002,0,5000,5000,0.001,0.0004555859871582246,763.6141344693599,RandomAgent_1,761.6514013798437,EpsilonGreedyAgent_1,761.4700783756367,UCB_BaselineAgent_1,761.4700783756367,RiskAverseEpsilonGreedyAgent_1,761.4700783756367,RiskAverseUCBAgent_1,763.5427107462438,RandomAgent_2,761.4700783756367,EpsilonGreedyAgent_2,761.4700783756367,UCB_BaselineAgent_2,761.4700783756367,RiskAverseEpsilonGreedyAgent_2,761.4700783756367,RiskAverseUCBAgent_2
high_congestion_cb_transparent_ratio06_halt10,circuit_breaker,high_congestion,linear_share,20,10000,10,5,6,0.6,10,0.0,True,7470.985236218228,0.7470985236218228,0.07470985236218228,1.154000700832148,5001,0.5001,0,5000,5000,0.001,0.0006232194468827057,749.8308970664392,RandomAgent_1,746.5277474277033,EpsilonGreedyAgent_1,746.5277474277033,UCB_BaselineAgent_1,746.5277474277033,RiskAverseEpsilonGreedyAgent_1,746.5277474277033,RiskAverseUCBAgent_1,748.9323597301631,RandomAgent_2,746.5277474277033,EpsilonGreedyAgent_2,746.5277474277033,UCB_BaselineAgent_2,746.5277474277033,RiskAverseEpsilonGreedyAgent_2,746.5277474277033,RiskAverseUCBAgent_2
high_congestion_cb_transparent_ratio06_halt10,circuit_breaker,high_congestion,linear_share,21,10000,10,5,6,0.6,10,0.0,True,7516.639351292932,0.7516639351292932,0.07516639351292932,1.155219809906479,5002,0.5002,0,5000,5000,0.001,0.0004734567719761884,754.404073957632,RandomAgent_1,751.3628676168288,EpsilonGreedyAgent_1,751.3628676168288,UCB_BaselineAgent_1,751.840159462364,RiskAverseEpsilonGreedyAgent_1,751.3628676168288,RiskAverseUCBAgent_1,751.384705509152,RandomAgent_2,751.3628676168288,EpsilonGreedyAgent_2,751.3628676168288,UCB_BaselineAgent_2,750.8332066628108,RiskAverseEpsilonGreedyAgent_2,751.3628676168288,RiskAverseUCBAgent_2
high_congestion_cb_transparent_ratio06_halt10,circuit_breaker,high_congestion,linear_share,22,10000,10,5,6,0.6,10,0.0,True,7466.452129791764,0.7466452129791764,0.07466452129791763,1.1372336438247908,5001,0.5001,0,5000,5000,0.001,0.0007118649706210345,747.1027127137658,RandomAgent_1,746.0308259708879,EpsilonGreedyAgent_1,746.0308259708879,UCB_BaselineAgent_1,746.0308259708879,RiskAverseEpsilonGreedyAgent_1,746.0308259708879,RiskAverseUCBAgent_1,751.102809310894,RandomAgent_2,746.0308259708879,EpsilonGreedyAgent_2,746.0308259708879,UCB_BaselineAgent_2,746.0308259708879,RiskAverseEpsilonGreedyAgent_2,746.0308259708879,RiskAverseUCBAgent_2
high_congestion_cb_transparent_ratio06_halt10,circuit_breaker,high_congestion,linear_share,23,10000,10,5,6,0.6,10,0.0,True,7592.077245250783,0.7592077245250782,0.07592077245250782,1.1738084344231001,5003,0.5003,0,5000,5000,0.001,0.0005506697014545647,759.9837210421115,RandomAgent_1,758.6377115694343,EpsilonGreedyAgent_1,758.6377115694343,UCB_BaselineAgent_1,760.9369021448754,RiskAverseEpsilonGreedyAgent_1,758.6377115694343,RiskAverseUCBAgent_1,760.6926410777564,RandomAgent_2,758.6377115694343,EpsilonGreedyAgent_2,758.6377115694343,UCB_BaselineAgent_2,758.6377115694343,RiskAverseEpsilonGreedyAgent_2,758.6377115694343,RiskAverseUCBAgent_2
high_congestion_cb_transparent_ratio06_halt10,circuit_breaker,high_congestion,linear_share,24,10000,10,5,6,0.6,10,0.0,True,7429.829899038767,0.7429829899038767,0.07429829899038766,1.1444354493157625,5001,0.5001,0,5000,5000,0.001,0.001032590670984046,746.3172877914986,RandomAgent_1,742.4349935326144,EpsilonGreedyAgent_1,741.9567075603119,UCB_BaselineAgent_1,741.9567075603119,RiskAverseEpsilonGreedyAgent_1,741.9567075603119,RiskAverseUCBAgent_1,746.366963738176,RandomAgent_2,742.9704086146068,EpsilonGreedyAgent_2,741.9567075603119,UCB_BaselineAgent_2,741.9567075603119,RiskAverseEpsilonGreedyAgent_2,741.9567075603119,RiskAverseUCBAgent_2
high_congestion_cb_transparent_ratio06_halt10,circuit_breaker,high_congestion,linear_share,25,10000,10,5,6,0.6,10,0.0,True,7580.258969396406,0.7580258969396406,0.07580258969396407,1.143099952802117,5001,0.5001,0,5000,5000,0.001,0.000401826608631195,758.2288183582857,RandomAgent_1,758.6305138633967,EpsilonGreedyAgent_1,757.6392253079229,UCB_BaselineAgent_1,757.6392253079229,RiskAverseEpsilonGreedyAgent_1,757.6392253079229,RiskAverseUCBAgent_1,759.9250600192642,RandomAgent_2,757.6392253079229,EpsilonGreedyAgent_2,757.6392253079229,UCB_BaselineAgent_2,757.6392253079229,RiskAverseEpsilonGreedyAgent_2,757.6392253079229,RiskAverseUCBAgent_2
high_congestion_cb_transparent_ratio06_halt10,circuit_breaker,high_congestion,linear_share,26,10000,10,5,6,0.6,10,0.0,True,7394.289308687161,0.7394289308687161,0.0739428930868716,1.1444313385937357,5002,0.5002,0,5000,5000,0.001,0.0005605220173063863,741.5927412082988,RandomAgent_1,738.8979134584663,EpsilonGreedyAgent_1,738.8979134584663,UCB_BaselineAgent_1,738.8979134584663,RiskAverseEpsilonGreedyAgent_1,738.8979134584663,RiskAverseUCBAgent_1,740.6939472382567,RandomAgent_2,738.8604584208144,EpsilonGreedyAgent_2,738.8979134584663,UCB_BaselineAgent_2,739.7546810689937,RiskAverseEpsilonGreedyAgent_2,738.8979134584663,RiskAverseUCBAgent_2
high_congestion_cb_transparent_ratio06_halt10,circuit_breaker,high_congestion,linear_share,27,10000,10,5,6,0.6,10,0.0,True,7318.344142871259,0.7318344142871258,0.07318344142871258,1.1102172648248858,5001,0.5001,0,5000,5000,0.001,0.001010249449756806,733.9549934902235,RandomAgent_1,730.8848029075274,EpsilonGreedyAgent_1,730.8848029075274,UCB_BaselineAgent_1,730.8848029075274,RiskAverseEpsilonGreedyAgent_1,730.8848029075274,RiskAverseUCBAgent_1,735.9629482298651,RandomAgent_2,732.232580798478,EpsilonGreedyAgent_2,730.8848029075274,UCB_BaselineAgent_2,730.8848029075274,RiskAverseEpsilonGreedyAgent_2,730.8848029075274,RiskAverseUCBAgent_2
high_congestion_cb_transparent_ratio06_halt10,circuit_breaker,high_congestion,linear_share,28,10000,10,5,6,0.6,10,0.0,True,7644.370789539406,0.7644370789539406,0.07644370789539406,1.1691273964042423,5002,0.5002,0,5000,5000,0.001,0.0003047348425746499,763.4320941551555,RandomAgent_1,764.3576895938972,EpsilonGreedyAgent_1,764.3576895938972,UCB_BaselineAgent_1,764.3576895938972,RiskAverseEpsilonGreedyAgent_1,764.3576895938972,RiskAverseUCBAgent_1,765.8218291281223,RandomAgent_2,764.3576895938972,EpsilonGreedyAgent_2,764.3576895938972,UCB_BaselineAgent_2,764.6130390988476,RiskAverseEpsilonGreedyAgent_2,764.3576895938972,RiskAverseUCBAgent_2
high_congestion_cb_transparent_ratio06_halt10,circuit_breaker,high_congestion,linear_share,29,10000,10,5,6,0.6,10,0.0,True,7381.56533168969,0.738156533168969,0.07381565331689689,1.1389760241712865,5005,0.5005,0,5000,5000,0.001,0.0005219468482826617,737.5583451649416,RandomAgent_1,738.8418002654788,EpsilonGreedyAgent_1,737.6613782019327,UCB_BaselineAgent_1,737.6613782019327,RiskAverseEpsilonGreedyAgent_1,737.6613782019327,RiskAverseUCBAgent_1,739.2458811230501,RandomAgent_2,739.9510359246232,EpsilonGreedyAgent_2,737.6613782019327,UCB_BaselineAgent_2,737.6613782019327,RiskAverseEpsilonGreedyAgent_2,737.6613782019327,RiskAverseUCBAgent_2
high_congestion_cb_opaque_ratio08_halt3,circuit_breaker,high_congestion,linear_share,0,10000,10,5,8,0.8,3,0.0,False,69939.07233527205,6.993907233527206,0.6993907233527206,2.669726482113988,30393,3.0393,17,5,0,4.9985,0.15613991813110273,6193.505140197697,RandomAgent_1,7672.308887896549,EpsilonGreedyAgent_1,6384.658657732517,UCB_BaselineAgent_1,8390.348983849351,RiskAverseEpsilonGreedyAgent_1,4305.439464807849,RiskAverseUCBAgent_1,6170.924833289475,RandomAgent_2,10816.896006134182,EpsilonGreedyAgent_2,6384.658657732517,UCB_BaselineAgent_2,9314.892238824066,RiskAverseEpsilonGreedyAgent_2,4305.439464807849,RiskAverseUCBAgent_2
high_congestion_cb_opaque_ratio08_halt3,circuit_breaker,high_congestion,linear_share,1,10000,10,5,8,0.8,3,0.0,False,72145.65790801447,7.214565790801447,0.7214565790801447,2.6822729555945095,29972,2.9972,9,2,0,4.9994,0.16070571407991685,6084.674330302332,RandomAgent_1,12684.512428371658,EpsilonGreedyAgent_1,7480.2214862436085,UCB_BaselineAgent_1,8076.483798241783,RiskAverseEpsilonGreedyAgent_1,4305.711869524911,RiskAverseUCBAgent_1,6107.847263581809,RandomAgent_2,8011.839751203723,EpsilonGreedyAgent_2,7480.2214862436085,UCB_BaselineAgent_2,7608.43362477613,RiskAverseEpsilonGreedyAgent_2,4305.711869524911,RiskAverseUCBAgent_2
high_congestion_cb_opaque_ratio08_halt3,circuit_breaker,high_congestion,linear_share,2,10000,10,5,8,0.8,3,0.0,False,72429.69694712214,7.2429696947122135,0.7242969694712214,2.6412689300049372,30133,3.0133,11,3,0,4.9991,0.1638544169139191,6012.762349166983,RandomAgent_1,8028.526848283255,EpsilonGreedyAgent_1,7693.931392466792,UCB_BaselineAgent_1,7347.2587556533845,RiskAverseEpsilonGreedyAgent_1,4328.54447734708,RiskAverseUCBAgent_1,6060.976206982201,RandomAgent_2,12969.612405080288,EpsilonGreedyAgent_2,7693.931392466792,UCB_BaselineAgent_2,7965.608642328276,RiskAverseEpsilonGreedyAgent_2,4328.54447734708,RiskAverseUCBAgent_2
high_congestion_cb_opaque_ratio08_halt3,circuit_breaker,high_congestion,linear_share,3,10000,10,5,8,0.8,3,0.0,False,70423.05990148759,7.042305990148759,0.704230599014876,2.667318353337532,33284,3.3284,12,2,0,4.9994,0.1355523874972866,5942.357187822234,RandomAgent_1,8189.846772769171,EpsilonGreedyAgent_1,7616.679998715363,UCB_BaselineAgent_1,8360.208644166658,RiskAverseEpsilonGreedyAgent_1,4269.064992235289,RiskAverseUCBAgent_1,6048.095623668423,RandomAgent_2,8874.443514293489,EpsilonGreedyAgent_2,7616.679998715363,UCB_BaselineAgent_2,9236.61817686631,RiskAverseEpsilonGreedyAgent_2,4269.064992235289,RiskAverseUCBAgent_2
high_congestion_cb_opaque_ratio08_halt3,circuit_breaker,high_congestion,linear_share,4,10000,10,5,8,0.8,3,0.0,False,71633.50231365545,7.163350231365545,0.7163350231365545,2.6642869770783943,29738,2.9738,17,2,0,4.9994,0.1637601581219843,6068.6140387490805,RandomAgent_1,8506.050048368581,EpsilonGreedyAgent_1,7166.311187504916,UCB_BaselineAgent_1,7464.225782991232,RiskAverseEpsilonGreedyAgent_1,4307.698682710716,RiskAverseUCBAgent_1,6110.765386496221,RandomAgent_2,12572.87941577846,EpsilonGreedyAgent_2,7166.311187504916,UCB_BaselineAgent_2,7962.947900840614,RiskAverseEpsilonGreedyAgent_2,4307.698682710716,RiskAverseUCBAgent_2
high_congestion_cb_opaque_ratio08_halt3,circuit_breaker,high_congestion,linear_share,5,10000,10,5,8,0.8,3,0.0,False,71041.83960237978,7.104183960237978,0.7104183960237979,2.6552239900440227,33074,3.3074,12,3,0,4.9991,0.13421484716123966,6093.418356429957,RandomAgent_1,8122.4518051707955,EpsilonGreedyAgent_1,7675.928128903551,UCB_BaselineAgent_1,9360.110813901683,RiskAverseEpsilonGreedyAgent_1,4344.487515442271,RiskAverseUCBAgent_1,6051.970199453106,RandomAgent_2,8963.482161104133,EpsilonGreedyAgent_2,7675.928128903551,UCB_BaselineAgent_2,8409.57497762847,RiskAverseEpsilonGreedyAgent_2,4344.487515442271,RiskAverseUCBAgent_2
high_congestion_cb_opaque_ratio08_halt3,circuit_breaker,high_congestion,linear_share,6,10000,10,5,8,0.8,3,0.0,False,69990.79542562812,6.9990795425628125,0.6999079542562813,2.7100714925064575,33601,3.3601,2,1,0,4.9997,0.13640378943613873,5971.345817749101,RandomAgent_1,8260.441134093073,EpsilonGreedyAgent_1,7348.658683351982,UCB_BaselineAgent_1,9544.085788802271,RiskAverseEpsilonGreedyAgent_1,4303.959164663833,RiskAverseUCBAgent_1,5997.191733199377,RandomAgent_2,8470.588179877308,EpsilonGreedyAgent_2,7348.658683351982,UCB_BaselineAgent_2,8441.907075875357,RiskAverseEpsilonGreedyAgent_2,4303.959164663833,RiskAverseUCBAgent_2
high_congestion_cb_opaque_ratio08_halt3,circuit_breaker,high_congestion,linear_share,7,10000,10,5,8,0.8,3,0.0,False,71307.9679020102,7.13079679020102,0.713079679020102,2.6635308430704057,30525,3.0525,12,2,0,4.9994,0.15551892482782215,6114.408225169139,RandomAgent_1,8337.858163006984,EpsilonGreedyAgent_1,5875.354991395795,UCB_BaselineAgent_1,7677.784916401838,RiskAverseEpsilonGreedyAgent_1,4922.848711573881,RiskAverseUCBAgent_1,6176.012978615465,RandomAgent_2,11021.54025314727,EpsilonGreedyAgent_2,5875.354991395795,UCB_BaselineAgent_2,10383.955959730154,RiskAverseEpsilonGreedyAgent_2,4922.848711573881,RiskAverseUCBAgent_2
high_congestion_cb_opaque_ratio08_halt3,circuit_breaker,high_congestion,linear_share,8,10000,10,5,8,0.8,3,0.0,False,70322.55693881174,7.032255693881174,0.7032255693881174,2.6430238889095823,28863,2.8863,0,0,0,5.0,0.1694538936398342,6380.030429499268,RandomAgent_1,11527.161910341347,EpsilonGreedyAgent_1,5725.653915399716,UCB_BaselineAgent_1,9314.574813224033,RiskAverseEpsilonGreedyAgent_1,4400.615804023319,RiskAverseUCBAgent_1,6381.399111801689,RandomAgent_2,7951.3553579814425,EpsilonGreedyAgent_2,5725.653915399716,UCB_BaselineAgent_2,8515.495877117899,RiskAverseEpsilonGreedyAgent_2,4400.615804023319,RiskAverseUCBAgent_2
high_congestion_cb_opaque_ratio08_halt3,circuit_breaker,high_congestion,linear_share,9,10000,10,5,8,0.8,3,0.0,False,71783.08622673327,7.1783086226733275,0.7178308622673327,2.646635013125029,30304,3.0304,6,2,0,4.9994,0.1624299144350636,6172.293241554977,RandomAgent_1,11720.066500935287,EpsilonGreedyAgent_1,5857.040635393873,UCB_BaselineAgent_1,7510.415839928828,RiskAverseEpsilonGreedyAgent_1,4914.939355016375,RiskAverseUCBAgent_1,6220.67485360872,RandomAgent_2,8138.699004554402,EpsilonGreedyAgent_2,5857.040635393873,UCB_BaselineAgent_2,10476.976805330563,RiskAverseEpsilonGreedyAgent_2,4914.939355016375,RiskAverseUCBAgent_2
high_congestion_cb_opaque_ratio08_halt3,circuit_breaker,high_congestion,linear_share,10,10000,10,5,8,0.8,3,0.0,False,72287.30166128918,7.228730166128918,0.7228730166128918,2.649370120106238,30430,3.043,0,0,0,5.0,0.1206589521694228,6091.723541992827,RandomAgent_1,11093.499954192526,EpsilonGreedyAgent_1,5838.5079672280835,UCB_BaselineAgent_1,8910.443185612383,RiskAverseEpsilonGreedyAgent_1,6068.697197688135,RiskAverseUCBAgent_1,6009.357672961407,RandomAgent_2,8774.43950408263,EpsilonGreedyAgent_2,5838.5079672280835,UCB_BaselineAgent_2,7593.427472614965,RiskAverseEpsilonGreedyAgent_2,6068.697197688135,RiskAverseUCBAgent_2
high_congestion_cb_opaque_ratio08_halt3,circuit_breaker,high_congestion,linear_share,11,10000,10,5,8,0.8,3,0.0,False,69717.35859222508,6.971735859222508,0.6971735859222508,2.669413597238772,28989,2.8989,23,3,0,4.9991,0.16316289082341018,6338.082162873358,RandomAgent_1,8169.259194094243,EpsilonGreedyAgent_1,5697.007574486563,UCB_BaselineAgent_1,8362.962572960407,RiskAverseEpsilonGreedyAgent_1,4447.778725142803,RiskAverseUCBAgent_1,6261.602107243251,RandomAgent_2,11011.57384484717,EpsilonGreedyAgent_2,5697.007574486563,UCB_BaselineAgent_2,9284.306110947924,RiskAverseEpsilonGreedyAgent_2,4447.778725142803,RiskAverseUCBAgent_2
high_congestion_cb_opaque_ratio08_halt3,circuit_breaker,high_congestion,linear_share,12,10000,10,5,8,0.8,3,0.0,False,72466.47805063621,7.246647805063621,0.7246647805063622,2.646900475937866,30710,3.071,9,2,0,4.9994,0.13077446087070377,6051.065035560585,RandomAgent_1,9412.988514998931,EpsilonGreedyAgent_1,7354.143833599837,UCB_BaselineAgent_1,7352.83604794414,RiskAverseEpsilonGreedyAgent_1,5074.530706627404,RiskAverseUCBAgent_1,5963.075353679351,RandomAgent_2,10457.057545595519,EpsilonGreedyAgent_2,7354.143833599837,UCB_BaselineAgent_2,8372.10647240321,RiskAverseEpsilonGreedyAgent_2,5074.530706627404,RiskAverseUCBAgent_2
high_congestion_cb_opaque_ratio08_halt3,circuit_breaker,high_congestion,linear_share,13,10000,10,5,8,0.8,3,0.0,False,71427.77288146476,7.142777288146475,0.7142777288146476,2.674608166932322,30104,3.0104,4,1,0,4.9997,0.1636894431124285,6262.232189560176,RandomAgent_1,12194.190298290281,EpsilonGreedyAgent_1,5846.300595327097,UCB_BaselineAgent_1,7575.848779900703,RiskAverseEpsilonGreedyAgent_1,4906.098279049055,RiskAverseUCBAgent_1,6114.473248096497,RandomAgent_2,7505.157239737965,EpsilonGreedyAgent_2,5846.300595327097,UCB_BaselineAgent_2,10271.073377126835,RiskAverseEpsilonGreedyAgent_2,4906.098279049055,RiskAverseUCBAgent_2
high_congestion_cb_opaque_ratio08_halt3,circuit_breaker,high_congestion,linear_share,14,10000,10,5,8,0.8,3,0.0,False,72482.5131872102,7.248251318721021,0.7248251318721021,2.669065064508534,30898,3.0898,4,1,0,4.9997,0.12352136052771989,5897.2573937061115,RandomAgent_1,12232.81422110678,EpsilonGreedyAgent_1,6236.006413972709,UCB_BaselineAgent_1,8888.595426244816,RiskAverseEpsilonGreedyAgent_1,6062.580704944693,RiskAverseUCBAgent_1,5907.962220849531,RandomAgent_2,7322.9801243151105,EpsilonGreedyAgent_2,6236.006413972709,UCB_BaselineAgent_2,7635.729563153048,RiskAverseEpsilonGreedyAgent_2,6062.580704944693,RiskAverseUCBAgent_2
high_congestion_cb_opaque_ratio08_halt3,circuit_breaker,high_congestion,linear_share,15,10000,10,5,8,0.8,3,0.0,False,72341.09695342541,7.234109695342541,0.7234109695342541,2.6082947751306467,30744,3.0744,0,0,0,5.0,0.12543233866644443,5943.9322045592935,RandomAgent_1,7413.85024316065,EpsilonGreedyAgent_1,7320.076874592334,UCB_BaselineAgent_1,9632.02496776652,RiskAverseEpsilonGreedyAgent_1,5209.034201603981,RiskAverseUCBAgent_1,5891.855990678716,RandomAgent_2,9925.742760047771,EpsilonGreedyAgent_2,7320.076874592334,UCB_BaselineAgent_2,8475.468634819834,RiskAverseEpsilonGreedyAgent_2,5209.034201603981,RiskAverseUCBAgent_2
high_congestion_cb_opaque_ratio08_halt3,circuit_breaker,high_congestion,linear_share,16,10000,10,5,8,0.8,3,0.0,False,72391.08543320549,7.239108543320548,0.7239108543320549,2.676291634165403,30767,3.0767,8,2,0,4.9994,0.1508823650230351,6019.341799653838,RandomAgent_1,11987.95651582082,EpsilonGreedyAgent_1,7249.391113092141,UCB_BaselineAgent_1,7783.670513292875,RiskAverseEpsilonGreedyAgent_1,4636.35544967937,RiskAverseUCBAgent_1,6106.279276890777,RandomAgent_2,8484.137299495505,EpsilonGreedyAgent_2,7249.391113092141,UCB_BaselineAgent_2,8238.20690250865,RiskAverseEpsilonGreedyAgent_2,4636.35544967937,RiskAverseUCBAgent_2
high_congestion_cb_opaque_ratio08_halt3,circuit_breaker,high_congestion,linear_share,17,10000,10,5,8,0.8,3,0.0,False,72577.72492917108,7.257772492917107,0.7257772492917107,2.655020767201401,30802,3.0802,9,2,0,4.9994,0.12131014215377611,5950.539379511942,RandomAgent_1,9727.937419672382,EpsilonGreedyAgent_1,7407.641333654678,UCB_BaselineAgent_1,7403.192056607376,RiskAverseEpsilonGreedyAgent_1,5271.12409246222,RiskAverseUCBAgent_1,5968.277577017771,RandomAgent_2,9704.804057930432,EpsilonGreedyAgent_2,7407.641333654678,UCB_BaselineAgent_2,8465.443586197378,RiskAverseEpsilonGreedyAgent_2,5271.12409246222,RiskAverseUCBAgent_2
high_congestion_cb_opaque_ratio08_halt3,circuit_breaker,high_congestion,linear_share,18,10000,10,5,8,0.8,3,0.0,False,71160.76610793937,7.116076610793938,0.7116076610793938,2.6501546929532083,29583,2.9583,5,1,0,4.9997,0.1580906928091852,6289.384538387592,RandomAgent_1,8694.844122312588,EpsilonGreedyAgent_1,6767.419436018308,UCB_BaselineAgent_1,8184.112757050086,RiskAverseEpsilonGreedyAgent_1,4290.17938519448,RiskAverseUCBAgent_1,6278.72956953198,RandomAgent_2,11803.875783027755,EpsilonGreedyAgent_2,6767.419436018308,UCB_BaselineAgent_2,7794.6216952037885,RiskAverseEpsilonGreedyAgent_2,4290.17938519448,RiskAverseUCBAgent_2
high_congestion_cb_opaque_ratio08_halt3,circuit_breaker,high_congestion,linear_share,19,10000,10,5,8,0.8,3,0.0,False,70225.41286674014,7.022541286674014,0.7022541286674013,2.673434493524328,33925,3.3925,5,2,0,4.9994,0.1298989896109124,6075.636236059511,RandomAgent_1,7829.015530614065,EpsilonGreedyAgent_1,7919.254846938434,UCB_BaselineAgent_1,8354.125841128827,RiskAverseEpsilonGreedyAgent_1,4305.210561375598,RiskAverseUCBAgent_1,5990.014218851013,RandomAgent_2,7948.41155193477,EpsilonGreedyAgent_2,7919.254846938434,UCB_BaselineAgent_2,9579.278671523894,RiskAverseEpsilonGreedyAgent_2,4305.210561375598,RiskAverseUCBAgent_2
high_congestion_cb_opaque_ratio08_halt3,circuit_breaker,high_congestion,linear_share,20,10000,10,5,8,0.8,3,0.0,False,72354.1956908363,7.23541956908363,0.7235419569083631,2.6245427695001093,33664,3.3664,5,1,0,4.9997,0.11320649590588117,5867.39921885944,RandomAgent_1,12681.001335076076,EpsilonGreedyAgent_1,7261.253029625104,UCB_BaselineAgent_1,6823.849375249716,RiskAverseEpsilonGreedyAgent_1,6096.656119119974,RiskAverseUCBAgent_1,5964.3584221643305,RandomAgent_2,7562.360484298277,EpsilonGreedyAgent_2,7261.253029625104,UCB_BaselineAgent_2,6739.408557698308,RiskAverseEpsilonGreedyAgent_2,6096.656119119974,RiskAverseUCBAgent_2
high_congestion_cb_opaque_ratio08_halt3,circuit_breaker,high_congestion,linear_share,21,10000,10,5,8,0.8,3,0.0,False,69955.64905420398,6.995564905420398,0.6995564905420398,2.6502753983229512,29169,2.9169,22,4,0,4.9988,0.1707789586333921,6231.896461484538,RandomAgent_1,11442.083479468396,EpsilonGreedyAgent_1,5738.187162065393,UCB_BaselineAgent_1,8391.464401136152,RiskAverseEpsilonGreedyAgent_1,4360.930188420524,RiskAverseUCBAgent_1,6315.733164575872,RandomAgent_2,7875.914669676625,EpsilonGreedyAgent_2,5738.187162065393,UCB_BaselineAgent_2,9500.322176890571,RiskAverseEpsilonGreedyAgent_2,4360.930188420524,RiskAverseUCBAgent_2
high_congestion_cb_opaque_ratio08_halt3,circuit_breaker,high_congestion,linear_share,22,10000,10,5,8,0.8,3,0.0,False,70734.0885588434,7.07340885588434,0.707340885588434,2.6800921977373693,33828,3.3828,18,3,0,4.9991,0.13770277382630036,6062.501205089677,RandomAgent_1,8581.659844362704,EpsilonGreedyAgent_1,7440.666281762315,UCB_BaselineAgent_1,8511.040075506578,RiskAverseEpsilonGreedyAgent_1,4292.951665055009,RiskAverseUCBAgent_1,6033.482195018266,RandomAgent_2,9597.269315625546,EpsilonGreedyAgent_2,7440.666281762315,UCB_BaselineAgent_2,8480.90002960599,RiskAverseEpsilonGreedyAgent_2,4292.951665055009,RiskAverseUCBAgent_2
high_congestion_cb_opaque_ratio08_halt3,circuit_breaker,high_congestion,linear_share,23,10000,10,5,8,0.8,3,0.0,False,69829.59618716211,6.982959618716211,0.6982959618716211,2.6571585579864867,29227,2.9227,18,3,0,4.9991,0.17913332890431333,6264.682155603044,RandomAgent_1,11911.942124921277,EpsilonGreedyAgent_1,5734.465417481266,UCB_BaselineAgent_1,9667.455134900334,RiskAverseEpsilonGreedyAgent_1,4255.500380012466,RiskAverseUCBAgent_1,6191.877595060018,RandomAgent_2,7484.598953517084,EpsilonGreedyAgent_2,5734.465417481266,UCB_BaselineAgent_2,8329.108628172891,RiskAverseEpsilonGreedyAgent_2,4255.500380012466,RiskAverseUCBAgent_2
high_congestion_cb_opaque_ratio08_halt3,circuit_breaker,high_congestion,linear_share,24,10000,10,5,8,0.8,3,0.0,False,72693.00300988746,7.269300300988745,0.7269300300988746,2.651833575152379,30665,3.0665,5,1,0,4.9997,0.11940131642697005,5860.40968238988,RandomAgent_1,9818.267326925756,EpsilonGreedyAgent_1,7405.312255305794,UCB_BaselineAgent_1,8516.505187647166,RiskAverseEpsilonGreedyAgent_1,5369.518252295087,RiskAverseUCBAgent_1,5976.975982900101,RandomAgent_2,9520.296904109435,EpsilonGreedyAgent_2,7405.312255305794,UCB_BaselineAgent_2,7450.8869107133605,RiskAverseEpsilonGreedyAgent_2,5369.518252295087,RiskAverseUCBAgent_2
high_congestion_cb_opaque_ratio08_halt3,circuit_breaker,high_congestion,linear_share,25,10000,10,5,8,0.8,3,0.0,False,72231.94229895805,7.223194229895805,0.7223194229895805,2.658737868992881,30235,3.0235,3,2,0,4.9994,0.1299275423668489,6057.652736428918,RandomAgent_1,8048.178674630189,EpsilonGreedyAgent_1,5787.917063445951,UCB_BaselineAgent_1,8803.644951621278,RiskAverseEpsilonGreedyAgent_1,5956.68897853593,RiskAverseUCBAgent_1,6038.332744777178,RandomAgent_2,12139.813487922926,EpsilonGreedyAgent_2,5787.917063445951,UCB_BaselineAgent_2,7655.107619613796,RiskAverseEpsilonGreedyAgent_2,5956.68897853593,RiskAverseUCBAgent_2
high_congestion_cb_opaque_ratio08_halt3,circuit_breaker,high_congestion,linear_share,26,10000,10,5,8,0.8,3,0.0,False,70119.77147434688,7.011977147434688,0.7011977147434688,2.669959364164712,28726,2.8726,4,1,0,4.9997,0.157688772469049,6278.244010816612,RandomAgent_1,7774.7681492300435,EpsilonGreedyAgent_1,5794.565134697151,UCB_BaselineAgent_1,9688.06934912449,RiskAverseEpsilonGreedyAgent_1,4609.704371235538,RiskAverseUCBAgent_1,6296.699205629563,RandomAgent_2,10789.073522141853,EpsilonGreedyAgent_2,5794.565134697151,UCB_BaselineAgent_2,8484.378225538949,RiskAverseEpsilonGreedyAgent_2,4609.704371235538,RiskAverseUCBAgent_2
high_congestion_cb_opaque_ratio08_halt3,circuit_breaker,high_congestion,linear_share,27,10000,10,5,8,0.8,3,0.0,False,72233.13184682505,7.223313184682505,0.7223313184682505,2.660366309337229,30669,3.0669,0,0,0,5.0,0.13167734377635054,6044.123494821069,RandomAgent_1,10262.421012448505,EpsilonGreedyAgent_1,7348.115544587167,UCB_BaselineAgent_1,8388.607639625676,RiskAverseEpsilonGreedyAgent_1,4999.401452472649,RiskAverseUCBAgent_1,5929.819854529063,RandomAgent_2,9460.589368757792,EpsilonGreedyAgent_2,7348.115544587167,UCB_BaselineAgent_2,7452.5364825233155,RiskAverseEpsilonGreedyAgent_2,4999.401452472649,RiskAverseUCBAgent_2
high_congestion_cb_opaque_ratio08_halt3,circuit_breaker,high_congestion,linear_share,28,10000,10,5,8,0.8,3,0.0,False,70831.29582255414,7.083129582255414,0.7083129582255414,2.6585868962797967,33830,3.383,5,2,0,4.9994,0.1305465300823423,6054.434023382895,RandomAgent_1,7965.077554609083,EpsilonGreedyAgent_1,8053.271879316112,UCB_BaselineAgent_1,8418.442747641675,RiskAverseEpsilonGreedyAgent_1,4292.195922449839,RiskAverseUCBAgent_1,6051.6793840452365,RandomAgent_2,8117.253780490359,EpsilonGreedyAgent_2,8053.271879316112,UCB_BaselineAgent_2,9533.47272885299,RiskAverseEpsilonGreedyAgent_2,4292.195922449839,RiskAverseUCBAgent_2
high_congestion_cb_opaque_ratio08_halt3,circuit_breaker,high_congestion,linear_share,29,10000,10,5,8,0.8,3,0.0,False,72497.41469580552,7.249741469580552,0.7249741469580552,2.630479098366847,30244,3.0244,6,2,0,4.9994,0.1636316854869173,6092.597090336974,RandomAgent_1,12818.49087051744,EpsilonGreedyAgent_1,7770.612457204716,UCB_BaselineAgent_1,7357.624814605687,RiskAverseEpsilonGreedyAgent_1,4335.6305933971635,RiskAverseUCBAgent_1,5903.70885051246,RandomAgent_2,8070.694463549272,EpsilonGreedyAgent_2,7770.612457204716,UCB_BaselineAgent_2,8041.812505079929,RiskAverseEpsilonGreedyAgent_2,4335.6305933971635,RiskAverseUCBAgent_2
high_congestion_cb_transparent_ratio08_halt3,circuit_breaker,high_congestion,linear_share,0,10000,10,5,8,0.8,3,0.0,True,70211.35288252494,7.021135288252494,0.7021135288252494,2.693417116920947,33535,3.3535,0,4,0,4.9988,0.13326142008108577,5991.394932357776,RandomAgent_1,9561.884866144015,EpsilonGreedyAgent_1,7406.734726916886,UCB_BaselineAgent_1,8386.295950372158,RiskAverseEpsilonGreedyAgent_1,4374.198801148227,RiskAverseUCBAgent_1,6013.337495446873,RandomAgent_2,8349.03034088677,EpsilonGreedyAgent_2,7406.734726916886,UCB_BaselineAgent_2,8347.542241187119,RiskAverseEpsilonGreedyAgent_2,4374.198801148227,RiskAverseUCBAgent_2
high_congestion_cb_transparent_ratio08_halt3,circuit_breaker,high_congestion,linear_share,1,10000,10,5,8,0.8,3,0.0,True,72148.37949544813,7.214837949544813,0.7214837949544812,2.66558282644766,31005,3.1005,0,5,0,4.9985,0.1283999363795243,6015.180047046369,RandomAgent_1,10110.976086356766,EpsilonGreedyAgent_1,7473.73626858587,UCB_BaselineAgent_1,9256.702994885118,RiskAverseEpsilonGreedyAgent_1,4962.1533954428905,RiskAverseUCBAgent_1,5999.596088729178,RandomAgent_2,8299.15384517906,EpsilonGreedyAgent_2,7473.73626858587,UCB_BaselineAgent_2,7594.991105194119,RiskAverseEpsilonGreedyAgent_2,4962.1533954428905,RiskAverseUCBAgent_2
high_congestion_cb_transparent_ratio08_halt3,circuit_breaker,high_congestion,linear_share,2,10000,10,5,8,0.8,3,0.0,True,72671.86484539855,7.267186484539855,0.7267186484539855,2.6613758024453484,30744,3.0744,0,3,0,4.9991,0.1251501897597762,5922.792024523576,RandomAgent_1,9802.540933387067,EpsilonGreedyAgent_1,7483.4493735834485,UCB_BaselineAgent_1,8443.181410707197,RiskAverseEpsilonGreedyAgent_1,5208.268591184809,RiskAverseUCBAgent_1,5925.660249522575,RandomAgent_2,9809.897830226952,EpsilonGreedyAgent_2,7483.4493735834485,UCB_BaselineAgent_2,7384.356467494666,RiskAverseEpsilonGreedyAgent_2,5208.268591184809,RiskAverseUCBAgent_2
high_congestion_cb_transparent_ratio08_halt3,circuit_breaker,high_congestion,linear_share,3,10000,10,5,8,0.8,3,0.0,True,70126.91804214756,7.012691804214756,0.7012691804214756,2.6766364117109207,29175,2.9175,0,6,0,4.9982,0.17047227004535825,6236.990093092532,RandomAgent_1,7635.825252793463,EpsilonGreedyAgent_1,5844.419284477478,UCB_BaselineAgent_1,9292.72249834662,RiskAverseEpsilonGreedyAgent_1,4363.937498109056,RiskAverseUCBAgent_1,6326.863392865571,RandomAgent_2,11747.470149725033,EpsilonGreedyAgent_2,5844.419284477478,UCB_BaselineAgent_2,8470.33309015128,RiskAverseEpsilonGreedyAgent_2,4363.937498109056,RiskAverseUCBAgent_2
high_congestion_cb_transparent_ratio08_halt3,circuit_breaker,high_congestion,linear_share,4,10000,10,5,8,0.8,3,0.0,True,72088.85449809139,7.208885449809139,0.7208885449809138,2.6436116137269883,30004,3.0004,0,1,0,4.9997,0.1619620071485941,6145.3482228571875,RandomAgent_1,8127.853702975244,EpsilonGreedyAgent_1,7403.685034426722,UCB_BaselineAgent_1,7528.98552936523,RiskAverseEpsilonGreedyAgent_1,4289.940851706664,RiskAverseUCBAgent_1,6143.561630238138,RandomAgent_2,12822.065352935226,EpsilonGreedyAgent_2,7403.685034426722,UCB_BaselineAgent_2,7933.788287453583,RiskAverseEpsilonGreedyAgent_2,4289.940851706664,RiskAverseUCBAgent_2
high_congestion_cb_transparent_ratio08_halt3,circuit_breaker,high_congestion,linear_share,5,10000,10,5,8,0.8,3,0.0,True,69945.95129798126,6.9945951297981255,0.6994595129798126,2.671395655888242,29039,2.9039,0,4,0,4.9988,0.16620139983480486,6289.0758935295735,RandomAgent_1,7765.595885519643,EpsilonGreedyAgent_1,5727.860235286511,UCB_BaselineAgent_1,9562.667106240646,RiskAverseEpsilonGreedyAgent_1,4446.221699585851,RiskAverseUCBAgent_1,6322.6082568019,RandomAgent_2,11163.84701661048,EpsilonGreedyAgent_2,5727.860235286511,UCB_BaselineAgent_2,8493.993269534292,RiskAverseEpsilonGreedyAgent_2,4446.221699585851,RiskAverseUCBAgent_2
high_congestion_cb_transparent_ratio08_halt3,circuit_breaker,high_congestion,linear_share,6,10000,10,5,8,0.8,3,0.0,True,70500.14272451482,7.050014272451482,0.7050014272451482,2.6793220722674613,33670,3.367,0,1,0,4.9997,0.13306302506927503,6108.717608041424,RandomAgent_1,8266.867482753249,EpsilonGreedyAgent_1,7446.811604532452,UCB_BaselineAgent_1,9524.8109381108,RiskAverseEpsilonGreedyAgent_1,4361.245228985964,RiskAverseUCBAgent_1,6072.992956210654,RandomAgent_2,8601.781301641247,EpsilonGreedyAgent_2,7446.811604532452,UCB_BaselineAgent_2,8308.85877072062,RiskAverseEpsilonGreedyAgent_2,4361.245228985964,RiskAverseUCBAgent_2
high_congestion_cb_transparent_ratio08_halt3,circuit_breaker,high_congestion,linear_share,7,10000,10,5,8,0.8,3,0.0,True,70226.07914874071,7.022607914874071,0.7022607914874072,2.672837738742539,33683,3.3683,0,1,0,4.9997,0.13227642259032946,6100.697990049575,RandomAgent_1,8401.928129164444,EpsilonGreedyAgent_1,7380.708651448609,UCB_BaselineAgent_1,8494.475126100479,RiskAverseEpsilonGreedyAgent_1,4337.753615900085,RiskAverseUCBAgent_1,6030.386493767389,RandomAgent_2,8442.8706570137,EpsilonGreedyAgent_2,7380.708651448609,UCB_BaselineAgent_2,9318.79621794773,RiskAverseEpsilonGreedyAgent_2,4337.753615900085,RiskAverseUCBAgent_2
high_congestion_cb_transparent_ratio08_halt3,circuit_breaker,high_congestion,linear_share,8,10000,10,5,8,0.8,3,0.0,True,70322.55693881174,7.032255693881174,0.7032255693881174,2.6430238889095823,28863,2.8863,0,0,0,5.0,0.1694538936398342,6380.030429499268,RandomAgent_1,11527.161910341347,EpsilonGreedyAgent_1,5725.653915399716,UCB_BaselineAgent_1,9314.574813224033,RiskAverseEpsilonGreedyAgent_1,4400.615804023319,RiskAverseUCBAgent_1,6381.399111801689,RandomAgent_2,7951.3553579814425,EpsilonGreedyAgent_2,5725.653915399716,UCB_BaselineAgent_2,8515.495877117899,RiskAverseEpsilonGreedyAgent_2,4400.615804023319,RiskAverseUCBAgent_2
high_congestion_cb_transparent_ratio08_halt3,circuit_breaker,high_congestion,linear_share,9,10000,10,5,8,0.8,3,0.0,True,72784.25512269048,7.278425512269048,0.7278425512269048,2.612587170648341,30302,3.0302,0,1,0,4.9997,0.1650253808270965,6003.128230477604,RandomAgent_1,13107.479615004948,EpsilonGreedyAgent_1,7866.879353577907,UCB_BaselineAgent_1,7412.934670878708,RiskAverseEpsilonGreedyAgent_1,4318.214369892729,RiskAverseUCBAgent_1,6080.566780332413,RandomAgent_2,8026.981756368301,EpsilonGreedyAgent_2,7866.879353577907,UCB_BaselineAgent_2,7782.976622687226,RiskAverseEpsilonGreedyAgent_2,4318.214369892729,RiskAverseUCBAgent_2
high_congestion_cb_transparent_ratio08_halt3,circuit_breaker,high_congestion,linear_share,10,10000,10,5,8,0.8,3,0.0,True,72287.30166128918,7.228730166128918,0.7228730166128918,2.649370120106238,30430,3.043,0,0,0,5.0,0.1206589521694228,6091.723541992827,RandomAgent_1,11093.499954192526,EpsilonGreedyAgent_1,5838.5079672280835,UCB_BaselineAgent_1,8910.443185612383,RiskAverseEpsilonGreedyAgent_1,6068.697197688135,RiskAverseUCBAgent_1,6009.357672961407,RandomAgent_2,8774.43950408263,EpsilonGreedyAgent_2,5838.5079672280835,UCB_BaselineAgent_2,7593.427472614965,RiskAverseEpsilonGreedyAgent_2,6068.697197688135,RiskAverseUCBAgent_2
high_congestion_cb_transparent_ratio08_halt3,circuit_breaker,high_congestion,linear_share,11,10000,10,5,8,0.8,3,0.0,True,71699.25983319043,7.169925983319043,0.7169925983319043,2.6388336403265686,30261,3.0261,0,3,0,4.9991,0.1595458504676106,6181.727496723552,RandomAgent_1,11489.667094703864,EpsilonGreedyAgent_1,5835.48481584578,UCB_BaselineAgent_1,7443.739696340008,RiskAverseEpsilonGreedyAgent_1,4950.642792832319,RiskAverseUCBAgent_1,6234.085969430905,RandomAgent_2,8473.85741629228,EpsilonGreedyAgent_2,5835.48481584578,UCB_BaselineAgent_2,10303.926942343622,RiskAverseEpsilonGreedyAgent_2,4950.642792832319,RiskAverseUCBAgent_2
high_congestion_cb_transparent_ratio08_halt3,circuit_breaker,high_congestion,linear_share,12,10000,10,5,8,0.8,3,0.0,True,71679.57074605301,7.167957074605301,0.7167957074605301,2.656811389416729,34948,3.4948,0,2,0,4.9994,0.1309426113173653,5942.732031119747,RandomAgent_1,10509.92495796567,EpsilonGreedyAgent_1,7456.080442556453,UCB_BaselineAgent_1,7462.574697570548,RiskAverseEpsilonGreedyAgent_1,4924.037274293478,RiskAverseUCBAgent_1,5869.268626518997,RandomAgent_2,8583.506810158213,EpsilonGreedyAgent_2,7456.080442556453,UCB_BaselineAgent_2,8551.32818901998,RiskAverseEpsilonGreedyAgent_2,4924.037274293478,RiskAverseUCBAgent_2
high_congestion_cb_transparent_ratio08_halt3,circuit_breaker,high_congestion,linear_share,13,10000,10,5,8,0.8,3,0.0,True,69587.62349197875,6.958762349197875,0.6958762349197876,2.7094695074740547,29310,2.931,0,4,0,4.9988,0.16928352501961497,6350.47260886391,RandomAgent_1,7623.648891396998,EpsilonGreedyAgent_1,5825.512004926645,UCB_BaselineAgent_1,9115.402138822586,RiskAverseEpsilonGreedyAgent_1,4318.225445007589,RiskAverseUCBAgent_1,6225.888961953809,RandomAgent_2,11692.264983977448,EpsilonGreedyAgent_2,5825.512004926645,UCB_BaselineAgent_2,8292.471007095532,RiskAverseEpsilonGreedyAgent_2,4318.225445007589,RiskAverseUCBAgent_2
high_congestion_cb_transparent_ratio08_halt3,circuit_breaker,high_congestion,linear_share,14,10000,10,5,8,0.8,3,0.0,True,72655.88925592281,7.265588925592281,0.7265588925592281,2.675116094809841,31138,3.1138,0,5,0,4.9985,0.1307280948457208,6015.022735789217,RandomAgent_1,10327.141281529955,EpsilonGreedyAgent_1,7572.503465162415,UCB_BaselineAgent_1,8404.956408055294,RiskAverseEpsilonGreedyAgent_1,4998.190965508018,RiskAverseUCBAgent_1,5993.510221453173,RandomAgent_2,9310.017111663123,EpsilonGreedyAgent_2,7572.503465162415,UCB_BaselineAgent_2,7463.852636091192,RiskAverseEpsilonGreedyAgent_2,4998.190965508018,RiskAverseUCBAgent_2
high_congestion_cb_transparent_ratio08_halt3,circuit_breaker,high_congestion,linear_share,15,10000,10,5,8,0.8,3,0.0,True,72341.09695342541,7.234109695342541,0.7234109695342541,2.6082947751306467,30744,3.0744,0,0,0,5.0,0.12543233866644443,5943.9322045592935,RandomAgent_1,7413.85024316065,EpsilonGreedyAgent_1,7320.076874592334,UCB_BaselineAgent_1,9632.02496776652,RiskAverseEpsilonGreedyAgent_1,5209.034201603981,RiskAverseUCBAgent_1,5891.855990678716,RandomAgent_2,9925.742760047771,EpsilonGreedyAgent_2,7320.076874592334,UCB_BaselineAgent_2,8475.468634819834,RiskAverseEpsilonGreedyAgent_2,5209.034201603981,RiskAverseUCBAgent_2
high_congestion_cb_transparent_ratio08_halt3,circuit_breaker,high_congestion,linear_share,16,10000,10,5,8,0.8,3,0.0,True,72698.79118123998,7.269879118123998,0.7269879118123999,2.65374121353709,30690,3.069,0,1,0,4.9997,0.12678718838511638,6000.296712452251,RandomAgent_1,9901.834608409861,EpsilonGreedyAgent_1,7423.5632475894145,UCB_BaselineAgent_1,7370.108958957756,RiskAverseEpsilonGreedyAgent_1,5149.976966296184,RiskAverseUCBAgent_1,6006.783518940263,RandomAgent_2,9895.064313925073,EpsilonGreedyAgent_2,7423.5632475894145,UCB_BaselineAgent_2,8377.622640783587,RiskAverseEpsilonGreedyAgent_2,5149.976966296184,RiskAverseUCBAgent_2
high_congestion_cb_transparent_ratio08_halt3,circuit_breaker,high_congestion,linear_share,17,10000,10,5,8,0.8,3,0.0,True,70184.03359236795,7.018403359236795,0.7018403359236796,2.677839936479976,30963,3.0963,0,4,0,4.9988,0.15322294276684523,6181.92030752249,RandomAgent_1,7724.5948308623165,EpsilonGreedyAgent_1,6557.520391477027,UCB_BaselineAgent_1,8463.599157881024,RiskAverseEpsilonGreedyAgent_1,4313.566085156731,RiskAverseUCBAgent_1,6176.046099318875,RandomAgent_2,10609.704208882311,EpsilonGreedyAgent_2,6557.520391477027,UCB_BaselineAgent_2,9285.996034633426,RiskAverseEpsilonGreedyAgent_2,4313.566085156731,RiskAverseUCBAgent_2
high_congestion_cb_transparent_ratio08_halt3,circuit_breaker,high_congestion,linear_share,18,10000,10,5,8,0.8,3,0.0,True,70428.47768393141,7.042847768393141,0.7042847768393141,2.67296159368219,33316,3.3316,0,3,0,4.9991,0.1279047931615167,5998.275258833867,RandomAgent_1,7759.055241210243,EpsilonGreedyAgent_1,8056.041553010797,UCB_BaselineAgent_1,8301.334209560746,RiskAverseEpsilonGreedyAgent_1,4331.907153114089,RiskAverseUCBAgent_1,5983.66626553199,RandomAgent_2,8579.477712557658,EpsilonGreedyAgent_2,8056.041553010797,UCB_BaselineAgent_2,9030.77158398714,RiskAverseEpsilonGreedyAgent_2,4331.907153114089,RiskAverseUCBAgent_2
high_congestion_cb_transparent_ratio08_halt3,circuit_breaker,high_congestion,linear_share,19,10000,10,5,8,0.8,3,0.0,True,72181.41351980451,7.218141351980451,0.7218141351980452,2.66846803312209,31311,3.1311,0,9,0,4.9973,0.1158850619932521,6042.947611466678,RandomAgent_1,11991.852362659261,EpsilonGreedyAgent_1,6269.820672142499,UCB_BaselineAgent_1,7813.695825781079,RiskAverseEpsilonGreedyAgent_1,6016.981738213642,RiskAverseUCBAgent_1,5946.770728873812,RandomAgent_2,7545.477381789835,EpsilonGreedyAgent_2,6269.820672142499,UCB_BaselineAgent_2,8267.06478852156,RiskAverseEpsilonGreedyAgent_2,6016.981738213642,RiskAverseUCBAgent_2
high_congestion_cb_transparent_ratio08_halt3,circuit_breaker,high_congestion,linear_share,20,10000,10,5,8,0.8,3,0.0,True,70561.5773987955,7.05615773987955,0.705615773987955,2.662067869462638,33959,3.3959,0,4,0,4.9988,0.13558193638003146,5997.626030623451,RandomAgent_1,8430.01798839841,EpsilonGreedyAgent_1,7481.1357873891475,UCB_BaselineAgent_1,9593.352288146107,RiskAverseEpsilonGreedyAgent_1,4319.040063986466,RiskAverseUCBAgent_1,6071.495297904994,RandomAgent_2,8398.847280977192,EpsilonGreedyAgent_2,7481.1357873891475,UCB_BaselineAgent_2,8469.886809994125,RiskAverseEpsilonGreedyAgent_2,4319.040063986466,RiskAverseUCBAgent_2
high_congestion_cb_transparent_ratio08_halt3,circuit_breaker,high_congestion,linear_share,21,10000,10,5,8,0.8,3,0.0,True,69970.14017563807,6.9970140175638065,0.6997014017563806,2.6518830131146496,29019,2.9019,0,6,0,4.9982,0.17591276112217824,6265.814990845279,RandomAgent_1,7553.278902257072,EpsilonGreedyAgent_1,5723.2893548559105,UCB_BaselineAgent_1,8394.257104648483,RiskAverseEpsilonGreedyAgent_1,4328.477220124655,RiskAverseUCBAgent_1,6301.066423093464,RandomAgent_2,11998.327504387415,EpsilonGreedyAgent_2,5723.2893548559105,UCB_BaselineAgent_2,9353.862100445227,RiskAverseEpsilonGreedyAgent_2,4328.477220124655,RiskAverseUCBAgent_2
high_congestion_cb_transparent_ratio08_halt3,circuit_breaker,high_congestion,linear_share,22,10000,10,5,8,0.8,3,0.0,True,70880.4696537075,7.088046965370751,0.7088046965370751,2.661161471434131,33107,3.3107,0,3,0,4.9991,0.1277047104748561,6129.822602312945,RandomAgent_1,8167.765227298642,EpsilonGreedyAgent_1,7739.740197132218,UCB_BaselineAgent_1,9073.298064578146,RiskAverseEpsilonGreedyAgent_1,4389.5737590646895,RiskAverseUCBAgent_1,6081.897157153453,RandomAgent_2,8770.780289637423,EpsilonGreedyAgent_2,7739.740197132218,UCB_BaselineAgent_2,8398.278400333082,RiskAverseEpsilonGreedyAgent_2,4389.5737590646895,RiskAverseUCBAgent_2
high_congestion_cb_transparent_ratio08_halt3,circuit_breaker,high_congestion,linear_share,23,10000,10,5,8,0.8,3,0.0,True,69969.77499177298,6.996977499177298,0.6996977499177298,2.6538464865991473,29039,2.9039,0,3,0,4.9991,0.1707579736556597,6228.567733383824,RandomAgent_1,11386.104523308019,EpsilonGreedyAgent_1,5748.167469312421,UCB_BaselineAgent_1,9464.523006597188,RiskAverseEpsilonGreedyAgent_1,4331.907923910894,RiskAverseUCBAgent_1,6331.511734602155,RandomAgent_2,8024.647654948503,EpsilonGreedyAgent_2,5748.167469312421,UCB_BaselineAgent_2,8374.269552486665,RiskAverseEpsilonGreedyAgent_2,4331.907923910894,RiskAverseUCBAgent_2
high_congestion_cb_transparent_ratio08_halt3,circuit_breaker,high_congestion,linear_share,24,10000,10,5,8,0.8,3,0.0,True,72245.90640669403,7.224590640669403,0.7224590640669404,2.6742418523494624,34306,3.4306,0,3,0,4.9991,0.13860066464408471,5832.551390147843,RandomAgent_1,8611.962668475388,EpsilonGreedyAgent_1,7327.668004986491,UCB_BaselineAgent_1,7517.78145517684,RiskAverseEpsilonGreedyAgent_1,4908.920912828712,RiskAverseUCBAgent_1,5942.728241802453,RandomAgent_2,9377.759153915154,EpsilonGreedyAgent_2,7327.668004986491,UCB_BaselineAgent_2,10489.945661545957,RiskAverseEpsilonGreedyAgent_2,4908.920912828712,RiskAverseUCBAgent_2
high_congestion_cb_transparent_ratio08_halt3,circuit_breaker,high_congestion,linear_share,25,10000,10,5,8,0.8,3,0.0,True,71606.69570052729,7.160669570052728,0.7160669570052729,2.630102417408257,30974,3.0974,0,3,0,4.9991,0.16017034952545228,6067.380654502088,RandomAgent_1,7207.14848428325,EpsilonGreedyAgent_1,6162.423536435032,UCB_BaselineAgent_1,7465.043345236016,RiskAverseEpsilonGreedyAgent_1,4907.812535215139,RiskAverseUCBAgent_1,6101.949115478453,RandomAgent_2,12270.435043214848,EpsilonGreedyAgent_2,6162.423536435032,UCB_BaselineAgent_2,10354.266914512296,RiskAverseEpsilonGreedyAgent_2,4907.812535215139,RiskAverseUCBAgent_2
high_congestion_cb_transparent_ratio08_halt3,circuit_breaker,high_congestion,linear_share,26,10000,10,5,8,0.8,3,0.0,True,70435.08373442339,7.0435083734423385,0.7043508373442339,2.67542111922163,30407,3.0407,0,1,0,4.9997,0.16357027907676525,6154.541438126993,RandomAgent_1,7643.173588924803,EpsilonGreedyAgent_1,6386.77193038672,UCB_BaselineAgent_1,9259.385442827395,RiskAverseEpsilonGreedyAgent_1,4266.736384420804,RiskAverseUCBAgent_1,6205.922923525661,RandomAgent_2,11449.670930177714,EpsilonGreedyAgent_2,6386.77193038672,UCB_BaselineAgent_2,8415.372781225773,RiskAverseEpsilonGreedyAgent_2,4266.736384420804,RiskAverseUCBAgent_2
high_congestion_cb_transparent_ratio08_halt3,circuit_breaker,high_congestion,linear_share,27,10000,10,5,8,0.8,3,0.0,True,72233.13184682505,7.223313184682505,0.7223313184682505,2.660366309337229,30669,3.0669,0,0,0,5.0,0.13167734377635054,6044.123494821069,RandomAgent_1,10262.421012448505,EpsilonGreedyAgent_1,7348.115544587167,UCB_BaselineAgent_1,8388.607639625676,RiskAverseEpsilonGreedyAgent_1,4999.401452472649,RiskAverseUCBAgent_1,5929.819854529063,RandomAgent_2,9460.589368757792,EpsilonGreedyAgent_2,7348.115544587167,UCB_BaselineAgent_2,7452.5364825233155,RiskAverseEpsilonGreedyAgent_2,4999.401452472649,RiskAverseUCBAgent_2
high_congestion_cb_transparent_ratio08_halt3,circuit_breaker,high_congestion,linear_share,28,10000,10,5,8,0.8,3,0.0,True,71352.58408890842,7.135258408890842,0.7135258408890842,2.6873499535886185,30356,3.0356,0,7,0,4.9979,0.16302861225885024,6138.64939792514,RandomAgent_1,11869.429938365507,EpsilonGreedyAgent_1,5765.684093539078,UCB_BaselineAgent_1,10413.197688276956,RiskAverseEpsilonGreedyAgent_1,4951.950270900522,RiskAverseUCBAgent_1,6092.217087927154,RandomAgent_2,7853.327708933968,EpsilonGreedyAgent_2,5765.684093539078,UCB_BaselineAgent_2,7550.493538600497,RiskAverseEpsilonGreedyAgent_2,4951.950270900522,RiskAverseUCBAgent_2
high_congestion_cb_transparent_ratio08_halt3,circuit_breaker,high_congestion,linear_share,29,10000,10,5,8,0.8,3,0.0,True,72621.1047543733,7.26211047543733,0.726211047543733,2.634280321419102,30264,3.0264,0,3,0,4.9991,0.16237090206685667,6024.289109930792,RandomAgent_1,12815.9337821592,EpsilonGreedyAgent_1,7898.539782732662,UCB_BaselineAgent_1,7402.829132439281,RiskAverseEpsilonGreedyAgent_1,4384.134582018226,RiskAverseUCBAgent_1,5988.940479029231,RandomAgent_2,7635.99531670383,EpsilonGreedyAgent_2,7898.539782732662,UCB_BaselineAgent_2,8187.768204609195,RiskAverseEpsilonGreedyAgent_2,4384.134582018226,RiskAverseUCBAgent_2
high_congestion_cb_opaque_ratio08_halt5,circuit_breaker,high_congestion,linear_share,0,10000,10,5,8,0.8,5,0.0,False,70357.06880028122,7.035706880028123,0.7035706880028122,2.661592498368279,29021,2.9021,29,3,0,4.9985,0.17371930780223077,6402.12627005713,RandomAgent_1,7935.254605068683,EpsilonGreedyAgent_1,5696.766328744068,UCB_BaselineAgent_1,8409.090820618745,RiskAverseEpsilonGreedyAgent_1,4368.271661679583,RiskAverseUCBAgent_1,6333.636752924286,RandomAgent_2,11871.196047912767,EpsilonGreedyAgent_2,5696.766328744068,UCB_BaselineAgent_2,9275.688322852313,RiskAverseEpsilonGreedyAgent_2,4368.271661679583,RiskAverseUCBAgent_2
high_congestion_cb_opaque_ratio08_halt5,circuit_breaker,high_congestion,linear_share,1,10000,10,5,8,0.8,5,0.0,False,71218.20826449689,7.121820826449689,0.7121820826449689,2.678726662554273,30169,3.0169,22,2,0,4.999,0.15846400889478263,6135.85063937615,RandomAgent_1,8205.364246370766,EpsilonGreedyAgent_1,5777.295597651202,UCB_BaselineAgent_1,7477.687730889418,RiskAverseEpsilonGreedyAgent_1,4965.799283411289,RiskAverseUCBAgent_1,6126.096217066157,RandomAgent_2,11273.802333614738,EpsilonGreedyAgent_2,5777.295597651202,UCB_BaselineAgent_2,10513.21733505468,RiskAverseEpsilonGreedyAgent_2,4965.799283411289,RiskAverseUCBAgent_2
high_congestion_cb_opaque_ratio08_halt5,circuit_breaker,high_congestion,linear_share,2,10000,10,5,8,0.8,5,0.0,False,72292.3167711981,7.2292316771198095,0.722923167711981,2.6587348128292403,30644,3.0644,22,3,0,4.9985,0.12935023479302132,5906.169641974135,RandomAgent_1,9474.662435360826,EpsilonGreedyAgent_1,7393.048107328962,UCB_BaselineAgent_1,8383.997775609796,RiskAverseEpsilonGreedyAgent_1,5085.834245818708,RiskAverseUCBAgent_1,5948.291132291868,RandomAgent_2,10192.071976021965,EpsilonGreedyAgent_2,7393.048107328962,UCB_BaselineAgent_2,7429.359103644166,RiskAverseEpsilonGreedyAgent_2,5085.834245818708,RiskAverseUCBAgent_2
high_congestion_cb_opaque_ratio08_halt5,circuit_breaker,high_congestion,linear_share,3,10000,10,5,8,0.8,5,0.0,False,70242.89237387758,7.024289237387758,0.7024289237387757,2.6765245031193428,29110,2.911,35,4,0,4.998,0.17219753792408454,6351.657175228968,RandomAgent_1,7675.40699036922,EpsilonGreedyAgent_1,5796.428288018899,UCB_BaselineAgent_1,8351.98523409679,RiskAverseEpsilonGreedyAgent_1,4352.695743980311,RiskAverseUCBAgent_1,6350.978779850626,RandomAgent_2,11840.975496506548,EpsilonGreedyAgent_2,5796.428288018899,UCB_BaselineAgent_2,9373.640633827004,RiskAverseEpsilonGreedyAgent_2,4352.695743980311,RiskAverseUCBAgent_2
high_congestion_cb_opaque_ratio08_halt5,circuit_breaker,high_congestion,linear_share,4,10000,10,5,8,0.8,5,0.0,False,71801.55367194997,7.180155367194996,0.7180155367194997,2.6337808757748356,30026,3.0026,10,1,0,4.9995,0.15752863275116646,6179.337165907336,RandomAgent_1,8146.352271661734,EpsilonGreedyAgent_1,7342.637941986787,UCB_BaselineAgent_1,7586.373546459218,RiskAverseEpsilonGreedyAgent_1,4332.898917716341,RiskAverseUCBAgent_1,6118.363312266868,RandomAgent_2,12420.090428445747,EpsilonGreedyAgent_2,7342.637941986787,UCB_BaselineAgent_2,7999.963227802809,RiskAverseEpsilonGreedyAgent_2,4332.898917716341,RiskAverseUCBAgent_2
high_congestion_cb_opaque_ratio08_halt5,circuit_breaker,high_congestion,linear_share,5,10000,10,5,8,0.8,5,0.0,False,71713.70315347436,7.171370315347436,0.7171370315347436,2.653033139411814,32165,3.2165,4,1,0,4.9995,0.1446155270962466,6079.184599635528,RandomAgent_1,7568.807501656615,EpsilonGreedyAgent_1,7892.056384323662,UCB_BaselineAgent_1,8314.319154174811,RiskAverseEpsilonGreedyAgent_1,4343.819909018547,RiskAverseUCBAgent_1,5962.92024039794,RandomAgent_2,10237.188028920074,EpsilonGreedyAgent_2,7892.056384323662,UCB_BaselineAgent_2,9079.531042004974,RiskAverseEpsilonGreedyAgent_2,4343.819909018547,RiskAverseUCBAgent_2
high_congestion_cb_opaque_ratio08_halt5,circuit_breaker,high_congestion,linear_share,6,10000,10,5,8,0.8,5,0.0,False,72741.08291284382,7.274108291284382,0.7274108291284382,2.656229648818207,30583,3.0583,4,1,0,4.9995,0.12305269842617172,5898.23742740513,RandomAgent_1,7437.543527686299,EpsilonGreedyAgent_1,7332.180202403979,UCB_BaselineAgent_1,9896.37863581832,RiskAverseEpsilonGreedyAgent_1,5306.3678708364505,RiskAverseUCBAgent_1,6006.0207994322045,RandomAgent_2,9705.965335924955,EpsilonGreedyAgent_2,7332.180202403979,UCB_BaselineAgent_2,8519.841040096047,RiskAverseEpsilonGreedyAgent_2,5306.3678708364505,RiskAverseUCBAgent_2
high_congestion_cb_opaque_ratio08_halt5,circuit_breaker,high_congestion,linear_share,7,10000,10,5,8,0.8,5,0.0,False,72385.68259599354,7.2385682595993535,0.7238568259599354,2.6577074156340026,30857,3.0857,10,1,0,4.9995,0.12322308150884353,6005.596701282849,RandomAgent_1,9605.937482908925,EpsilonGreedyAgent_1,7424.839334185387,UCB_BaselineAgent_1,7460.939524928104,RiskAverseEpsilonGreedyAgent_1,5178.823666621225,RiskAverseUCBAgent_1,5913.894284114261,RandomAgent_2,8427.242377277329,EpsilonGreedyAgent_2,7424.839334185387,UCB_BaselineAgent_2,9764.746223868853,RiskAverseEpsilonGreedyAgent_2,5178.823666621225,RiskAverseUCBAgent_2
high_congestion_cb_opaque_ratio08_halt5,circuit_breaker,high_congestion,linear_share,8,10000,10,5,8,0.8,5,0.0,False,70322.55693881174,7.032255693881174,0.7032255693881174,2.6430238889095823,28863,2.8863,0,0,0,5.0,0.1694538936398342,6380.030429499268,RandomAgent_1,11527.161910341347,EpsilonGreedyAgent_1,5725.653915399716,UCB_BaselineAgent_1,9314.574813224033,RiskAverseEpsilonGreedyAgent_1,4400.615804023319,RiskAverseUCBAgent_1,6381.399111801689,RandomAgent_2,7951.3553579814425,EpsilonGreedyAgent_2,5725.653915399716,UCB_BaselineAgent_2,8515.495877117899,RiskAverseEpsilonGreedyAgent_2,4400.615804023319,RiskAverseUCBAgent_2
high_congestion_cb_opaque_ratio08_halt5,circuit_breaker,high_congestion,linear_share,9,10000,10,5,8,0.8,5,0.0,False,71598.33105120141,7.159833105120142,0.7159833105120141,2.6323848120298208,29809,2.9809,22,2,0,4.999,0.1688484272052282,6150.341781110241,RandomAgent_1,12513.478953440444,EpsilonGreedyAgent_1,6972.582399447583,UCB_BaselineAgent_1,7586.112198503275,RiskAverseEpsilonGreedyAgent_1,4195.732283768388,RiskAverseUCBAgent_1,6138.201870302563,RandomAgent_2,8164.104113040183,EpsilonGreedyAgent_2,6972.582399447583,UCB_BaselineAgent_2,8709.462768372763,RiskAverseEpsilonGreedyAgent_2,4195.732283768388,RiskAverseUCBAgent_2
high_congestion_cb_opaque_ratio08_halt5,circuit_breaker,high_congestion,linear_share,10,10000,10,5,8,0.8,5,0.0,False,72287.30166128918,7.228730166128918,0.7228730166128918,2.649370120106238,30430,3.043,0,0,0,5.0,0.1206589521694228,6091.723541992827,RandomAgent_1,11093.499954192526,EpsilonGreedyAgent_1,5838.5079672280835,UCB_BaselineAgent_1,8910.443185612383,RiskAverseEpsilonGreedyAgent_1,6068.697197688135,RiskAverseUCBAgent_1,6009.357672961407,RandomAgent_2,8774.43950408263,EpsilonGreedyAgent_2,5838.5079672280835,UCB_BaselineAgent_2,7593.427472614965,RiskAverseEpsilonGreedyAgent_2,6068.697197688135,RiskAverseUCBAgent_2
high_congestion_cb_opaque_ratio08_halt5,circuit_breaker,high_congestion,linear_share,11,10000,10,5,8,0.8,5,0.0,False,70560.87709155963,7.056087709155962,0.7056087709155963,2.698838693058347,34000,3.4,10,1,0,4.9995,0.128659934270686,6049.050173966635,RandomAgent_1,8138.383662024959,EpsilonGreedyAgent_1,8140.663789181819,UCB_BaselineAgent_1,9368.435886025545,RiskAverseEpsilonGreedyAgent_1,4306.918697470529,RiskAverseUCBAgent_1,6027.621305479826,RandomAgent_2,7771.953786170946,EpsilonGreedyAgent_2,8140.663789181819,UCB_BaselineAgent_2,8310.267304587021,RiskAverseEpsilonGreedyAgent_2,4306.918697470529,RiskAverseUCBAgent_2
high_congestion_cb_opaque_ratio08_halt5,circuit_breaker,high_congestion,linear_share,12,10000,10,5,8,0.8,5,0.0,False,72339.15864500559,7.233915864500559,0.7233915864500559,2.641535533617575,30725,3.0725,14,2,0,4.999,0.1248140052284974,5913.986316277006,RandomAgent_1,9747.95943855952,EpsilonGreedyAgent_1,7386.435088745232,UCB_BaselineAgent_1,8368.648216915837,RiskAverseEpsilonGreedyAgent_1,5189.213806463739,RiskAverseUCBAgent_1,5968.354460971468,RandomAgent_2,9835.603203353472,EpsilonGreedyAgent_2,7386.435088745232,UCB_BaselineAgent_2,7353.309218510349,RiskAverseEpsilonGreedyAgent_2,5189.213806463739,RiskAverseUCBAgent_2
high_congestion_cb_opaque_ratio08_halt5,circuit_breaker,high_congestion,linear_share,13,10000,10,5,8,0.8,5,0.0,False,72398.78722388895,7.239878722388895,0.7239878722388895,2.65819006516011,30120,3.012,8,1,0,4.9995,0.15745245998678037,6141.492588005048,RandomAgent_1,12580.254552458837,EpsilonGreedyAgent_1,7715.177851407666,UCB_BaselineAgent_1,8033.5486564146195,RiskAverseEpsilonGreedyAgent_1,4387.698493287369,RiskAverseUCBAgent_1,6074.556396370692,RandomAgent_2,8006.574415276961,EpsilonGreedyAgent_2,7715.177851407666,UCB_BaselineAgent_2,7356.60792597273,RiskAverseEpsilonGreedyAgent_2,4387.698493287369,RiskAverseUCBAgent_2
high_congestion_cb_opaque_ratio08_halt5,circuit_breaker,high_congestion,linear_share,14,10000,10,5,8,0.8,5,0.0,False,72777.54130751122,7.277754130751122,0.7277754130751122,2.6638904181659027,31021,3.1021,26,3,0,4.9985,0.12442295942413328,6022.132081257511,RandomAgent_1,9571.601203805276,EpsilonGreedyAgent_1,7452.2537865513705,UCB_BaselineAgent_1,8271.473592670121,RiskAverseEpsilonGreedyAgent_1,5225.423753558019,RiskAverseUCBAgent_1,6082.905012688867,RandomAgent_2,10182.460899288657,EpsilonGreedyAgent_2,7452.2537865513705,UCB_BaselineAgent_2,7291.613437582012,RiskAverseEpsilonGreedyAgent_2,5225.423753558019,RiskAverseUCBAgent_2
high_congestion_cb_opaque_ratio08_halt5,circuit_breaker,high_congestion,linear_share,15,10000,10,5,8,0.8,5,0.0,False,72341.09695342541,7.234109695342541,0.7234109695342541,2.6082947751306467,30744,3.0744,0,0,0,5.0,0.12543233866644443,5943.9322045592935,RandomAgent_1,7413.85024316065,EpsilonGreedyAgent_1,7320.076874592334,UCB_BaselineAgent_1,9632.02496776652,RiskAverseEpsilonGreedyAgent_1,5209.034201603981,RiskAverseUCBAgent_1,5891.855990678716,RandomAgent_2,9925.742760047771,EpsilonGreedyAgent_2,7320.076874592334,UCB_BaselineAgent_2,8475.468634819834,RiskAverseEpsilonGreedyAgent_2,5209.034201603981,RiskAverseUCBAgent_2
high_congestion_cb_opaque_ratio08_halt5,circuit_breaker,high_congestion,linear_share,16,10000,10,5,8,0.8,5,0.0,False,72387.16548576864,7.238716548576864,0.7238716548576863,2.6504901634924907,30106,3.0106,24,2,0,4.999,0.16096497883359095,5979.288415148321,RandomAgent_1,8091.2032743247755,EpsilonGreedyAgent_1,7779.975606036092,UCB_BaselineAgent_1,7327.79581011168,RiskAverseEpsilonGreedyAgent_1,4351.632311757319,RiskAverseUCBAgent_1,6083.238310949993,RandomAgent_2,12661.902716642848,EpsilonGreedyAgent_2,7779.975606036092,UCB_BaselineAgent_2,7980.5211230042,RiskAverseEpsilonGreedyAgent_2,4351.632311757319,RiskAverseUCBAgent_2
high_congestion_cb_opaque_ratio08_halt5,circuit_breaker,high_congestion,linear_share,17,10000,10,5,8,0.8,5,0.0,False,71373.9368657273,7.13739368657273,0.713739368657273,2.644439089742762,30165,3.0165,10,1,0,4.9995,0.16669541092167073,6079.788300070671,RandomAgent_1,7633.7446617354735,EpsilonGreedyAgent_1,5775.400934629023,UCB_BaselineAgent_1,10390.301417809464,RiskAverseEpsilonGreedyAgent_1,4892.223032971373,RiskAverseUCBAgent_1,6196.68495315537,RandomAgent_2,12203.93577902954,EpsilonGreedyAgent_2,5775.400934629023,UCB_BaselineAgent_2,7534.2338187259975,RiskAverseEpsilonGreedyAgent_2,4892.223032971373,RiskAverseUCBAgent_2
high_congestion_cb_opaque_ratio08_halt5,circuit_breaker,high_congestion,linear_share,18,10000,10,5,8,0.8,5,0.0,False,71887.72770259056,7.188772770259057,0.7188772770259056,2.678096366247062,30533,3.0533,10,1,0,4.9995,0.1226116272523583,5982.742871457152,RandomAgent_1,8564.180352321564,EpsilonGreedyAgent_1,5854.392516268275,UCB_BaselineAgent_1,8757.543495860618,RiskAverseEpsilonGreedyAgent_1,5981.77646956674,RiskAverseUCBAgent_1,6033.19791942576,RandomAgent_2,11476.644698591652,EpsilonGreedyAgent_2,5854.392516268275,UCB_BaselineAgent_2,7401.08039326379,RiskAverseEpsilonGreedyAgent_2,5981.77646956674,RiskAverseUCBAgent_2
high_congestion_cb_opaque_ratio08_halt5,circuit_breaker,high_congestion,linear_share,19,10000,10,5,8,0.8,5,0.0,False,69762.4584183395,6.976245841833951,0.697624584183395,2.6968111197554077,29125,2.9125,22,3,0,4.9985,0.1787294986937662,6312.0633001953565,RandomAgent_1,12276.37096961356,EpsilonGreedyAgent_1,5778.193344392067,UCB_BaselineAgent_1,8308.404863558282,RiskAverseEpsilonGreedyAgent_1,4226.039693102117,RiskAverseUCBAgent_1,6319.4476286648205,RandomAgent_2,7318.103097425295,EpsilonGreedyAgent_2,5778.193344392067,UCB_BaselineAgent_2,9219.60248389383,RiskAverseEpsilonGreedyAgent_2,4226.039693102117,RiskAverseUCBAgent_2
high_congestion_cb_opaque_ratio08_halt5,circuit_breaker,high_congestion,linear_share,20,10000,10,5,8,0.8,5,0.0,False,71205.46838512528,7.120546838512528,0.7120546838512528,2.6615056895541214,33626,3.3626,9,1,0,4.9995,0.13635285697884036,6020.84210390812,RandomAgent_1,8579.638176417013,EpsilonGreedyAgent_1,7997.446496077135,UCB_BaselineAgent_1,8403.782574558287,RiskAverseEpsilonGreedyAgent_1,4301.693490141805,RiskAverseUCBAgent_1,6006.894970291377,RandomAgent_2,7841.565390589892,EpsilonGreedyAgent_2,7997.446496077135,UCB_BaselineAgent_2,9754.465196922705,RiskAverseEpsilonGreedyAgent_2,4301.693490141805,RiskAverseUCBAgent_2
high_congestion_cb_opaque_ratio08_halt5,circuit_breaker,high_congestion,linear_share,21,10000,10,5,8,0.8,5,0.0,False,69858.69654134751,6.985869654134751,0.6985869654134751,2.6863730502090406,29100,2.91,21,2,0,4.999,0.17216046515802552,6296.270999178365,RandomAgent_1,11702.841709622162,EpsilonGreedyAgent_1,5755.439641722708,UCB_BaselineAgent_1,8345.202170573286,RiskAverseEpsilonGreedyAgent_1,4326.411880934291,RiskAverseUCBAgent_1,6327.212405675314,RandomAgent_2,7677.906743801411,EpsilonGreedyAgent_2,5755.439641722708,UCB_BaselineAgent_2,9345.559467182977,RiskAverseEpsilonGreedyAgent_2,4326.411880934291,RiskAverseUCBAgent_2
high_congestion_cb_opaque_ratio08_halt5,circuit_breaker,high_congestion,linear_share,22,10000,10,5,8,0.8,5,0.0,False,70620.53027630551,7.062053027630551,0.706205302763055,2.691671602642633,34005,3.4005,8,1,0,4.9995,0.13514372092046423,6065.134610785039,RandomAgent_1,9525.158748550313,EpsilonGreedyAgent_1,7424.222963387385,UCB_BaselineAgent_1,8499.836161338508,RiskAverseEpsilonGreedyAgent_1,4317.437683787561,RiskAverseUCBAgent_1,6106.8556381520675,RandomAgent_2,8529.543561277567,EpsilonGreedyAgent_2,7424.222963387385,UCB_BaselineAgent_2,8410.680261852123,RiskAverseEpsilonGreedyAgent_2,4317.437683787561,RiskAverseUCBAgent_2
high_congestion_cb_opaque_ratio08_halt5,circuit_breaker,high_congestion,linear_share,23,10000,10,5,8,0.8,5,0.0,False,69979.14204504312,6.997914204504312,0.6997914204504312,2.6746825648180046,29305,2.9305,36,3,0,4.9985,0.16576240124839137,6275.2662322891,RandomAgent_1,11220.138106340291,EpsilonGreedyAgent_1,5884.493701407004,UCB_BaselineAgent_1,9351.282935054238,RiskAverseEpsilonGreedyAgent_1,4334.84016995698,RiskAverseUCBAgent_1,6246.465372589216,RandomAgent_2,8136.567042449842,EpsilonGreedyAgent_2,5884.493701407004,UCB_BaselineAgent_2,8310.754613592457,RiskAverseEpsilonGreedyAgent_2,4334.84016995698,RiskAverseUCBAgent_2
high_congestion_cb_opaque_ratio08_halt5,circuit_breaker,high_congestion,linear_share,24,10000,10,5,8,0.8,5,0.0,False,72179.12597865229,7.2179125978652285,0.7217912597865228,2.678032418922795,30849,3.0849,15,2,0,4.999,0.12898516916031855,5919.220912070017,RandomAgent_1,9327.060017699718,EpsilonGreedyAgent_1,7360.720018284144,UCB_BaselineAgent_1,7369.252472896923,RiskAverseEpsilonGreedyAgent_1,5091.847588299397,RiskAverseUCBAgent_1,5983.820335104257,RandomAgent_2,10336.783009824267,EpsilonGreedyAgent_2,7360.720018284144,UCB_BaselineAgent_2,8337.854017890028,RiskAverseEpsilonGreedyAgent_2,5091.847588299397,RiskAverseUCBAgent_2
high_congestion_cb_opaque_ratio08_halt5,circuit_breaker,high_congestion,linear_share,25,10000,10,5,8,0.8,5,0.0,False,71155.36468189584,7.115536468189584,0.7115536468189584,2.6407528166259895,33665,3.3665,8,2,0,4.999,0.17034114922484878,6046.856685800535,RandomAgent_1,8273.098778138872,EpsilonGreedyAgent_1,7764.533570382178,UCB_BaselineAgent_1,6892.690482341998,RiskAverseEpsilonGreedyAgent_1,4193.134334691095,RiskAverseUCBAgent_1,6149.399361453754,RandomAgent_2,12993.68298743375,EpsilonGreedyAgent_2,7764.533570382178,UCB_BaselineAgent_2,6884.3005765803855,RiskAverseEpsilonGreedyAgent_2,4193.134334691095,RiskAverseUCBAgent_2
high_congestion_cb_opaque_ratio08_halt5,circuit_breaker,high_congestion,linear_share,26,10000,10,5,8,0.8,5,0.0,False,70448.02043731239,7.044802043731239,0.7044802043731239,2.6555530579232913,30444,3.0444,19,2,0,4.999,0.15828445888783005,6198.485177514277,RandomAgent_1,7807.332841038189,EpsilonGreedyAgent_1,6445.963408278855,UCB_BaselineAgent_1,9476.687746827269,RiskAverseEpsilonGreedyAgent_1,4324.263597882716,RiskAverseUCBAgent_1,6135.5564642753925,RandomAgent_2,10940.847409713811,EpsilonGreedyAgent_2,6445.963408278855,UCB_BaselineAgent_2,8348.656785620298,RiskAverseEpsilonGreedyAgent_2,4324.263597882716,RiskAverseUCBAgent_2
high_congestion_cb_opaque_ratio08_halt5,circuit_breaker,high_congestion,linear_share,27,10000,10,5,8,0.8,5,0.0,False,72233.13184682505,7.223313184682505,0.7223313184682505,2.660366309337229,30669,3.0669,0,0,0,5.0,0.13167734377635054,6044.123494821069,RandomAgent_1,10262.421012448505,EpsilonGreedyAgent_1,7348.115544587167,UCB_BaselineAgent_1,8388.607639625676,RiskAverseEpsilonGreedyAgent_1,4999.401452472649,RiskAverseUCBAgent_1,5929.819854529063,RandomAgent_2,9460.589368757792,EpsilonGreedyAgent_2,7348.115544587167,UCB_BaselineAgent_2,7452.5364825233155,RiskAverseEpsilonGreedyAgent_2,4999.401452472649,RiskAverseUCBAgent_2
high_congestion_cb_opaque_ratio08_halt5,circuit_breaker,high_congestion,linear_share,28,10000,10,5,8,0.8,5,0.0,False,69970.67727490651,6.997067727490651,0.6997067727490651,2.659834543001462,33736,3.3736,33,4,0,4.998,0.12986600802202442,6116.461606020475,RandomAgent_1,8484.949364441776,EpsilonGreedyAgent_1,7293.633935653802,UCB_BaselineAgent_1,9199.82726803474,RiskAverseEpsilonGreedyAgent_1,4337.555613050724,RiskAverseUCBAgent_1,6152.907615492439,RandomAgent_2,8326.90326632957,EpsilonGreedyAgent_2,7293.633935653802,UCB_BaselineAgent_2,8427.249057178467,RiskAverseEpsilonGreedyAgent_2,4337.555613050724,RiskAverseUCBAgent_2
high_congestion_cb_opaque_ratio08_halt5,circuit_breaker,high_congestion,linear_share,29,10000,10,5,8,0.8,5,0.0,False,71824.33065564772,7.182433065564772,0.7182433065564772,2.6446527168453238,30987,3.0987,14,2,0,4.999,0.1328770059485047,5933.558229225708,RandomAgent_1,8470.1114317785,EpsilonGreedyAgent_1,7286.560141049412,UCB_BaselineAgent_1,10505.649450541203,RiskAverseEpsilonGreedyAgent_1,4944.002244981554,RiskAverseUCBAgent_1,5987.579798671912,RandomAgent_2,8968.065861439802,EpsilonGreedyAgent_2,7286.560141049412,UCB_BaselineAgent_2,7498.241111928659,RiskAverseEpsilonGreedyAgent_2,4944.002244981554,RiskAverseUCBAgent_2
high_congestion_cb_transparent_ratio08_halt5,circuit_breaker,high_congestion,linear_share,0,10000,10,5,8,0.8,5,0.0,True,72785.78637273848,7.278578637273848,0.7278578637273848,2.678683013321817,30804,3.0804,0,3,0,4.9985,0.12336550531969692,5908.177823274423,RandomAgent_1,9728.40028725906,EpsilonGreedyAgent_1,7488.638035165967,UCB_BaselineAgent_1,7416.8061213086075,RiskAverseEpsilonGreedyAgent_1,5253.833170164636,RiskAverseUCBAgent_1,5936.574430935915,RandomAgent_2,9753.380441198293,EpsilonGreedyAgent_2,7488.638035165967,UCB_BaselineAgent_2,8557.50485810097,RiskAverseEpsilonGreedyAgent_2,5253.833170164636,RiskAverseUCBAgent_2
high_congestion_cb_transparent_ratio08_halt5,circuit_breaker,high_congestion,linear_share,1,10000,10,5,8,0.8,5,0.0,True,14965.284159081542,1.4965284159081542,0.14965284159081543,1.2237732075200738,10001,1.0001,0,10000,0,0.001,0.0002662673688640371,1498.5060576623096,RandomAgent_1,1496.0306550913165,EpsilonGreedyAgent_1,1496.0306550913165,UCB_BaselineAgent_1,1496.0306550913165,RiskAverseEpsilonGreedyAgent_1,1496.0306550913165,RiskAverseUCBAgent_1,1498.5328606887003,RandomAgent_2,1496.0306550913165,EpsilonGreedyAgent_2,1496.0306550913165,UCB_BaselineAgent_2,1496.0306550913165,RiskAverseEpsilonGreedyAgent_2,1496.0306550913165,RiskAverseUCBAgent_2
high_congestion_cb_transparent_ratio08_halt5,circuit_breaker,high_congestion,linear_share,2,10000,10,5,8,0.8,5,0.0,True,15046.875322080361,1.5046875322080362,0.1504687532208036,1.2371636988081651,10004,1.0004,0,9997,0,0.0025,0.0010911324604383488,1509.4381133966733,RandomAgent_1,1507.5511990087111,EpsilonGreedyAgent_1,1502.0502433992365,UCB_BaselineAgent_1,1502.0502433992365,RiskAverseEpsilonGreedyAgent_1,1502.0502433992365,RiskAverseUCBAgent_1,1508.933909254302,RandomAgent_2,1508.6506400252558,EpsilonGreedyAgent_2,1502.0502433992365,UCB_BaselineAgent_2,1502.0502433992365,RiskAverseEpsilonGreedyAgent_2,1502.0502433992365,RiskAverseUCBAgent_2
high_congestion_cb_transparent_ratio08_halt5,circuit_breaker,high_congestion,linear_share,3,10000,10,5,8,0.8,5,0.0,True,15245.940359872664,1.5245940359872665,0.15245940359872664,1.2327698990287563,10001,1.0001,0,10000,0,0.001,0.0001760537905615145,1525.8680459253244,RandomAgent_1,1524.260069216966,EpsilonGreedyAgent_1,1524.260069216966,UCB_BaselineAgent_1,1524.260069216966,RiskAverseEpsilonGreedyAgent_1,1524.260069216966,RiskAverseUCBAgent_1,1525.9917602116109,RandomAgent_2,1524.260069216966,EpsilonGreedyAgent_2,1524.260069216966,UCB_BaselineAgent_2,1524.260069216966,RiskAverseEpsilonGreedyAgent_2,1524.260069216966,RiskAverseUCBAgent_2
high_congestion_cb_transparent_ratio08_halt5,circuit_breaker,high_congestion,linear_share,4,10000,10,5,8,0.8,5,0.0,True,72220.0750840743,7.2220075084074296,0.722200750840743,2.6251462512731956,29833,2.9833,0,1,0,4.9995,0.1598534082309564,6200.832932388525,RandomAgent_1,8207.18792227797,EpsilonGreedyAgent_1,7182.416407891794,UCB_BaselineAgent_1,7711.527301258311,RiskAverseEpsilonGreedyAgent_1,4378.235429526377,RiskAverseUCBAgent_1,6205.839617899115,RandomAgent_2,12666.97157502992,EpsilonGreedyAgent_2,7182.416407891794,UCB_BaselineAgent_2,8106.4120603841175,RiskAverseEpsilonGreedyAgent_2,4378.235429526377,RiskAverseUCBAgent_2
high_congestion_cb_transparent_ratio08_halt5,circuit_breaker,high_congestion,linear_share,5,10000,10,5,8,0.8,5,0.0,True,72355.88966611317,7.235588966611317,0.7235588966611317,2.662199895367347,30648,3.0648,0,1,0,4.9995,0.12969906796649777,5857.332891827316,RandomAgent_1,7422.182664068077,EpsilonGreedyAgent_1,7334.3981724911355,UCB_BaselineAgent_1,9543.30666558893,RiskAverseEpsilonGreedyAgent_1,5157.492132970654,RiskAverseUCBAgent_1,5882.206349432181,RandomAgent_2,10223.24376952197,EpsilonGreedyAgent_2,7334.3981724911355,UCB_BaselineAgent_2,8443.836714751113,RiskAverseEpsilonGreedyAgent_2,5157.492132970654,RiskAverseUCBAgent_2
high_congestion_cb_transparent_ratio08_halt5,circuit_breaker,high_congestion,linear_share,6,10000,10,5,8,0.8,5,0.0,True,70705.49102962029,7.070549102962029,0.7070549102962028,2.691286634678847,29369,2.9369,0,2,0,4.999,0.17141304961474702,6345.993098036834,RandomAgent_1,11188.951920963698,EpsilonGreedyAgent_1,5828.045471661732,UCB_BaselineAgent_1,9727.889471657878,RiskAverseEpsilonGreedyAgent_1,4286.600133292653,RiskAverseUCBAgent_1,6363.954149643346,RandomAgent_2,8523.208072407802,EpsilonGreedyAgent_2,5828.045471661732,UCB_BaselineAgent_2,8326.203107001957,RiskAverseEpsilonGreedyAgent_2,4286.600133292653,RiskAverseUCBAgent_2
high_congestion_cb_transparent_ratio08_halt5,circuit_breaker,high_congestion,linear_share,7,10000,10,5,8,0.8,5,0.0,True,71208.24161041612,7.120824161041613,0.7120824161041612,2.6764856030377384,31149,3.1149,0,1,0,4.9995,0.15122404070734885,6054.751128497558,RandomAgent_1,7800.633055850977,EpsilonGreedyAgent_1,6152.033784930682,UCB_BaselineAgent_1,7586.239853759924,RiskAverseEpsilonGreedyAgent_1,4933.76579558646,RiskAverseUCBAgent_1,6024.242802416011,RandomAgent_2,11076.193152171449,EpsilonGreedyAgent_2,6152.033784930682,UCB_BaselineAgent_2,10494.582456685917,RiskAverseEpsilonGreedyAgent_2,4933.76579558646,RiskAverseUCBAgent_2
high_congestion_cb_transparent_ratio08_halt5,circuit_breaker,high_congestion,linear_share,8,10000,10,5,8,0.8,5,0.0,True,70322.55693881174,7.032255693881174,0.7032255693881174,2.6430238889095823,28863,2.8863,0,0,0,5.0,0.1694538936398342,6380.030429499268,RandomAgent_1,11527.161910341347,EpsilonGreedyAgent_1,5725.653915399716,UCB_BaselineAgent_1,9314.574813224033,RiskAverseEpsilonGreedyAgent_1,4400.615804023319,RiskAverseUCBAgent_1,6381.399111801689,RandomAgent_2,7951.3553579814425,EpsilonGreedyAgent_2,5725.653915399716,UCB_BaselineAgent_2,8515.495877117899,RiskAverseEpsilonGreedyAgent_2,4400.615804023319,RiskAverseUCBAgent_2
high_congestion_cb_transparent_ratio08_halt5,circuit_breaker,high_congestion,linear_share,9,10000,10,5,8,0.8,5,0.0,True,72702.59796659388,7.270259796659388,0.7270259796659388,2.579701187698848,30548,3.0548,0,1,0,4.9995,0.16590075248057135,5977.254654655361,RandomAgent_1,13135.406115864802,EpsilonGreedyAgent_1,7931.9589634998465,UCB_BaselineAgent_1,7472.855589438822,RiskAverseEpsilonGreedyAgent_1,4298.040882794151,RiskAverseUCBAgent_1,6078.038202802048,RandomAgent_2,7953.7807055508265,EpsilonGreedyAgent_2,7931.9589634998465,UCB_BaselineAgent_2,7625.263005694032,RiskAverseEpsilonGreedyAgent_2,4298.040882794151,RiskAverseUCBAgent_2
high_congestion_cb_transparent_ratio08_halt5,circuit_breaker,high_congestion,linear_share,10,10000,10,5,8,0.8,5,0.0,True,72287.30166128918,7.228730166128918,0.7228730166128918,2.649370120106238,30430,3.043,0,0,0,5.0,0.1206589521694228,6091.723541992827,RandomAgent_1,11093.499954192526,EpsilonGreedyAgent_1,5838.5079672280835,UCB_BaselineAgent_1,8910.443185612383,RiskAverseEpsilonGreedyAgent_1,6068.697197688135,RiskAverseUCBAgent_1,6009.357672961407,RandomAgent_2,8774.43950408263,EpsilonGreedyAgent_2,5838.5079672280835,UCB_BaselineAgent_2,7593.427472614965,RiskAverseEpsilonGreedyAgent_2,6068.697197688135,RiskAverseUCBAgent_2
high_congestion_cb_transparent_ratio08_halt5,circuit_breaker,high_congestion,linear_share,11,10000,10,5,8,0.8,5,0.0,True,70966.89857450519,7.096689857450519,0.7096689857450519,2.6579060973867894,33450,3.345,0,3,0,4.9985,0.13870627235641764,6105.052417287563,RandomAgent_1,8542.621001489872,EpsilonGreedyAgent_1,7362.0402070748,UCB_BaselineAgent_1,8370.364682854017,RiskAverseEpsilonGreedyAgent_1,4317.816022979792,RiskAverseUCBAgent_1,6078.86817012176,RandomAgent_2,9416.96806764654,EpsilonGreedyAgent_2,7362.0402070748,UCB_BaselineAgent_2,9093.311774996251,RiskAverseEpsilonGreedyAgent_2,4317.816022979792,RiskAverseUCBAgent_2
high_congestion_cb_transparent_ratio08_halt5,circuit_breaker,high_congestion,linear_share,12,10000,10,5,8,0.8,5,0.0,True,71690.30591489519,7.169030591489519,0.7169030591489519,2.6341709834886076,30473,3.0473,0,2,0,4.999,0.1274773089311838,6058.738295372293,RandomAgent_1,11888.924285194089,EpsilonGreedyAgent_1,5744.070293264976,UCB_BaselineAgent_1,7461.460702662717,RiskAverseEpsilonGreedyAgent_1,6003.486037449697,RiskAverseUCBAgent_1,5946.874889841266,RandomAgent_2,8137.744248394511,EpsilonGreedyAgent_2,5744.070293264976,UCB_BaselineAgent_2,8701.450832000965,RiskAverseEpsilonGreedyAgent_2,6003.486037449697,RiskAverseUCBAgent_2
high_congestion_cb_transparent_ratio08_halt5,circuit_breaker,high_congestion,linear_share,13,10000,10,5,8,0.8,5,0.0,True,15032.447724858035,1.5032447724858036,0.15032447724858036,1.2236049769861432,10005,1.0005,0,9999,0,0.0015,0.0006032472196768612,1506.3238488129168,RandomAgent_1,1501.9609459104636,EpsilonGreedyAgent_1,1501.9609459104636,UCB_BaselineAgent_1,1505.9948866669881,RiskAverseEpsilonGreedyAgent_1,1501.9609459104636,RiskAverseUCBAgent_1,1506.4023680048851,RandomAgent_2,1501.9609459104636,EpsilonGreedyAgent_2,1501.9609459104636,UCB_BaselineAgent_2,1501.9609459104636,RiskAverseEpsilonGreedyAgent_2,1501.9609459104636,RiskAverseUCBAgent_2
high_congestion_cb_transparent_ratio08_halt5,circuit_breaker,high_congestion,linear_share,14,10000,10,5,8,0.8,5,0.0,True,15201.679256269435,1.5201679256269436,0.15201679256269435,1.236435157348348,10001,1.0001,0,10000,0,0.001,0.0002422453146069259,1518.7947662382653,RandomAgent_1,1519.996533625974,EpsilonGreedyAgent_1,1519.996533625974,UCB_BaselineAgent_1,1520.112402289031,RiskAverseEpsilonGreedyAgent_1,1519.996533625974,RiskAverseUCBAgent_1,1522.7963523603207,RandomAgent_2,1519.996533625974,EpsilonGreedyAgent_2,1519.996533625974,UCB_BaselineAgent_2,1519.996533625974,RiskAverseEpsilonGreedyAgent_2,1519.996533625974,RiskAverseUCBAgent_2
high_congestion_cb_transparent_ratio08_halt5,circuit_breaker,high_congestion,linear_share,15,10000,10,5,8,0.8,5,0.0,True,72341.09695342541,7.234109695342541,0.7234109695342541,2.6082947751306467,30744,3.0744,0,0,0,5.0,0.12543233866644443,5943.9322045592935,RandomAgent_1,7413.85024316065,EpsilonGreedyAgent_1,7320.076874592334,UCB_BaselineAgent_1,9632.02496776652,RiskAverseEpsilonGreedyAgent_1,5209.034201603981,RiskAverseUCBAgent_1,5891.855990678716,RandomAgent_2,9925.742760047771,EpsilonGreedyAgent_2,7320.076874592334,UCB_BaselineAgent_2,8475.468634819834,RiskAverseEpsilonGreedyAgent_2,5209.034201603981,RiskAverseUCBAgent_2
high_congestion_cb_transparent_ratio08_halt5,circuit_breaker,high_congestion,linear_share,16,10000,10,5,8,0.8,5,0.0,True,71897.62072810234,7.189762072810233,0.7189762072810234,2.6503960372841715,29704,2.9704,0,3,0,4.9985,0.15772416565310077,6054.106044229316,RandomAgent_1,11981.334807927227,EpsilonGreedyAgent_1,7120.002869114008,UCB_BaselineAgent_1,7911.105918703986,RiskAverseEpsilonGreedyAgent_1,4406.233886283168,RiskAverseUCBAgent_1,6142.222456181988,RandomAgent_2,8624.820604634677,EpsilonGreedyAgent_2,7120.002869114008,UCB_BaselineAgent_2,8131.557385630789,RiskAverseEpsilonGreedyAgent_2,4406.233886283168,RiskAverseUCBAgent_2
high_congestion_cb_transparent_ratio08_halt5,circuit_breaker,high_congestion,linear_share,17,10000,10,5,8,0.8,5,0.0,True,15191.764862251604,1.5191764862251604,0.15191764862251605,1.2333371892353902,10001,1.0001,0,10000,0,0.001,0.0002853117135337424,1521.0690158821612,RandomAgent_1,1518.6409300438136,EpsilonGreedyAgent_1,1518.6409300438136,UCB_BaselineAgent_1,1518.6409300438136,RiskAverseEpsilonGreedyAgent_1,1518.6409300438136,RiskAverseUCBAgent_1,1521.5684060189346,RandomAgent_2,1518.6409300438136,EpsilonGreedyAgent_2,1518.6409300438136,UCB_BaselineAgent_2,1518.6409300438136,RiskAverseEpsilonGreedyAgent_2,1518.6409300438136,RiskAverseUCBAgent_2
high_congestion_cb_transparent_ratio08_halt5,circuit_breaker,high_congestion,linear_share,18,10000,10,5,8,0.8,5,0.0,True,14887.874623232572,1.4887874623232573,0.14887874623232572,1.2069377625075757,10001,1.0001,0,10000,0,0.001,0.00028154717173412003,1491.4336791232006,RandomAgent_1,1488.7080802056746,EpsilonGreedyAgent_1,1488.7080802056746,UCB_BaselineAgent_1,1488.7080802056746,RiskAverseEpsilonGreedyAgent_1,1488.7080802056746,RiskAverseUCBAgent_1,1486.7763024639753,RandomAgent_2,1488.7080802056746,EpsilonGreedyAgent_2,1488.7080802056746,UCB_BaselineAgent_2,1488.7080802056746,RiskAverseEpsilonGreedyAgent_2,1488.7080802056746,RiskAverseUCBAgent_2
high_congestion_cb_transparent_ratio08_halt5,circuit_breaker,high_congestion,linear_share,19,10000,10,5,8,0.8,5,0.0,True,69863.00958715902,6.986300958715901,0.6986300958715902,2.684577418284066,33875,3.3875,0,6,0,4.997,0.13190441942575926,6009.138462085048,RandomAgent_1,8509.60265410173,EpsilonGreedyAgent_1,7334.779025764601,UCB_BaselineAgent_1,8412.037981362206,RiskAverseEpsilonGreedyAgent_1,4345.239539860428,RiskAverseUCBAgent_1,6027.75861564478,RandomAgent_2,9257.414211793743,EpsilonGreedyAgent_2,7334.779025764601,UCB_BaselineAgent_2,8287.020530921447,RiskAverseEpsilonGreedyAgent_2,4345.239539860428,RiskAverseUCBAgent_2
high_congestion_cb_transparent_ratio08_halt5,circuit_breaker,high_congestion,linear_share,20,10000,10,5,8,0.8,5,0.0,True,14855.716891354306,1.4855716891354307,0.14855716891354306,1.2317570043026587,10001,1.0001,0,10000,0,0.001,0.00031341895652925444,1488.304062580047,RandomAgent_1,1485.000912941311,EpsilonGreedyAgent_1,1485.000912941311,UCB_BaselineAgent_1,1485.000912941311,RiskAverseEpsilonGreedyAgent_1,1485.000912941311,RiskAverseUCBAgent_1,1487.4055252437709,RandomAgent_2,1485.000912941311,EpsilonGreedyAgent_2,1485.000912941311,UCB_BaselineAgent_2,1485.000912941311,RiskAverseEpsilonGreedyAgent_2,1485.000912941311,RiskAverseUCBAgent_2
high_congestion_cb_transparent_ratio08_halt5,circuit_breaker,high_congestion,linear_share,21,10000,10,5,8,0.8,5,0.0,True,69919.59826637614,6.991959826637614,0.6991959826637614,2.6778319460447446,29176,2.9176,0,4,0,4.998,0.1713908562782902,6293.473698035038,RandomAgent_1,8171.736977351171,EpsilonGreedyAgent_1,5696.284009330148,UCB_BaselineAgent_1,8376.638587325235,RiskAverseEpsilonGreedyAgent_1,4301.238057479741,RiskAverseUCBAgent_1,6299.688593137431,RandomAgent_2,11170.073233632587,EpsilonGreedyAgent_2,5696.284009330148,UCB_BaselineAgent_2,9612.9430432749,RiskAverseEpsilonGreedyAgent_2,4301.238057479741,RiskAverseUCBAgent_2
high_congestion_cb_transparent_ratio08_halt5,circuit_breaker,high_congestion,linear_share,22,10000,10,5,8,0.8,5,0.0,True,15227.950096187438,1.522795009618744,0.15227950096187437,1.249653451358471,10001,1.0001,0,10000,0,0.001,0.0003490361928195629,1523.252509353333,RandomAgent_1,1522.1806226104557,EpsilonGreedyAgent_1,1522.1806226104557,UCB_BaselineAgent_1,1522.1806226104557,RiskAverseEpsilonGreedyAgent_1,1522.1806226104557,RiskAverseUCBAgent_1,1527.2526059504605,RandomAgent_2,1522.1806226104557,EpsilonGreedyAgent_2,1522.1806226104557,UCB_BaselineAgent_2,1522.1806226104557,RiskAverseEpsilonGreedyAgent_2,1522.1806226104557,RiskAverseUCBAgent_2
high_congestion_cb_transparent_ratio08_halt5,circuit_breaker,high_congestion,linear_share,23,10000,10,5,8,0.8,5,0.0,True,70180.99879189518,7.018099879189518,0.7018099879189518,2.6694804883013754,29490,2.949,0,1,0,4.9995,0.1711608204441708,6308.491175829494,RandomAgent_1,11881.75030682673,EpsilonGreedyAgent_1,6011.989778702562,UCB_BaselineAgent_1,9439.417216132893,RiskAverseEpsilonGreedyAgent_1,4303.90367805036,RiskAverseUCBAgent_1,6192.653015552495,RandomAgent_2,7340.630924169349,EpsilonGreedyAgent_2,6011.989778702562,UCB_BaselineAgent_2,8386.269239878373,RiskAverseEpsilonGreedyAgent_2,4303.90367805036,RiskAverseUCBAgent_2
high_congestion_cb_transparent_ratio08_halt5,circuit_breaker,high_congestion,linear_share,24,10000,10,5,8,0.8,5,0.0,True,14946.911648018515,1.4946911648018515,0.14946911648018515,1.2407599102666043,10001,1.0001,0,10000,0,0.001,0.0005132814872670366,1498.0254626894734,RandomAgent_1,1494.1431684305894,EpsilonGreedyAgent_1,1493.6648824582867,UCB_BaselineAgent_1,1493.6648824582867,RiskAverseEpsilonGreedyAgent_1,1493.6648824582867,RiskAverseUCBAgent_1,1498.0751386361508,RandomAgent_2,1494.6785835125816,EpsilonGreedyAgent_2,1493.6648824582867,UCB_BaselineAgent_2,1493.6648824582867,RiskAverseEpsilonGreedyAgent_2,1493.6648824582867,RiskAverseUCBAgent_2
high_congestion_cb_transparent_ratio08_halt5,circuit_breaker,high_congestion,linear_share,25,10000,10,5,8,0.8,5,0.0,True,72814.93050497082,7.281493050497082,0.7281493050497082,2.6444021895663288,30434,3.0434,0,4,0,4.998,0.1606964866096725,6107.2182080529665,RandomAgent_1,8004.431598193215,EpsilonGreedyAgent_1,7959.97558743197,UCB_BaselineAgent_1,7299.042952885323,RiskAverseEpsilonGreedyAgent_1,4403.234459148864,RiskAverseUCBAgent_1,6100.7916174861175,RandomAgent_2,12912.448767202479,EpsilonGreedyAgent_2,7959.97558743197,UCB_BaselineAgent_2,7664.577267989047,RiskAverseEpsilonGreedyAgent_2,4403.234459148864,RiskAverseUCBAgent_2
high_congestion_cb_transparent_ratio08_halt5,circuit_breaker,high_congestion,linear_share,26,10000,10,5,8,0.8,5,0.0,True,70253.54371208185,7.025354371208185,0.7025354371208186,2.680132315998657,31116,3.1116,0,1,0,4.9995,0.1521276926865589,6091.15276049439,RandomAgent_1,7845.693641782998,EpsilonGreedyAgent_1,6654.262561890947,UCB_BaselineAgent_1,9553.705455178211,RiskAverseEpsilonGreedyAgent_1,4343.360972710265,RiskAverseUCBAgent_1,6061.1263918589575,RandomAgent_2,10250.462451113694,EpsilonGreedyAgent_2,6654.262561890947,UCB_BaselineAgent_2,8456.155942451182,RiskAverseEpsilonGreedyAgent_2,4343.360972710265,RiskAverseUCBAgent_2
high_congestion_cb_transparent_ratio08_halt5,circuit_breaker,high_congestion,linear_share,27,10000,10,5,8,0.8,5,0.0,True,72233.13184682505,7.223313184682505,0.7223313184682505,2.660366309337229,30669,3.0669,0,0,0,5.0,0.13167734377635054,6044.123494821069,RandomAgent_1,10262.421012448505,EpsilonGreedyAgent_1,7348.115544587167,UCB_BaselineAgent_1,8388.607639625676,RiskAverseEpsilonGreedyAgent_1,4999.401452472649,RiskAverseUCBAgent_1,5929.819854529063,RandomAgent_2,9460.589368757792,EpsilonGreedyAgent_2,7348.115544587167,UCB_BaselineAgent_2,7452.5364825233155,RiskAverseEpsilonGreedyAgent_2,4999.401452472649,RiskAverseUCBAgent_2
high_congestion_cb_transparent_ratio08_halt5,circuit_breaker,high_congestion,linear_share,28,10000,10,5,8,0.8,5,0.0,True,70550.37759448176,7.055037759448176,0.7055037759448176,2.6488776626997463,30109,3.0109,0,6,0,4.997,0.16214921947160188,6296.058518645645,RandomAgent_1,11859.281304701997,EpsilonGreedyAgent_1,6231.187240565916,UCB_BaselineAgent_1,8416.38404961168,RiskAverseEpsilonGreedyAgent_1,4299.5348341441895,RiskAverseUCBAgent_1,6240.435331286365,RandomAgent_2,8534.385993592825,EpsilonGreedyAgent_2,6231.187240565916,UCB_BaselineAgent_2,8142.388247223036,RiskAverseEpsilonGreedyAgent_2,4299.5348341441895,RiskAverseUCBAgent_2
high_congestion_cb_transparent_ratio08_halt5,circuit_breaker,high_congestion,linear_share,29,10000,10,5,8,0.8,5,0.0,True,72190.84180273123,7.219084180273123,0.7219084180273123,2.630496469401624,30416,3.0416,0,4,0,4.998,0.1592130825810576,6091.859549827396,RandomAgent_1,12610.49271781266,EpsilonGreedyAgent_1,7815.121641930005,UCB_BaselineAgent_1,7335.04481918938,RiskAverseEpsilonGreedyAgent_1,4366.996202161202,RiskAverseUCBAgent_1,5965.222365892876,RandomAgent_2,7756.229186746867,EpsilonGreedyAgent_2,7815.121641930005,UCB_BaselineAgent_2,8067.757475079641,RiskAverseEpsilonGreedyAgent_2,4366.996202161202,RiskAverseUCBAgent_2
high_congestion_cb_opaque_ratio08_halt10,circuit_breaker,high_congestion,linear_share,0,10000,10,5,8,0.8,10,0.0,False,70295.5071645602,7.02955071645602,0.702955071645602,2.6310844812632914,33558,3.3558,24,1,0,4.999,0.13184974799135718,6075.924389928231,RandomAgent_1,8197.80369429091,EpsilonGreedyAgent_1,7428.384107899651,UCB_BaselineAgent_1,8418.872617925363,RiskAverseEpsilonGreedyAgent_1,4388.429870002431,RiskAverseUCBAgent_1,6020.491803775573,RandomAgent_2,8498.64767180141,EpsilonGreedyAgent_2,7428.384107899651,UCB_BaselineAgent_2,9450.139031034554,RiskAverseEpsilonGreedyAgent_2,4388.429870002431,RiskAverseUCBAgent_2
high_congestion_cb_opaque_ratio08_halt10,circuit_breaker,high_congestion,linear_share,1,10000,10,5,8,0.8,10,0.0,False,72291.78096306612,7.229178096306613,0.7229178096306612,2.6520480949763594,30937,3.0937,33,2,0,4.998,0.13414144139849649,6074.262441825529,RandomAgent_1,10845.700473301915,EpsilonGreedyAgent_1,7393.878205150551,UCB_BaselineAgent_1,7336.215353631034,RiskAverseEpsilonGreedyAgent_1,4940.859124868718,RiskAverseUCBAgent_1,6044.801801785681,RandomAgent_2,8313.053012633485,EpsilonGreedyAgent_2,7393.878205150551,UCB_BaselineAgent_2,9008.273219849933,RiskAverseEpsilonGreedyAgent_2,4940.859124868718,RiskAverseUCBAgent_2
high_congestion_cb_opaque_ratio08_halt10,circuit_breaker,high_congestion,linear_share,2,10000,10,5,8,0.8,10,0.0,False,71504.18499617568,7.150418499617568,0.7150418499617568,2.6696590456412586,30248,3.0248,25,2,0,4.998,0.16260190939173635,6184.413874254929,RandomAgent_1,7529.717003771129,EpsilonGreedyAgent_1,5831.7988172298255,UCB_BaselineAgent_1,10442.787957023607,RiskAverseEpsilonGreedyAgent_1,4934.249510812285,RiskAverseUCBAgent_1,6178.9805694530605,RandomAgent_2,11998.627029098065,EpsilonGreedyAgent_2,5831.7988172298255,UCB_BaselineAgent_2,7637.561906490671,RiskAverseEpsilonGreedyAgent_2,4934.249510812285,RiskAverseUCBAgent_2
high_congestion_cb_opaque_ratio08_halt10,circuit_breaker,high_congestion,linear_share,3,10000,10,5,8,0.8,10,0.0,False,70930.05121102519,7.093005121102519,0.7093005121102519,2.647442406497567,33734,3.3734,22,1,0,4.999,0.12840195501996976,6117.985773365468,RandomAgent_1,7978.45941124702,EpsilonGreedyAgent_1,8018.075072382926,UCB_BaselineAgent_1,9127.123612029314,RiskAverseEpsilonGreedyAgent_1,4302.84544063414,RiskAverseUCBAgent_1,6056.1784262126275,RandomAgent_2,8637.840377848172,EpsilonGreedyAgent_2,8018.075072382926,UCB_BaselineAgent_2,8370.622584288447,RiskAverseEpsilonGreedyAgent_2,4302.84544063414,RiskAverseUCBAgent_2
high_congestion_cb_opaque_ratio08_halt10,circuit_breaker,high_congestion,linear_share,4,10000,10,5,8,0.8,10,0.0,False,71193.21457505363,7.119321457505363,0.7119321457505363,2.6276148616596613,29636,2.9636,17,1,0,4.999,0.1578231533376866,6114.026732529822,RandomAgent_1,8418.061226672977,EpsilonGreedyAgent_1,6959.196366594451,UCB_BaselineAgent_1,7689.59622475116,RiskAverseEpsilonGreedyAgent_1,4346.734030213963,RiskAverseUCBAgent_1,6199.084180321111,RandomAgent_2,12069.090636269542,EpsilonGreedyAgent_2,6959.196366594451,UCB_BaselineAgent_2,8091.494780892184,RiskAverseEpsilonGreedyAgent_2,4346.734030213963,RiskAverseUCBAgent_2
high_congestion_cb_opaque_ratio08_halt10,circuit_breaker,high_congestion,linear_share,5,10000,10,5,8,0.8,10,0.0,False,70781.733779148,7.0781733779147995,0.7078173377914799,2.706888915033486,33328,3.3328,13,1,0,4.999,0.12919674672732007,5994.167478001585,RandomAgent_1,7858.952965319637,EpsilonGreedyAgent_1,8024.035556429428,UCB_BaselineAgent_1,9153.068400652994,RiskAverseEpsilonGreedyAgent_1,4344.896898233384,RiskAverseUCBAgent_1,6049.718410396132,RandomAgent_2,8765.713684623646,EpsilonGreedyAgent_2,8024.035556429428,UCB_BaselineAgent_2,8222.247930828373,RiskAverseEpsilonGreedyAgent_2,4344.896898233384,RiskAverseUCBAgent_2
high_congestion_cb_opaque_ratio08_halt10,circuit_breaker,high_congestion,linear_share,6,10000,10,5,8,0.8,10,0.0,False,69835.88458146475,6.983588458146475,0.6983588458146475,2.660277522397865,29080,2.908,32,2,0,4.998,0.17346259826363353,6263.61160483478,RandomAgent_1,11464.264031590188,EpsilonGreedyAgent_1,5710.992886441615,UCB_BaselineAgent_1,9600.473676443691,RiskAverseEpsilonGreedyAgent_1,4317.284474646608,RiskAverseUCBAgent_1,6176.551039902167,RandomAgent_2,7968.632757828917,EpsilonGreedyAgent_2,5710.992886441615,UCB_BaselineAgent_2,8305.796748688557,RiskAverseEpsilonGreedyAgent_2,4317.284474646608,RiskAverseUCBAgent_2
high_congestion_cb_opaque_ratio08_halt10,circuit_breaker,high_congestion,linear_share,7,10000,10,5,8,0.8,10,0.0,False,70264.20421585374,7.026420421585374,0.7026420421585373,2.6673703479962843,33623,3.3623,20,1,0,4.999,0.13084750509633714,6062.494001185022,RandomAgent_1,8343.251175308207,EpsilonGreedyAgent_1,7395.868519392483,UCB_BaselineAgent_1,8361.81881675115,RiskAverseEpsilonGreedyAgent_1,4396.291309956482,RiskAverseUCBAgent_1,6053.964503751573,RandomAgent_2,8413.564238631248,EpsilonGreedyAgent_2,7395.868519392483,UCB_BaselineAgent_2,9444.79182152861,RiskAverseEpsilonGreedyAgent_2,4396.291309956482,RiskAverseUCBAgent_2
high_congestion_cb_opaque_ratio08_halt10,circuit_breaker,high_congestion,linear_share,8,10000,10,5,8,0.8,10,0.0,False,70322.55693881174,7.032255693881174,0.7032255693881174,2.6430238889095823,28863,2.8863,0,0,0,5.0,0.1694538936398342,6380.030429499268,RandomAgent_1,11527.161910341347,EpsilonGreedyAgent_1,5725.653915399716,UCB_BaselineAgent_1,9314.574813224033,RiskAverseEpsilonGreedyAgent_1,4400.615804023319,RiskAverseUCBAgent_1,6381.399111801689,RandomAgent_2,7951.3553579814425,EpsilonGreedyAgent_2,5725.653915399716,UCB_BaselineAgent_2,8515.495877117899,RiskAverseEpsilonGreedyAgent_2,4400.615804023319,RiskAverseUCBAgent_2
high_congestion_cb_opaque_ratio08_halt10,circuit_breaker,high_congestion,linear_share,9,10000,10,5,8,0.8,10,0.0,False,72702.38967497896,7.270238967497896,0.7270238967497895,2.606660825089908,29893,2.9893,19,1,0,4.999,0.1599724775801754,5983.441699696184,RandomAgent_1,12650.780847870363,EpsilonGreedyAgent_1,7564.03835465552,UCB_BaselineAgent_1,7422.456784375205,RiskAverseEpsilonGreedyAgent_1,4469.1063712397845,RiskAverseUCBAgent_1,6088.064056552069,RandomAgent_2,8069.652738455162,EpsilonGreedyAgent_2,7564.03835465552,UCB_BaselineAgent_2,8421.704096239358,RiskAverseEpsilonGreedyAgent_2,4469.1063712397845,RiskAverseUCBAgent_2
high_congestion_cb_opaque_ratio08_halt10,circuit_breaker,high_congestion,linear_share,10,10000,10,5,8,0.8,10,0.0,False,72287.30166128918,7.228730166128918,0.7228730166128918,2.649370120106238,30430,3.043,0,0,0,5.0,0.1206589521694228,6091.723541992827,RandomAgent_1,11093.499954192526,EpsilonGreedyAgent_1,5838.5079672280835,UCB_BaselineAgent_1,8910.443185612383,RiskAverseEpsilonGreedyAgent_1,6068.697197688135,RiskAverseUCBAgent_1,6009.357672961407,RandomAgent_2,8774.43950408263,EpsilonGreedyAgent_2,5838.5079672280835,UCB_BaselineAgent_2,7593.427472614965,RiskAverseEpsilonGreedyAgent_2,6068.697197688135,RiskAverseUCBAgent_2
high_congestion_cb_opaque_ratio08_halt10,circuit_breaker,high_congestion,linear_share,11,10000,10,5,8,0.8,10,0.0,False,70217.61041393317,7.021761041393317,0.7021761041393317,2.633501246549153,29444,2.9444,147,7,0,4.993,0.1540014956350717,6300.522661148275,RandomAgent_1,10759.437403237425,EpsilonGreedyAgent_1,6085.641431632002,UCB_BaselineAgent_1,8313.198718269821,RiskAverseEpsilonGreedyAgent_1,4423.492594514571,RiskAverseUCBAgent_1,6336.52110168661,RandomAgent_2,9169.16979549008,EpsilonGreedyAgent_2,6085.641431632002,UCB_BaselineAgent_2,8320.492681807817,RiskAverseEpsilonGreedyAgent_2,4423.492594514571,RiskAverseUCBAgent_2
high_congestion_cb_opaque_ratio08_halt10,circuit_breaker,high_congestion,linear_share,12,10000,10,5,8,0.8,10,0.0,False,72445.64679404252,7.244564679404252,0.7244564679404252,2.664200874702007,30825,3.0825,15,1,0,4.999,0.12205322842135868,5943.579901114216,RandomAgent_1,9719.004114750414,EpsilonGreedyAgent_1,7537.471713099061,UCB_BaselineAgent_1,8360.833395966163,RiskAverseEpsilonGreedyAgent_1,5183.274839262981,RiskAverseUCBAgent_1,6018.8902330921555,RandomAgent_2,9583.246696916709,EpsilonGreedyAgent_2,7537.471713099061,UCB_BaselineAgent_2,7378.599347478782,RiskAverseEpsilonGreedyAgent_2,5183.274839262981,RiskAverseUCBAgent_2
high_congestion_cb_opaque_ratio08_halt10,circuit_breaker,high_congestion,linear_share,13,10000,10,5,8,0.8,10,0.0,False,70925.81087232487,7.092581087232487,0.7092581087232487,2.6654087117905423,29823,2.9823,39,2,0,4.998,0.15740535543602419,6094.532485539199,RandomAgent_1,7894.816158739502,EpsilonGreedyAgent_1,7215.0453605633165,UCB_BaselineAgent_1,8288.975656716777,RiskAverseEpsilonGreedyAgent_1,4265.697658841113,RiskAverseUCBAgent_1,6030.6463114565295,RandomAgent_2,11977.673866819418,EpsilonGreedyAgent_2,7215.0453605633165,UCB_BaselineAgent_2,7677.680354244592,RiskAverseEpsilonGreedyAgent_2,4265.697658841113,RiskAverseUCBAgent_2
high_congestion_cb_opaque_ratio08_halt10,circuit_breaker,high_congestion,linear_share,14,10000,10,5,8,0.8,10,0.0,False,73303.70245643667,7.3303702456436675,0.7330370245643667,2.623609273987801,30206,3.0206,23,1,0,4.999,0.16046355642119692,6081.629189050778,RandomAgent_1,8116.309064596904,EpsilonGreedyAgent_1,7945.62578322576,UCB_BaselineAgent_1,8095.698856194155,RiskAverseEpsilonGreedyAgent_1,4380.539389972246,RiskAverseUCBAgent_1,6157.295007587114,RandomAgent_2,12771.966828414144,EpsilonGreedyAgent_2,7945.62578322576,UCB_BaselineAgent_2,7428.473164197562,RiskAverseEpsilonGreedyAgent_2,4380.539389972246,RiskAverseUCBAgent_2
high_congestion_cb_opaque_ratio08_halt10,circuit_breaker,high_congestion,linear_share,15,10000,10,5,8,0.8,10,0.0,False,72341.09695342541,7.234109695342541,0.7234109695342541,2.6082947751306467,30744,3.0744,0,0,0,5.0,0.12543233866644443,5943.9322045592935,RandomAgent_1,7413.85024316065,EpsilonGreedyAgent_1,7320.076874592334,UCB_BaselineAgent_1,9632.02496776652,RiskAverseEpsilonGreedyAgent_1,5209.034201603981,RiskAverseUCBAgent_1,5891.855990678716,RandomAgent_2,9925.742760047771,EpsilonGreedyAgent_2,7320.076874592334,UCB_BaselineAgent_2,8475.468634819834,RiskAverseEpsilonGreedyAgent_2,5209.034201603981,RiskAverseUCBAgent_2
high_congestion_cb_opaque_ratio08_halt10,circuit_breaker,high_congestion,linear_share,16,10000,10,5,8,0.8,10,0.0,False,70324.14635088174,7.032414635088174,0.7032414635088174,2.6646563336642575,33931,3.3931,21,1,0,4.999,0.13041150463408546,5994.137730246932,RandomAgent_1,7921.427501775205,EpsilonGreedyAgent_1,8055.917229115001,UCB_BaselineAgent_1,9376.999223910272,RiskAverseEpsilonGreedyAgent_1,4325.557404379404,RiskAverseUCBAgent_1,5948.692716649224,RandomAgent_2,7794.470638468534,EpsilonGreedyAgent_2,8055.917229115001,UCB_BaselineAgent_2,8525.469272842767,RiskAverseEpsilonGreedyAgent_2,4325.557404379404,RiskAverseUCBAgent_2
high_congestion_cb_opaque_ratio08_halt10,circuit_breaker,high_congestion,linear_share,17,10000,10,5,8,0.8,10,0.0,False,69987.56910191514,6.998756910191514,0.6998756910191514,2.666832386702332,29067,2.9067,26,1,0,4.999,0.1688286311609981,6292.798070274758,RandomAgent_1,11391.064967364893,EpsilonGreedyAgent_1,5741.403641044816,UCB_BaselineAgent_1,9225.493812110595,RiskAverseEpsilonGreedyAgent_1,4341.662290083613,RiskAverseUCBAgent_1,6337.613147215462,RandomAgent_2,8229.156007072252,EpsilonGreedyAgent_2,5741.403641044816,UCB_BaselineAgent_2,8345.311235620318,RiskAverseEpsilonGreedyAgent_2,4341.662290083613,RiskAverseUCBAgent_2
high_congestion_cb_opaque_ratio08_halt10,circuit_breaker,high_congestion,linear_share,18,10000,10,5,8,0.8,10,0.0,False,70564.81810971112,7.056481810971112,0.7056481810971112,2.688249911442454,33847,3.3847,49,2,0,4.998,0.13628657420151535,6058.4524441296635,RandomAgent_1,9158.048711663805,EpsilonGreedyAgent_1,7460.348280934538,UCB_BaselineAgent_1,8260.512665550907,RiskAverseEpsilonGreedyAgent_1,4302.535305278762,RiskAverseUCBAgent_1,6016.3628775367615,RandomAgent_2,9162.964906868161,EpsilonGreedyAgent_2,7460.348280934538,UCB_BaselineAgent_2,8382.709331535227,RiskAverseEpsilonGreedyAgent_2,4302.535305278762,RiskAverseUCBAgent_2
high_congestion_cb_opaque_ratio08_halt10,circuit_breaker,high_congestion,linear_share,19,10000,10,5,8,0.8,10,0.0,False,72450.68435609533,7.245068435609533,0.7245068435609533,2.651768281961065,33265,3.3265,40,2,0,4.998,0.13953221007261862,5891.393005792044,RandomAgent_1,7953.9630437939995,EpsilonGreedyAgent_1,7961.506442406077,UCB_BaselineAgent_1,9837.078116852934,RiskAverseEpsilonGreedyAgent_1,4764.601684296102,RiskAverseUCBAgent_1,5814.832554887168,RandomAgent_2,10106.964981569796,EpsilonGreedyAgent_2,7961.506442406077,UCB_BaselineAgent_2,7394.236399795032,RiskAverseEpsilonGreedyAgent_2,4764.601684296102,RiskAverseUCBAgent_2
high_congestion_cb_opaque_ratio08_halt10,circuit_breaker,high_congestion,linear_share,20,10000,10,5,8,0.8,10,0.0,False,69736.13185062674,6.973613185062674,0.6973613185062674,2.669821926390553,29097,2.9097,36,2,0,4.998,0.16601407346276664,6236.4629450020175,RandomAgent_1,11136.279681829885,EpsilonGreedyAgent_1,5713.349277231461,UCB_BaselineAgent_1,9645.023736618576,RiskAverseEpsilonGreedyAgent_1,4461.726653416758,RiskAverseUCBAgent_1,6316.653703217953,RandomAgent_2,7606.729915606591,EpsilonGreedyAgent_2,5713.349277231461,UCB_BaselineAgent_2,8444.830007055287,RiskAverseEpsilonGreedyAgent_2,4461.726653416758,RiskAverseUCBAgent_2
high_congestion_cb_opaque_ratio08_halt10,circuit_breaker,high_congestion,linear_share,21,10000,10,5,8,0.8,10,0.0,False,70511.22588934939,7.0511225889349385,0.7051122588934938,2.6698674439543977,34165,3.4165,39,2,0,4.998,0.1345746779263559,6013.0422216894085,RandomAgent_1,8558.583774130373,EpsilonGreedyAgent_1,7449.868243000509,UCB_BaselineAgent_1,8399.090958105635,RiskAverseEpsilonGreedyAgent_1,4269.522140436095,RiskAverseUCBAgent_1,6195.37514309954,RandomAgent_2,8646.711523394724,EpsilonGreedyAgent_2,7449.868243000509,UCB_BaselineAgent_2,9259.641502056498,RiskAverseEpsilonGreedyAgent_2,4269.522140436095,RiskAverseUCBAgent_2
high_congestion_cb_opaque_ratio08_halt10,circuit_breaker,high_congestion,linear_share,22,10000,10,5,8,0.8,10,0.0,False,71180.05167788304,7.118005167788303,0.7118005167788304,2.667149614940085,29606,2.9606,18,1,0,4.999,0.16157624944239335,6284.163981447146,RandomAgent_1,8123.738671671437,EpsilonGreedyAgent_1,6901.357353665297,UCB_BaselineAgent_1,8647.886535691165,RiskAverseEpsilonGreedyAgent_1,4296.6229481550645,RiskAverseUCBAgent_1,5995.69721124058,RandomAgent_2,12039.214982089119,EpsilonGreedyAgent_2,6901.357353665297,UCB_BaselineAgent_2,7693.389692102865,RiskAverseEpsilonGreedyAgent_2,4296.6229481550645,RiskAverseUCBAgent_2
high_congestion_cb_opaque_ratio08_halt10,circuit_breaker,high_congestion,linear_share,23,10000,10,5,8,0.8,10,0.0,False,70099.82746223762,7.009982746223762,0.7009982746223762,2.6655286379782033,28972,2.8972,122,5,0,4.995,0.17566656946757786,6334.270416650174,RandomAgent_1,11745.236326694207,EpsilonGreedyAgent_1,5710.282804995129,UCB_BaselineAgent_1,9431.056144448841,RiskAverseEpsilonGreedyAgent_1,4290.059122593887,RiskAverseUCBAgent_1,6216.580752385024,RandomAgent_2,8118.519471497227,EpsilonGreedyAgent_2,5710.282804995129,UCB_BaselineAgent_2,8253.480495384118,RiskAverseEpsilonGreedyAgent_2,4290.059122593887,RiskAverseUCBAgent_2
high_congestion_cb_opaque_ratio08_halt10,circuit_breaker,high_congestion,linear_share,24,10000,10,5,8,0.8,10,0.0,False,71679.02336239364,7.167902336239363,0.7167902336239363,2.646423263792493,30587,3.0587,48,3,0,4.997,0.12617055732343152,6076.476438404945,RandomAgent_1,11972.749872911625,EpsilonGreedyAgent_1,5789.173598381188,UCB_BaselineAgent_1,7561.5818323492385,RiskAverseEpsilonGreedyAgent_1,5982.8014932687165,RiskAverseUCBAgent_1,5980.1040027787385,RandomAgent_2,7714.3855994049645,EpsilonGreedyAgent_2,5789.173598381188,UCB_BaselineAgent_2,8829.77543324432,RiskAverseEpsilonGreedyAgent_2,5982.8014932687165,RiskAverseUCBAgent_2
high_congestion_cb_opaque_ratio08_halt10,circuit_breaker,high_congestion,linear_share,25,10000,10,5,8,0.8,10,0.0,False,71775.20255520038,7.1775202555200375,0.7177520255520038,2.632032825116311,30812,3.0812,97,5,0,4.995,0.12436635841412946,6046.619901748998,RandomAgent_1,7711.025269251488,EpsilonGreedyAgent_1,5853.226584045106,UCB_BaselineAgent_1,7616.601220901463,RiskAverseEpsilonGreedyAgent_1,6015.89263610535,RiskAverseUCBAgent_1,5912.6152443249875,RandomAgent_2,11920.105255808741,EpsilonGreedyAgent_2,5853.226584045106,UCB_BaselineAgent_2,8829.997222863789,RiskAverseEpsilonGreedyAgent_2,6015.89263610535,RiskAverseUCBAgent_2
high_congestion_cb_opaque_ratio08_halt10,circuit_breaker,high_congestion,linear_share,26,10000,10,5,8,0.8,10,0.0,False,70412.59246563236,7.041259246563237,0.7041259246563236,2.683839247616643,29492,2.9492,38,2,0,4.998,0.1622869929112538,6320.684852101727,RandomAgent_1,8004.666453046878,EpsilonGreedyAgent_1,6002.297178943263,UCB_BaselineAgent_1,9539.72394940477,RiskAverseEpsilonGreedyAgent_1,4421.829507879632,RiskAverseUCBAgent_1,6181.466735524487,RandomAgent_2,11129.464467464095,EpsilonGreedyAgent_2,6002.297178943263,UCB_BaselineAgent_2,8388.33263444461,RiskAverseEpsilonGreedyAgent_2,4421.829507879632,RiskAverseUCBAgent_2
high_congestion_cb_opaque_ratio08_halt10,circuit_breaker,high_congestion,linear_share,27,10000,10,5,8,0.8,10,0.0,False,72233.13184682505,7.223313184682505,0.7223313184682505,2.660366309337229,30669,3.0669,0,0,0,5.0,0.13167734377635054,6044.123494821069,RandomAgent_1,10262.421012448505,EpsilonGreedyAgent_1,7348.115544587167,UCB_BaselineAgent_1,8388.607639625676,RiskAverseEpsilonGreedyAgent_1,4999.401452472649,RiskAverseUCBAgent_1,5929.819854529063,RandomAgent_2,9460.589368757792,EpsilonGreedyAgent_2,7348.115544587167,UCB_BaselineAgent_2,7452.5364825233155,RiskAverseEpsilonGreedyAgent_2,4999.401452472649,RiskAverseUCBAgent_2
high_congestion_cb_opaque_ratio08_halt10,circuit_breaker,high_congestion,linear_share,28,10000,10,5,8,0.8,10,0.0,False,70277.2007619729,7.02772007619729,0.702772007619729,2.6540314038206154,29315,2.9315,31,2,0,4.998,0.17733153498366505,6286.429602624919,RandomAgent_1,7804.143358566982,EpsilonGreedyAgent_1,5788.204101940774,UCB_BaselineAgent_1,9622.369470832513,RiskAverseEpsilonGreedyAgent_1,4265.652667480236,RiskAverseUCBAgent_1,6233.176906067937,RandomAgent_2,11810.151464172639,EpsilonGreedyAgent_2,5788.204101940774,UCB_BaselineAgent_2,8413.21642086588,RiskAverseEpsilonGreedyAgent_2,4265.652667480236,RiskAverseUCBAgent_2
high_congestion_cb_opaque_ratio08_halt10,circuit_breaker,high_congestion,linear_share,29,10000,10,5,8,0.8,10,0.0,False,70179.93086796814,7.017993086796814,0.7017993086796814,2.654930509596347,32284,3.2284,13,1,0,4.999,0.16528071302323188,6116.42142093242,RandomAgent_1,12402.736960549966,EpsilonGreedyAgent_1,7170.350309510185,UCB_BaselineAgent_1,6329.555004336773,RiskAverseEpsilonGreedyAgent_1,4411.02155687843,RiskAverseUCBAgent_1,6165.38362614485,RandomAgent_2,9497.92046516986,EpsilonGreedyAgent_2,7170.350309510185,UCB_BaselineAgent_2,6505.169658057047,RiskAverseEpsilonGreedyAgent_2,4411.02155687843,RiskAverseUCBAgent_2
high_congestion_cb_transparent_ratio08_halt10,circuit_breaker,high_congestion,linear_share,0,10000,10,5,8,0.8,10,0.0,True,7491.34320591222,0.749134320591222,0.0749134320591222,1.122488866122981,5009,0.5009,0,5000,4996,0.002,0.0013680622478597915,753.6996086279952,RandomAgent_1,750.272303720514,EpsilonGreedyAgent_1,747.5172259161023,UCB_BaselineAgent_1,750.4950686402309,RiskAverseEpsilonGreedyAgent_1,747.5172259161023,RiskAverseUCBAgent_1,750.7563431337744,RandomAgent_2,748.5337522091932,EpsilonGreedyAgent_2,747.5172259161023,UCB_BaselineAgent_2,747.5172259161023,RiskAverseEpsilonGreedyAgent_2,747.5172259161023,RiskAverseUCBAgent_2
high_congestion_cb_transparent_ratio08_halt10,circuit_breaker,high_congestion,linear_share,1,10000,10,5,8,0.8,10,0.0,True,7541.383118846178,0.7541383118846178,0.07541383118846177,1.146725336973347,5001,0.5001,0,5000,5000,0.001,0.0005283867394803021,756.1159536387736,RandomAgent_1,753.64055106778,EpsilonGreedyAgent_1,753.64055106778,UCB_BaselineAgent_1,753.64055106778,RiskAverseEpsilonGreedyAgent_1,753.64055106778,RiskAverseUCBAgent_1,756.1427566651644,RandomAgent_2,753.64055106778,EpsilonGreedyAgent_2,753.64055106778,UCB_BaselineAgent_2,753.64055106778,RiskAverseEpsilonGreedyAgent_2,753.64055106778,RiskAverseUCBAgent_2
high_congestion_cb_transparent_ratio08_halt10,circuit_breaker,high_congestion,linear_share,2,10000,10,5,8,0.8,10,0.0,True,7519.591245276758,0.7519591245276758,0.07519591245276758,1.152628216997262,5008,0.5008,0,5000,4997,0.002,0.0018174759374132154,755.7163336765243,RandomAgent_1,755.6497007579012,EpsilonGreedyAgent_1,749.9230133624785,UCB_BaselineAgent_1,749.9230133624785,RiskAverseEpsilonGreedyAgent_1,749.9230133624785,RiskAverseUCBAgent_1,751.9379888930151,RandomAgent_2,756.7491417744459,EpsilonGreedyAgent_2,749.9230133624785,UCB_BaselineAgent_2,749.9230133624785,RiskAverseEpsilonGreedyAgent_2,749.9230133624785,RiskAverseUCBAgent_2
high_congestion_cb_transparent_ratio08_halt10,circuit_breaker,high_congestion,linear_share,3,10000,10,5,8,0.8,10,0.0,True,7663.4875618469705,0.766348756184697,0.07663487561846971,1.1590827293624237,5001,0.5001,0,5000,5000,0.001,0.0003502459643041078,767.622766122755,RandomAgent_1,766.0147894143968,EpsilonGreedyAgent_1,766.0147894143968,UCB_BaselineAgent_1,766.0147894143968,RiskAverseEpsilonGreedyAgent_1,766.0147894143968,RiskAverseUCBAgent_1,767.7464804090412,RandomAgent_2,766.0147894143968,EpsilonGreedyAgent_2,766.0147894143968,UCB_BaselineAgent_2,766.0147894143968,RiskAverseEpsilonGreedyAgent_2,766.0147894143968,RiskAverseUCBAgent_2
high_congestion_cb_transparent_ratio08_halt10,circuit_breaker,high_congestion,linear_share,4,10000,10,5,8,0.8,10,0.0,True,72466.84133972054,7.246684133972054,0.7246684133972054,2.6304472782366695,29936,2.9936,0,1,0,4.999,0.16099408742473575,6072.8105255660685,RandomAgent_1,7947.185774876028,EpsilonGreedyAgent_1,7484.427711395711,UCB_BaselineAgent_1,7653.237689744221,RiskAverseEpsilonGreedyAgent_1,4346.85053767232,RiskAverseUCBAgent_1,6189.952367127393,RandomAgent_2,12933.758449437788,EpsilonGreedyAgent_2,7484.427711395711,UCB_BaselineAgent_2,8007.340034832991,RiskAverseEpsilonGreedyAgent_2,4346.85053767232,RiskAverseUCBAgent_2
high_congestion_cb_transparent_ratio08_halt10,circuit_breaker,high_congestion,linear_share,5,10000,10,5,8,0.8,10,0.0,True,69536.3911065947,6.95363911065947,0.6953639110659471,2.6883812891496586,28956,2.8956,0,7,0,4.993,0.17111222066283394,6228.129890736859,RandomAgent_1,7966.231672953106,EpsilonGreedyAgent_1,5761.93971899561,UCB_BaselineAgent_1,8396.386676418342,RiskAverseEpsilonGreedyAgent_1,4284.347194139462,RiskAverseUCBAgent_1,6199.404842252223,RandomAgent_2,11572.666507150032,EpsilonGreedyAgent_2,5761.93971899561,UCB_BaselineAgent_2,9080.997690813996,RiskAverseEpsilonGreedyAgent_2,4284.347194139462,RiskAverseUCBAgent_2
high_congestion_cb_transparent_ratio08_halt10,circuit_breaker,high_congestion,linear_share,6,10000,10,5,8,0.8,10,0.0,True,70408.58258551183,7.040858258551183,0.7040858258551184,2.6861113569472925,33920,3.392,0,1,0,4.999,0.12839680915110563,6002.8059616833625,RandomAgent_1,7955.22297449543,EpsilonGreedyAgent_1,8005.7002706494395,UCB_BaselineAgent_1,9326.520037011425,RiskAverseEpsilonGreedyAgent_1,4301.619414525831,RiskAverseUCBAgent_1,6008.924303243254,RandomAgent_2,8120.2306267108925,EpsilonGreedyAgent_2,8005.7002706494395,UCB_BaselineAgent_2,8380.239312016929,RiskAverseEpsilonGreedyAgent_2,4301.619414525831,RiskAverseUCBAgent_2
high_congestion_cb_transparent_ratio08_halt10,circuit_breaker,high_congestion,linear_share,7,10000,10,5,8,0.8,10,0.0,True,72554.29838369256,7.255429838369255,0.7255429838369256,2.6446282758699535,34481,3.4481,0,1,0,4.999,0.13778869017542283,5891.987348779988,RandomAgent_1,9340.491700547896,EpsilonGreedyAgent_1,7426.3343860707555,UCB_BaselineAgent_1,7555.545245592453,RiskAverseEpsilonGreedyAgent_1,4915.288632524065,RiskAverseUCBAgent_1,5910.793035731933,RandomAgent_2,8697.910350732414,EpsilonGreedyAgent_2,7426.3343860707555,UCB_BaselineAgent_2,10474.324665118236,RiskAverseEpsilonGreedyAgent_2,4915.288632524065,RiskAverseUCBAgent_2
high_congestion_cb_transparent_ratio08_halt10,circuit_breaker,high_congestion,linear_share,8,10000,10,5,8,0.8,10,0.0,True,70322.55693881174,7.032255693881174,0.7032255693881174,2.6430238889095823,28863,2.8863,0,0,0,5.0,0.1694538936398342,6380.030429499268,RandomAgent_1,11527.161910341347,EpsilonGreedyAgent_1,5725.653915399716,UCB_BaselineAgent_1,9314.574813224033,RiskAverseEpsilonGreedyAgent_1,4400.615804023319,RiskAverseUCBAgent_1,6381.399111801689,RandomAgent_2,7951.3553579814425,EpsilonGreedyAgent_2,5725.653915399716,UCB_BaselineAgent_2,8515.495877117899,RiskAverseEpsilonGreedyAgent_2,4400.615804023319,RiskAverseUCBAgent_2
high_congestion_cb_transparent_ratio08_halt10,circuit_breaker,high_congestion,linear_share,9,10000,10,5,8,0.8,10,0.0,True,70967.79010149316,7.096779010149316,0.7096779010149316,2.642761276199852,30516,3.0516,0,2,0,4.998,0.16550256967391186,6296.20596067936,RandomAgent_1,11796.481725293515,EpsilonGreedyAgent_1,6436.308856739717,UCB_BaselineAgent_1,7534.010095016851,RiskAverseEpsilonGreedyAgent_1,4287.189403646257,RiskAverseUCBAgent_1,6310.916344749982,RandomAgent_2,7695.14822140834,EpsilonGreedyAgent_2,6436.308856739717,UCB_BaselineAgent_2,9888.031233573165,RiskAverseEpsilonGreedyAgent_2,4287.189403646257,RiskAverseUCBAgent_2
high_congestion_cb_transparent_ratio08_halt10,circuit_breaker,high_congestion,linear_share,10,10000,10,5,8,0.8,10,0.0,True,72287.30166128918,7.228730166128918,0.7228730166128918,2.649370120106238,30430,3.043,0,0,0,5.0,0.1206589521694228,6091.723541992827,RandomAgent_1,11093.499954192526,EpsilonGreedyAgent_1,5838.5079672280835,UCB_BaselineAgent_1,8910.443185612383,RiskAverseEpsilonGreedyAgent_1,6068.697197688135,RiskAverseUCBAgent_1,6009.357672961407,RandomAgent_2,8774.43950408263,EpsilonGreedyAgent_2,5838.5079672280835,UCB_BaselineAgent_2,7593.427472614965,RiskAverseEpsilonGreedyAgent_2,6068.697197688135,RiskAverseUCBAgent_2
high_congestion_cb_transparent_ratio08_halt10,circuit_breaker,high_congestion,linear_share,11,10000,10,5,8,0.8,10,0.0,True,7503.82159156739,0.750382159156739,0.0750382159156739,1.1449873785978948,5016,0.5016,0,4999,4995,0.003,0.001147209378631553,753.8489454923048,RandomAgent_1,750.0053278350144,EpsilonGreedyAgent_1,749.0357647635934,UCB_BaselineAgent_1,751.5392686351933,RiskAverseEpsilonGreedyAgent_1,749.0357647635934,RiskAverseUCBAgent_1,752.5103474176979,RandomAgent_2,750.7007325369235,EpsilonGreedyAgent_2,749.0357647635934,UCB_BaselineAgent_2,749.0739105958821,RiskAverseEpsilonGreedyAgent_2,749.0357647635934,RiskAverseUCBAgent_2
high_congestion_cb_transparent_ratio08_halt10,circuit_breaker,high_congestion,linear_share,12,10000,10,5,8,0.8,10,0.0,True,72629.31400722872,7.262931400722872,0.7262931400722872,2.6158683693463396,35525,3.5525,0,1,0,4.999,0.08953986720790685,5811.383704411406,RandomAgent_1,8767.262245494281,EpsilonGreedyAgent_1,7460.7110672569825,UCB_BaselineAgent_1,7535.261576502716,RiskAverseEpsilonGreedyAgent_1,6129.225690061543,RiskAverseUCBAgent_1,5802.563866058447,RandomAgent_2,8701.146196776725,EpsilonGreedyAgent_2,7460.7110672569825,UCB_BaselineAgent_2,8831.822903348093,RiskAverseEpsilonGreedyAgent_2,6129.225690061543,RiskAverseUCBAgent_2
high_congestion_cb_transparent_ratio08_halt10,circuit_breaker,high_congestion,linear_share,13,10000,10,5,8,0.8,10,0.0,True,7445.161153926464,0.7445161153926464,0.07445161153926463,1.154738058370679,5005,0.5005,0,5000,4999,0.0012,0.0009109387812227254,747.9706001595115,RandomAgent_1,743.60769725706,EpsilonGreedyAgent_1,743.60769725706,UCB_BaselineAgent_1,745.8548047672031,RiskAverseEpsilonGreedyAgent_1,743.60769725706,RiskAverseUCBAgent_1,746.08186820033,RandomAgent_2,743.60769725706,EpsilonGreedyAgent_2,743.60769725706,UCB_BaselineAgent_2,743.60769725706,RiskAverseEpsilonGreedyAgent_2,743.60769725706,RiskAverseUCBAgent_2
high_congestion_cb_transparent_ratio08_halt10,circuit_breaker,high_congestion,linear_share,14,10000,10,5,8,0.8,10,0.0,True,7642.913593368327,0.7642913593368328,0.07642913593368328,1.1675176935040341,5001,0.5001,0,5000,5000,0.001,0.00048182352567538445,762.9181999481547,RandomAgent_1,764.1199673358632,EpsilonGreedyAgent_1,764.1199673358632,UCB_BaselineAgent_1,764.2358359989202,RiskAverseEpsilonGreedyAgent_1,764.1199673358632,RiskAverseUCBAgent_1,766.9197860702101,RandomAgent_2,764.1199673358632,EpsilonGreedyAgent_2,764.1199673358632,UCB_BaselineAgent_2,764.1199673358632,RiskAverseEpsilonGreedyAgent_2,764.1199673358632,RiskAverseUCBAgent_2
high_congestion_cb_transparent_ratio08_halt10,circuit_breaker,high_congestion,linear_share,15,10000,10,5,8,0.8,10,0.0,True,72341.09695342541,7.234109695342541,0.7234109695342541,2.6082947751306467,30744,3.0744,0,0,0,5.0,0.12543233866644443,5943.9322045592935,RandomAgent_1,7413.85024316065,EpsilonGreedyAgent_1,7320.076874592334,UCB_BaselineAgent_1,9632.02496776652,RiskAverseEpsilonGreedyAgent_1,5209.034201603981,RiskAverseUCBAgent_1,5891.855990678716,RandomAgent_2,9925.742760047771,EpsilonGreedyAgent_2,7320.076874592334,UCB_BaselineAgent_2,8475.468634819834,RiskAverseEpsilonGreedyAgent_2,5209.034201603981,RiskAverseUCBAgent_2
high_congestion_cb_transparent_ratio08_halt10,circuit_breaker,high_congestion,linear_share,16,10000,10,5,8,0.8,10,0.0,True,72479.03254923037,7.247903254923036,0.7247903254923037,2.6536103160105666,30806,3.0806,0,2,0,4.998,0.13054280253952677,6027.976268524732,RandomAgent_1,10231.537846658195,EpsilonGreedyAgent_1,7466.6332432473955,UCB_BaselineAgent_1,7403.589538456405,RiskAverseEpsilonGreedyAgent_1,5043.947190077473,RiskAverseUCBAgent_1,5924.382836114748,RandomAgent_2,9563.224176049447,EpsilonGreedyAgent_2,7466.6332432473955,UCB_BaselineAgent_2,8307.161016777103,RiskAverseEpsilonGreedyAgent_2,5043.947190077473,RiskAverseUCBAgent_2
high_congestion_cb_transparent_ratio08_halt10,circuit_breaker,high_congestion,linear_share,17,10000,10,5,8,0.8,10,0.0,True,7472.642615125714,0.7472642615125714,0.07472642615125714,1.131632992045424,5001,0.5001,0,5000,5000,0.001,0.0005800342245296797,749.156791169572,RandomAgent_1,746.7287053312245,EpsilonGreedyAgent_1,746.7287053312245,UCB_BaselineAgent_1,746.7287053312245,RiskAverseEpsilonGreedyAgent_1,746.7287053312245,RiskAverseUCBAgent_1,749.6561813063455,RandomAgent_2,746.7287053312245,EpsilonGreedyAgent_2,746.7287053312245,UCB_BaselineAgent_2,746.7287053312245,RiskAverseEpsilonGreedyAgent_2,746.7287053312245,RiskAverseUCBAgent_2
high_congestion_cb_transparent_ratio08_halt10,circuit_breaker,high_congestion,linear_share,18,10000,10,5,8,0.8,10,0.0,True,7443.7137870835595,0.7443713787083559,0.0744371378708356,1.1253918584433995,5001,0.5001,0,5000,5000,0.001,0.0005631112524202564,747.0175955082998,RandomAgent_1,744.2919965907732,EpsilonGreedyAgent_1,744.2919965907732,UCB_BaselineAgent_1,744.2919965907732,RiskAverseEpsilonGreedyAgent_1,744.2919965907732,RiskAverseUCBAgent_1,742.3602188490742,RandomAgent_2,744.2919965907732,EpsilonGreedyAgent_2,744.2919965907732,UCB_BaselineAgent_2,744.2919965907732,RiskAverseEpsilonGreedyAgent_2,744.2919965907732,RiskAverseUCBAgent_2
high_congestion_cb_transparent_ratio08_halt10,circuit_breaker,high_congestion,linear_share,19,10000,10,5,8,0.8,10,0.0,True,71314.72136139285,7.131472136139284,0.7131472136139285,2.6732377715064017,30141,3.0141,0,4,0,4.996,0.1646316311544509,6104.4918014872555,RandomAgent_1,7956.548819792176,EpsilonGreedyAgent_1,5758.572007623793,UCB_BaselineAgent_1,7478.316510720814,RiskAverseEpsilonGreedyAgent_1,4926.215972941294,RiskAverseUCBAgent_1,6053.323101943808,RandomAgent_2,11779.251081833389,EpsilonGreedyAgent_2,5758.572007623793,UCB_BaselineAgent_2,10573.214084485226,RiskAverseEpsilonGreedyAgent_2,4926.215972941294,RiskAverseUCBAgent_2
high_congestion_cb_transparent_ratio08_halt10,circuit_breaker,high_congestion,linear_share,20,10000,10,5,8,0.8,10,0.0,True,7470.985236218228,0.7470985236218228,0.07470985236218228,1.154000700832148,5001,0.5001,0,5000,5000,0.001,0.0006232194468827057,749.8308970664392,RandomAgent_1,746.5277474277033,EpsilonGreedyAgent_1,746.5277474277033,UCB_BaselineAgent_1,746.5277474277033,RiskAverseEpsilonGreedyAgent_1,746.5277474277033,RiskAverseUCBAgent_1,748.9323597301631,RandomAgent_2,746.5277474277033,EpsilonGreedyAgent_2,746.5277474277033,UCB_BaselineAgent_2,746.5277474277033,RiskAverseEpsilonGreedyAgent_2,746.5277474277033,RiskAverseUCBAgent_2
high_congestion_cb_transparent_ratio08_halt10,circuit_breaker,high_congestion,linear_share,21,10000,10,5,8,0.8,10,0.0,True,72021.45771497895,7.202145771497896,0.7202145771497895,2.68055311014651,35288,3.5288,0,4,0,4.996,0.09082792307371834,5760.294826478444,RandomAgent_1,8844.434614187345,EpsilonGreedyAgent_1,7336.684645589694,UCB_BaselineAgent_1,8610.211441740998,RiskAverseEpsilonGreedyAgent_1,6050.514570141526,RiskAverseUCBAgent_1,5748.779646954482,RandomAgent_2,8579.691748332276,EpsilonGreedyAgent_2,7336.684645589694,UCB_BaselineAgent_2,7703.647005822966,RiskAverseEpsilonGreedyAgent_2,6050.514570141526,RiskAverseUCBAgent_2
high_congestion_cb_transparent_ratio08_halt10,circuit_breaker,high_congestion,linear_share,22,10000,10,5,8,0.8,10,0.0,True,7466.452129791764,0.7466452129791764,0.07466452129791763,1.1372336438247908,5001,0.5001,0,5000,5000,0.001,0.0007118649706210345,747.1027127137658,RandomAgent_1,746.0308259708879,EpsilonGreedyAgent_1,746.0308259708879,UCB_BaselineAgent_1,746.0308259708879,RiskAverseEpsilonGreedyAgent_1,746.0308259708879,RiskAverseUCBAgent_1,751.102809310894,RandomAgent_2,746.0308259708879,EpsilonGreedyAgent_2,746.0308259708879,UCB_BaselineAgent_2,746.0308259708879,RiskAverseEpsilonGreedyAgent_2,746.0308259708879,RiskAverseUCBAgent_2
high_congestion_cb_transparent_ratio08_halt10,circuit_breaker,high_congestion,linear_share,23,10000,10,5,8,0.8,10,0.0,True,70269.7834162101,7.02697834162101,0.7026978341621011,2.6696526780796934,29667,2.9667,0,5,0,4.995,0.16808244658641636,6241.049309311185,RandomAgent_1,11491.394794276392,EpsilonGreedyAgent_1,6075.464717586682,UCB_BaselineAgent_1,9561.584319807145,RiskAverseEpsilonGreedyAgent_1,4294.428317422705,RiskAverseUCBAgent_1,6161.4680891531325,RandomAgent_2,7689.993389557114,EpsilonGreedyAgent_2,6075.464717586682,UCB_BaselineAgent_2,8384.507444086357,RiskAverseEpsilonGreedyAgent_2,4294.428317422705,RiskAverseUCBAgent_2
high_congestion_cb_transparent_ratio08_halt10,circuit_breaker,high_congestion,linear_share,24,10000,10,5,8,0.8,10,0.0,True,7429.829899038767,0.7429829899038767,0.07429829899038766,1.1444354493157625,5001,0.5001,0,5000,5000,0.001,0.001032590670984046,746.3172877914986,RandomAgent_1,742.4349935326144,EpsilonGreedyAgent_1,741.9567075603119,UCB_BaselineAgent_1,741.9567075603119,RiskAverseEpsilonGreedyAgent_1,741.9567075603119,RiskAverseUCBAgent_1,746.366963738176,RandomAgent_2,742.9704086146068,EpsilonGreedyAgent_2,741.9567075603119,UCB_BaselineAgent_2,741.9567075603119,RiskAverseEpsilonGreedyAgent_2,741.9567075603119,RiskAverseUCBAgent_2
high_congestion_cb_transparent_ratio08_halt10,circuit_breaker,high_congestion,linear_share,25,10000,10,5,8,0.8,10,0.0,True,7540.538580993251,0.7540538580993251,0.07540538580993252,1.1368332096672134,5007,0.5007,0,5000,4997,0.0022,0.0006391314104909895,753.9989847612632,RandomAgent_1,755.5076731725834,EpsilonGreedyAgent_1,753.4370159431174,UCB_BaselineAgent_1,753.4370159431174,RiskAverseEpsilonGreedyAgent_1,753.4370159431174,RiskAverseUCBAgent_1,756.8173691682745,RandomAgent_2,753.5924582324254,EpsilonGreedyAgent_2,753.4370159431174,UCB_BaselineAgent_2,753.4370159431174,RiskAverseEpsilonGreedyAgent_2,753.4370159431174,RiskAverseUCBAgent_2
high_congestion_cb_transparent_ratio08_halt10,circuit_breaker,high_congestion,linear_share,26,10000,10,5,8,0.8,10,0.0,True,70701.82801019092,7.070182801019092,0.7070182801019091,2.6871194049225244,31369,3.1369,0,1,0,4.999,0.15037729374157993,6114.498777669537,RandomAgent_1,7710.943872328193,EpsilonGreedyAgent_1,6876.978534244939,UCB_BaselineAgent_1,9380.42001877291,RiskAverseEpsilonGreedyAgent_1,4334.383813446442,RiskAverseUCBAgent_1,6232.459725221992,RandomAgent_2,10484.958328558927,EpsilonGreedyAgent_2,6876.978534244939,UCB_BaselineAgent_2,8355.822592256594,RiskAverseEpsilonGreedyAgent_2,4334.383813446442,RiskAverseUCBAgent_2
high_congestion_cb_transparent_ratio08_halt10,circuit_breaker,high_congestion,linear_share,27,10000,10,5,8,0.8,10,0.0,True,72233.13184682505,7.223313184682505,0.7223313184682505,2.660366309337229,30669,3.0669,0,0,0,5.0,0.13167734377635054,6044.123494821069,RandomAgent_1,10262.421012448505,EpsilonGreedyAgent_1,7348.115544587167,UCB_BaselineAgent_1,8388.607639625676,RiskAverseEpsilonGreedyAgent_1,4999.401452472649,RiskAverseUCBAgent_1,5929.819854529063,RandomAgent_2,9460.589368757792,EpsilonGreedyAgent_2,7348.115544587167,UCB_BaselineAgent_2,7452.5364825233155,RiskAverseEpsilonGreedyAgent_2,4999.401452472649,RiskAverseUCBAgent_2
high_congestion_cb_transparent_ratio08_halt10,circuit_breaker,high_congestion,linear_share,28,10000,10,5,8,0.8,10,0.0,True,7608.8786951981265,0.7608878695198127,0.07608878695198126,1.1566201456029674,5005,0.5005,0,5000,4998,0.0014,0.0006514336075995608,759.842114113959,RandomAgent_1,759.9858358929182,EpsilonGreedyAgent_1,760.7677095527009,UCB_BaselineAgent_1,760.7677095527009,RiskAverseEpsilonGreedyAgent_1,760.7677095527009,RiskAverseUCBAgent_1,761.4499754271434,RandomAgent_2,759.9858358929182,EpsilonGreedyAgent_2,760.7677095527009,UCB_BaselineAgent_2,763.7763861076833,RiskAverseEpsilonGreedyAgent_2,760.7677095527009,RiskAverseUCBAgent_2
high_congestion_cb_transparent_ratio08_halt10,circuit_breaker,high_congestion,linear_share,29,10000,10,5,8,0.8,10,0.0,True,70045.5415306491,7.004554153064911,0.700455415306491,2.6515714733192097,29190,2.919,0,2,0,4.998,0.17906954003817055,6387.770979967544,RandomAgent_1,11901.525630094811,EpsilonGreedyAgent_1,5688.340393936369,UCB_BaselineAgent_1,9622.465276295417,RiskAverseEpsilonGreedyAgent_1,4279.545685624203,RiskAverseUCBAgent_1,6211.829797972465,RandomAgent_2,7584.067032623787,EpsilonGreedyAgent_2,5688.340393936369,UCB_BaselineAgent_2,8402.110654573939,RiskAverseEpsilonGreedyAgent_2,4279.545685624203,RiskAverseUCBAgent_2
