condition_name,condition_type,market_name,collision_policy,seed,steps,n_agents,n_arms,threshold,threshold_ratio,halt_duration,halted_reward,transparent,total_reward,avg_global_reward,avg_reward_per_agent_per_step,reward_volatility,total_collisions,avg_collisions_per_step,total_halted_choices,total_triggers,market_wide_halt_steps,avg_available_arms,gini_total_rewards,agent_0_reward,agent_0_name,agent_1_reward,agent_1_name,agent_2_reward,agent_2_name,agent_3_reward,agent_3_name,agent_4_reward,agent_4_name,agent_5_reward,agent_5_name,agent_6_reward,agent_6_name,agent_7_reward,agent_7_name,agent_8_reward,agent_8_name,agent_9_reward,agent_9_name
balanced_linear_share_baseline,baseline,balanced,linear_share,0,10000,5,5,,,,,,65062.579483066926,6.5062579483066925,1.3012515896613386,2.68346151958489,8877,0.8877,0,0,0,5,0.13356479419565281,8720.781708224056,RandomAgent_1,10499.000594564248,EpsilonGreedyAgent_1,15772.774249394086,UCB_BaselineAgent_1,16946.4824289268,RiskAverseEpsilonGreedyAgent_1,13123.540501957734,RiskAverseUCBAgent_1,,,,,,,,,,
balanced_linear_share_baseline,baseline,balanced,linear_share,1,10000,5,5,,,,,,64276.010138186655,6.427601013818665,1.2855202027637331,2.6491855962870137,8972,0.8972,0,0,0,5,0.13170341618540515,8711.693349104398,RandomAgent_1,15037.984525013539,EpsilonGreedyAgent_1,13049.349636034782,UCB_BaselineAgent_1,17008.603362048812,RiskAverseEpsilonGreedyAgent_1,10468.379265985124,RiskAverseUCBAgent_1,,,,,,,,,,
balanced_linear_share_baseline,baseline,balanced,linear_share,2,10000,5,5,,,,,,64614.90891173264,6.461490891173264,1.2922981782346528,2.6677619064393507,8936,0.8936,0,0,0,5,0.13612289420097756,8678.30151805493,RandomAgent_1,12761.21625955894,EpsilonGreedyAgent_1,15919.639881615312,UCB_BaselineAgent_1,16893.87847699732,RiskAverseEpsilonGreedyAgent_1,10361.87277550613,RiskAverseUCBAgent_1,,,,,,,,,,
balanced_linear_share_baseline,baseline,balanced,linear_share,3,10000,5,5,,,,,,64783.95024906667,6.478395024906667,1.2956790049813334,2.693697796825089,9001,0.9001,0,0,0,5,0.12942220838001028,8836.029851284271,RandomAgent_1,16760.58909095658,EpsilonGreedyAgent_1,15580.461026728803,UCB_BaselineAgent_1,13138.495546060922,RiskAverseEpsilonGreedyAgent_1,10468.374734036095,RiskAverseUCBAgent_1,,,,,,,,,,
balanced_linear_share_baseline,baseline,balanced,linear_share,4,10000,5,5,,,,,,65103.62341602449,6.510362341602449,1.3020724683204898,2.631462038754636,8852,0.8852,0,0,0,5,0.13736584266643392,8764.575964002875,RandomAgent_1,15374.954194666509,EpsilonGreedyAgent_1,17510.53395112792,UCB_BaselineAgent_1,10509.334940965638,RiskAverseEpsilonGreedyAgent_1,12944.22436526155,RiskAverseUCBAgent_1,,,,,,,,,,
balanced_linear_share_baseline,baseline,balanced,linear_share,5,10000,5,5,,,,,,64890.21084173832,6.4890210841738325,1.2978042168347663,2.6363697608340138,9006,0.9006,0,0,0,5,0.13875543662369894,8775.2652976013,RandomAgent_1,15194.066192205602,EpsilonGreedyAgent_1,17603.084871318468,UCB_BaselineAgent_1,12977.762985846202,RiskAverseEpsilonGreedyAgent_1,10340.03149476675,RiskAverseUCBAgent_1,,,,,,,,,,
balanced_linear_share_baseline,baseline,balanced,linear_share,6,10000,5,5,,,,,,64797.659390203386,6.479765939020338,1.2959531878040678,2.6650986982132645,8951,0.8951,0,0,0,5,0.13812696325174612,8694.442216315121,RandomAgent_1,15431.782956795429,EpsilonGreedyAgent_1,17371.46113138757,UCB_BaselineAgent_1,12889.912092239412,RiskAverseEpsilonGreedyAgent_1,10410.060993465857,RiskAverseUCBAgent_1,,,,,,,,,,
balanced_linear_share_baseline,baseline,balanced,linear_share,7,10000,5,5,,,,,,64535.29760752511,6.453529760752511,1.2907059521505022,2.6422713972015943,8926,0.8926,0,0,0,5,0.13902199308045327,8578.488795522397,RandomAgent_1,15266.119228770249,EpsilonGreedyAgent_1,17377.539251967733,UCB_BaselineAgent_1,12878.494433199641,RiskAverseEpsilonGreedyAgent_1,10434.655898065093,RiskAverseUCBAgent_1,,,,,,,,,,
balanced_linear_share_baseline,baseline,balanced,linear_share,8,10000,5,5,,,,,,64182.14864881595,6.418214864881595,1.283642972976319,2.6127715631892485,8942,0.8942,0,0,0,5,0.1367226595751383,8678.551377719026,RandomAgent_1,14999.159705276843,EpsilonGreedyAgent_1,17336.8173272857,UCB_BaselineAgent_1,12789.813785406668,RiskAverseEpsilonGreedyAgent_1,10377.806453127712,RiskAverseUCBAgent_1,,,,,,,,,,
balanced_linear_share_baseline,baseline,balanced,linear_share,9,10000,5,5,,,,,,64641.1488103385,6.46411488103385,1.29282297620677,2.6610155878079014,9123,0.9123,0,0,0,5,0.13103250932960098,8781.435441477097,RandomAgent_1,16636.578514551373,EpsilonGreedyAgent_1,15932.862837390196,UCB_BaselineAgent_1,12822.35286979807,RiskAverseEpsilonGreedyAgent_1,10467.919147121765,RiskAverseUCBAgent_1,,,,,,,,,,
balanced_linear_share_baseline,baseline,balanced,linear_share,10,10000,5,5,,,,,,63769.02563149914,6.3769025631499145,1.2753805126299829,2.6362719829082994,8904,0.8904,0,0,0,5,0.1441740698164733,8863.308284341636,RandomAgent_1,15341.358491371006,EpsilonGreedyAgent_1,17370.710635159336,UCB_BaselineAgent_1,9371.563309195843,RiskAverseEpsilonGreedyAgent_1,12822.08491143132,RiskAverseUCBAgent_1,,,,,,,,,,
balanced_linear_share_baseline,baseline,balanced,linear_share,11,10000,5,5,,,,,,64715.30642809058,6.471530642809058,1.2943061285618116,2.6562713037631265,8928,0.8928,0,0,0,5,0.13773094910710282,8651.184511195266,RandomAgent_1,12881.14566211801,EpsilonGreedyAgent_1,15607.765101268391,UCB_BaselineAgent_1,10390.855648550323,RiskAverseEpsilonGreedyAgent_1,17184.355504958592,RiskAverseUCBAgent_1,,,,,,,,,,
balanced_linear_share_baseline,baseline,balanced,linear_share,12,10000,5,5,,,,,,64565.480820143915,6.4565480820143915,1.2913096164028783,2.628681029011805,8807,0.8807,0,0,0,5,0.13715435017193167,8676.108606348615,RandomAgent_1,15219.590477188005,EpsilonGreedyAgent_1,17358.372664073064,UCB_BaselineAgent_1,12865.881893460251,RiskAverseEpsilonGreedyAgent_1,10445.527179073984,RiskAverseUCBAgent_1,,,,,,,,,,
balanced_linear_share_baseline,baseline,balanced,linear_share,13,10000,5,5,,,,,,65418.567614323096,6.541856761432309,1.308371352286462,2.6559434221412004,8909,0.8909,0,0,0,5,0.13587311795945012,8638.265162851309,RandomAgent_1,10530.753084133792,EpsilonGreedyAgent_1,16312.98344183369,UCB_BaselineAgent_1,16857.930926750334,RiskAverseEpsilonGreedyAgent_1,13078.634998753974,RiskAverseUCBAgent_1,,,,,,,,,,
balanced_linear_share_baseline,baseline,balanced,linear_share,14,10000,5,5,,,,,,64755.03405564925,6.475503405564925,1.295100681112985,2.6334089857351324,8935,0.8935,0,0,0,5,0.13493614268495602,8756.472208194175,RandomAgent_1,12936.348608745826,EpsilonGreedyAgent_1,15652.23744943959,UCB_BaselineAgent_1,17038.389681158034,RiskAverseEpsilonGreedyAgent_1,10371.586108111629,RiskAverseUCBAgent_1,,,,,,,,,,
balanced_linear_share_baseline,baseline,balanced,linear_share,15,10000,5,5,,,,,,64585.01869560458,6.458501869560458,1.2917003739120916,2.6365136579585267,8915,0.8915,0,0,0,5,0.13171736649106247,8753.431818761082,RandomAgent_1,15236.580357030314,EpsilonGreedyAgent_1,13009.313455099442,UCB_BaselineAgent_1,10544.560468510976,RiskAverseEpsilonGreedyAgent_1,17041.132596202762,RiskAverseUCBAgent_1,,,,,,,,,,
balanced_linear_share_baseline,baseline,balanced,linear_share,16,10000,5,5,,,,,,64888.26674630199,6.488826674630199,1.2977653349260398,2.651659995769339,8852,0.8852,0,0,0,5,0.1380789484976892,8675.189407647602,RandomAgent_1,15319.324663654299,EpsilonGreedyAgent_1,17428.300283041888,UCB_BaselineAgent_1,10426.287309025496,RiskAverseEpsilonGreedyAgent_1,13039.165082932706,RiskAverseUCBAgent_1,,,,,,,,,,
balanced_linear_share_baseline,baseline,balanced,linear_share,17,10000,5,5,,,,,,61914.46058081815,6.191446058081815,1.238289211616363,2.4126296936097553,9232,0.9232,0,0,0,5,0.13030299168685522,9055.164425374203,RandomAgent_1,14103.60088252114,EpsilonGreedyAgent_1,17314.299142225413,UCB_BaselineAgent_1,10452.771710327434,RiskAverseEpsilonGreedyAgent_1,10988.624420369963,RiskAverseUCBAgent_1,,,,,,,,,,
balanced_linear_share_baseline,baseline,balanced,linear_share,18,10000,5,5,,,,,,64588.682895510334,6.458868289551034,1.2917736579102066,2.629681122332111,8953,0.8953,0,0,0,5,0.13777357998013628,8642.906636724014,RandomAgent_1,15394.273324329552,EpsilonGreedyAgent_1,17293.549016840025,UCB_BaselineAgent_1,12808.93100484576,RiskAverseEpsilonGreedyAgent_1,10449.022912770986,RiskAverseUCBAgent_1,,,,,,,,,,
balanced_linear_share_baseline,baseline,balanced,linear_share,19,10000,5,5,,,,,,64847.87810642902,6.484787810642902,1.2969575621285805,2.656054476969377,8896,0.8896,0,0,0,5,0.13800169768458415,8672.423925279189,RandomAgent_1,15321.439022194048,EpsilonGreedyAgent_1,17427.64397491374,UCB_BaselineAgent_1,10459.085946637717,RiskAverseEpsilonGreedyAgent_1,12967.28523740433,RiskAverseUCBAgent_1,,,,,,,,,,
balanced_linear_share_baseline,baseline,balanced,linear_share,20,10000,5,5,,,,,,63823.358731331886,6.382335873133188,1.2764671746266376,2.617595635570545,9011,0.9011,0,0,0,5,0.12986173942400892,8662.983062079045,RandomAgent_1,15086.548590858392,EpsilonGreedyAgent_1,12987.693269236508,UCB_BaselineAgent_1,16682.02743143026,RiskAverseEpsilonGreedyAgent_1,10404.106377727678,RiskAverseUCBAgent_1,,,,,,,,,,
balanced_linear_share_baseline,baseline,balanced,linear_share,21,10000,5,5,,,,,,65098.31018813435,6.5098310188134345,1.301966203762687,2.6651069499162983,8923,0.8923,0,0,0,5,0.13761277378272774,8789.878860802854,RandomAgent_1,15552.698706029663,EpsilonGreedyAgent_1,17448.25731381077,UCB_BaselineAgent_1,12833.917279339486,RiskAverseEpsilonGreedyAgent_1,10473.55802815157,RiskAverseUCBAgent_1,,,,,,,,,,
balanced_linear_share_baseline,baseline,balanced,linear_share,22,10000,5,5,,,,,,64357.100385238664,6.435710038523866,1.2871420077047733,2.6289948514099564,8997,0.8997,0,0,0,5,0.13708062285639944,8621.06581908267,RandomAgent_1,15105.60161612938,EpsilonGreedyAgent_1,17321.963951056845,UCB_BaselineAgent_1,12856.349633992872,RiskAverseEpsilonGreedyAgent_1,10452.119364976894,RiskAverseUCBAgent_1,,,,,,,,,,
balanced_linear_share_baseline,baseline,balanced,linear_share,23,10000,5,5,,,,,,64857.05909118915,6.485705909118915,1.297141181823783,2.6020876571772957,8909,0.8909,0,0,0,5,0.13939604741453948,8690.248203411687,RandomAgent_1,15515.824813205385,EpsilonGreedyAgent_1,17415.4354794684,UCB_BaselineAgent_1,12871.395440392385,RiskAverseEpsilonGreedyAgent_1,10364.155154711292,RiskAverseUCBAgent_1,,,,,,,,,,
balanced_linear_share_baseline,baseline,balanced,linear_share,24,10000,5,5,,,,,,64607.2344024263,6.46072344024263,1.2921446880485261,2.6873484617738947,8872,0.8872,0,0,0,5,0.13368929204882352,8695.607583630246,RandomAgent_1,16914.16607824448,EpsilonGreedyAgent_1,15635.488134640658,UCB_BaselineAgent_1,12882.606053273692,RiskAverseEpsilonGreedyAgent_1,10479.366552637224,RiskAverseUCBAgent_1,,,,,,,,,,
balanced_linear_share_baseline,baseline,balanced,linear_share,25,10000,5,5,,,,,,64682.64157979891,6.468264157979891,1.293652831595978,2.700341984752731,8976,0.8976,0,0,0,5,0.13383666690932583,8677.655489627603,RandomAgent_1,16812.135460359365,EpsilonGreedyAgent_1,15802.705999593878,UCB_BaselineAgent_1,12960.751578987814,RiskAverseEpsilonGreedyAgent_1,10429.393051230252,RiskAverseUCBAgent_1,,,,,,,,,,
balanced_linear_share_baseline,baseline,balanced,linear_share,26,10000,5,5,,,,,,65225.013054778494,6.522501305477849,1.3045002610955698,2.630097534930679,8798,0.8798,0,0,0,5,0.1379619465115156,8722.330841526302,RandomAgent_1,15486.667715648435,EpsilonGreedyAgent_1,17474.912193284115,UCB_BaselineAgent_1,10495.4060134734,RiskAverseEpsilonGreedyAgent_1,13045.696290846241,RiskAverseUCBAgent_1,,,,,,,,,,
balanced_linear_share_baseline,baseline,balanced,linear_share,27,10000,5,5,,,,,,64950.457118714876,6.495045711871487,1.2990091423742975,2.6577470507680734,8921,0.8921,0,0,0,5,0.1363834037847913,8773.686450771973,RandomAgent_1,15377.464625418257,EpsilonGreedyAgent_1,17379.79778191299,UCB_BaselineAgent_1,12975.232020982528,RiskAverseEpsilonGreedyAgent_1,10444.27623962913,RiskAverseUCBAgent_1,,,,,,,,,,
balanced_linear_share_baseline,baseline,balanced,linear_share,28,10000,5,5,,,,,,64752.18068993045,6.475218068993045,1.295043613798609,2.680358756167655,8868,0.8868,0,0,0,5,0.1321349197657089,8774.32637340593,RandomAgent_1,15105.918484182155,EpsilonGreedyAgent_1,17215.622462037005,UCB_BaselineAgent_1,10598.450161147699,RiskAverseEpsilonGreedyAgent_1,13057.863209157664,RiskAverseUCBAgent_1,,,,,,,,,,
balanced_linear_share_baseline,baseline,balanced,linear_share,29,10000,5,5,,,,,,64710.85372250693,6.471085372250693,1.2942170744501387,2.648609831040536,8828,0.8828,0,0,0,5,0.13926304051269978,8669.740473545282,RandomAgent_1,15017.456281600987,EpsilonGreedyAgent_1,17636.49373963824,UCB_BaselineAgent_1,12965.776022857652,RiskAverseEpsilonGreedyAgent_1,10421.387204864768,RiskAverseUCBAgent_1,,,,,,,,,,
balanced_linear_share_cb_opaque_ratio06_halt3,circuit_breaker,balanced,linear_share,0,10000,5,5,3,0.6,3,0.0,False,63591.91505519681,6.359191505519681,1.2718383011039363,2.6376209378828634,8843,0.8843,694,287,0,4.9139,0.1316162077771097,8605.744472723241,RandomAgent_1,14751.007510107227,EpsilonGreedyAgent_1,12915.84500522838,UCB_BaselineAgent_1,10417.94597893798,RiskAverseEpsilonGreedyAgent_1,16901.372088199983,RiskAverseUCBAgent_1,,,,,,,,,,
balanced_linear_share_cb_opaque_ratio06_halt3,circuit_breaker,balanced,linear_share,1,10000,5,5,3,0.6,3,0.0,False,63575.41526685516,6.357541526685516,1.2715083053371032,2.6873096655026147,8855,0.8855,689,306,0,4.9082,0.1337721802092675,8567.52675147599,RandomAgent_1,16671.136647517502,EpsilonGreedyAgent_1,15306.794957535845,UCB_BaselineAgent_1,12777.496930598893,RiskAverseEpsilonGreedyAgent_1,10252.459979726933,RiskAverseUCBAgent_1,,,,,,,,,,
balanced_linear_share_cb_opaque_ratio06_halt3,circuit_breaker,balanced,linear_share,2,10000,5,5,3,0.6,3,0.0,False,61731.835280448686,6.173183528044868,1.2346367056089738,2.5717759078891986,8782,0.8782,723,309,0,4.9073,0.14135842632146067,8740.818763161573,RandomAgent_1,14399.97068972887,EpsilonGreedyAgent_1,17041.909940924266,UCB_BaselineAgent_1,9186.36532230462,RiskAverseEpsilonGreedyAgent_1,12362.770564329354,RiskAverseUCBAgent_1,,,,,,,,,,
balanced_linear_share_cb_opaque_ratio06_halt3,circuit_breaker,balanced,linear_share,3,10000,5,5,3,0.6,3,0.0,False,64432.623089914894,6.443262308991489,1.288652461798298,2.646808102999435,8864,0.8864,655,276,0,4.9172,0.13704913498649995,8673.306674686926,RandomAgent_1,15206.638610545486,EpsilonGreedyAgent_1,17313.346899979664,UCB_BaselineAgent_1,10410.63091267087,RiskAverseEpsilonGreedyAgent_1,12828.699992031945,RiskAverseUCBAgent_1,,,,,,,,,,
balanced_linear_share_cb_opaque_ratio06_halt3,circuit_breaker,balanced,linear_share,4,10000,5,5,3,0.6,3,0.0,False,63815.935668985905,6.381593566898591,1.276318713379718,2.623210234648749,8783,0.8783,674,295,0,4.9115,0.14127802909443088,8530.832523657704,RandomAgent_1,14783.920041615595,EpsilonGreedyAgent_1,17534.911443850673,UCB_BaselineAgent_1,12713.667818188713,RiskAverseEpsilonGreedyAgent_1,10252.603841673219,RiskAverseUCBAgent_1,,,,,,,,,,
balanced_linear_share_cb_opaque_ratio06_halt3,circuit_breaker,balanced,linear_share,5,10000,5,5,3,0.6,3,0.0,False,64054.80945601616,6.405480945601616,1.2810961891203232,2.6122975254174117,8845,0.8845,672,302,0,4.9094,0.1392780504788167,8600.596693361167,RandomAgent_1,15137.014120077602,EpsilonGreedyAgent_1,17333.472204075853,UCB_BaselineAgent_1,12684.533759059555,RiskAverseEpsilonGreedyAgent_1,10299.192679441987,RiskAverseUCBAgent_1,,,,,,,,,,
balanced_linear_share_cb_opaque_ratio06_halt3,circuit_breaker,balanced,linear_share,6,10000,5,5,3,0.6,3,0.0,False,62922.79152201567,6.2922791522015675,1.2584558304403135,2.631942679242935,8825,0.8825,649,287,0,4.9139,0.13471933283555737,8887.698068926387,RandomAgent_1,14251.486332395765,EpsilonGreedyAgent_1,17217.010400355946,UCB_BaselineAgent_1,9717.819760262813,RiskAverseEpsilonGreedyAgent_1,12848.77696007476,RiskAverseUCBAgent_1,,,,,,,,,,
balanced_linear_share_cb_opaque_ratio06_halt3,circuit_breaker,balanced,linear_share,7,10000,5,5,3,0.6,3,0.0,False,63982.094510559305,6.398209451055931,1.2796418902111861,2.6659320824075703,8853,0.8853,746,311,0,4.9067,0.1348678945793902,8527.798128906332,RandomAgent_1,16825.10661333479,EpsilonGreedyAgent_1,15412.18098664417,UCB_BaselineAgent_1,10433.97201195437,RiskAverseEpsilonGreedyAgent_1,12783.036769719645,RiskAverseUCBAgent_1,,,,,,,,,,
balanced_linear_share_cb_opaque_ratio06_halt3,circuit_breaker,balanced,linear_share,8,10000,5,5,3,0.6,3,0.0,False,63669.35560885961,6.366935560885961,1.2733871121771922,2.6543930067997157,8937,0.8937,637,265,0,4.9205,0.1309318468809646,8636.289573599304,RandomAgent_1,10334.820048762238,EpsilonGreedyAgent_1,15501.247175653243,UCB_BaselineAgent_1,16473.508909639935,RiskAverseEpsilonGreedyAgent_1,12723.489901204886,RiskAverseUCBAgent_1,,,,,,,,,,
balanced_linear_share_cb_opaque_ratio06_halt3,circuit_breaker,balanced,linear_share,9,10000,5,5,3,0.6,3,0.0,False,64344.99085387498,6.434499085387498,1.2868998170774997,2.6426682935709525,8787,0.8787,689,291,0,4.9127,0.13884255572039028,8606.376203014099,RandomAgent_1,15456.373312586096,EpsilonGreedyAgent_1,17188.04960438833,UCB_BaselineAgent_1,10285.162670441716,RiskAverseEpsilonGreedyAgent_1,12809.02906344474,RiskAverseUCBAgent_1,,,,,,,,,,
balanced_linear_share_cb_opaque_ratio06_halt3,circuit_breaker,balanced,linear_share,10,10000,5,5,3,0.6,3,0.0,False,63990.57003931009,6.399057003931009,1.2798114007862018,2.689363841824373,8840,0.884,723,307,0,4.908,0.13548728819578604,8600.81273559388,RandomAgent_1,16710.948431132252,EpsilonGreedyAgent_1,15772.266351315931,UCB_BaselineAgent_1,10317.765730571049,RiskAverseEpsilonGreedyAgent_1,12588.77679069698,RiskAverseUCBAgent_1,,,,,,,,,,
balanced_linear_share_cb_opaque_ratio06_halt3,circuit_breaker,balanced,linear_share,11,10000,5,5,3,0.6,3,0.0,False,63947.62277902453,6.394762277902453,1.2789524555804905,2.7024451114394106,8874,0.8874,642,271,0,4.9187,0.1325170824986739,8663.434533231752,RandomAgent_1,16624.97906489334,EpsilonGreedyAgent_1,15603.598712779287,UCB_BaselineAgent_1,10341.306767597282,RiskAverseEpsilonGreedyAgent_1,12714.303700522874,RiskAverseUCBAgent_1,,,,,,,,,,
balanced_linear_share_cb_opaque_ratio06_halt3,circuit_breaker,balanced,linear_share,12,10000,5,5,3,0.6,3,0.0,False,63919.262642081056,6.391926264208106,1.278385252841621,2.67162550360474,8849,0.8849,706,291,0,4.9127,0.139375377094763,8612.02806094104,RandomAgent_1,10108.449238910387,EpsilonGreedyAgent_1,15630.236108511497,UCB_BaselineAgent_1,12581.450439628577,RiskAverseEpsilonGreedyAgent_1,16987.09879408955,RiskAverseUCBAgent_1,,,,,,,,,,
balanced_linear_share_cb_opaque_ratio06_halt3,circuit_breaker,balanced,linear_share,13,10000,5,5,3,0.6,3,0.0,False,64025.67393749772,6.402567393749772,1.2805134787499544,2.6609228439928665,8903,0.8903,788,357,0,4.8929,0.1337060600555311,8700.063772838224,RandomAgent_1,15600.03007971815,EpsilonGreedyAgent_1,12799.082237861548,UCB_BaselineAgent_1,16709.382274831794,RiskAverseEpsilonGreedyAgent_1,10217.115572248003,RiskAverseUCBAgent_1,,,,,,,,,,
balanced_linear_share_cb_opaque_ratio06_halt3,circuit_breaker,balanced,linear_share,14,10000,5,5,3,0.6,3,0.0,False,64281.732260561,6.4281732260561,1.28563464521122,2.6183695559482074,8844,0.8844,619,272,0,4.9184,0.13809027832553222,8675.666951336227,RandomAgent_1,15323.225854236483,EpsilonGreedyAgent_1,17242.424982003067,UCB_BaselineAgent_1,12775.37830518557,RiskAverseEpsilonGreedyAgent_1,10265.036167799657,RiskAverseUCBAgent_1,,,,,,,,,,
balanced_linear_share_cb_opaque_ratio06_halt3,circuit_breaker,balanced,linear_share,15,10000,5,5,3,0.6,3,0.0,False,63741.38238363123,6.374138238363123,1.2748276476726246,2.6935119086103336,8783,0.8783,702,306,0,4.9082,0.1316432879660483,8736.046565503602,RandomAgent_1,15125.157203020479,EpsilonGreedyAgent_1,16826.668664610126,UCB_BaselineAgent_1,12724.921440469383,RiskAverseEpsilonGreedyAgent_1,10328.588510027637,RiskAverseUCBAgent_1,,,,,,,,,,
balanced_linear_share_cb_opaque_ratio06_halt3,circuit_breaker,balanced,linear_share,16,10000,5,5,3,0.6,3,0.0,False,63758.13548866128,6.3758135488661285,1.2751627097732257,2.670489424306863,8862,0.8862,699,294,0,4.9118,0.1392144695319424,8455.97822181338,RandomAgent_1,14883.044304972102,EpsilonGreedyAgent_1,17269.743263845943,UCB_BaselineAgent_1,10320.436863037974,RiskAverseEpsilonGreedyAgent_1,12828.93283499188,RiskAverseUCBAgent_1,,,,,,,,,,
balanced_linear_share_cb_opaque_ratio06_halt3,circuit_breaker,balanced,linear_share,17,10000,5,5,3,0.6,3,0.0,False,64224.70550085771,6.42247055008577,1.284494110017154,2.6325957076731696,8886,0.8886,633,262,0,4.9214,0.1386972057197453,8556.295463305063,RandomAgent_1,15116.39488891737,EpsilonGreedyAgent_1,17335.446213081825,UCB_BaselineAgent_1,10405.228410614623,RiskAverseEpsilonGreedyAgent_1,12811.340524938827,RiskAverseUCBAgent_1,,,,,,,,,,
balanced_linear_share_cb_opaque_ratio06_halt3,circuit_breaker,balanced,linear_share,18,10000,5,5,3,0.6,3,0.0,False,63805.15249781075,6.380515249781075,1.276103049956215,2.6065121283647024,8816,0.8816,686,297,0,4.9109,0.14340894611127553,8606.378308702457,RandomAgent_1,15263.742316445927,EpsilonGreedyAgent_1,17325.691380861826,UCB_BaselineAgent_1,9826.794270313989,RiskAverseEpsilonGreedyAgent_1,12782.546221486546,RiskAverseUCBAgent_1,,,,,,,,,,
balanced_linear_share_cb_opaque_ratio06_halt3,circuit_breaker,balanced,linear_share,19,10000,5,5,3,0.6,3,0.0,False,63502.52715916671,6.350252715916671,1.2700505431833342,2.666421486750748,8879,0.8879,707,295,0,4.9115,0.1353969266265156,8622.223032328944,RandomAgent_1,16545.954258506845,EpsilonGreedyAgent_1,15600.692292693677,UCB_BaselineAgent_1,9953.037219129466,RiskAverseEpsilonGreedyAgent_1,12780.620356507778,RiskAverseUCBAgent_1,,,,,,,,,,
balanced_linear_share_cb_opaque_ratio06_halt3,circuit_breaker,balanced,linear_share,20,10000,5,5,3,0.6,3,0.0,False,63551.43758701196,6.355143758701196,1.2710287517402392,2.622629559530259,8871,0.8871,738,316,0,4.9052,0.13319752362899662,8623.667185078099,RandomAgent_1,15298.283383785907,EpsilonGreedyAgent_1,12804.446026514908,UCB_BaselineAgent_1,16645.44241737839,RiskAverseEpsilonGreedyAgent_1,10179.598574254658,RiskAverseUCBAgent_1,,,,,,,,,,
balanced_linear_share_cb_opaque_ratio06_halt3,circuit_breaker,balanced,linear_share,21,10000,5,5,3,0.6,3,0.0,False,64049.56364899216,6.404956364899216,1.2809912729798432,2.6700461894282257,8887,0.8887,771,329,0,4.9013,0.133308905495223,8764.015747841167,RandomAgent_1,15625.242871543805,EpsilonGreedyAgent_1,12729.18047558089,UCB_BaselineAgent_1,16726.61874896641,RiskAverseEpsilonGreedyAgent_1,10204.505805059882,RiskAverseUCBAgent_1,,,,,,,,,,
balanced_linear_share_cb_opaque_ratio06_halt3,circuit_breaker,balanced,linear_share,22,10000,5,5,3,0.6,3,0.0,False,64245.78285069081,6.424578285069082,1.2849156570138163,2.653094743550197,8766,0.8766,736,309,0,4.9073,0.13484105525808232,8529.993132148442,RandomAgent_1,16680.15947346097,EpsilonGreedyAgent_1,15766.110976768083,UCB_BaselineAgent_1,10409.020770721234,RiskAverseEpsilonGreedyAgent_1,12860.498497592083,RiskAverseUCBAgent_1,,,,,,,,,,
balanced_linear_share_cb_opaque_ratio06_halt3,circuit_breaker,balanced,linear_share,23,10000,5,5,3,0.6,3,0.0,False,64018.08915799371,6.4018089157993705,1.2803617831598741,2.6579878518327558,8913,0.8913,649,273,0,4.9183,0.13315376597930118,8543.97325924705,RandomAgent_1,16572.2836746281,EpsilonGreedyAgent_1,15677.583200865976,UCB_BaselineAgent_1,10423.579876164207,RiskAverseEpsilonGreedyAgent_1,12800.669147088374,RiskAverseUCBAgent_1,,,,,,,,,,
balanced_linear_share_cb_opaque_ratio06_halt3,circuit_breaker,balanced,linear_share,24,10000,5,5,3,0.6,3,0.0,False,63515.78565772647,6.3515785657726465,1.2703157131545293,2.64628572470707,8798,0.8798,613,260,0,4.9222,0.1393981080507083,8464.242371128157,RandomAgent_1,14908.013714310577,EpsilonGreedyAgent_1,17140.003754854686,UCB_BaselineAgent_1,10124.58560166016,RiskAverseEpsilonGreedyAgent_1,12878.940215772887,RiskAverseUCBAgent_1,,,,,,,,,,
balanced_linear_share_cb_opaque_ratio06_halt3,circuit_breaker,balanced,linear_share,25,10000,5,5,3,0.6,3,0.0,False,63704.312126351564,6.3704312126351565,1.2740862425270312,2.679192531843729,8869,0.8869,659,285,0,4.9145,0.1337442319784341,8524.312383246908,RandomAgent_1,16815.574803102474,EpsilonGreedyAgent_1,15166.066227844269,UCB_BaselineAgent_1,10448.380319922057,RiskAverseEpsilonGreedyAgent_1,12749.978392235858,RiskAverseUCBAgent_1,,,,,,,,,,
balanced_linear_share_cb_opaque_ratio06_halt3,circuit_breaker,balanced,linear_share,26,10000,5,5,3,0.6,3,0.0,False,62871.86594868206,6.287186594868206,1.2574373189736412,2.545825470069387,8879,0.8879,732,326,0,4.9022,0.1267580547328706,8825.94642698857,RandomAgent_1,16711.586932023984,EpsilonGreedyAgent_1,12802.619116416563,UCB_BaselineAgent_1,14342.11051294197,RiskAverseEpsilonGreedyAgent_1,10189.602960310975,RiskAverseUCBAgent_1,,,,,,,,,,
balanced_linear_share_cb_opaque_ratio06_halt3,circuit_breaker,balanced,linear_share,27,10000,5,5,3,0.6,3,0.0,False,64345.133341200184,6.434513334120019,1.2869026668240038,2.6813659204988607,8889,0.8889,666,290,0,4.913,0.13413058823804658,8723.332377095094,RandomAgent_1,16823.851453386735,EpsilonGreedyAgent_1,15661.842626990245,UCB_BaselineAgent_1,12849.852567431373,RiskAverseEpsilonGreedyAgent_1,10286.25431629674,RiskAverseUCBAgent_1,,,,,,,,,,
balanced_linear_share_cb_opaque_ratio06_halt3,circuit_breaker,balanced,linear_share,28,10000,5,5,3,0.6,3,0.0,False,63904.81108227353,6.390481108227354,1.2780962216454705,2.6785133415362368,8884,0.8884,736,306,0,4.9082,0.13244780281053226,8582.412623686152,RandomAgent_1,16529.559047462113,EpsilonGreedyAgent_1,15602.693636131877,UCB_BaselineAgent_1,10336.856941510623,RiskAverseEpsilonGreedyAgent_1,12853.288833482771,RiskAverseUCBAgent_1,,,,,,,,,,
balanced_linear_share_cb_opaque_ratio06_halt3,circuit_breaker,balanced,linear_share,29,10000,5,5,3,0.6,3,0.0,False,63521.05122244013,6.352105122244013,1.2704210244488026,2.677879592592333,8832,0.8832,723,319,0,4.9043,0.13087713705483828,8628.664107353248,RandomAgent_1,16402.829884533698,EpsilonGreedyAgent_1,15497.588032355068,UCB_BaselineAgent_1,12729.68292824891,RiskAverseEpsilonGreedyAgent_1,10262.286269949203,RiskAverseUCBAgent_1,,,,,,,,,,
balanced_linear_share_cb_transparent_ratio06_halt3,circuit_breaker,balanced,linear_share,0,10000,5,5,3,0.6,3,0.0,True,64458.40951344889,6.445840951344889,1.2891681902689778,2.6679160012889858,9088,0.9088,0,428,0,4.8716,0.13614897955078398,8555.449927177247,RandomAgent_1,12785.918036554147,EpsilonGreedyAgent_1,15719.003749398475,UCB_BaselineAgent_1,10488.104266291839,RiskAverseEpsilonGreedyAgent_1,16909.933534027183,RiskAverseUCBAgent_1,,,,,,,,,,
balanced_linear_share_cb_transparent_ratio06_halt3,circuit_breaker,balanced,linear_share,1,10000,5,5,3,0.6,3,0.0,True,63859.89272757411,6.385989272757411,1.2771978545514822,2.7047283270345486,9245,0.9245,0,482,0,4.8554,0.13014179202506937,8619.751081186841,RandomAgent_1,16465.587591887674,EpsilonGreedyAgent_1,15521.85724340937,UCB_BaselineAgent_1,12816.268741517173,RiskAverseEpsilonGreedyAgent_1,10436.428069573049,RiskAverseUCBAgent_1,,,,,,,,,,
balanced_linear_share_cb_transparent_ratio06_halt3,circuit_breaker,balanced,linear_share,2,10000,5,5,3,0.6,3,0.0,True,63707.74289103059,6.370774289103059,1.2741548578206119,2.672644409887631,9116,0.9116,0,464,0,4.8608,0.13436035037858662,8572.153741439153,RandomAgent_1,16548.864314633713,EpsilonGreedyAgent_1,15545.301716989308,UCB_BaselineAgent_1,10099.236221708965,RiskAverseEpsilonGreedyAgent_1,12942.186896259453,RiskAverseUCBAgent_1,,,,,,,,,,
balanced_linear_share_cb_transparent_ratio06_halt3,circuit_breaker,balanced,linear_share,3,10000,5,5,3,0.6,3,0.0,True,64605.40668525091,6.460540668525091,1.2921081337050182,2.6703626012239887,9251,0.9251,0,419,0,4.8744,0.14032881257621233,8568.463933950317,RandomAgent_1,15484.811331692757,EpsilonGreedyAgent_1,17378.26268872319,UCB_BaselineAgent_1,12734.459905007547,RiskAverseEpsilonGreedyAgent_1,10439.408825877099,RiskAverseUCBAgent_1,,,,,,,,,,
balanced_linear_share_cb_transparent_ratio06_halt3,circuit_breaker,balanced,linear_share,4,10000,5,5,3,0.6,3,0.0,True,64103.7738422906,6.41037738422906,1.282075476845812,2.660201365400812,9150,0.915,0,462,0,4.8614,0.13309371704568052,8535.695395763634,RandomAgent_1,16555.699479909654,EpsilonGreedyAgent_1,15753.737718597362,UCB_BaselineAgent_1,12794.419204445852,RiskAverseEpsilonGreedyAgent_1,10464.222043574098,RiskAverseUCBAgent_1,,,,,,,,,,
balanced_linear_share_cb_transparent_ratio06_halt3,circuit_breaker,balanced,linear_share,5,10000,5,5,3,0.6,3,0.0,True,63883.037042233234,6.388303704223324,1.2776607408446647,2.6562477586592577,9033,0.9033,0,381,0,4.8857,0.1376365377983415,8502.312979014103,RandomAgent_1,14933.23646240129,EpsilonGreedyAgent_1,17221.1916102262,UCB_BaselineAgent_1,10389.393618485048,RiskAverseEpsilonGreedyAgent_1,12836.902372106591,RiskAverseUCBAgent_1,,,,,,,,,,
balanced_linear_share_cb_transparent_ratio06_halt3,circuit_breaker,balanced,linear_share,6,10000,5,5,3,0.6,3,0.0,True,64438.787610418665,6.443878761041867,1.2887757522083734,2.6667133360312447,9045,0.9045,0,426,0,4.8722,0.1326113206485311,8573.67414878062,RandomAgent_1,16505.499680765002,EpsilonGreedyAgent_1,15912.28263770997,UCB_BaselineAgent_1,10412.651886659196,RiskAverseEpsilonGreedyAgent_1,13034.67925650388,RiskAverseUCBAgent_1,,,,,,,,,,
balanced_linear_share_cb_transparent_ratio06_halt3,circuit_breaker,balanced,linear_share,7,10000,5,5,3,0.6,3,0.0,True,63269.71594560635,6.326971594560635,1.265394318912127,2.6704226029323848,9211,0.9211,0,470,0,4.859,0.13470336997862464,8397.250735971098,RandomAgent_1,14891.55560123989,EpsilonGreedyAgent_1,16815.291223946995,UCB_BaselineAgent_1,12744.591695915426,RiskAverseEpsilonGreedyAgent_1,10421.026688532946,RiskAverseUCBAgent_1,,,,,,,,,,
balanced_linear_share_cb_transparent_ratio06_halt3,circuit_breaker,balanced,linear_share,8,10000,5,5,3,0.6,3,0.0,True,63667.60067535363,6.366760067535362,1.2733520135070726,2.650607974475946,9224,0.9224,0,441,0,4.8677,0.13157024665688355,8563.787332671387,RandomAgent_1,14907.04937965014,EpsilonGreedyAgent_1,16834.550646770327,UCB_BaselineAgent_1,10506.671195577439,RiskAverseEpsilonGreedyAgent_1,12855.542120684337,RiskAverseUCBAgent_1,,,,,,,,,,
balanced_linear_share_cb_transparent_ratio06_halt3,circuit_breaker,balanced,linear_share,9,10000,5,5,3,0.6,3,0.0,True,63630.43755424376,6.363043755424377,1.2726087510848754,2.6694945144525803,9133,0.9133,0,445,0,4.8665,0.14117932381330012,8593.254184872072,RandomAgent_1,15269.941181350436,EpsilonGreedyAgent_1,17116.595621016775,UCB_BaselineAgent_1,9858.368684008428,RiskAverseEpsilonGreedyAgent_1,12792.277882996048,RiskAverseUCBAgent_1,,,,,,,,,,
balanced_linear_share_cb_transparent_ratio06_halt3,circuit_breaker,balanced,linear_share,10,10000,5,5,3,0.6,3,0.0,True,63855.32946711687,6.385532946711687,1.2771065893423375,2.662904153633859,9270,0.927,0,423,0,4.8731,0.13108633182222307,8526.893339961845,RandomAgent_1,12871.942774262421,EpsilonGreedyAgent_1,15755.551727365191,UCB_BaselineAgent_1,16308.526281981842,RiskAverseEpsilonGreedyAgent_1,10392.415343545568,RiskAverseUCBAgent_1,,,,,,,,,,
balanced_linear_share_cb_transparent_ratio06_halt3,circuit_breaker,balanced,linear_share,11,10000,5,5,3,0.6,3,0.0,True,64008.6710030527,6.400867100305271,1.2801734200610542,2.6967871200027687,9193,0.9193,0,400,0,4.88,0.1323999851756743,8556.098749178649,RandomAgent_1,16447.529568124693,EpsilonGreedyAgent_1,15795.771843054861,UCB_BaselineAgent_1,10391.76575114994,RiskAverseEpsilonGreedyAgent_1,12817.505091544557,RiskAverseUCBAgent_1,,,,,,,,,,
balanced_linear_share_cb_transparent_ratio06_halt3,circuit_breaker,balanced,linear_share,12,10000,5,5,3,0.6,3,0.0,True,63943.09142942253,6.394309142942253,1.2788618285884505,2.6610664477449384,9203,0.9203,0,449,0,4.8653,0.13837630753509722,8499.263755888624,RandomAgent_1,15123.997835806484,EpsilonGreedyAgent_1,17211.60904561298,UCB_BaselineAgent_1,12680.054587815775,RiskAverseEpsilonGreedyAgent_1,10428.166204298666,RiskAverseUCBAgent_1,,,,,,,,,,
balanced_linear_share_cb_transparent_ratio06_halt3,circuit_breaker,balanced,linear_share,13,10000,5,5,3,0.6,3,0.0,True,64771.829391594205,6.4771829391594204,1.295436587831884,2.6426051598968585,9158,0.9158,0,369,0,4.8893,0.13486465233206757,8727.23526272896,RandomAgent_1,15295.784110356875,EpsilonGreedyAgent_1,17244.417967338763,UCB_BaselineAgent_1,10491.573890053098,RiskAverseEpsilonGreedyAgent_1,13012.818161116507,RiskAverseUCBAgent_1,,,,,,,,,,
balanced_linear_share_cb_transparent_ratio06_halt3,circuit_breaker,balanced,linear_share,14,10000,5,5,3,0.6,3,0.0,True,64327.44540252231,6.432744540252231,1.2865489080504462,2.640156035055857,9127,0.9127,0,378,0,4.8866,0.13045748430099824,8645.004434995548,RandomAgent_1,16510.340761501717,EpsilonGreedyAgent_1,15727.194736953052,UCB_BaselineAgent_1,10477.875643158204,RiskAverseEpsilonGreedyAgent_1,12967.029825913785,RiskAverseUCBAgent_1,,,,,,,,,,
balanced_linear_share_cb_transparent_ratio06_halt3,circuit_breaker,balanced,linear_share,15,10000,5,5,3,0.6,3,0.0,True,63993.237277165674,6.399323727716568,1.2798647455433134,2.649115023629723,9081,0.9081,0,405,0,4.8785,0.13147562609359698,8653.776070783748,RandomAgent_1,15211.57722698948,EpsilonGreedyAgent_1,16805.08427727096,UCB_BaselineAgent_1,10480.316298035208,RiskAverseEpsilonGreedyAgent_1,12842.483404086277,RiskAverseUCBAgent_1,,,,,,,,,,
balanced_linear_share_cb_transparent_ratio06_halt3,circuit_breaker,balanced,linear_share,16,10000,5,5,3,0.6,3,0.0,True,64317.83924403238,6.431783924403238,1.2863567848806476,2.668103711316761,9084,0.9084,0,383,0,4.8851,0.13906028599181308,8500.735959854934,RandomAgent_1,15194.185526123794,EpsilonGreedyAgent_1,17282.8865149612,UCB_BaselineAgent_1,10398.343837209839,RiskAverseEpsilonGreedyAgent_1,12941.68740588261,RiskAverseUCBAgent_1,,,,,,,,,,
balanced_linear_share_cb_transparent_ratio06_halt3,circuit_breaker,balanced,linear_share,17,10000,5,5,3,0.6,3,0.0,True,64449.220888076794,6.4449220888076795,1.288984417761536,2.6628809529569653,9159,0.9159,0,338,0,4.8986,0.13914478594652802,8625.900504741607,RandomAgent_1,15257.046689084202,EpsilonGreedyAgent_1,17428.565809087548,UCB_BaselineAgent_1,12694.763199617233,RiskAverseEpsilonGreedyAgent_1,10442.944685546207,RiskAverseUCBAgent_1,,,,,,,,,,
balanced_linear_share_cb_transparent_ratio06_halt3,circuit_breaker,balanced,linear_share,18,10000,5,5,3,0.6,3,0.0,True,63708.275198505115,6.370827519850511,1.2741655039701023,2.6538603005269565,9190,0.919,0,438,0,4.8686,0.12792051870105214,8728.019686581712,RandomAgent_1,16591.805853164813,EpsilonGreedyAgent_1,15091.918954404346,UCB_BaselineAgent_1,12851.028439139085,RiskAverseEpsilonGreedyAgent_1,10445.502265215157,RiskAverseUCBAgent_1,,,,,,,,,,
balanced_linear_share_cb_transparent_ratio06_halt3,circuit_breaker,balanced,linear_share,19,10000,5,5,3,0.6,3,0.0,True,63371.41125037358,6.337141125037358,1.2674282250074715,2.6433545556806752,9252,0.9252,0,489,0,4.8533,0.13350949362987463,8670.101045376128,RandomAgent_1,16496.47635555518,EpsilonGreedyAgent_1,15489.946280861259,UCB_BaselineAgent_1,9990.984334599572,RiskAverseEpsilonGreedyAgent_1,12723.903233981438,RiskAverseUCBAgent_1,,,,,,,,,,
balanced_linear_share_cb_transparent_ratio06_halt3,circuit_breaker,balanced,linear_share,20,10000,5,5,3,0.6,3,0.0,True,63840.594937459144,6.384059493745914,1.2768118987491828,2.658576913216129,9083,0.9083,0,427,0,4.8719,0.13185961208349162,8585.823142322537,RandomAgent_1,16514.55431620913,EpsilonGreedyAgent_1,15600.818599365832,UCB_BaselineAgent_1,12726.108141504308,RiskAverseEpsilonGreedyAgent_1,10413.29073805734,RiskAverseUCBAgent_1,,,,,,,,,,
balanced_linear_share_cb_transparent_ratio06_halt3,circuit_breaker,balanced,linear_share,21,10000,5,5,3,0.6,3,0.0,True,62673.140876742014,6.267314087674201,1.2534628175348403,2.6164691480136506,9128,0.9128,0,449,0,4.8654,0.13365691561617532,8984.473074597314,RandomAgent_1,14787.276074166684,EpsilonGreedyAgent_1,17283.64470913552,UCB_BaselineAgent_1,11173.874429507816,RiskAverseEpsilonGreedyAgent_1,10443.872589334684,RiskAverseUCBAgent_1,,,,,,,,,,
balanced_linear_share_cb_transparent_ratio06_halt3,circuit_breaker,balanced,linear_share,22,10000,5,5,3,0.6,3,0.0,True,64138.043211287644,6.413804321128764,1.2827608642257529,2.663044047763708,9164,0.9164,0,429,0,4.8713,0.13390891219016088,8630.784761748095,RandomAgent_1,16706.61481797938,EpsilonGreedyAgent_1,15695.42076345973,UCB_BaselineAgent_1,12729.78098325076,RiskAverseEpsilonGreedyAgent_1,10375.441884849679,RiskAverseUCBAgent_1,,,,,,,,,,
balanced_linear_share_cb_transparent_ratio06_halt3,circuit_breaker,balanced,linear_share,23,10000,5,5,3,0.6,3,0.0,True,64046.79210330958,6.404679210330958,1.2809358420661916,2.644411694062182,9109,0.9109,0,391,0,4.8827,0.13533122639972617,8547.48264796521,RandomAgent_1,16707.532012067877,EpsilonGreedyAgent_1,15690.83115030703,UCB_BaselineAgent_1,12758.843720230094,RiskAverseEpsilonGreedyAgent_1,10342.102572739363,RiskAverseUCBAgent_1,,,,,,,,,,
balanced_linear_share_cb_transparent_ratio06_halt3,circuit_breaker,balanced,linear_share,24,10000,5,5,3,0.6,3,0.0,True,64172.39094688902,6.417239094688902,1.2834478189377805,2.6738701188271388,9081,0.9081,0,426,0,4.8723,0.13624795085636365,8497.281471812454,RandomAgent_1,12761.06859310392,EpsilonGreedyAgent_1,15642.350838846929,UCB_BaselineAgent_1,10444.258687101914,RiskAverseEpsilonGreedyAgent_1,16827.4313560238,RiskAverseUCBAgent_1,,,,,,,,,,
balanced_linear_share_cb_transparent_ratio06_halt3,circuit_breaker,balanced,linear_share,25,10000,5,5,3,0.6,3,0.0,True,64061.870031770595,6.40618700317706,1.281237400635412,2.649650140079496,9147,0.9147,0,392,0,4.8824,0.13604967390762646,8596.154845749516,RandomAgent_1,14938.218803212245,EpsilonGreedyAgent_1,17253.248778905425,UCB_BaselineAgent_1,10463.415350186211,RiskAverseEpsilonGreedyAgent_1,12810.8322537172,RiskAverseUCBAgent_1,,,,,,,,,,
balanced_linear_share_cb_transparent_ratio06_halt3,circuit_breaker,balanced,linear_share,26,10000,5,5,3,0.6,3,0.0,True,64160.626849895096,6.41606268498951,1.283212536997902,2.65321551301847,9157,0.9157,0,473,0,4.8581,0.13436680265486678,8636.813264173255,RandomAgent_1,15359.65646384148,EpsilonGreedyAgent_1,16912.161419916167,UCB_BaselineAgent_1,10357.707059946304,RiskAverseEpsilonGreedyAgent_1,12894.288642017887,RiskAverseUCBAgent_1,,,,,,,,,,
balanced_linear_share_cb_transparent_ratio06_halt3,circuit_breaker,balanced,linear_share,27,10000,5,5,3,0.6,3,0.0,True,64343.80095758886,6.434380095758886,1.2868760191517772,2.6541999613218423,9101,0.9101,0,410,0,4.877,0.13271107232468227,8709.755607108995,RandomAgent_1,16751.430633317468,EpsilonGreedyAgent_1,15683.392173226408,UCB_BaselineAgent_1,12780.317374611448,RiskAverseEpsilonGreedyAgent_1,10418.905169324542,RiskAverseUCBAgent_1,,,,,,,,,,
balanced_linear_share_cb_transparent_ratio06_halt3,circuit_breaker,balanced,linear_share,28,10000,5,5,3,0.6,3,0.0,True,64265.3860838058,6.42653860838058,1.285307721676116,2.649646119993095,9109,0.9109,0,399,0,4.8803,0.1304886180778484,8725.065768729493,RandomAgent_1,15062.299355001926,EpsilonGreedyAgent_1,16927.53587996893,UCB_BaselineAgent_1,10502.486026692757,RiskAverseEpsilonGreedyAgent_1,13047.9990534127,RiskAverseUCBAgent_1,,,,,,,,,,
balanced_linear_share_cb_transparent_ratio06_halt3,circuit_breaker,balanced,linear_share,29,10000,5,5,3,0.6,3,0.0,True,63265.17122285084,6.326517122285084,1.2653034244570167,2.6444036456816504,9094,0.9094,0,414,0,4.8758,0.13570766317861316,8568.809939473947,RandomAgent_1,16445.160434963444,EpsilonGreedyAgent_1,15545.016698720032,UCB_BaselineAgent_1,9833.796321579202,RiskAverseEpsilonGreedyAgent_1,12872.387828114215,RiskAverseUCBAgent_1,,,,,,,,,,
balanced_linear_share_cb_opaque_ratio06_halt5,circuit_breaker,balanced,linear_share,0,10000,5,5,3,0.6,5,0.0,False,63470.44731210918,6.347044731210918,1.2694089462421836,2.6476201560749817,8812,0.8812,1181,263,0,4.8685,0.1346025244361666,8545.598811981165,RandomAgent_1,14897.626170606474,EpsilonGreedyAgent_1,16955.119431222363,UCB_BaselineAgent_1,10358.461320832384,RiskAverseEpsilonGreedyAgent_1,12713.641577466793,RiskAverseUCBAgent_1,,,,,,,,,,
balanced_linear_share_cb_opaque_ratio06_halt5,circuit_breaker,balanced,linear_share,1,10000,5,5,3,0.6,5,0.0,False,63117.24302100424,6.311724302100424,1.2623448604200846,2.6797556337690525,8851,0.8851,1166,263,0,4.8685,0.1324031320253991,8537.612581815014,RandomAgent_1,16478.642614764267,EpsilonGreedyAgent_1,15227.895962049251,UCB_BaselineAgent_1,10217.654375974715,RiskAverseEpsilonGreedyAgent_1,12655.437486400993,RiskAverseUCBAgent_1,,,,,,,,,,
balanced_linear_share_cb_opaque_ratio06_halt5,circuit_breaker,balanced,linear_share,2,10000,5,5,3,0.6,5,0.0,False,62798.03704007155,6.279803704007155,1.255960740801431,2.6417827483851157,8816,0.8816,1387,296,0,4.852,0.1338549062922456,8384.420100680754,RandomAgent_1,14793.194793994759,EpsilonGreedyAgent_1,12715.892624034188,UCB_BaselineAgent_1,10272.950075672517,RiskAverseEpsilonGreedyAgent_1,16631.579445689327,RiskAverseUCBAgent_1,,,,,,,,,,
balanced_linear_share_cb_opaque_ratio06_halt5,circuit_breaker,balanced,linear_share,3,10000,5,5,3,0.6,5,0.0,False,63241.42178412527,6.324142178412527,1.2648284356825055,2.695483668693152,8956,0.8956,1283,302,0,4.849,0.13669259113839227,8522.676501799477,RandomAgent_1,15040.017582784078,EpsilonGreedyAgent_1,16883.326594440987,UCB_BaselineAgent_1,12645.667864403733,RiskAverseEpsilonGreedyAgent_1,10149.73324069699,RiskAverseUCBAgent_1,,,,,,,,,,
balanced_linear_share_cb_opaque_ratio06_halt5,circuit_breaker,balanced,linear_share,4,10000,5,5,3,0.6,5,0.0,False,63162.56607571646,6.3162566075716455,1.2632513215143293,2.6756998617186865,8792,0.8792,1241,271,0,4.8645,0.13290900124711658,8533.941331736984,RandomAgent_1,10264.194987219495,EpsilonGreedyAgent_1,15231.612833779009,UCB_BaselineAgent_1,16543.82437511784,RiskAverseEpsilonGreedyAgent_1,12588.992547863132,RiskAverseUCBAgent_1,,,,,,,,,,
balanced_linear_share_cb_opaque_ratio06_halt5,circuit_breaker,balanced,linear_share,5,10000,5,5,3,0.6,5,0.0,False,63249.10070856105,6.324910070856105,1.264982014171221,2.655118871830786,8835,0.8835,1291,282,0,4.859,0.1378597268094972,8426.12348180088,RandomAgent_1,15035.896621791851,EpsilonGreedyAgent_1,16945.977380687702,UCB_BaselineAgent_1,10276.845057993994,RiskAverseEpsilonGreedyAgent_1,12564.258166286618,RiskAverseUCBAgent_1,,,,,,,,,,
balanced_linear_share_cb_opaque_ratio06_halt5,circuit_breaker,balanced,linear_share,6,10000,5,5,3,0.6,5,0.0,False,63565.500531316145,6.356550053131614,1.2713100106263229,2.6620588239080982,8810,0.881,1225,269,0,4.8655,0.13884399930398184,8464.214005990814,RandomAgent_1,15280.621038175545,EpsilonGreedyAgent_1,16976.61032368182,UCB_BaselineAgent_1,10241.192894739299,RiskAverseEpsilonGreedyAgent_1,12602.86226872867,RiskAverseUCBAgent_1,,,,,,,,,,
balanced_linear_share_cb_opaque_ratio06_halt5,circuit_breaker,balanced,linear_share,7,10000,5,5,3,0.6,5,0.0,False,63033.10605195886,6.303310605195886,1.260662121039177,2.6809450691591636,8823,0.8823,1281,293,0,4.8535,0.13215011688674694,8533.283516712072,RandomAgent_1,16432.076470831613,EpsilonGreedyAgent_1,15223.313711384857,UCB_BaselineAgent_1,12648.113564659046,RiskAverseEpsilonGreedyAgent_1,10196.318788371267,RiskAverseUCBAgent_1,,,,,,,,,,
balanced_linear_share_cb_opaque_ratio06_halt5,circuit_breaker,balanced,linear_share,8,10000,5,5,3,0.6,5,0.0,False,62468.73941774978,6.246873941774978,1.2493747883549955,2.6804654642859673,8935,0.8935,1282,293,0,4.8535,0.13068647098634045,8524.344023191123,RandomAgent_1,16297.59848584019,EpsilonGreedyAgent_1,14971.470371215039,UCB_BaselineAgent_1,12566.894994667831,RiskAverseEpsilonGreedyAgent_1,10108.431542835597,RiskAverseUCBAgent_1,,,,,,,,,,
balanced_linear_share_cb_opaque_ratio06_halt5,circuit_breaker,balanced,linear_share,9,10000,5,5,3,0.6,5,0.0,False,62791.36664904725,6.279136664904725,1.255827332980945,2.6972120834261553,8950,0.895,1362,314,0,4.843,0.13261589900945614,8479.993652529361,RandomAgent_1,16466.654272372172,EpsilonGreedyAgent_1,15047.164345290767,UCB_BaselineAgent_1,12594.902639367992,RiskAverseEpsilonGreedyAgent_1,10202.651739486964,RiskAverseUCBAgent_1,,,,,,,,,,
balanced_linear_share_cb_opaque_ratio06_halt5,circuit_breaker,balanced,linear_share,10,10000,5,5,3,0.6,5,0.0,False,62636.56816415774,6.263656816415774,1.2527313632831547,2.6848398724554614,8835,0.8835,1306,294,0,4.8534,0.13761561052850602,8580.027265215364,RandomAgent_1,16433.596202963057,EpsilonGreedyAgent_1,15478.172973482695,UCB_BaselineAgent_1,9635.886925675693,RiskAverseEpsilonGreedyAgent_1,12508.88479682093,RiskAverseUCBAgent_1,,,,,,,,,,
balanced_linear_share_cb_opaque_ratio06_halt5,circuit_breaker,balanced,linear_share,11,10000,5,5,3,0.6,5,0.0,False,63034.62900578103,6.303462900578103,1.2606925801156206,2.644438317634726,8912,0.8912,1150,251,0,4.8745,0.13414561819955217,8551.526332915802,RandomAgent_1,14771.168931214337,EpsilonGreedyAgent_1,16910.57808092192,UCB_BaselineAgent_1,10349.724237326785,RiskAverseEpsilonGreedyAgent_1,12451.631423402188,RiskAverseUCBAgent_1,,,,,,,,,,
balanced_linear_share_cb_opaque_ratio06_halt5,circuit_breaker,balanced,linear_share,12,10000,5,5,3,0.6,5,0.0,False,62672.271072818025,6.267227107281802,1.2534454214563604,2.674059224163348,8838,0.8838,1323,305,0,4.8475,0.1355395892259319,8436.36803468268,RandomAgent_1,14800.946865586317,EpsilonGreedyAgent_1,16744.500698865595,UCB_BaselineAgent_1,12509.677972396274,RiskAverseEpsilonGreedyAgent_1,10180.77750128716,RiskAverseUCBAgent_1,,,,,,,,,,
balanced_linear_share_cb_opaque_ratio06_halt5,circuit_breaker,balanced,linear_share,13,10000,5,5,3,0.6,5,0.0,False,63248.32929311675,6.324832929311675,1.2649665858623351,2.696721751183815,8909,0.8909,1341,299,0,4.8507,0.13521742733508457,8487.761090975944,RandomAgent_1,16624.154825530222,EpsilonGreedyAgent_1,15304.365997539957,UCB_BaselineAgent_1,12635.584838065883,RiskAverseEpsilonGreedyAgent_1,10196.46254100475,RiskAverseUCBAgent_1,,,,,,,,,,
balanced_linear_share_cb_opaque_ratio06_halt5,circuit_breaker,balanced,linear_share,14,10000,5,5,3,0.6,5,0.0,False,63574.88104480596,6.357488104480596,1.2714976208961193,2.5995578768705734,8830,0.883,1156,264,0,4.868,0.13610955521711365,8559.868674265572,RandomAgent_1,15063.983232795046,EpsilonGreedyAgent_1,17023.42449693599,UCB_BaselineAgent_1,10358.222923162255,RiskAverseEpsilonGreedyAgent_1,12569.381717647097,RiskAverseUCBAgent_1,,,,,,,,,,
balanced_linear_share_cb_opaque_ratio06_halt5,circuit_breaker,balanced,linear_share,15,10000,5,5,3,0.6,5,0.0,False,61784.698055366665,6.1784698055366665,1.2356939611073332,2.642137092028766,8831,0.8831,1123,262,0,4.869,0.14187069580820832,8764.597412276225,RandomAgent_1,14858.44430582866,EpsilonGreedyAgent_1,16747.88806502775,UCB_BaselineAgent_1,8911.43035279439,RiskAverseEpsilonGreedyAgent_1,12502.337919439642,RiskAverseUCBAgent_1,,,,,,,,,,
balanced_linear_share_cb_opaque_ratio06_halt5,circuit_breaker,balanced,linear_share,16,10000,5,5,3,0.6,5,0.0,False,62476.135238841394,6.247613523884139,1.2495227047768278,2.6329399424848092,8803,0.8803,1449,314,0,4.843,0.1361367971142533,8507.376962112952,RandomAgent_1,14764.74148029277,EpsilonGreedyAgent_1,16849.407078109485,UCB_BaselineAgent_1,10185.549343553792,RiskAverseEpsilonGreedyAgent_1,12169.060374772393,RiskAverseUCBAgent_1,,,,,,,,,,
balanced_linear_share_cb_opaque_ratio06_halt5,circuit_breaker,balanced,linear_share,17,10000,5,5,3,0.6,5,0.0,False,63340.74557802851,6.334074557802851,1.2668149115605702,2.6356428286334554,8858,0.8858,1161,258,0,4.871,0.13880987912984133,8457.682073199272,RandomAgent_1,15124.13478555122,EpsilonGreedyAgent_1,17040.37698119776,UCB_BaselineAgent_1,10308.721507347796,RiskAverseEpsilonGreedyAgent_1,12409.830230732457,RiskAverseUCBAgent_1,,,,,,,,,,
balanced_linear_share_cb_opaque_ratio06_halt5,circuit_breaker,balanced,linear_share,18,10000,5,5,3,0.6,5,0.0,False,62774.32383014012,6.277432383014012,1.2554864766028024,2.675127176123959,8838,0.8838,1296,278,0,4.861,0.13690511695422414,8446.367989687658,RandomAgent_1,12672.484645580429,EpsilonGreedyAgent_1,15086.051513819555,UCB_BaselineAgent_1,9948.94651077666,RiskAverseEpsilonGreedyAgent_1,16620.473170275818,RiskAverseUCBAgent_1,,,,,,,,,,
balanced_linear_share_cb_opaque_ratio06_halt5,circuit_breaker,balanced,linear_share,19,10000,5,5,3,0.6,5,0.0,False,63582.10100240102,6.358210100240102,1.2716420200480203,2.6835315394302257,8803,0.8803,1336,304,0,4.848,0.13759564397007606,8639.623749369144,RandomAgent_1,15196.207419172617,EpsilonGreedyAgent_1,17039.516445342455,UCB_BaselineAgent_1,12582.31090838704,RiskAverseEpsilonGreedyAgent_1,10124.442480129763,RiskAverseUCBAgent_1,,,,,,,,,,
balanced_linear_share_cb_opaque_ratio06_halt5,circuit_breaker,balanced,linear_share,20,10000,5,5,3,0.6,5,0.0,False,60595.62987905396,6.059562987905396,1.2119125975810792,2.64285145667069,8982,0.8982,1621,345,0,4.8275,0.1066874045455053,8521.830905538369,RandomAgent_1,13997.2467664876,EpsilonGreedyAgent_1,14096.043959730983,UCB_BaselineAgent_1,9617.14081558581,RiskAverseEpsilonGreedyAgent_1,14363.3674317112,RiskAverseUCBAgent_1,,,,,,,,,,
balanced_linear_share_cb_opaque_ratio06_halt5,circuit_breaker,balanced,linear_share,21,10000,5,5,3,0.6,5,0.0,False,63930.79506176487,6.393079506176487,1.2786159012352973,2.703023688179944,8824,0.8824,1148,251,0,4.8745,0.13888825284882444,8527.992509727004,RandomAgent_1,15062.153819572852,EpsilonGreedyAgent_1,17242.52217093884,UCB_BaselineAgent_1,10293.122068584607,RiskAverseEpsilonGreedyAgent_1,12805.004492941567,RiskAverseUCBAgent_1,,,,,,,,,,
balanced_linear_share_cb_opaque_ratio06_halt5,circuit_breaker,balanced,linear_share,22,10000,5,5,3,0.6,5,0.0,False,63302.205495237125,6.3302205495237125,1.2660441099047426,2.682309624706267,8847,0.8847,1361,287,0,4.8565,0.13768190007433745,8351.398544413172,RandomAgent_1,10179.393762417736,EpsilonGreedyAgent_1,15288.183457094276,UCB_BaselineAgent_1,12791.766119886523,RiskAverseEpsilonGreedyAgent_1,16691.463611425417,RiskAverseUCBAgent_1,,,,,,,,,,
balanced_linear_share_cb_opaque_ratio06_halt5,circuit_breaker,balanced,linear_share,23,10000,5,5,3,0.6,5,0.0,False,63114.7007532937,6.31147007532937,1.262294015065874,2.6378225859251034,8805,0.8805,1257,275,0,4.8625,0.13563868001693402,8470.682678202154,RandomAgent_1,14913.40127509226,EpsilonGreedyAgent_1,16853.80276044356,UCB_BaselineAgent_1,10277.654689973675,RiskAverseEpsilonGreedyAgent_1,12599.159349582049,RiskAverseUCBAgent_1,,,,,,,,,,
balanced_linear_share_cb_opaque_ratio06_halt5,circuit_breaker,balanced,linear_share,24,10000,5,5,3,0.6,5,0.0,False,63146.87429531644,6.314687429531644,1.2629374859063287,2.6842520187273853,8798,0.8798,1276,286,0,4.857,0.13314529327357083,8469.944253009566,RandomAgent_1,16440.982322046435,EpsilonGreedyAgent_1,15318.010922218598,UCB_BaselineAgent_1,12677.122481147535,RiskAverseEpsilonGreedyAgent_1,10240.814316894308,RiskAverseUCBAgent_1,,,,,,,,,,
balanced_linear_share_cb_opaque_ratio06_halt5,circuit_breaker,balanced,linear_share,25,10000,5,5,3,0.6,5,0.0,False,60197.43277879772,6.019743277879773,1.2039486555759544,2.4195691084178854,8857,0.8857,1292,300,0,4.85,0.12377555740921586,8982.968263569,RandomAgent_1,12555.972555810999,EpsilonGreedyAgent_1,17065.557601267337,UCB_BaselineAgent_1,11499.21011894141,RiskAverseEpsilonGreedyAgent_1,10093.724239208976,RiskAverseUCBAgent_1,,,,,,,,,,
balanced_linear_share_cb_opaque_ratio06_halt5,circuit_breaker,balanced,linear_share,26,10000,5,5,3,0.6,5,0.0,False,63589.86586347305,6.358986586347306,1.271797317269461,2.6371500695754313,8809,0.8809,1184,276,0,4.862,0.1384730355683086,8557.749361204993,RandomAgent_1,15342.627802778346,EpsilonGreedyAgent_1,16957.822002258803,UCB_BaselineAgent_1,12602.59800608664,RiskAverseEpsilonGreedyAgent_1,10129.068691144266,RiskAverseUCBAgent_1,,,,,,,,,,
balanced_linear_share_cb_opaque_ratio06_halt5,circuit_breaker,balanced,linear_share,27,10000,5,5,3,0.6,5,0.0,False,63178.969858590215,6.317896985859021,1.2635793971718043,2.6739701527826663,8850,0.885,1288,289,0,4.8555,0.13356937716755013,8549.019083168678,RandomAgent_1,14824.883579158515,EpsilonGreedyAgent_1,16802.109295834172,UCB_BaselineAgent_1,12768.833031187596,RiskAverseEpsilonGreedyAgent_1,10234.124869241252,RiskAverseUCBAgent_1,,,,,,,,,,
balanced_linear_share_cb_opaque_ratio06_halt5,circuit_breaker,balanced,linear_share,28,10000,5,5,3,0.6,5,0.0,False,63070.172558137296,6.307017255813729,1.2614034511627459,2.7016439045307377,8853,0.8853,1400,303,0,4.8485,0.13334345493374777,8488.541888977597,RandomAgent_1,16547.182955983753,EpsilonGreedyAgent_1,15091.246515797788,UCB_BaselineAgent_1,10183.541869385916,RiskAverseEpsilonGreedyAgent_1,12759.65932799224,RiskAverseUCBAgent_1,,,,,,,,,,
balanced_linear_share_cb_opaque_ratio06_halt5,circuit_breaker,balanced,linear_share,29,10000,5,5,3,0.6,5,0.0,False,62910.02312175039,6.291002312175039,1.2582004624350078,2.6720191089369156,8864,0.8864,1330,315,0,4.8425,0.13277993315694414,8532.56997620935,RandomAgent_1,12613.131142871764,EpsilonGreedyAgent_1,15246.23744451174,UCB_BaselineAgent_1,16406.652909528013,RiskAverseEpsilonGreedyAgent_1,10111.431648629527,RiskAverseUCBAgent_1,,,,,,,,,,
balanced_linear_share_cb_transparent_ratio06_halt5,circuit_breaker,balanced,linear_share,0,10000,5,5,3,0.6,5,0.0,True,15043.202959245291,1.504320295924529,0.30086405918490583,1.2498820324879032,10002,1.0002,0,10000,0,0.001,0.00020011871767877665,3010.483244257655,RandomAgent_1,3008.793021199444,EpsilonGreedyAgent_1,3008.2520836064,UCB_BaselineAgent_1,3008.6839302350995,RiskAverseEpsilonGreedyAgent_1,3006.990679946692,RiskAverseUCBAgent_1,,,,,,,,,,
balanced_linear_share_cb_transparent_ratio06_halt5,circuit_breaker,balanced,linear_share,1,10000,5,5,3,0.6,5,0.0,True,14981.899512315093,1.4981899512315093,0.29963799024630183,1.233162418595091,10003,1.0003,0,10000,0,0.001,0.00014429942024141162,2997.1662690633966,RandomAgent_1,2995.307688805514,EpsilonGreedyAgent_1,2995.475344659681,UCB_BaselineAgent_1,2996.787327108231,RiskAverseEpsilonGreedyAgent_1,2997.1628826782703,RiskAverseUCBAgent_1,,,,,,,,,,
balanced_linear_share_cb_transparent_ratio06_halt5,circuit_breaker,balanced,linear_share,2,10000,5,5,3,0.6,5,0.0,True,14848.652664444613,1.4848652664444613,0.2969730532888923,1.2318484513717736,10006,1.0006,0,9995,0,0.0035,0.00042181785074180134,2969.7500084191406,RandomAgent_1,2966.1817202719476,EpsilonGreedyAgent_1,2973.359496504662,UCB_BaselineAgent_1,2969.029212415484,RiskAverseEpsilonGreedyAgent_1,2970.3322268333786,RiskAverseUCBAgent_1,,,,,,,,,,
balanced_linear_share_cb_transparent_ratio06_halt5,circuit_breaker,balanced,linear_share,3,10000,5,5,3,0.6,5,0.0,True,15204.609677908324,1.5204609677908323,0.30409219355816647,1.239103710408862,10003,1.0003,0,9993,0,0.0045,0.0008875943885355841,3050.0308265977915,RandomAgent_1,3042.6495309364514,EpsilonGreedyAgent_1,3035.747428723999,UCB_BaselineAgent_1,3038.7043805410135,RiskAverseEpsilonGreedyAgent_1,3037.477511109068,RiskAverseUCBAgent_1,,,,,,,,,,
balanced_linear_share_cb_transparent_ratio06_halt5,circuit_breaker,balanced,linear_share,4,10000,5,5,3,0.6,5,0.0,True,15043.99775801169,1.5043997758011691,0.3008799551602338,1.2345709847625035,10001,1.0001,0,10000,0,0.001,0.0004299794623108255,3008.855790964215,RandomAgent_1,3005.827287855526,EpsilonGreedyAgent_1,3012.784153084123,UCB_BaselineAgent_1,3007.136365698771,RiskAverseEpsilonGreedyAgent_1,3009.3941604090555,RiskAverseUCBAgent_1,,,,,,,,,,
balanced_linear_share_cb_transparent_ratio06_halt5,circuit_breaker,balanced,linear_share,5,10000,5,5,3,0.6,5,0.0,True,15144.203446003741,1.5144203446003741,0.3028840689200748,1.2290295496050658,10006,1.0006,0,9989,0,0.0065,0.00043779908796603983,3030.337486571056,RandomAgent_1,3026.781788007003,EpsilonGreedyAgent_1,3032.8778993187175,UCB_BaselineAgent_1,3026.368100529951,RiskAverseEpsilonGreedyAgent_1,3027.8381715770142,RiskAverseUCBAgent_1,,,,,,,,,,
balanced_linear_share_cb_transparent_ratio06_halt5,circuit_breaker,balanced,linear_share,6,10000,5,5,3,0.6,5,0.0,True,15176.926078345787,1.5176926078345787,0.30353852156691574,1.266192093868198,10001,1.0001,0,10000,0,0.001,0.00029115366982823687,3038.3966023097905,RandomAgent_1,3034.9952386941013,EpsilonGreedyAgent_1,3033.0966400874067,UCB_BaselineAgent_1,3034.9952386941013,RiskAverseEpsilonGreedyAgent_1,3035.4423585603868,RiskAverseUCBAgent_1,,,,,,,,,,
balanced_linear_share_cb_transparent_ratio06_halt5,circuit_breaker,balanced,linear_share,7,10000,5,5,3,0.6,5,0.0,True,15000.577223700193,1.5000577223700193,0.30001154447400386,1.2447523443595105,10011,1.0011,0,9986,0,0.008,0.0014130991176752872,2995.847169978986,RandomAgent_1,2993.944487756725,EpsilonGreedyAgent_1,2991.6618963033643,UCB_BaselineAgent_1,3011.1378668009097,RiskAverseEpsilonGreedyAgent_1,3007.9858028602084,RiskAverseUCBAgent_1,,,,,,,,,,
balanced_linear_share_cb_transparent_ratio06_halt5,circuit_breaker,balanced,linear_share,8,10000,5,5,3,0.6,5,0.0,True,15022.531432655895,1.5022531432655895,0.3004506286531179,1.2350624717282073,10004,1.0004,0,9999,0,0.0015,0.0002493686935471917,3005.701105083355,RandomAgent_1,3003.2015856481216,EpsilonGreedyAgent_1,3006.6345122269217,UCB_BaselineAgent_1,3003.2015856481216,RiskAverseEpsilonGreedyAgent_1,3003.792644049375,RiskAverseUCBAgent_1,,,,,,,,,,
balanced_linear_share_cb_transparent_ratio06_halt5,circuit_breaker,balanced,linear_share,9,10000,5,5,3,0.6,5,0.0,True,15072.74896918171,1.507274896918171,0.3014549793836342,1.2186437581741485,10000,1.0,0,10000,0,0.001,0.0002451491666062289,3013.68696448467,RandomAgent_1,3013.459975697274,EpsilonGreedyAgent_1,3017.475553409977,UCB_BaselineAgent_1,3013.459975697274,RiskAverseEpsilonGreedyAgent_1,3014.6664998925153,RiskAverseUCBAgent_1,,,,,,,,,,
balanced_linear_share_cb_transparent_ratio06_halt5,circuit_breaker,balanced,linear_share,10,10000,5,5,3,0.6,5,0.0,True,15112.842439002294,1.5112842439002294,0.3022568487800459,1.252355031162058,10005,1.0005,0,9997,0,0.0025,0.00030409295827205085,3020.0228110980515,RandomAgent_1,3024.254972127083,EpsilonGreedyAgent_1,3023.304917594981,UCB_BaselineAgent_1,3021.1173939136543,RiskAverseEpsilonGreedyAgent_1,3024.1423442685236,RiskAverseUCBAgent_1,,,,,,,,,,
balanced_linear_share_cb_transparent_ratio06_halt5,circuit_breaker,balanced,linear_share,11,10000,5,5,3,0.6,5,0.0,True,15324.885651422966,1.5324885651422966,0.30649771302845935,1.2959958947408206,10020,1.002,0,9958,0,0.022,0.002078871375041924,3060.895827045504,RandomAgent_1,3062.3791983887113,EpsilonGreedyAgent_1,3059.2230154996732,UCB_BaselineAgent_1,3090.316300838863,RiskAverseEpsilonGreedyAgent_1,3052.071309650215,RiskAverseUCBAgent_1,,,,,,,,,,
balanced_linear_share_cb_transparent_ratio06_halt5,circuit_breaker,balanced,linear_share,12,10000,5,5,3,0.6,5,0.0,True,15058.434450583492,1.5058434450583493,0.3011686890116698,1.224752061815134,10009,1.0009,0,9990,0,0.006,0.0005989796031236061,3008.1540873355452,RandomAgent_1,3009.6372001958666,EpsilonGreedyAgent_1,3013.3637839520725,UCB_BaselineAgent_1,3009.713964778979,RiskAverseEpsilonGreedyAgent_1,3017.5654143210295,RiskAverseUCBAgent_1,,,,,,,,,,
balanced_linear_share_cb_transparent_ratio06_halt5,circuit_breaker,balanced,linear_share,13,10000,5,5,3,0.6,5,0.0,True,14906.183269658051,1.490618326965805,0.29812366539316104,1.2360725875793013,10002,1.0002,0,9995,0,0.0035,0.0007425805618217485,2990.982383639738,RandomAgent_1,2979.8903395600155,EpsilonGreedyAgent_1,2977.913173928109,UCB_BaselineAgent_1,2979.0412184144093,RiskAverseEpsilonGreedyAgent_1,2978.356154115779,RiskAverseUCBAgent_1,,,,,,,,,,
balanced_linear_share_cb_transparent_ratio06_halt5,circuit_breaker,balanced,linear_share,14,10000,5,5,3,0.6,5,0.0,True,14833.16081093589,1.483316081093589,0.2966632162187178,1.2281850587418226,10002,1.0002,0,10000,0,0.001,0.00021274138856597347,2966.12612626529,RandomAgent_1,2965.7483584108613,EpsilonGreedyAgent_1,2968.63665152381,UCB_BaselineAgent_1,2965.4285171011097,RiskAverseEpsilonGreedyAgent_1,2967.2211576348172,RiskAverseUCBAgent_1,,,,,,,,,,
balanced_linear_share_cb_transparent_ratio06_halt5,circuit_breaker,balanced,linear_share,15,10000,5,5,3,0.6,5,0.0,True,14970.307495583871,1.497030749558387,0.2994061499116774,1.244765917166511,10003,1.0003,0,9997,0,0.0025,0.00029009140704694403,2997.376671539692,RandomAgent_1,2993.2727195641023,EpsilonGreedyAgent_1,2993.6040936084432,UCB_BaselineAgent_1,2992.2259134912088,RiskAverseEpsilonGreedyAgent_1,2993.8280973804253,RiskAverseUCBAgent_1,,,,,,,,,,
balanced_linear_share_cb_transparent_ratio06_halt5,circuit_breaker,balanced,linear_share,16,10000,5,5,3,0.6,5,0.0,True,14983.327104377253,1.4983327104377253,0.29966654208754506,1.209239148224914,10008,1.0008,0,9994,0,0.004,0.0005384575927922519,2994.9382376599924,RandomAgent_1,2996.441487132588,EpsilonGreedyAgent_1,3002.3919537641546,UCB_BaselineAgent_1,2993.0771266924135,RiskAverseEpsilonGreedyAgent_1,2996.478299128105,RiskAverseUCBAgent_1,,,,,,,,,,
balanced_linear_share_cb_transparent_ratio06_halt5,circuit_breaker,balanced,linear_share,17,10000,5,5,3,0.6,5,0.0,True,14790.628050543732,1.4790628050543733,0.2958125610108746,1.2205865245403964,10007,1.0007,0,9993,0,0.0045,0.0004291295563796371,2959.7675747013095,RandomAgent_1,2954.6388546395424,EpsilonGreedyAgent_1,2959.2329583164646,UCB_BaselineAgent_1,2960.7888455329858,RiskAverseEpsilonGreedyAgent_1,2956.1998173534294,RiskAverseUCBAgent_1,,,,,,,,,,
balanced_linear_share_cb_transparent_ratio06_halt5,circuit_breaker,balanced,linear_share,18,10000,5,5,3,0.6,5,0.0,True,15119.936387441407,1.5119936387441406,0.30239872774882814,1.2282147072874237,10006,1.0006,0,9992,0,0.005,0.00029985234157781093,3027.0836169992076,RandomAgent_1,3022.3842976525298,EpsilonGreedyAgent_1,3023.08783212805,UCB_BaselineAgent_1,3024.6581863969823,RiskAverseEpsilonGreedyAgent_1,3022.7224542646363,RiskAverseUCBAgent_1,,,,,,,,,,
balanced_linear_share_cb_transparent_ratio06_halt5,circuit_breaker,balanced,linear_share,19,10000,5,5,3,0.6,5,0.0,True,15118.283733294413,1.5118283733294413,0.30236567466588826,1.2339711060032164,10004,1.0004,0,9999,0,0.0015,0.0001924468459051365,3022.1324226897523,RandomAgent_1,3024.159942251523,EpsilonGreedyAgent_1,3024.0809078563434,UCB_BaselineAgent_1,3022.8141176052277,RiskAverseEpsilonGreedyAgent_1,3025.0963428915666,RiskAverseUCBAgent_1,,,,,,,,,,
balanced_linear_share_cb_transparent_ratio06_halt5,circuit_breaker,balanced,linear_share,20,10000,5,5,3,0.6,5,0.0,True,14962.066924525829,1.496206692452583,0.2992413384905166,1.2262518527190849,10001,1.0001,0,10000,0,0.001,0.00021168257134340784,2994.290784405951,RandomAgent_1,2991.143468281953,EpsilonGreedyAgent_1,2992.722345524024,UCB_BaselineAgent_1,2991.143468281953,RiskAverseEpsilonGreedyAgent_1,2992.766858031947,RiskAverseUCBAgent_1,,,,,,,,,,
balanced_linear_share_cb_transparent_ratio06_halt5,circuit_breaker,balanced,linear_share,21,10000,5,5,3,0.6,5,0.0,True,15121.312631571147,1.5121312631571147,0.3024262526314229,1.2389373312999008,10006,1.0006,0,9998,0,0.002,0.0007782095129842403,3032.530765756621,RandomAgent_1,3022.39889619675,EpsilonGreedyAgent_1,3020.975404566196,UCB_BaselineAgent_1,3025.3826255009512,RiskAverseEpsilonGreedyAgent_1,3020.0249395506294,RiskAverseUCBAgent_1,,,,,,,,,,
balanced_linear_share_cb_transparent_ratio06_halt5,circuit_breaker,balanced,linear_share,22,10000,5,5,3,0.6,5,0.0,True,15066.817094152848,1.5066817094152847,0.30133634188305697,1.228796864836186,10006,1.0006,0,9993,0,0.0045,0.0007963012149501125,3008.4868406990536,RandomAgent_1,3010.089079295167,EpsilonGreedyAgent_1,3012.04980966712,UCB_BaselineAgent_1,3020.865708095528,RiskAverseEpsilonGreedyAgent_1,3015.3256563959794,RiskAverseUCBAgent_1,,,,,,,,,,
balanced_linear_share_cb_transparent_ratio06_halt5,circuit_breaker,balanced,linear_share,23,10000,5,5,3,0.6,5,0.0,True,14872.06887235423,1.487206887235423,0.2974413774470846,1.2376462285641852,10004,1.0004,0,9997,0,0.0025,0.0002694320010261375,2973.7437371100355,RandomAgent_1,2972.6533853224587,EpsilonGreedyAgent_1,2977.4258615141707,UCB_BaselineAgent_1,2974.0295754917665,RiskAverseEpsilonGreedyAgent_1,2974.2163129157993,RiskAverseUCBAgent_1,,,,,,,,,,
balanced_linear_share_cb_transparent_ratio06_halt5,circuit_breaker,balanced,linear_share,24,10000,5,5,3,0.6,5,0.0,True,15212.518286206445,1.5212518286206445,0.3042503657241289,1.2377126437449233,10010,1.001,0,9984,0,0.009,0.0006505662048807981,3045.3263921652247,RandomAgent_1,3037.2068240242766,EpsilonGreedyAgent_1,3046.5177241574443,UCB_BaselineAgent_1,3044.261029148271,RiskAverseEpsilonGreedyAgent_1,3039.2063167112287,RiskAverseUCBAgent_1,,,,,,,,,,
balanced_linear_share_cb_transparent_ratio06_halt5,circuit_breaker,balanced,linear_share,25,10000,5,5,3,0.6,5,0.0,True,14975.917757920934,1.4975917757920933,0.2995183551584187,1.247516908969371,10000,1.0,0,10000,0,0.001,0.0002572599246983831,2996.3528078876284,RandomAgent_1,2993.865748922776,EpsilonGreedyAgent_1,2994.3953534040397,UCB_BaselineAgent_1,2993.865748922776,RiskAverseEpsilonGreedyAgent_1,2997.4380987837135,RiskAverseUCBAgent_1,,,,,,,,,,
balanced_linear_share_cb_transparent_ratio06_halt5,circuit_breaker,balanced,linear_share,26,10000,5,5,3,0.6,5,0.0,True,14859.76585434244,1.485976585434244,0.2971953170868488,1.225863561442054,10001,1.0001,0,10000,0,0.001,0.00043538111818430814,2977.0870583351366,RandomAgent_1,2971.023887278484,EpsilonGreedyAgent_1,2969.2023657193595,UCB_BaselineAgent_1,2971.023887278484,RiskAverseEpsilonGreedyAgent_1,2971.4286557309774,RiskAverseUCBAgent_1,,,,,,,,,,
balanced_linear_share_cb_transparent_ratio06_halt5,circuit_breaker,balanced,linear_share,27,10000,5,5,3,0.6,5,0.0,True,15162.852548959258,1.5162852548959258,0.30325705097918515,1.227077932802155,10000,1.0,0,10000,0,0.001,0.00017788962397458086,3034.138494927625,RandomAgent_1,3031.3057270355853,EpsilonGreedyAgent_1,3032.546719102974,UCB_BaselineAgent_1,3032.96967872739,RiskAverseEpsilonGreedyAgent_1,3031.891929165684,RiskAverseUCBAgent_1,,,,,,,,,,
balanced_linear_share_cb_transparent_ratio06_halt5,circuit_breaker,balanced,linear_share,28,10000,5,5,3,0.6,5,0.0,True,15311.770215440136,1.5311770215440137,0.3062354043088027,1.2379185927583032,10003,1.0003,0,10000,0,0.001,0.00024092823721288958,3060.7623487556566,RandomAgent_1,3061.471588168821,EpsilonGreedyAgent_1,3064.154189849841,UCB_BaselineAgent_1,3061.471588168821,RiskAverseEpsilonGreedyAgent_1,3063.9105004969956,RiskAverseUCBAgent_1,,,,,,,,,,
balanced_linear_share_cb_transparent_ratio06_halt5,circuit_breaker,balanced,linear_share,29,10000,5,5,3,0.6,5,0.0,True,15223.34212305264,1.5223342123052641,0.3044668424610528,1.21835056609174,10002,1.0002,0,10000,0,0.001,0.00017823954210727244,3043.6841643422026,RandomAgent_1,3045.617648152348,EpsilonGreedyAgent_1,3043.2449574465973,UCB_BaselineAgent_1,3045.6699674532156,RiskAverseEpsilonGreedyAgent_1,3045.125385658277,RiskAverseUCBAgent_1,,,,,,,,,,
balanced_linear_share_cb_opaque_ratio08_halt3,circuit_breaker,balanced,linear_share,0,10000,5,5,4,0.8,3,0.0,False,59033.24295470415,5.903324295470415,1.180664859094083,2.2225585277060222,9329,0.9329,20,8,0,4.9976,0.1189846844988256,9283.789425671634,RandomAgent_1,16519.791997979515,EpsilonGreedyAgent_1,12890.496482994458,UCB_BaselineAgent_1,10536.792890218287,RiskAverseEpsilonGreedyAgent_1,9802.372157840251,RiskAverseUCBAgent_1,,,,,,,,,,
balanced_linear_share_cb_opaque_ratio08_halt3,circuit_breaker,balanced,linear_share,1,10000,5,5,4,0.8,3,0.0,False,64486.2428711487,6.44862428711487,1.289724857422974,2.646835035921258,8948,0.8948,14,7,0,4.9979,0.13056146577892425,8796.569174491928,RandomAgent_1,15114.680493842334,EpsilonGreedyAgent_1,13141.001615225363,UCB_BaselineAgent_1,16986.99847410426,RiskAverseEpsilonGreedyAgent_1,10446.99311348482,RiskAverseUCBAgent_1,,,,,,,,,,
balanced_linear_share_cb_opaque_ratio08_halt3,circuit_breaker,balanced,linear_share,2,10000,5,5,4,0.8,3,0.0,False,64240.155475434745,6.424015547543474,1.284803109508695,2.6189183597101744,8845,0.8845,15,8,0,4.9976,0.13067137507303306,8679.339296125034,RandomAgent_1,15243.579364459867,EpsilonGreedyAgent_1,13103.571958910412,UCB_BaselineAgent_1,16771.54590364361,RiskAverseEpsilonGreedyAgent_1,10442.118952295818,RiskAverseUCBAgent_1,,,,,,,,,,
balanced_linear_share_cb_opaque_ratio08_halt3,circuit_breaker,balanced,linear_share,3,10000,5,5,4,0.8,3,0.0,False,64555.23052078287,6.455523052078287,1.2911046104156574,2.688120636425999,9006,0.9006,47,15,0,4.9955,0.13198746400483463,8732.58165699823,RandomAgent_1,16688.79317091895,EpsilonGreedyAgent_1,15820.191048218845,UCB_BaselineAgent_1,12882.253480300607,RiskAverseEpsilonGreedyAgent_1,10431.411164346237,RiskAverseUCBAgent_1,,,,,,,,,,
balanced_linear_share_cb_opaque_ratio08_halt3,circuit_breaker,balanced,linear_share,4,10000,5,5,4,0.8,3,0.0,False,64644.57854809846,6.464457854809846,1.2928915709619693,2.6301739372537436,8922,0.8922,12,6,0,4.9982,0.13874732481663132,8712.37371414362,RandomAgent_1,15139.71840191024,EpsilonGreedyAgent_1,17594.09316107182,UCB_BaselineAgent_1,12718.391818824268,RiskAverseEpsilonGreedyAgent_1,10480.00145214851,RiskAverseUCBAgent_1,,,,,,,,,,
balanced_linear_share_cb_opaque_ratio08_halt3,circuit_breaker,balanced,linear_share,5,10000,5,5,4,0.8,3,0.0,False,64849.68832739173,6.484968832739173,1.2969937665478346,2.638559523757172,8830,0.883,20,7,0,4.9979,0.13905509640083724,8719.406299249693,RandomAgent_1,15234.623408134279,EpsilonGreedyAgent_1,17577.51223236212,UCB_BaselineAgent_1,12911.510268110782,RiskAverseEpsilonGreedyAgent_1,10406.636119534853,RiskAverseUCBAgent_1,,,,,,,,,,
balanced_linear_share_cb_opaque_ratio08_halt3,circuit_breaker,balanced,linear_share,6,10000,5,5,4,0.8,3,0.0,False,64646.26063929273,6.4646260639292725,1.2929252127858546,2.6639435449398605,8982,0.8982,2,1,0,4.9997,0.13749003523603442,8659.423238680896,RandomAgent_1,15402.932846864434,EpsilonGreedyAgent_1,17276.793907068382,UCB_BaselineAgent_1,12889.978095975157,RiskAverseEpsilonGreedyAgent_1,10417.132550703856,RiskAverseUCBAgent_1,,,,,,,,,,
balanced_linear_share_cb_opaque_ratio08_halt3,circuit_breaker,balanced,linear_share,7,10000,5,5,4,0.8,3,0.0,False,65172.29686143279,6.5172296861432795,1.3034459372286558,2.645853404550384,8789,0.8789,9,4,0,4.9988,0.13982166900918624,8568.667839493866,RandomAgent_1,15544.789037188119,EpsilonGreedyAgent_1,17453.46485765266,UCB_BaselineAgent_1,10533.134772686462,RiskAverseEpsilonGreedyAgent_1,13072.240354411682,RiskAverseUCBAgent_1,,,,,,,,,,
balanced_linear_share_cb_opaque_ratio08_halt3,circuit_breaker,balanced,linear_share,8,10000,5,5,4,0.8,3,0.0,False,64302.7374340291,6.43027374340291,1.286054748680582,2.649879512365868,8940,0.894,15,5,0,4.9985,0.131763235722679,8713.583731955785,RandomAgent_1,12800.006057986857,EpsilonGreedyAgent_1,15728.18892760339,UCB_BaselineAgent_1,16647.25970937502,RiskAverseEpsilonGreedyAgent_1,10413.699007108044,RiskAverseUCBAgent_1,,,,,,,,,,
balanced_linear_share_cb_opaque_ratio08_halt3,circuit_breaker,balanced,linear_share,9,10000,5,5,4,0.8,3,0.0,False,64012.46339111235,6.4012463391112355,1.280249267822247,2.5837508809133367,8899,0.8899,17,7,0,4.9979,0.13146589640841233,8727.711902457457,RandomAgent_1,14145.769851424906,EpsilonGreedyAgent_1,17441.87151120642,UCB_BaselineAgent_1,10535.449366364706,RiskAverseEpsilonGreedyAgent_1,13161.660759658862,RiskAverseUCBAgent_1,,,,,,,,,,
balanced_linear_share_cb_opaque_ratio08_halt3,circuit_breaker,balanced,linear_share,10,10000,5,5,4,0.8,3,0.0,False,65119.82922791991,6.511982922791991,1.3023965845583982,2.620435162345647,8928,0.8928,20,6,0,4.9982,0.13720833997588278,8742.8516480337,RandomAgent_1,15580.276343226631,EpsilonGreedyAgent_1,17350.614711672435,UCB_BaselineAgent_1,10458.343300814415,RiskAverseEpsilonGreedyAgent_1,12987.743224172727,RiskAverseUCBAgent_1,,,,,,,,,,
balanced_linear_share_cb_opaque_ratio08_halt3,circuit_breaker,balanced,linear_share,11,10000,5,5,4,0.8,3,0.0,False,64784.15215224993,6.478415215224993,1.2956830430449986,2.621051470386696,8905,0.8905,17,6,0,4.9982,0.1401765287702117,8598.642688258968,RandomAgent_1,15234.423843239036,EpsilonGreedyAgent_1,17566.651058722913,UCB_BaselineAgent_1,10467.396664107882,RiskAverseEpsilonGreedyAgent_1,12917.037897921135,RiskAverseUCBAgent_1,,,,,,,,,,
balanced_linear_share_cb_opaque_ratio08_halt3,circuit_breaker,balanced,linear_share,12,10000,5,5,4,0.8,3,0.0,False,64873.19990371121,6.487319990371121,1.2974639980742242,2.644555112404923,8714,0.8714,6,2,0,4.9994,0.14049466445867997,8660.73844632114,RandomAgent_1,15300.5644581708,EpsilonGreedyAgent_1,17618.543414645665,UCB_BaselineAgent_1,12863.025321835696,RiskAverseEpsilonGreedyAgent_1,10430.328262737907,RiskAverseUCBAgent_1,,,,,,,,,,
balanced_linear_share_cb_opaque_ratio08_halt3,circuit_breaker,balanced,linear_share,13,10000,5,5,4,0.8,3,0.0,False,65438.82206139489,6.543882206139489,1.3087764412278977,2.6590563919642585,8900,0.89,4,2,0,4.9994,0.13547441686273953,8699.389226923005,RandomAgent_1,10502.86555408664,EpsilonGreedyAgent_1,16209.98058125801,UCB_BaselineAgent_1,16927.439537027378,RiskAverseEpsilonGreedyAgent_1,13099.14716209985,RiskAverseUCBAgent_1,,,,,,,,,,
balanced_linear_share_cb_opaque_ratio08_halt3,circuit_breaker,balanced,linear_share,14,10000,5,5,4,0.8,3,0.0,False,65025.04044910318,6.502504044910318,1.3005008089820635,2.648827901426611,8914,0.8914,7,3,0,4.9991,0.13153452320377235,8817.377511951294,RandomAgent_1,10452.436706137361,EpsilonGreedyAgent_1,15921.174235500002,UCB_BaselineAgent_1,16774.305861993475,RiskAverseEpsilonGreedyAgent_1,13059.746133521046,RiskAverseUCBAgent_1,,,,,,,,,,
balanced_linear_share_cb_opaque_ratio08_halt3,circuit_breaker,balanced,linear_share,15,10000,5,5,4,0.8,3,0.0,False,64443.98682779263,6.444398682779263,1.2888797365558526,2.6830391128270885,8911,0.8911,18,7,0,4.9979,0.13300243961497493,8714.698724308228,RandomAgent_1,12824.796916228803,EpsilonGreedyAgent_1,15800.997169699396,UCB_BaselineAgent_1,16719.97098766752,RiskAverseEpsilonGreedyAgent_1,10383.523029888682,RiskAverseUCBAgent_1,,,,,,,,,,
balanced_linear_share_cb_opaque_ratio08_halt3,circuit_breaker,balanced,linear_share,16,10000,5,5,4,0.8,3,0.0,False,64828.943092507194,6.482894309250719,1.296578861850144,2.6537519763419835,8871,0.8871,17,7,0,4.9979,0.13808302391010008,8629.72300953338,RandomAgent_1,15276.113043189807,EpsilonGreedyAgent_1,17413.43506035568,UCB_BaselineAgent_1,10464.09589706148,RiskAverseEpsilonGreedyAgent_1,13045.576082366844,RiskAverseUCBAgent_1,,,,,,,,,,
balanced_linear_share_cb_opaque_ratio08_halt3,circuit_breaker,balanced,linear_share,17,10000,5,5,4,0.8,3,0.0,False,65097.548400824955,6.509754840082495,1.3019509680164991,2.612973025139641,8858,0.8858,9,4,0,4.9988,0.14173077256102262,8630.687715964035,RandomAgent_1,15337.630008888736,EpsilonGreedyAgent_1,17732.90106186114,UCB_BaselineAgent_1,10476.242133989226,RiskAverseEpsilonGreedyAgent_1,12920.08748012182,RiskAverseUCBAgent_1,,,,,,,,,,
balanced_linear_share_cb_opaque_ratio08_halt3,circuit_breaker,balanced,linear_share,18,10000,5,5,4,0.8,3,0.0,False,64863.57701609005,6.486357701609005,1.297271540321801,2.6226169020956585,8924,0.8924,7,3,0,4.9991,0.13899591156513424,8668.858542344153,RandomAgent_1,15570.759151600856,EpsilonGreedyAgent_1,17359.539539887486,UCB_BaselineAgent_1,12851.728672386867,RiskAverseEpsilonGreedyAgent_1,10412.691109870686,RiskAverseUCBAgent_1,,,,,,,,,,
balanced_linear_share_cb_opaque_ratio08_halt3,circuit_breaker,balanced,linear_share,19,10000,5,5,4,0.8,3,0.0,False,64709.762113910365,6.4709762113910365,1.2941952422782073,2.6557878724073354,8901,0.8901,11,4,0,4.9988,0.13675528573033335,8669.008778477024,RandomAgent_1,15193.704101008081,EpsilonGreedyAgent_1,17369.12164068999,UCB_BaselineAgent_1,10470.424806859724,RiskAverseEpsilonGreedyAgent_1,13007.502786875544,RiskAverseUCBAgent_1,,,,,,,,,,
balanced_linear_share_cb_opaque_ratio08_halt3,circuit_breaker,balanced,linear_share,20,10000,5,5,4,0.8,3,0.0,False,64038.284809478435,6.403828480947843,1.2807656961895686,2.615784304884168,9214,0.9214,24,12,0,4.9964,0.13334800436210026,8663.70458638675,RandomAgent_1,15384.249666448612,EpsilonGreedyAgent_1,12718.747310463825,UCB_BaselineAgent_1,16854.395485931163,RiskAverseEpsilonGreedyAgent_1,10417.187760248084,RiskAverseUCBAgent_1,,,,,,,,,,
balanced_linear_share_cb_opaque_ratio08_halt3,circuit_breaker,balanced,linear_share,21,10000,5,5,4,0.8,3,0.0,False,65164.449641130355,6.5164449641130355,1.303288992822607,2.6658016759136176,8929,0.8929,10,4,0,4.9988,0.14051880973684172,8713.617043201195,RandomAgent_1,15485.139099053271,EpsilonGreedyAgent_1,17656.48891710353,UCB_BaselineAgent_1,12830.398986734417,RiskAverseEpsilonGreedyAgent_1,10478.805595037946,RiskAverseUCBAgent_1,,,,,,,,,,
balanced_linear_share_cb_opaque_ratio08_halt3,circuit_breaker,balanced,linear_share,22,10000,5,5,4,0.8,3,0.0,False,64631.309992320595,6.463130999232059,1.292626199846412,2.657004422365857,8952,0.8952,23,9,0,4.9973,0.14094879599730747,8594.6564180856,RandomAgent_1,15116.097681526702,EpsilonGreedyAgent_1,17629.770321945547,UCB_BaselineAgent_1,12878.72339938195,RiskAverseEpsilonGreedyAgent_1,10412.062171380798,RiskAverseUCBAgent_1,,,,,,,,,,
balanced_linear_share_cb_opaque_ratio08_halt3,circuit_breaker,balanced,linear_share,23,10000,5,5,4,0.8,3,0.0,False,64082.394418468786,6.408239441846878,1.2816478883693758,2.6260600674524857,9091,0.9091,12,6,0,4.9982,0.12999343912519956,8758.353059447816,RandomAgent_1,15232.15050799101,EpsilonGreedyAgent_1,12980.317428466326,UCB_BaselineAgent_1,16740.618709351304,RiskAverseEpsilonGreedyAgent_1,10370.954713212332,RiskAverseUCBAgent_1,,,,,,,,,,
balanced_linear_share_cb_opaque_ratio08_halt3,circuit_breaker,balanced,linear_share,24,10000,5,5,4,0.8,3,0.0,False,64949.86996786743,6.494986996786743,1.2989973993573487,2.6173741094678697,8846,0.8846,9,3,0,4.9991,0.14035180033013206,8713.201045642103,RandomAgent_1,15349.571933771344,EpsilonGreedyAgent_1,17645.418816080994,UCB_BaselineAgent_1,12817.24865071928,RiskAverseEpsilonGreedyAgent_1,10424.429521653712,RiskAverseUCBAgent_1,,,,,,,,,,
balanced_linear_share_cb_opaque_ratio08_halt3,circuit_breaker,balanced,linear_share,25,10000,5,5,4,0.8,3,0.0,False,64480.57562992118,6.448057562992118,1.2896115125984235,2.6815149047275333,8986,0.8986,13,5,0,4.9985,0.13332128343189886,8689.864757042507,RandomAgent_1,16872.389666992796,EpsilonGreedyAgent_1,15585.187957941638,UCB_BaselineAgent_1,12874.47821862381,RiskAverseEpsilonGreedyAgent_1,10458.65502932043,RiskAverseUCBAgent_1,,,,,,,,,,
balanced_linear_share_cb_opaque_ratio08_halt3,circuit_breaker,balanced,linear_share,26,10000,5,5,4,0.8,3,0.0,False,64224.24948491995,6.422424948491995,1.284484989698399,2.6358105533526683,9015,0.9015,16,7,0,4.9979,0.13149391276192768,8778.772692274544,RandomAgent_1,15485.159480366881,EpsilonGreedyAgent_1,12822.917058813542,UCB_BaselineAgent_1,16774.176935024356,RiskAverseEpsilonGreedyAgent_1,10363.223318440625,RiskAverseUCBAgent_1,,,,,,,,,,
balanced_linear_share_cb_opaque_ratio08_halt3,circuit_breaker,balanced,linear_share,27,10000,5,5,4,0.8,3,0.0,False,64899.529142400985,6.4899529142400985,1.2979905828480196,2.6457790118565363,8916,0.8916,11,4,0,4.9988,0.13607608109448588,8733.026960940177,RandomAgent_1,15356.192471668637,EpsilonGreedyAgent_1,17328.586969013944,UCB_BaselineAgent_1,13012.594229400322,RiskAverseEpsilonGreedyAgent_1,10469.128511377903,RiskAverseUCBAgent_1,,,,,,,,,,
balanced_linear_share_cb_opaque_ratio08_halt3,circuit_breaker,balanced,linear_share,28,10000,5,5,4,0.8,3,0.0,False,64701.92219154465,6.470192219154464,1.294038443830893,2.6677729577903717,8842,0.8842,15,5,0,4.9985,0.13230202652016154,8794.36901330664,RandomAgent_1,15133.924475228076,EpsilonGreedyAgent_1,17211.08501533243,UCB_BaselineAgent_1,10566.867915051738,RiskAverseEpsilonGreedyAgent_1,12995.675772625762,RiskAverseUCBAgent_1,,,,,,,,,,
balanced_linear_share_cb_opaque_ratio08_halt3,circuit_breaker,balanced,linear_share,29,10000,5,5,4,0.8,3,0.0,False,64785.374096200765,6.478537409620077,1.2957074819240153,2.668998377090338,8829,0.8829,9,5,0,4.9985,0.13217399460216206,8747.14417472299,RandomAgent_1,16748.853309540133,EpsilonGreedyAgent_1,15859.568260221306,UCB_BaselineAgent_1,12974.17603708645,RiskAverseEpsilonGreedyAgent_1,10455.632314629887,RiskAverseUCBAgent_1,,,,,,,,,,
balanced_linear_share_cb_transparent_ratio08_halt3,circuit_breaker,balanced,linear_share,0,10000,5,5,4,0.8,3,0.0,True,64765.41170414005,6.476541170414006,1.295308234082801,2.6521157682068086,8845,0.8845,0,7,0,4.9979,0.1350208781060056,8739.850184028792,RandomAgent_1,15088.108909857901,EpsilonGreedyAgent_1,17342.451928047878,UCB_BaselineAgent_1,10431.60549992116,RiskAverseEpsilonGreedyAgent_1,13163.395182284321,RiskAverseUCBAgent_1,,,,,,,,,,
balanced_linear_share_cb_transparent_ratio08_halt3,circuit_breaker,balanced,linear_share,1,10000,5,5,4,0.8,3,0.0,True,64914.70199736066,6.4914701997360655,1.2982940399472132,2.659898456060246,8901,0.8901,0,5,0,4.9985,0.13659701597710483,8754.575814241805,RandomAgent_1,15317.67568733321,EpsilonGreedyAgent_1,17391.049365727245,UCB_BaselineAgent_1,13028.664804460486,RiskAverseEpsilonGreedyAgent_1,10422.73632559791,RiskAverseUCBAgent_1,,,,,,,,,,
balanced_linear_share_cb_transparent_ratio08_halt3,circuit_breaker,balanced,linear_share,2,10000,5,5,4,0.8,3,0.0,True,64829.88361280347,6.482988361280347,1.2965976722560693,2.617337090549338,8775,0.8775,0,5,0,4.9985,0.1365522537914292,8734.535033365599,RandomAgent_1,15037.6449627716,EpsilonGreedyAgent_1,17509.59614324275,UCB_BaselineAgent_1,10456.100381615051,RiskAverseEpsilonGreedyAgent_1,13092.00709180847,RiskAverseUCBAgent_1,,,,,,,,,,
balanced_linear_share_cb_transparent_ratio08_halt3,circuit_breaker,balanced,linear_share,3,10000,5,5,4,0.8,3,0.0,True,65321.554037300986,6.532155403730099,1.3064310807460198,2.6558803850469377,8875,0.8875,0,3,0,4.9991,0.1402694268260356,8730.740139550055,RandomAgent_1,15473.280663877751,EpsilonGreedyAgent_1,17704.917699814217,UCB_BaselineAgent_1,12897.522110148167,RiskAverseEpsilonGreedyAgent_1,10515.093423910792,RiskAverseUCBAgent_1,,,,,,,,,,
balanced_linear_share_cb_transparent_ratio08_halt3,circuit_breaker,balanced,linear_share,4,10000,5,5,4,0.8,3,0.0,True,64712.69254310854,6.471269254310854,1.2942538508621708,2.6491838121560574,8892,0.8892,0,6,0,4.9982,0.13955059919749813,8713.26420818017,RandomAgent_1,15147.1993610567,EpsilonGreedyAgent_1,17646.62822400273,UCB_BaselineAgent_1,12768.410907352803,RiskAverseEpsilonGreedyAgent_1,10437.189842516142,RiskAverseUCBAgent_1,,,,,,,,,,
balanced_linear_share_cb_transparent_ratio08_halt3,circuit_breaker,balanced,linear_share,5,10000,5,5,4,0.8,3,0.0,True,65020.54240770919,6.502054240770919,1.3004108481541838,2.6035590420703745,8844,0.8844,0,6,0,4.9982,0.1397181189997978,8732.9465440878,RandomAgent_1,15355.478783225359,EpsilonGreedyAgent_1,17628.24408173679,UCB_BaselineAgent_1,12869.16884401517,RiskAverseEpsilonGreedyAgent_1,10434.70415464407,RiskAverseUCBAgent_1,,,,,,,,,,
balanced_linear_share_cb_transparent_ratio08_halt3,circuit_breaker,balanced,linear_share,6,10000,5,5,4,0.8,3,0.0,True,64715.96700032055,6.4715967000320544,1.294319340006411,2.663825994835942,8972,0.8972,0,1,0,4.9997,0.1381723074759742,8664.498773396488,RandomAgent_1,15467.655393516156,EpsilonGreedyAgent_1,17315.14122633832,UCB_BaselineAgent_1,12854.617535102974,RiskAverseEpsilonGreedyAgent_1,10414.054071966608,RiskAverseUCBAgent_1,,,,,,,,,,
balanced_linear_share_cb_transparent_ratio08_halt3,circuit_breaker,balanced,linear_share,7,10000,5,5,4,0.8,3,0.0,True,64650.26818609798,6.465026818609798,1.2930053637219596,2.635799811066971,8903,0.8903,0,4,0,4.9988,0.14207473025025408,8491.412743940855,RandomAgent_1,15303.356352114362,EpsilonGreedyAgent_1,17549.542643104636,UCB_BaselineAgent_1,12849.263829362326,RiskAverseEpsilonGreedyAgent_1,10456.692617575802,RiskAverseUCBAgent_1,,,,,,,,,,
balanced_linear_share_cb_transparent_ratio08_halt3,circuit_breaker,balanced,linear_share,8,10000,5,5,4,0.8,3,0.0,True,64349.9686376914,6.434996863769141,1.286999372753828,2.6155999730852453,8945,0.8945,0,5,0,4.9985,0.1345139703090772,8769.53628025807,RandomAgent_1,15218.905622653228,EpsilonGreedyAgent_1,17178.33219375519,UCB_BaselineAgent_1,12786.621518178592,RiskAverseEpsilonGreedyAgent_1,10396.573022846329,RiskAverseUCBAgent_1,,,,,,,,,,
balanced_linear_share_cb_transparent_ratio08_halt3,circuit_breaker,balanced,linear_share,9,10000,5,5,4,0.8,3,0.0,True,64821.69394965678,6.482169394965678,1.2964338789931356,2.64869853020179,8984,0.8984,0,6,0,4.9982,0.13790087628024517,8714.717215526194,RandomAgent_1,15359.109173563887,EpsilonGreedyAgent_1,17419.805772636777,UCB_BaselineAgent_1,12906.196494213711,RiskAverseEpsilonGreedyAgent_1,10421.86529371621,RiskAverseUCBAgent_1,,,,,,,,,,
balanced_linear_share_cb_transparent_ratio08_halt3,circuit_breaker,balanced,linear_share,10,10000,5,5,4,0.8,3,0.0,True,65167.39023597326,6.516739023597326,1.303347804719465,2.626877744119149,8883,0.8883,0,5,0,4.9985,0.13812875488054321,8749.625257876794,RandomAgent_1,15460.999594371322,EpsilonGreedyAgent_1,17485.362812600706,UCB_BaselineAgent_1,10428.748523545482,RiskAverseEpsilonGreedyAgent_1,13042.654047578959,RiskAverseUCBAgent_1,,,,,,,,,,
balanced_linear_share_cb_transparent_ratio08_halt3,circuit_breaker,balanced,linear_share,11,10000,5,5,4,0.8,3,0.0,True,64749.8165516281,6.47498165516281,1.294996331032562,2.700293739873131,8921,0.8921,0,3,0,4.9991,0.13572358970074072,8593.326039081123,RandomAgent_1,16777.18180791644,EpsilonGreedyAgent_1,16035.365610512861,UCB_BaselineAgent_1,10432.883311054973,RiskAverseEpsilonGreedyAgent_1,12911.059783062701,RiskAverseUCBAgent_1,,,,,,,,,,
balanced_linear_share_cb_transparent_ratio08_halt3,circuit_breaker,balanced,linear_share,12,10000,5,5,4,0.8,3,0.0,True,64396.48738606872,6.439648738606873,1.2879297477213745,2.6455037999309567,8845,0.8845,0,5,0,4.9985,0.13957635815038816,8582.797751450567,RandomAgent_1,15066.390698774816,EpsilonGreedyAgent_1,17488.89828832102,UCB_BaselineAgent_1,12850.376842568849,RiskAverseEpsilonGreedyAgent_1,10408.02380495347,RiskAverseUCBAgent_1,,,,,,,,,,
balanced_linear_share_cb_transparent_ratio08_halt3,circuit_breaker,balanced,linear_share,13,10000,5,5,4,0.8,3,0.0,True,65481.462714595225,6.548146271459522,1.3096292542919046,2.654433461844756,8897,0.8897,0,3,0,4.9991,0.1343214974336302,8693.570523810975,RandomAgent_1,10522.413167719706,EpsilonGreedyAgent_1,16289.833772134312,UCB_BaselineAgent_1,16804.320379064742,RiskAverseEpsilonGreedyAgent_1,13171.32487186549,RiskAverseUCBAgent_1,,,,,,,,,,
balanced_linear_share_cb_transparent_ratio08_halt3,circuit_breaker,balanced,linear_share,14,10000,5,5,4,0.8,3,0.0,True,65126.46007470816,6.512646007470815,1.3025292014941632,2.6349187584900804,8909,0.8909,0,2,0,4.9994,0.13179627413642514,8855.888038221136,RandomAgent_1,10428.839241325726,EpsilonGreedyAgent_1,15844.683250891841,UCB_BaselineAgent_1,16877.247015364574,RiskAverseEpsilonGreedyAgent_1,13119.802528904878,RiskAverseUCBAgent_1,,,,,,,,,,
balanced_linear_share_cb_transparent_ratio08_halt3,circuit_breaker,balanced,linear_share,15,10000,5,5,4,0.8,3,0.0,True,64663.72185608167,6.466372185608167,1.2932744371216334,2.6298297297301407,8818,0.8818,0,7,0,4.9979,0.1368078712711691,8731.540086439312,RandomAgent_1,15105.864990199803,EpsilonGreedyAgent_1,17491.530259761028,UCB_BaselineAgent_1,10509.57999783946,RiskAverseEpsilonGreedyAgent_1,12825.206521842063,RiskAverseUCBAgent_1,,,,,,,,,,
balanced_linear_share_cb_transparent_ratio08_halt3,circuit_breaker,balanced,linear_share,16,10000,5,5,4,0.8,3,0.0,True,62248.97751970778,6.224897751970778,1.2449795503941556,2.478886441345201,9070,0.907,0,9,0,4.9973,0.12921220881819062,9010.40919593582,RandomAgent_1,14002.411616288317,EpsilonGreedyAgent_1,17259.551905694712,UCB_BaselineAgent_1,10392.377330817806,RiskAverseEpsilonGreedyAgent_1,11584.22747097113,RiskAverseUCBAgent_1,,,,,,,,,,
balanced_linear_share_cb_transparent_ratio08_halt3,circuit_breaker,balanced,linear_share,17,10000,5,5,4,0.8,3,0.0,True,64862.46867142526,6.486246867142526,1.297249373428505,2.6256953321335366,8902,0.8902,0,5,0,4.9985,0.14072320383017267,8652.263494565952,RandomAgent_1,15184.900931651542,EpsilonGreedyAgent_1,17709.32675473461,UCB_BaselineAgent_1,10479.891452545984,RiskAverseEpsilonGreedyAgent_1,12836.086037927174,RiskAverseUCBAgent_1,,,,,,,,,,
balanced_linear_share_cb_transparent_ratio08_halt3,circuit_breaker,balanced,linear_share,18,10000,5,5,4,0.8,3,0.0,True,64795.17797733714,6.479517797733714,1.2959035595467427,2.6218049170066218,8928,0.8928,0,3,0,4.9991,0.13900345498647604,8638.38315076776,RandomAgent_1,15508.639359640178,EpsilonGreedyAgent_1,17352.774785056186,UCB_BaselineAgent_1,12874.842066939696,RiskAverseEpsilonGreedyAgent_1,10420.538614933315,RiskAverseUCBAgent_1,,,,,,,,,,
balanced_linear_share_cb_transparent_ratio08_halt3,circuit_breaker,balanced,linear_share,19,10000,5,5,4,0.8,3,0.0,True,64876.01632591966,6.487601632591966,1.2975203265183932,2.656216783395543,8936,0.8936,0,2,0,4.9994,0.13665688277210797,8719.717184750647,RandomAgent_1,15266.670001181634,EpsilonGreedyAgent_1,17406.63963294531,UCB_BaselineAgent_1,10476.129503139546,RiskAverseEpsilonGreedyAgent_1,13006.86000390253,RiskAverseUCBAgent_1,,,,,,,,,,
balanced_linear_share_cb_transparent_ratio08_halt3,circuit_breaker,balanced,linear_share,20,10000,5,5,4,0.8,3,0.0,True,64528.53564400104,6.452853564400104,1.2905707128800208,2.6256405702543244,8933,0.8933,0,9,0,4.9973,0.13428218380212997,8720.883885830694,RandomAgent_1,12830.639239000879,EpsilonGreedyAgent_1,15712.40304119614,UCB_BaselineAgent_1,16885.518639337897,RiskAverseEpsilonGreedyAgent_1,10379.090838635428,RiskAverseUCBAgent_1,,,,,,,,,,
balanced_linear_share_cb_transparent_ratio08_halt3,circuit_breaker,balanced,linear_share,21,10000,5,5,4,0.8,3,0.0,True,65104.259552758376,6.510425955275838,1.3020851910551676,2.68243480657754,8905,0.8905,0,3,0,4.9991,0.13957874920735658,8742.477285522971,RandomAgent_1,15543.591909471914,EpsilonGreedyAgent_1,17553.002748910312,UCB_BaselineAgent_1,12818.472563719362,RiskAverseEpsilonGreedyAgent_1,10446.715045133813,RiskAverseUCBAgent_1,,,,,,,,,,
balanced_linear_share_cb_transparent_ratio08_halt3,circuit_breaker,balanced,linear_share,22,10000,5,5,4,0.8,3,0.0,True,64789.44019772372,6.478944019772372,1.2957888039544745,2.6489587971370074,8926,0.8926,0,13,0,4.9961,0.13473522517808445,8678.582473334047,RandomAgent_1,16841.397455157603,EpsilonGreedyAgent_1,15914.248127176377,UCB_BaselineAgent_1,12938.883586738075,RiskAverseEpsilonGreedyAgent_1,10416.32855531762,RiskAverseUCBAgent_1,,,,,,,,,,
balanced_linear_share_cb_transparent_ratio08_halt3,circuit_breaker,balanced,linear_share,23,10000,5,5,4,0.8,3,0.0,True,65347.21034578905,6.534721034578904,1.306944206915781,2.6212730340877095,8870,0.887,0,7,0,4.9979,0.1386317428625563,8662.786603874678,RandomAgent_1,10487.948854696671,EpsilonGreedyAgent_1,16037.504237157178,UCB_BaselineAgent_1,12946.964660612568,RiskAverseEpsilonGreedyAgent_1,17212.00598944795,RiskAverseUCBAgent_1,,,,,,,,,,
balanced_linear_share_cb_transparent_ratio08_halt3,circuit_breaker,balanced,linear_share,24,10000,5,5,4,0.8,3,0.0,True,64376.786366682514,6.4376786366682515,1.2875357273336503,2.6285823107019133,8914,0.8914,0,4,0,4.9988,0.13232745057923445,8701.34301293781,RandomAgent_1,15406.457738696261,EpsilonGreedyAgent_1,13079.616564984446,UCB_BaselineAgent_1,16827.545792737037,RiskAverseEpsilonGreedyAgent_1,10361.823257326963,RiskAverseUCBAgent_1,,,,,,,,,,
balanced_linear_share_cb_transparent_ratio08_halt3,circuit_breaker,balanced,linear_share,25,10000,5,5,4,0.8,3,0.0,True,64342.50454169477,6.434250454169477,1.2868500908338953,2.6747706336407413,8950,0.895,0,5,0,4.9985,0.13235249467115695,8651.644075945003,RandomAgent_1,16713.676510715024,EpsilonGreedyAgent_1,15601.322783944603,UCB_BaselineAgent_1,12940.200991314352,RiskAverseEpsilonGreedyAgent_1,10435.660179775788,RiskAverseUCBAgent_1,,,,,,,,,,
balanced_linear_share_cb_transparent_ratio08_halt3,circuit_breaker,balanced,linear_share,26,10000,5,5,4,0.8,3,0.0,True,64402.80873519131,6.440280873519131,1.2880561747038262,2.644975533082061,8959,0.8959,0,15,0,4.9955,0.13035593524940414,8817.848815249235,RandomAgent_1,15512.696202526897,EpsilonGreedyAgent_1,12917.867841896441,UCB_BaselineAgent_1,16755.206072300392,RiskAverseEpsilonGreedyAgent_1,10399.189803218349,RiskAverseUCBAgent_1,,,,,,,,,,
balanced_linear_share_cb_transparent_ratio08_halt3,circuit_breaker,balanced,linear_share,27,10000,5,5,4,0.8,3,0.0,True,64943.982079471374,6.494398207947137,1.2988796415894275,2.6649414741826263,8964,0.8964,0,3,0,4.9991,0.13698174567999044,8733.620427286844,RandomAgent_1,15470.972205009102,EpsilonGreedyAgent_1,17336.04766383515,UCB_BaselineAgent_1,12967.865196874547,RiskAverseEpsilonGreedyAgent_1,10435.476586465733,RiskAverseUCBAgent_1,,,,,,,,,,
balanced_linear_share_cb_transparent_ratio08_halt3,circuit_breaker,balanced,linear_share,28,10000,5,5,4,0.8,3,0.0,True,64841.38670749286,6.484138670749286,1.296827734149857,2.6629086851127544,8801,0.8801,0,4,0,4.9988,0.13341134792327658,8770.252309664651,RandomAgent_1,15093.344041645698,EpsilonGreedyAgent_1,17322.60157755063,UCB_BaselineAgent_1,10571.60057276504,RiskAverseEpsilonGreedyAgent_1,13083.588205866836,RiskAverseUCBAgent_1,,,,,,,,,,
balanced_linear_share_cb_transparent_ratio08_halt3,circuit_breaker,balanced,linear_share,29,10000,5,5,4,0.8,3,0.0,True,64673.577046312304,6.4673577046312305,1.293471540926246,2.6562631793292235,8830,0.883,0,5,0,4.9985,0.1385020086929727,8741.094235386725,RandomAgent_1,14995.218824881144,EpsilonGreedyAgent_1,17650.836685639722,UCB_BaselineAgent_1,12865.274400702529,RiskAverseEpsilonGreedyAgent_1,10421.152899702183,RiskAverseUCBAgent_1,,,,,,,,,,
balanced_linear_share_cb_opaque_ratio08_halt5,circuit_breaker,balanced,linear_share,0,10000,5,5,4,0.8,5,0.0,False,64506.92551080828,6.450692551080828,1.2901385102161655,2.6637060139539512,8959,0.8959,30,6,0,4.997,0.12753634852407192,8761.88340088132,RandomAgent_1,16566.507331192617,EpsilonGreedyAgent_1,15503.412349048167,UCB_BaselineAgent_1,10545.21587426379,RiskAverseEpsilonGreedyAgent_1,13129.906555422387,RiskAverseUCBAgent_1,,,,,,,,,,
balanced_linear_share_cb_opaque_ratio08_halt5,circuit_breaker,balanced,linear_share,1,10000,5,5,4,0.8,5,0.0,False,64284.27604568786,6.428427604568786,1.2856855209137572,2.6397158974982182,8952,0.8952,30,7,0,4.9965,0.12988026717470458,8787.508452756345,RandomAgent_1,15090.597815313986,EpsilonGreedyAgent_1,13068.935992736477,UCB_BaselineAgent_1,16898.266748315244,RiskAverseEpsilonGreedyAgent_1,10438.967036565808,RiskAverseUCBAgent_1,,,,,,,,,,
balanced_linear_share_cb_opaque_ratio08_halt5,circuit_breaker,balanced,linear_share,2,10000,5,5,4,0.8,5,0.0,False,64808.33452717335,6.480833452717335,1.296166690543467,2.6338984644200862,8807,0.8807,22,5,0,4.9975,0.14001277338474405,8743.997239664786,RandomAgent_1,15343.332167751983,EpsilonGreedyAgent_1,17524.923076964034,UCB_BaselineAgent_1,10220.19720336098,RiskAverseEpsilonGreedyAgent_1,12975.884839431563,RiskAverseUCBAgent_1,,,,,,,,,,
balanced_linear_share_cb_opaque_ratio08_halt5,circuit_breaker,balanced,linear_share,3,10000,5,5,4,0.8,5,0.0,False,65088.9807496164,6.50889807496164,1.301779614992328,2.6772059418401866,8928,0.8928,20,4,0,4.998,0.14032465614607714,8694.61122414151,RandomAgent_1,15519.594386770952,EpsilonGreedyAgent_1,17594.700462256522,UCB_BaselineAgent_1,12794.273919917805,RiskAverseEpsilonGreedyAgent_1,10485.800756529614,RiskAverseUCBAgent_1,,,,,,,,,,
balanced_linear_share_cb_opaque_ratio08_halt5,circuit_breaker,balanced,linear_share,4,10000,5,5,4,0.8,5,0.0,False,64485.46417061498,6.448546417061498,1.2897092834122996,2.636115220827313,8896,0.8896,28,6,0,4.997,0.1366709862560358,8720.561078681609,RandomAgent_1,14984.05076967876,EpsilonGreedyAgent_1,17495.03639241728,UCB_BaselineAgent_1,12786.04450112772,RiskAverseEpsilonGreedyAgent_1,10499.771428709604,RiskAverseUCBAgent_1,,,,,,,,,,
balanced_linear_share_cb_opaque_ratio08_halt5,circuit_breaker,balanced,linear_share,5,10000,5,5,4,0.8,5,0.0,False,64760.69917792336,6.476069917792336,1.295213983558467,2.620217027287242,8773,0.8773,22,4,0,4.998,0.1369882489597114,8675.630190554402,RandomAgent_1,15257.446692282023,EpsilonGreedyAgent_1,17401.906160745857,UCB_BaselineAgent_1,10531.361678189087,RiskAverseEpsilonGreedyAgent_1,12894.35445615199,RiskAverseUCBAgent_1,,,,,,,,,,
balanced_linear_share_cb_opaque_ratio08_halt5,circuit_breaker,balanced,linear_share,6,10000,5,5,4,0.8,5,0.0,False,64847.76400453424,6.484776400453424,1.2969552800906847,2.6690892147568386,8982,0.8982,4,1,0,4.9995,0.1380767031141481,8689.315736191467,RandomAgent_1,15493.759590228094,EpsilonGreedyAgent_1,17344.730213918712,UCB_BaselineAgent_1,12900.283563689407,RiskAverseEpsilonGreedyAgent_1,10419.674900506563,RiskAverseUCBAgent_1,,,,,,,,,,
balanced_linear_share_cb_opaque_ratio08_halt5,circuit_breaker,balanced,linear_share,7,10000,5,5,4,0.8,5,0.0,False,64994.06927616972,6.499406927616972,1.2998813855233944,2.6529417065539143,8857,0.8857,21,4,0,4.998,0.13748275152546663,8636.538707914815,RandomAgent_1,15441.555886503105,EpsilonGreedyAgent_1,17346.065112802156,UCB_BaselineAgent_1,10521.700003966273,RiskAverseEpsilonGreedyAgent_1,13048.209564983372,RiskAverseUCBAgent_1,,,,,,,,,,
balanced_linear_share_cb_opaque_ratio08_halt5,circuit_breaker,balanced,linear_share,8,10000,5,5,4,0.8,5,0.0,False,63818.17203690028,6.381817203690028,1.2763634407380056,2.635198424937651,8970,0.897,27,6,0,4.997,0.12841250432286277,8747.729386424242,RandomAgent_1,15157.114531493553,EpsilonGreedyAgent_1,12839.764613253847,UCB_BaselineAgent_1,16633.178659499234,RiskAverseEpsilonGreedyAgent_1,10440.384846229403,RiskAverseUCBAgent_1,,,,,,,,,,
balanced_linear_share_cb_opaque_ratio08_halt5,circuit_breaker,balanced,linear_share,9,10000,5,5,4,0.8,5,0.0,False,65267.279586522025,6.526727958652202,1.3053455917304404,2.6744827764448433,8855,0.8855,27,6,0,4.997,0.13955808982969753,8714.69128406875,RandomAgent_1,10466.690761548321,EpsilonGreedyAgent_1,15807.344521473406,UCB_BaselineAgent_1,12848.467530980559,RiskAverseEpsilonGreedyAgent_1,17430.085488450994,RiskAverseUCBAgent_1,,,,,,,,,,
balanced_linear_share_cb_opaque_ratio08_halt5,circuit_breaker,balanced,linear_share,10,10000,5,5,4,0.8,5,0.0,False,63998.987582575064,6.399898758257506,1.2799797516515012,2.638112321975169,8901,0.8901,22,4,0,4.998,0.14463665849604368,8874.109464138663,RandomAgent_1,15333.50267268796,EpsilonGreedyAgent_1,17523.07719481413,UCB_BaselineAgent_1,9489.938856355266,RiskAverseEpsilonGreedyAgent_1,12778.359394579042,RiskAverseUCBAgent_1,,,,,,,,,,
balanced_linear_share_cb_opaque_ratio08_halt5,circuit_breaker,balanced,linear_share,11,10000,5,5,4,0.8,5,0.0,False,64629.949581792855,6.462994958179285,1.2925989916358571,2.6262530398118025,8938,0.8938,15,5,0,4.9975,0.13964066156202048,8604.746340469854,RandomAgent_1,15198.555498931708,EpsilonGreedyAgent_1,17518.333528813007,UCB_BaselineAgent_1,10463.307584814036,RiskAverseEpsilonGreedyAgent_1,12845.006628764253,RiskAverseUCBAgent_1,,,,,,,,,,
balanced_linear_share_cb_opaque_ratio08_halt5,circuit_breaker,balanced,linear_share,12,10000,5,5,4,0.8,5,0.0,False,64574.46034462574,6.457446034462574,1.2914892068925148,2.6492231114926486,8775,0.8775,19,3,0,4.9985,0.13883352626537881,8636.13417425577,RandomAgent_1,15257.056402584647,EpsilonGreedyAgent_1,17418.05117222087,UCB_BaselineAgent_1,12855.078287870245,RiskAverseEpsilonGreedyAgent_1,10408.140307694204,RiskAverseUCBAgent_1,,,,,,,,,,
balanced_linear_share_cb_opaque_ratio08_halt5,circuit_breaker,balanced,linear_share,13,10000,5,5,4,0.8,5,0.0,False,65432.58548416728,6.543258548416728,1.3086517096833457,2.663579376662121,8925,0.8925,8,2,0,4.999,0.13399263769501157,8728.981836469982,RandomAgent_1,10545.485615173713,EpsilonGreedyAgent_1,16291.053664369208,UCB_BaselineAgent_1,16815.553712157118,RiskAverseEpsilonGreedyAgent_1,13051.510655997256,RiskAverseUCBAgent_1,,,,,,,,,,
balanced_linear_share_cb_opaque_ratio08_halt5,circuit_breaker,balanced,linear_share,14,10000,5,5,4,0.8,5,0.0,False,65346.44392202108,6.534644392202107,1.3069288784404216,2.647697074969262,8804,0.8804,15,3,0,4.9985,0.1320183334942362,8859.538554803961,RandomAgent_1,10476.575215267125,EpsilonGreedyAgent_1,16097.734985618044,UCB_BaselineAgent_1,16832.61945257822,RiskAverseEpsilonGreedyAgent_1,13079.97571375373,RiskAverseUCBAgent_1,,,,,,,,,,
balanced_linear_share_cb_opaque_ratio08_halt5,circuit_breaker,balanced,linear_share,15,10000,5,5,4,0.8,5,0.0,False,64307.86520269995,6.4307865202699945,1.2861573040539989,2.683137216498272,8958,0.8958,26,6,0,4.997,0.13015781394350734,8776.286270820554,RandomAgent_1,16707.244842138996,EpsilonGreedyAgent_1,15486.283464196878,UCB_BaselineAgent_1,12915.277904102688,RiskAverseEpsilonGreedyAgent_1,10422.77272144083,RiskAverseUCBAgent_1,,,,,,,,,,
balanced_linear_share_cb_opaque_ratio08_halt5,circuit_breaker,balanced,linear_share,16,10000,5,5,4,0.8,5,0.0,False,64934.78499599644,6.493478499599644,1.2986956999199288,2.6407490191566523,8875,0.8875,25,6,0,4.997,0.14015437649772466,8606.396921082785,RandomAgent_1,15418.282022553978,EpsilonGreedyAgent_1,17496.470448633634,UCB_BaselineAgent_1,10446.193317336416,RiskAverseEpsilonGreedyAgent_1,12967.442286389623,RiskAverseUCBAgent_1,,,,,,,,,,
balanced_linear_share_cb_opaque_ratio08_halt5,circuit_breaker,balanced,linear_share,17,10000,5,5,4,0.8,5,0.0,False,65181.82327663602,6.518182327663602,1.3036364655327204,2.6080531743167774,8818,0.8818,36,6,0,4.997,0.14209755561292692,8628.071203872796,RandomAgent_1,15400.802547530267,EpsilonGreedyAgent_1,17732.429562322108,UCB_BaselineAgent_1,10454.07486941948,RiskAverseEpsilonGreedyAgent_1,12966.445093491373,RiskAverseUCBAgent_1,,,,,,,,,,
balanced_linear_share_cb_opaque_ratio08_halt5,circuit_breaker,balanced,linear_share,18,10000,5,5,4,0.8,5,0.0,False,64188.81970791079,6.418881970791079,1.2837763941582159,2.579476109332702,8899,0.8899,15,2,0,4.999,0.13565503710583604,8639.163780405028,RandomAgent_1,14932.002711372137,EpsilonGreedyAgent_1,17301.561234996476,UCB_BaselineAgent_1,12828.136158723197,RiskAverseEpsilonGreedyAgent_1,10487.955822413953,RiskAverseUCBAgent_1,,,,,,,,,,
balanced_linear_share_cb_opaque_ratio08_halt5,circuit_breaker,balanced,linear_share,19,10000,5,5,4,0.8,5,0.0,False,64750.70120650259,6.475070120650259,1.2950140241300518,2.63019698884038,8927,0.8927,8,2,0,4.999,0.137089875755382,8695.48081298003,RandomAgent_1,15236.936459440107,EpsilonGreedyAgent_1,17398.217757544073,UCB_BaselineAgent_1,10450.746389884947,RiskAverseEpsilonGreedyAgent_1,12969.319786653436,RiskAverseUCBAgent_1,,,,,,,,,,
balanced_linear_share_cb_opaque_ratio08_halt5,circuit_breaker,balanced,linear_share,20,10000,5,5,4,0.8,5,0.0,False,63916.1013339965,6.39161013339965,1.27832202667993,2.6144132275281415,9012,0.9012,41,10,0,4.995,0.12911710608528937,8691.30892212498,RandomAgent_1,15356.702272184419,EpsilonGreedyAgent_1,12909.832456847189,UCB_BaselineAgent_1,16538.609448718264,RiskAverseEpsilonGreedyAgent_1,10419.648234121649,RiskAverseUCBAgent_1,,,,,,,,,,
balanced_linear_share_cb_opaque_ratio08_halt5,circuit_breaker,balanced,linear_share,21,10000,5,5,4,0.8,5,0.0,False,64921.528465395226,6.492152846539523,1.2984305693079046,2.6529790827904787,8907,0.8907,44,9,0,4.9955,0.13943196929127577,8723.27726239093,RandomAgent_1,15473.766017059144,EpsilonGreedyAgent_1,17524.9840486582,UCB_BaselineAgent_1,12752.66295601745,RiskAverseEpsilonGreedyAgent_1,10446.838181269499,RiskAverseUCBAgent_1,,,,,,,,,,
balanced_linear_share_cb_opaque_ratio08_halt5,circuit_breaker,balanced,linear_share,22,10000,5,5,4,0.8,5,0.0,False,64533.52242748132,6.4533522427481325,1.2906704485496265,2.6677341705695814,8803,0.8803,40,8,0,4.996,0.13566936537422447,8639.305832399481,RandomAgent_1,12882.700737597372,EpsilonGreedyAgent_1,15595.176910934884,UCB_BaselineAgent_1,16995.942927720953,RiskAverseEpsilonGreedyAgent_1,10420.396018828633,RiskAverseUCBAgent_1,,,,,,,,,,
balanced_linear_share_cb_opaque_ratio08_halt5,circuit_breaker,balanced,linear_share,23,10000,5,5,4,0.8,5,0.0,False,63811.97475867854,6.381197475867854,1.2762394951735707,2.6564555921687516,8976,0.8976,24,8,0,4.996,0.13070065448828938,8659.955701591934,RandomAgent_1,14933.45791434636,EpsilonGreedyAgent_1,12901.062917307258,UCB_BaselineAgent_1,16851.539625714737,RiskAverseEpsilonGreedyAgent_1,10465.958599718246,RiskAverseUCBAgent_1,,,,,,,,,,
balanced_linear_share_cb_opaque_ratio08_halt5,circuit_breaker,balanced,linear_share,24,10000,5,5,4,0.8,5,0.0,False,64632.606104134036,6.463260610413403,1.2926521220826808,2.623558467183575,8870,0.887,19,5,0,4.9975,0.13878961930751,8634.851137604921,RandomAgent_1,15263.586627718027,EpsilonGreedyAgent_1,17439.752043463886,UCB_BaselineAgent_1,12846.86484602378,RiskAverseEpsilonGreedyAgent_1,10447.551449323422,RiskAverseUCBAgent_1,,,,,,,,,,
balanced_linear_share_cb_opaque_ratio08_halt5,circuit_breaker,balanced,linear_share,25,10000,5,5,4,0.8,5,0.0,False,64214.838854838934,6.421483885483894,1.2842967770967786,2.7211011369616203,8965,0.8965,35,6,0,4.997,0.13319592171749917,8590.434926769047,RandomAgent_1,16691.072269528075,EpsilonGreedyAgent_1,15567.556486697837,UCB_BaselineAgent_1,12979.830622655463,RiskAverseEpsilonGreedyAgent_1,10385.94454918851,RiskAverseUCBAgent_1,,,,,,,,,,
balanced_linear_share_cb_opaque_ratio08_halt5,circuit_breaker,balanced,linear_share,26,10000,5,5,4,0.8,5,0.0,False,65013.52246189862,6.501352246189862,1.3002704492379724,2.641649690732549,8897,0.8897,13,4,0,4.998,0.13690953426111485,8860.847234415573,RandomAgent_1,15410.92875084688,EpsilonGreedyAgent_1,17493.87577511989,UCB_BaselineAgent_1,12823.312571593382,RiskAverseEpsilonGreedyAgent_1,10424.558129922892,RiskAverseUCBAgent_1,,,,,,,,,,
balanced_linear_share_cb_opaque_ratio08_halt5,circuit_breaker,balanced,linear_share,27,10000,5,5,4,0.8,5,0.0,False,64722.25299989499,6.472225299989499,1.2944450599978998,2.6513410240260775,8961,0.8961,21,4,0,4.998,0.13773944548513506,8655.021781760994,RandomAgent_1,15350.382365763637,EpsilonGreedyAgent_1,17330.42123272272,UCB_BaselineAgent_1,12972.26444884595,RiskAverseEpsilonGreedyAgent_1,10414.163170801685,RiskAverseUCBAgent_1,,,,,,,,,,
balanced_linear_share_cb_opaque_ratio08_halt5,circuit_breaker,balanced,linear_share,28,10000,5,5,4,0.8,5,0.0,False,64589.11014970871,6.45891101497087,1.2917822029941741,2.6576932283118753,8812,0.8812,12,3,0,4.9985,0.13230692720751325,8746.802605010673,RandomAgent_1,15013.154933447773,EpsilonGreedyAgent_1,17223.922496824373,UCB_BaselineAgent_1,10603.42797963631,RiskAverseEpsilonGreedyAgent_1,13001.80213478958,RiskAverseUCBAgent_1,,,,,,,,,,
balanced_linear_share_cb_opaque_ratio08_halt5,circuit_breaker,balanced,linear_share,29,10000,5,5,4,0.8,5,0.0,False,64673.70986781025,6.467370986781025,1.293474197356205,2.663402382354818,8808,0.8808,41,8,0,4.996,0.13745456328468975,8691.878721173956,RandomAgent_1,15147.365512702674,EpsilonGreedyAgent_1,17456.94907406622,UCB_BaselineAgent_1,12924.251706081674,RiskAverseEpsilonGreedyAgent_1,10453.264853785722,RiskAverseUCBAgent_1,,,,,,,,,,
balanced_linear_share_cb_transparent_ratio08_halt5,circuit_breaker,balanced,linear_share,0,10000,5,5,4,0.8,5,0.0,True,64526.48047603118,6.452648047603118,1.2905296095206236,2.650337497762564,8961,0.8961,0,10,0,4.995,0.13283971095742797,8711.367459935534,RandomAgent_1,15403.870192219414,EpsilonGreedyAgent_1,12985.765365375175,UCB_BaselineAgent_1,16957.846574997653,RiskAverseEpsilonGreedyAgent_1,10467.630883503403,RiskAverseUCBAgent_1,,,,,,,,,,
balanced_linear_share_cb_transparent_ratio08_halt5,circuit_breaker,balanced,linear_share,1,10000,5,5,4,0.8,5,0.0,True,64138.551219962064,6.413855121996207,1.2827710243992412,2.628546152356621,9003,0.9003,0,4,0,4.998,0.12985622228653515,8764.211681396537,RandomAgent_1,14973.689919762945,EpsilonGreedyAgent_1,13029.505625229176,UCB_BaselineAgent_1,16915.950782497606,RiskAverseEpsilonGreedyAgent_1,10455.193211075803,RiskAverseUCBAgent_1,,,,,,,,,,
balanced_linear_share_cb_transparent_ratio08_halt5,circuit_breaker,balanced,linear_share,2,10000,5,5,4,0.8,5,0.0,True,64639.17571146659,6.463917571146659,1.2927835142293318,2.6341690914459237,8894,0.8894,0,7,0,4.9965,0.1385460868807733,8605.196176121797,RandomAgent_1,15359.702174556087,EpsilonGreedyAgent_1,17346.064134235814,UCB_BaselineAgent_1,12875.53727082483,RiskAverseEpsilonGreedyAgent_1,10452.675955728062,RiskAverseUCBAgent_1,,,,,,,,,,
balanced_linear_share_cb_transparent_ratio08_halt5,circuit_breaker,balanced,linear_share,3,10000,5,5,4,0.8,5,0.0,True,65057.35230572682,6.505735230572681,1.3011470461145362,2.6636415504504245,8882,0.8882,0,4,0,4.998,0.14103635694612104,8654.158188575493,RandomAgent_1,15324.783330287184,EpsilonGreedyAgent_1,17695.764543110043,UCB_BaselineAgent_1,12913.280108797924,RiskAverseEpsilonGreedyAgent_1,10469.366134956173,RiskAverseUCBAgent_1,,,,,,,,,,
balanced_linear_share_cb_transparent_ratio08_halt5,circuit_breaker,balanced,linear_share,4,10000,5,5,4,0.8,5,0.0,True,64029.23013529612,6.4029230135296125,1.2805846027059224,2.652184794005573,8955,0.8955,0,9,0,4.9955,0.1269543965856066,8811.582251119222,RandomAgent_1,14976.280009667515,EpsilonGreedyAgent_1,13088.295592694758,UCB_BaselineAgent_1,16707.312487851388,RiskAverseEpsilonGreedyAgent_1,10445.75979396324,RiskAverseUCBAgent_1,,,,,,,,,,
balanced_linear_share_cb_transparent_ratio08_halt5,circuit_breaker,balanced,linear_share,5,10000,5,5,4,0.8,5,0.0,True,64995.457633368234,6.499545763336823,1.2999091526673647,2.629730476009146,8894,0.8894,0,3,0,4.9985,0.14091288230686239,8732.022201978074,RandomAgent_1,15135.623631239872,EpsilonGreedyAgent_1,17822.40224846479,UCB_BaselineAgent_1,12885.769007400882,RiskAverseEpsilonGreedyAgent_1,10419.640544284615,RiskAverseUCBAgent_1,,,,,,,,,,
balanced_linear_share_cb_transparent_ratio08_halt5,circuit_breaker,balanced,linear_share,6,10000,5,5,4,0.8,5,0.0,True,64890.94344113209,6.489094344113209,1.2978188688226417,2.6584931160658707,8983,0.8983,0,1,0,4.9995,0.13793336951428037,8697.61076611176,RandomAgent_1,15472.343034391903,EpsilonGreedyAgent_1,17367.96191655843,UCB_BaselineAgent_1,12916.548588274578,RiskAverseEpsilonGreedyAgent_1,10436.479135795422,RiskAverseUCBAgent_1,,,,,,,,,,
balanced_linear_share_cb_transparent_ratio08_halt5,circuit_breaker,balanced,linear_share,7,10000,5,5,4,0.8,5,0.0,True,65132.36088776613,6.513236088776613,1.3026472177553226,2.6574325583341802,8786,0.8786,0,3,0,4.9985,0.13933133238217432,8624.164763187488,RandomAgent_1,15460.211047757824,EpsilonGreedyAgent_1,17485.70013240636,UCB_BaselineAgent_1,10495.835226972908,RiskAverseEpsilonGreedyAgent_1,13066.449717441552,RiskAverseUCBAgent_1,,,,,,,,,,
balanced_linear_share_cb_transparent_ratio08_halt5,circuit_breaker,balanced,linear_share,8,10000,5,5,4,0.8,5,0.0,True,64282.34134461741,6.428234134461741,1.2856468268923482,2.6611971184910956,9011,0.9011,0,7,0,4.9965,0.13034912817133693,8742.295413344218,RandomAgent_1,16474.31852891991,EpsilonGreedyAgent_1,15909.097083202603,UCB_BaselineAgent_1,12731.354882504575,RiskAverseEpsilonGreedyAgent_1,10425.275436646105,RiskAverseUCBAgent_1,,,,,,,,,,
balanced_linear_share_cb_transparent_ratio08_halt5,circuit_breaker,balanced,linear_share,9,10000,5,5,4,0.8,5,0.0,True,65020.398392858275,6.502039839285827,1.3004079678571654,2.653539149108962,8870,0.887,0,5,0,4.9975,0.132564139470555,8713.527754576606,RandomAgent_1,16811.0167218582,EpsilonGreedyAgent_1,15852.21047610985,UCB_BaselineAgent_1,10498.755508218255,RiskAverseEpsilonGreedyAgent_1,13144.887932095362,RiskAverseUCBAgent_1,,,,,,,,,,
balanced_linear_share_cb_transparent_ratio08_halt5,circuit_breaker,balanced,linear_share,10,10000,5,5,4,0.8,5,0.0,True,63852.33752703516,6.385233752703516,1.2770467505407033,2.639253974984371,8914,0.8914,0,6,0,4.997,0.14335913709813108,8840.729932234624,RandomAgent_1,15249.66462419492,EpsilonGreedyAgent_1,17414.72100852573,UCB_BaselineAgent_1,9513.106752841195,RiskAverseEpsilonGreedyAgent_1,12834.115209238695,RiskAverseUCBAgent_1,,,,,,,,,,
balanced_linear_share_cb_transparent_ratio08_halt5,circuit_breaker,balanced,linear_share,11,10000,5,5,4,0.8,5,0.0,True,64698.68035156866,6.469868035156866,1.2939736070313732,2.6401514053385005,8945,0.8945,0,4,0,4.998,0.14094464612968727,8594.271519955295,RandomAgent_1,15156.044100165644,EpsilonGreedyAgent_1,17628.91647799667,UCB_BaselineAgent_1,10428.002498224405,RiskAverseEpsilonGreedyAgent_1,12891.445755226647,RiskAverseUCBAgent_1,,,,,,,,,,
balanced_linear_share_cb_transparent_ratio08_halt5,circuit_breaker,balanced,linear_share,12,10000,5,5,4,0.8,5,0.0,True,64491.403434588035,6.4491403434588035,1.2898280686917607,2.648119145024994,8816,0.8816,0,4,0,4.998,0.13740937899853778,8656.148630422302,RandomAgent_1,15166.684957841504,EpsilonGreedyAgent_1,17359.801442102416,UCB_BaselineAgent_1,12889.087064747328,RiskAverseEpsilonGreedyAgent_1,10419.681339474484,RiskAverseUCBAgent_1,,,,,,,,,,
balanced_linear_share_cb_transparent_ratio08_halt5,circuit_breaker,balanced,linear_share,13,10000,5,5,4,0.8,5,0.0,True,65331.60857705593,6.533160857705593,1.3066321715411187,2.648799577031037,8877,0.8877,0,2,0,4.999,0.13433510426518014,8697.342471922824,RandomAgent_1,10533.886135678387,EpsilonGreedyAgent_1,16193.702334571628,UCB_BaselineAgent_1,16837.84493498961,RiskAverseEpsilonGreedyAgent_1,13068.83269989348,RiskAverseUCBAgent_1,,,,,,,,,,
balanced_linear_share_cb_transparent_ratio08_halt5,circuit_breaker,balanced,linear_share,14,10000,5,5,4,0.8,5,0.0,True,64895.28372878778,6.489528372878778,1.2979056745757556,2.6554235435748215,8887,0.8887,0,10,0,4.995,0.13149101677386765,8692.455099138257,RandomAgent_1,16667.830559313774,EpsilonGreedyAgent_1,15957.240642074807,UCB_BaselineAgent_1,10575.12445910852,RiskAverseEpsilonGreedyAgent_1,13002.632969152417,RiskAverseUCBAgent_1,,,,,,,,,,
balanced_linear_share_cb_transparent_ratio08_halt5,circuit_breaker,balanced,linear_share,15,10000,5,5,4,0.8,5,0.0,True,59032.058015241855,5.9032058015241855,1.180641160304837,2.1771231221645286,9217,0.9217,0,12,0,4.994,0.13267808990680718,9265.888313545534,RandomAgent_1,12673.060021130705,EpsilonGreedyAgent_1,17345.812572676314,UCB_BaselineAgent_1,10488.224557333038,RiskAverseEpsilonGreedyAgent_1,9259.072550556262,RiskAverseUCBAgent_1,,,,,,,,,,
balanced_linear_share_cb_transparent_ratio08_halt5,circuit_breaker,balanced,linear_share,16,10000,5,5,4,0.8,5,0.0,True,64624.69420139077,6.462469420139077,1.2924938840278153,2.629156848173833,8883,0.8883,0,8,0,4.996,0.13663605279437396,8638.748234711058,RandomAgent_1,15205.877804829828,EpsilonGreedyAgent_1,17310.265449272712,UCB_BaselineAgent_1,10473.75441214941,RiskAverseEpsilonGreedyAgent_1,12996.048300427763,RiskAverseUCBAgent_1,,,,,,,,,,
balanced_linear_share_cb_transparent_ratio08_halt5,circuit_breaker,balanced,linear_share,17,10000,5,5,4,0.8,5,0.0,True,63026.22757748622,6.3026227577486225,1.2605245515497243,2.51041448668878,9080,0.908,0,7,0,4.9965,0.13678908225142417,8770.549603737574,RandomAgent_1,14529.30633316922,EpsilonGreedyAgent_1,17536.838340534043,UCB_BaselineAgent_1,10508.634236527829,RiskAverseEpsilonGreedyAgent_1,11680.899063517552,RiskAverseUCBAgent_1,,,,,,,,,,
balanced_linear_share_cb_transparent_ratio08_halt5,circuit_breaker,balanced,linear_share,18,10000,5,5,4,0.8,5,0.0,True,64870.06750824614,6.487006750824614,1.2974013501649229,2.6387522180887717,8877,0.8877,0,9,0,4.9955,0.13824467390625572,8716.006944412773,RandomAgent_1,15430.732257487069,EpsilonGreedyAgent_1,17424.623696773648,UCB_BaselineAgent_1,12870.592169749547,RiskAverseEpsilonGreedyAgent_1,10428.112439823104,RiskAverseUCBAgent_1,,,,,,,,,,
balanced_linear_share_cb_transparent_ratio08_halt5,circuit_breaker,balanced,linear_share,19,10000,5,5,4,0.8,5,0.0,True,64876.7737746119,6.48767737746119,1.2975354754922381,2.6452143720088954,8922,0.8922,0,3,0,4.9985,0.1377891884377367,8702.11540016282,RandomAgent_1,15366.990711108274,EpsilonGreedyAgent_1,17422.803843011916,UCB_BaselineAgent_1,10460.072579650467,RiskAverseEpsilonGreedyAgent_1,12924.791240678425,RiskAverseUCBAgent_1,,,,,,,,,,
balanced_linear_share_cb_transparent_ratio08_halt5,circuit_breaker,balanced,linear_share,20,10000,5,5,4,0.8,5,0.0,True,63894.295971999774,6.389429597199977,1.2778859194399954,2.6332303345851704,9038,0.9038,0,6,0,4.997,0.13079680533904803,8651.811714870368,RandomAgent_1,15212.840121950285,EpsilonGreedyAgent_1,12940.883102449241,UCB_BaselineAgent_1,16690.822940611073,RiskAverseEpsilonGreedyAgent_1,10397.938092118811,RiskAverseUCBAgent_1,,,,,,,,,,
balanced_linear_share_cb_transparent_ratio08_halt5,circuit_breaker,balanced,linear_share,21,10000,5,5,4,0.8,5,0.0,True,65126.057810039856,6.512605781003986,1.3025211562007972,2.682640447529428,8967,0.8967,0,5,0,4.9975,0.14166642907303606,8704.042176541456,RandomAgent_1,15510.585329391759,EpsilonGreedyAgent_1,17703.7547926445,UCB_BaselineAgent_1,12763.105073745419,RiskAverseEpsilonGreedyAgent_1,10444.570437716724,RiskAverseUCBAgent_1,,,,,,,,,,
balanced_linear_share_cb_transparent_ratio08_halt5,circuit_breaker,balanced,linear_share,22,10000,5,5,4,0.8,5,0.0,True,64329.654260456424,6.432965426045643,1.2865930852091285,2.6426600695551934,9032,0.9032,0,9,0,4.9955,0.13262763253138066,8708.793128716952,RandomAgent_1,15397.438765062481,EpsilonGreedyAgent_1,12952.84865145737,UCB_BaselineAgent_1,16873.48185763583,RiskAverseEpsilonGreedyAgent_1,10397.091857583791,RiskAverseUCBAgent_1,,,,,,,,,,
balanced_linear_share_cb_transparent_ratio08_halt5,circuit_breaker,balanced,linear_share,23,10000,5,5,4,0.8,5,0.0,True,64827.52573591658,6.482752573591657,1.2965505147183316,2.6031014784916713,8928,0.8928,0,10,0,4.995,0.13818188545786758,8756.24035599576,RandomAgent_1,15279.913105374308,EpsilonGreedyAgent_1,17487.52075329107,UCB_BaselineAgent_1,12956.351960683991,RiskAverseEpsilonGreedyAgent_1,10347.499560571448,RiskAverseUCBAgent_1,,,,,,,,,,
balanced_linear_share_cb_transparent_ratio08_halt5,circuit_breaker,balanced,linear_share,24,10000,5,5,4,0.8,5,0.0,True,64267.45097467514,6.426745097467514,1.2853490194935029,2.6496659272016183,8967,0.8967,0,9,0,4.9955,0.13430902292280567,8632.654107929924,RandomAgent_1,12674.032696146496,EpsilonGreedyAgent_1,15705.194127823399,UCB_BaselineAgent_1,16798.310165393857,RiskAverseEpsilonGreedyAgent_1,10457.25987738147,RiskAverseUCBAgent_1,,,,,,,,,,
balanced_linear_share_cb_transparent_ratio08_halt5,circuit_breaker,balanced,linear_share,25,10000,5,5,4,0.8,5,0.0,True,64488.99429421374,6.448899429421374,1.2897798858842748,2.6926436373129246,9015,0.9015,0,5,0,4.9975,0.13393824726121495,8608.156958631336,RandomAgent_1,16723.9560391045,EpsilonGreedyAgent_1,15780.52476860787,UCB_BaselineAgent_1,12958.09075682954,RiskAverseEpsilonGreedyAgent_1,10418.265771040493,RiskAverseUCBAgent_1,,,,,,,,,,
balanced_linear_share_cb_transparent_ratio08_halt5,circuit_breaker,balanced,linear_share,26,10000,5,5,4,0.8,5,0.0,True,65110.35990115021,6.511035990115021,1.302207198023004,2.64001922388617,8825,0.8825,0,5,0,4.9975,0.13746152401115874,8664.05043701324,RandomAgent_1,15499.648644211065,EpsilonGreedyAgent_1,17354.302020970656,UCB_BaselineAgent_1,10504.728559808025,RiskAverseEpsilonGreedyAgent_1,13087.630239147218,RiskAverseUCBAgent_1,,,,,,,,,,
balanced_linear_share_cb_transparent_ratio08_halt5,circuit_breaker,balanced,linear_share,27,10000,5,5,4,0.8,5,0.0,True,65043.6623565853,6.50436623565853,1.300873247131706,2.6526647888128867,8932,0.8932,0,4,0,4.998,0.13669179528058728,8747.416793619286,RandomAgent_1,15408.741009847441,EpsilonGreedyAgent_1,17380.49723746319,UCB_BaselineAgent_1,13059.442865985106,RiskAverseEpsilonGreedyAgent_1,10447.564449670275,RiskAverseUCBAgent_1,,,,,,,,,,
balanced_linear_share_cb_transparent_ratio08_halt5,circuit_breaker,balanced,linear_share,28,10000,5,5,4,0.8,5,0.0,True,64809.6407150991,6.48096407150991,1.296192814301982,2.66370631914998,8810,0.881,0,7,0,4.9965,0.13314616513968014,8764.066280390154,RandomAgent_1,15143.823312116743,EpsilonGreedyAgent_1,17272.84653120854,UCB_BaselineAgent_1,10588.496000513724,RiskAverseEpsilonGreedyAgent_1,13040.408590869938,RiskAverseUCBAgent_1,,,,,,,,,,
balanced_linear_share_cb_transparent_ratio08_halt5,circuit_breaker,balanced,linear_share,29,10000,5,5,4,0.8,5,0.0,True,64859.74127709465,6.485974127709465,1.297194825541893,2.6595094376186212,8823,0.8823,0,4,0,4.998,0.13943425054440417,8707.952570319632,RandomAgent_1,15141.65531680254,EpsilonGreedyAgent_1,17682.54573590507,UCB_BaselineAgent_1,12845.919544783123,RiskAverseEpsilonGreedyAgent_1,10481.668109284281,RiskAverseUCBAgent_1,,,,,,,,,,
balanced_zero_on_collision_baseline,baseline,balanced,zero_on_collision,0,10000,5,5,,,,,,50807.47871978187,5.080747871978187,1.0161495743956375,2.6454674319374853,8764,0.8764,0,0,0,5,0.23211374352964675,2523.2744101829626,RandomAgent_1,12936.71495709527,EpsilonGreedyAgent_1,15302.983748389373,UCB_BaselineAgent_1,11031.157182984758,RiskAverseEpsilonGreedyAgent_1,9013.348421129513,RiskAverseUCBAgent_1,,,,,,,,,,
balanced_zero_on_collision_baseline,baseline,balanced,zero_on_collision,1,10000,5,5,,,,,,50901.88221361919,5.0901882213619185,1.0180376442723837,2.668107655172153,8761,0.8761,0,0,0,5,0.2261523296441048,2568.793850489776,RandomAgent_1,14465.046634594215,EpsilonGreedyAgent_1,13815.632090141264,UCB_BaselineAgent_1,8829.189543650615,RiskAverseEpsilonGreedyAgent_1,11223.220094743318,RiskAverseUCBAgent_1,,,,,,,,,,
balanced_zero_on_collision_baseline,baseline,balanced,zero_on_collision,2,10000,5,5,,,,,,51166.317061773654,5.116631706177365,1.0233263412354732,2.644837728808845,8679,0.8679,0,0,0,5,0.2254739103168124,2645.320360968859,RandomAgent_1,14575.613488198895,EpsilonGreedyAgent_1,13713.491084316105,UCB_BaselineAgent_1,8732.403377706332,RiskAverseEpsilonGreedyAgent_1,11499.488750583461,RiskAverseUCBAgent_1,,,,,,,,,,
balanced_zero_on_collision_baseline,baseline,balanced,zero_on_collision,3,10000,5,5,,,,,,50848.207232321205,5.08482072323212,1.0169641446464242,2.6394999284198506,8780,0.878,0,0,0,5,0.2334663338851639,2471.8091814111262,RandomAgent_1,12976.579938928438,EpsilonGreedyAgent_1,15264.959617677587,UCB_BaselineAgent_1,8884.51949355358,RiskAverseEpsilonGreedyAgent_1,11250.339000750471,RiskAverseUCBAgent_1,,,,,,,,,,
balanced_zero_on_collision_baseline,baseline,balanced,zero_on_collision,4,10000,5,5,,,,,,50776.419259971604,5.077641925997161,1.0155283851994321,2.65678986748542,8740,0.874,0,0,0,5,0.2182701524725985,2653.1211941030947,RandomAgent_1,13206.880277229562,EpsilonGreedyAgent_1,11399.686484029977,UCB_BaselineAgent_1,14441.178450100688,RiskAverseEpsilonGreedyAgent_1,9075.552854508282,RiskAverseUCBAgent_1,,,,,,,,,,
balanced_zero_on_collision_baseline,baseline,balanced,zero_on_collision,5,10000,5,5,,,,,,50556.9778104548,5.05569778104548,1.0111395562090961,2.609706971022648,8684,0.8684,0,0,0,5,0.22943401223634408,2713.3270804217136,RandomAgent_1,12404.084732136744,EpsilonGreedyAgent_1,15437.155154334327,UCB_BaselineAgent_1,8853.015215970827,RiskAverseEpsilonGreedyAgent_1,11149.395627591193,RiskAverseUCBAgent_1,,,,,,,,,,
balanced_zero_on_collision_baseline,baseline,balanced,zero_on_collision,6,10000,5,5,,,,,,51055.08312660638,5.105508312660638,1.0211016625321276,2.640479682079267,8767,0.8767,0,0,0,5,0.23316358395688286,2483.828075664912,RandomAgent_1,13136.850554492086,EpsilonGreedyAgent_1,15316.358900365087,UCB_BaselineAgent_1,11076.598794732156,RiskAverseEpsilonGreedyAgent_1,9041.446801352142,RiskAverseUCBAgent_1,,,,,,,,,,
balanced_zero_on_collision_baseline,baseline,balanced,zero_on_collision,7,10000,5,5,,,,,,50824.19825683997,5.0824198256839965,1.0164839651367994,2.6405716153133514,8774,0.8774,0,0,0,5,0.22386621902498072,2560.8980922998667,RandomAgent_1,13345.80852305164,EpsilonGreedyAgent_1,9007.134297897861,UCB_BaselineAgent_1,14613.837353141453,RiskAverseEpsilonGreedyAgent_1,11296.51999044915,RiskAverseUCBAgent_1,,,,,,,,,,
balanced_zero_on_collision_baseline,baseline,balanced,zero_on_collision,8,10000,5,5,,,,,,50588.235117412136,5.058823511741213,1.0117647023482428,2.6367737591515423,8777,0.8777,0,0,0,5,0.22847700802672466,2455.1561060744466,RandomAgent_1,8755.700870521692,EpsilonGreedyAgent_1,13811.842880686181,UCB_BaselineAgent_1,14374.895852215719,RiskAverseEpsilonGreedyAgent_1,11190.639407914094,RiskAverseUCBAgent_1,,,,,,,,,,
balanced_zero_on_collision_baseline,baseline,balanced,zero_on_collision,9,10000,5,5,,,,,,50144.88122607825,5.014488122607825,1.002897624521565,2.6104639845141877,8807,0.8807,0,0,0,5,0.22621394508146175,2568.201794710174,RandomAgent_1,12424.49945035594,EpsilonGreedyAgent_1,15089.800642629592,UCB_BaselineAgent_1,10953.360711669022,RiskAverseEpsilonGreedyAgent_1,9109.018626713521,RiskAverseUCBAgent_1,,,,,,,,,,
balanced_zero_on_collision_baseline,baseline,balanced,zero_on_collision,10,10000,5,5,,,,,,49893.590687201846,4.9893590687201845,0.9978718137440369,2.7190326572018453,8799,0.8799,0,0,0,5,0.23676971385929568,2877.0826638960575,RandomAgent_1,14272.162676919557,EpsilonGreedyAgent_1,14207.402898049919,UCB_BaselineAgent_1,7464.334948042932,RiskAverseEpsilonGreedyAgent_1,11072.607500293381,RiskAverseUCBAgent_1,,,,,,,,,,
balanced_zero_on_collision_baseline,baseline,balanced,zero_on_collision,11,10000,5,5,,,,,,49103.35623769591,4.9103356237695905,0.9820671247539182,2.653330330865927,8823,0.8823,0,0,0,5,0.22875215488215317,2967.185956690012,RandomAgent_1,12835.398368265465,EpsilonGreedyAgent_1,15128.658631839113,UCB_BaselineAgent_1,9095.015940635014,RiskAverseEpsilonGreedyAgent_1,9077.097340266308,RiskAverseUCBAgent_1,,,,,,,,,,
balanced_zero_on_collision_baseline,baseline,balanced,zero_on_collision,12,10000,5,5,,,,,,51012.117888173685,5.101211788817369,1.0202423577634736,2.626381623947074,8747,0.8747,0,0,0,5,0.23651724087889092,2470.963932930328,RandomAgent_1,8782.305492428646,EpsilonGreedyAgent_1,14014.687885097535,UCB_BaselineAgent_1,10807.831123246864,RiskAverseEpsilonGreedyAgent_1,14936.329454470311,RiskAverseUCBAgent_1,,,,,,,,,,
balanced_zero_on_collision_baseline,baseline,balanced,zero_on_collision,13,10000,5,5,,,,,,47242.61338140844,4.724261338140844,0.9448522676281688,2.351563344852907,8728,0.8728,0,0,0,5,0.21956639195479188,3806.2389732164056,RandomAgent_1,11237.58745066342,EpsilonGreedyAgent_1,15167.95555476304,UCB_BaselineAgent_1,9002.036205686438,RiskAverseEpsilonGreedyAgent_1,8028.795197079131,RiskAverseUCBAgent_1,,,,,,,,,,
balanced_zero_on_collision_baseline,baseline,balanced,zero_on_collision,14,10000,5,5,,,,,,50838.50311192405,5.083850311192405,1.016770062238481,2.625077579406473,8720,0.872,0,0,0,5,0.21927352930461286,2664.591352844979,RandomAgent_1,13172.587405897802,EpsilonGreedyAgent_1,9110.516261384,UCB_BaselineAgent_1,14567.97828298198,RiskAverseEpsilonGreedyAgent_1,11322.829808815291,RiskAverseUCBAgent_1,,,,,,,,,,
balanced_zero_on_collision_baseline,baseline,balanced,zero_on_collision,15,10000,5,5,,,,,,50501.91364712063,5.050191364712063,1.0100382729424127,2.663937829709606,8793,0.8793,0,0,0,5,0.23336212595259664,2451.9968512847536,RandomAgent_1,10920.681697899861,EpsilonGreedyAgent_1,13568.462068849425,UCB_BaselineAgent_1,8774.309863678922,RiskAverseEpsilonGreedyAgent_1,14786.463165407666,RiskAverseUCBAgent_1,,,,,,,,,,
balanced_zero_on_collision_baseline,baseline,balanced,zero_on_collision,16,10000,5,5,,,,,,50581.60810629642,5.0581608106296425,1.0116321621259285,2.630872729193858,8773,0.8773,0,0,0,5,0.23130306173611292,2498.9871534097065,RandomAgent_1,12897.154588506575,EpsilonGreedyAgent_1,15069.494104877336,UCB_BaselineAgent_1,8788.966435135459,RiskAverseEpsilonGreedyAgent_1,11327.005824367348,RiskAverseUCBAgent_1,,,,,,,,,,
balanced_zero_on_collision_baseline,baseline,balanced,zero_on_collision,17,10000,5,5,,,,,,50083.477485528834,5.008347748552883,1.0016695497105768,2.6145958012876984,8850,0.885,0,0,0,5,0.22568993949377125,2678.268904972874,RandomAgent_1,12108.739338340078,EpsilonGreedyAgent_1,15309.358971946147,UCB_BaselineAgent_1,10874.533306349747,RiskAverseEpsilonGreedyAgent_1,9112.576963919988,RiskAverseUCBAgent_1,,,,,,,,,,
balanced_zero_on_collision_baseline,baseline,balanced,zero_on_collision,18,10000,5,5,,,,,,50755.0282149115,5.07550282149115,1.01510056429823,2.62978944550992,8761,0.8761,0,0,0,5,0.23054539850136568,2494.9230789665176,RandomAgent_1,13090.525136636466,EpsilonGreedyAgent_1,15092.595179700234,UCB_BaselineAgent_1,11044.460995891477,RiskAverseEpsilonGreedyAgent_1,9032.523823716803,RiskAverseUCBAgent_1,,,,,,,,,,
balanced_zero_on_collision_baseline,baseline,balanced,zero_on_collision,19,10000,5,5,,,,,,50645.72431107936,5.064572431107936,1.012914486221587,2.663612869642612,8776,0.8776,0,0,0,5,0.22065296292621772,2611.516352590749,RandomAgent_1,12988.271895067082,EpsilonGreedyAgent_1,11334.52723701945,UCB_BaselineAgent_1,14627.99748615886,RiskAverseEpsilonGreedyAgent_1,9083.411340243212,RiskAverseUCBAgent_1,,,,,,,,,,
balanced_zero_on_collision_baseline,baseline,balanced,zero_on_collision,20,10000,5,5,,,,,,50555.08755034425,5.055508755034425,1.011101751006885,2.570933331328338,8750,0.875,0,0,0,5,0.2266820446881177,2504.1283759118996,RandomAgent_1,12759.851308499197,EpsilonGreedyAgent_1,14910.594388725416,UCB_BaselineAgent_1,8922.956795879158,RiskAverseEpsilonGreedyAgent_1,11457.556681328577,RiskAverseUCBAgent_1,,,,,,,,,,
balanced_zero_on_collision_baseline,baseline,balanced,zero_on_collision,21,10000,5,5,,,,,,51094.567717083664,5.109456771708366,1.0218913543416732,2.6254107915830427,8806,0.8806,0,0,0,5,0.23177546325073162,2540.119710019298,RandomAgent_1,13154.714911938026,EpsilonGreedyAgent_1,15329.558005176754,UCB_BaselineAgent_1,10942.751343253998,RiskAverseEpsilonGreedyAgent_1,9127.423746695591,RiskAverseUCBAgent_1,,,,,,,,,,
balanced_zero_on_collision_baseline,baseline,balanced,zero_on_collision,22,10000,5,5,,,,,,50655.79198162444,5.065579198162444,1.0131158396324889,2.650601730107883,8851,0.8851,0,0,0,5,0.2359534135715704,2374.3842968239537,RandomAgent_1,13032.479416033435,EpsilonGreedyAgent_1,15299.907274485535,UCB_BaselineAgent_1,10946.513211014064,RiskAverseEpsilonGreedyAgent_1,9002.50778326745,RiskAverseUCBAgent_1,,,,,,,,,,
balanced_zero_on_collision_baseline,baseline,balanced,zero_on_collision,23,10000,5,5,,,,,,50693.392545775976,5.0693392545775975,1.0138678509155195,2.6244705188577813,8788,0.8788,0,0,0,5,0.23489164461128587,2452.542579373447,RandomAgent_1,13039.279795141458,EpsilonGreedyAgent_1,15223.999266821169,UCB_BaselineAgent_1,8813.557305029863,RiskAverseEpsilonGreedyAgent_1,11164.01359941004,RiskAverseUCBAgent_1,,,,,,,,,,
balanced_zero_on_collision_baseline,baseline,balanced,zero_on_collision,24,10000,5,5,,,,,,50514.019578381114,5.051401957838111,1.0102803915676222,2.669820245751914,8740,0.874,0,0,0,5,0.2334816669786992,2609.6738904443737,RandomAgent_1,14630.845214457853,EpsilonGreedyAgent_1,13738.443201947966,UCB_BaselineAgent_1,8295.542107587273,RiskAverseEpsilonGreedyAgent_1,11239.51516394365,RiskAverseUCBAgent_1,,,,,,,,,,
balanced_zero_on_collision_baseline,baseline,balanced,zero_on_collision,25,10000,5,5,,,,,,50696.50720824031,5.069650720824031,1.0139301441648063,2.6344796445547614,8750,0.875,0,0,0,5,0.23153333470421456,2556.5917581738727,RandomAgent_1,12944.103858268212,EpsilonGreedyAgent_1,15245.366849243797,UCB_BaselineAgent_1,10973.619131596684,RiskAverseEpsilonGreedyAgent_1,8976.825610957745,RiskAverseUCBAgent_1,,,,,,,,,,
balanced_zero_on_collision_baseline,baseline,balanced,zero_on_collision,26,10000,5,5,,,,,,51169.18676181029,5.1169186761810295,1.0233837352362058,2.6495441303536595,8724,0.8724,0,0,0,5,0.23083699943252434,2578.4272340530274,RandomAgent_1,13402.435289515734,EpsilonGreedyAgent_1,9034.590182131267,UCB_BaselineAgent_1,10994.552456376061,RiskAverseEpsilonGreedyAgent_1,15159.181599734204,RiskAverseUCBAgent_1,,,,,,,,,,
balanced_zero_on_collision_baseline,baseline,balanced,zero_on_collision,27,10000,5,5,,,,,,50781.237855898245,5.078123785589825,1.0156247571179648,2.6446782958316093,8838,0.8838,0,0,0,5,0.22665696971586224,2541.6717376498964,RandomAgent_1,12741.94394194868,EpsilonGreedyAgent_1,15166.115153800602,UCB_BaselineAgent_1,11115.479975344759,RiskAverseEpsilonGreedyAgent_1,9216.027047154306,RiskAverseUCBAgent_1,,,,,,,,,,
balanced_zero_on_collision_baseline,baseline,balanced,zero_on_collision,28,10000,5,5,,,,,,49565.502686018175,4.956550268601817,0.9913100537203635,2.6361844624232336,8778,0.8778,0,0,0,5,0.2413161249641551,2742.7976358771957,RandomAgent_1,7496.2393185318415,EpsilonGreedyAgent_1,13539.383543919548,UCB_BaselineAgent_1,14672.419323296259,RiskAverseEpsilonGreedyAgent_1,11114.66286439333,RiskAverseUCBAgent_1,,,,,,,,,,
balanced_zero_on_collision_baseline,baseline,balanced,zero_on_collision,29,10000,5,5,,,,,,50752.4448843509,5.07524448843509,1.015048897687018,2.6434361687746737,8731,0.8731,0,0,0,5,0.22109447950573413,2700.352642648399,RandomAgent_1,12893.61676809755,EpsilonGreedyAgent_1,14897.567633047845,UCB_BaselineAgent_1,11025.574555033209,RiskAverseEpsilonGreedyAgent_1,9235.333285523897,RiskAverseUCBAgent_1,,,,,,,,,,
balanced_zero_on_collision_cb_opaque_ratio06_halt3,circuit_breaker,balanced,zero_on_collision,0,10000,5,5,3,0.6,3,0.0,False,50216.10949438274,5.021610949438274,1.0043221898876549,2.5950112201651514,8755,0.8755,569,242,0,4.9274,0.2328858599831063,2449.3579793717827,RandomAgent_1,12639.268079199639,EpsilonGreedyAgent_1,15140.150915822616,UCB_BaselineAgent_1,8784.299340588414,RiskAverseEpsilonGreedyAgent_1,11203.03317940029,RiskAverseUCBAgent_1,,,,,,,,,,
balanced_zero_on_collision_cb_opaque_ratio06_halt3,circuit_breaker,balanced,zero_on_collision,1,10000,5,5,3,0.6,3,0.0,False,49810.219118188594,4.98102191181886,0.9962043823637718,2.6755808054805845,8742,0.8742,600,265,0,4.9205,0.22112857357448856,2610.4781015919834,RandomAgent_1,14109.878266588496,EpsilonGreedyAgent_1,13378.390583896744,UCB_BaselineAgent_1,10870.438009815982,RiskAverseEpsilonGreedyAgent_1,8841.034156295387,RiskAverseUCBAgent_1,,,,,,,,,,
balanced_zero_on_collision_cb_opaque_ratio06_halt3,circuit_breaker,balanced,zero_on_collision,2,10000,5,5,3,0.6,3,0.0,False,50997.547612832066,5.099754761283207,1.0199509522566412,2.619133222168995,8700,0.87,627,271,0,4.9187,0.23061216057542722,2493.2048754806415,RandomAgent_1,8697.744461867573,EpsilonGreedyAgent_1,14038.730457074804,UCB_BaselineAgent_1,14523.530176681299,RiskAverseEpsilonGreedyAgent_1,11244.33764172775,RiskAverseUCBAgent_1,,,,,,,,,,
balanced_zero_on_collision_cb_opaque_ratio06_halt3,circuit_breaker,balanced,zero_on_collision,3,10000,5,5,3,0.6,3,0.0,False,50724.14316026793,5.072414316026793,1.0144828632053586,2.669018697062701,8767,0.8767,593,256,0,4.9232,0.2352238397007862,2385.5937855863444,RandomAgent_1,13215.020664711574,EpsilonGreedyAgent_1,15082.816805449444,UCB_BaselineAgent_1,8780.647405211284,RiskAverseEpsilonGreedyAgent_1,11260.064499309283,RiskAverseUCBAgent_1,,,,,,,,,,
balanced_zero_on_collision_cb_opaque_ratio06_halt3,circuit_breaker,balanced,zero_on_collision,4,10000,5,5,3,0.6,3,0.0,False,50168.36440457826,5.016836440457825,1.0033672880915652,2.6223218882613413,8770,0.877,605,268,0,4.9196,0.22918473364394298,2477.783806889477,RandomAgent_1,14511.892185612507,EpsilonGreedyAgent_1,13506.185654802173,UCB_BaselineAgent_1,10842.65842856472,RiskAverseEpsilonGreedyAgent_1,8829.844328709378,RiskAverseUCBAgent_1,,,,,,,,,,
balanced_zero_on_collision_cb_opaque_ratio06_halt3,circuit_breaker,balanced,zero_on_collision,5,10000,5,5,3,0.6,3,0.0,False,50264.008969958886,5.026400896995889,1.0052801793991777,2.6223473849740935,8729,0.8729,570,237,0,4.9289,0.22675505714227473,2563.073024442709,RandomAgent_1,13052.28065603297,EpsilonGreedyAgent_1,11276.398234963759,UCB_BaselineAgent_1,8725.534383576454,RiskAverseEpsilonGreedyAgent_1,14646.72267094299,RiskAverseUCBAgent_1,,,,,,,,,,
balanced_zero_on_collision_cb_opaque_ratio06_halt3,circuit_breaker,balanced,zero_on_collision,6,10000,5,5,3,0.6,3,0.0,False,50074.7915083453,5.00747915083453,1.001495830166906,2.6563808220055187,8734,0.8734,556,242,0,4.9274,0.22207329431405576,2646.121612284947,RandomAgent_1,12836.581314100978,EpsilonGreedyAgent_1,11164.342450236327,UCB_BaselineAgent_1,14561.364274353775,RiskAverseEpsilonGreedyAgent_1,8866.381857369273,RiskAverseUCBAgent_1,,,,,,,,,,
balanced_zero_on_collision_cb_opaque_ratio06_halt3,circuit_breaker,balanced,zero_on_collision,7,10000,5,5,3,0.6,3,0.0,False,50713.41613485859,5.071341613485859,1.0142683226971718,2.6156317271399945,8685,0.8685,602,252,0,4.9244,0.23032913966604296,2481.4198320604114,RandomAgent_1,13189.454910075434,EpsilonGreedyAgent_1,14904.17883804524,UCB_BaselineAgent_1,8833.029152375075,RiskAverseEpsilonGreedyAgent_1,11305.333402302434,RiskAverseUCBAgent_1,,,,,,,,,,
balanced_zero_on_collision_cb_opaque_ratio06_halt3,circuit_breaker,balanced,zero_on_collision,8,10000,5,5,3,0.6,3,0.0,False,49553.58168500341,4.955358168500341,0.9910716337000682,2.618697277209235,8806,0.8806,547,235,0,4.9295,0.2243136109942203,2498.586185010835,RandomAgent_1,8712.346762087285,EpsilonGreedyAgent_1,13325.38788641403,UCB_BaselineAgent_1,14086.49417967269,RiskAverseEpsilonGreedyAgent_1,10930.766671818566,RiskAverseUCBAgent_1,,,,,,,,,,
balanced_zero_on_collision_cb_opaque_ratio06_halt3,circuit_breaker,balanced,zero_on_collision,9,10000,5,5,3,0.6,3,0.0,False,46695.42803246247,4.669542803246247,0.9339085606492494,2.453774260407435,8944,0.8944,608,268,0,4.9196,0.21853159356876306,3262.507867974553,RandomAgent_1,14161.490029900056,EpsilonGreedyAgent_1,12045.924402716562,UCB_BaselineAgent_1,8892.682756077527,RiskAverseEpsilonGreedyAgent_1,8332.822975793768,RiskAverseUCBAgent_1,,,,,,,,,,
balanced_zero_on_collision_cb_opaque_ratio06_halt3,circuit_breaker,balanced,zero_on_collision,10,10000,5,5,3,0.6,3,0.0,False,50440.11006416519,5.044011006416518,1.0088022012833038,2.603560634151985,8720,0.872,599,255,0,4.9235,0.2303050965828033,2508.3443513392135,RandomAgent_1,13156.31516370788,EpsilonGreedyAgent_1,14946.731728036884,UCB_BaselineAgent_1,10837.164953914946,RiskAverseEpsilonGreedyAgent_1,8991.553867166263,RiskAverseUCBAgent_1,,,,,,,,,,
balanced_zero_on_collision_cb_opaque_ratio06_halt3,circuit_breaker,balanced,zero_on_collision,11,10000,5,5,3,0.6,3,0.0,False,49623.38072248008,4.9623380722480075,0.9924676144496015,2.680364300289672,8825,0.8825,607,264,0,4.9208,0.2255732906275527,2519.5330192503616,RandomAgent_1,12708.530386534054,EpsilonGreedyAgent_1,11050.635070064656,UCB_BaselineAgent_1,14553.16370089397,RiskAverseEpsilonGreedyAgent_1,8791.518545737033,RiskAverseUCBAgent_1,,,,,,,,,,
balanced_zero_on_collision_cb_opaque_ratio06_halt3,circuit_breaker,balanced,zero_on_collision,12,10000,5,5,3,0.6,3,0.0,False,49988.78193430414,4.998878193430414,0.9997756386860828,2.661117093254596,8723,0.8723,607,254,0,4.9238,0.23374816593710568,2551.152132412951,RandomAgent_1,12619.272767096352,EpsilonGreedyAgent_1,15295.961484650354,UCB_BaselineAgent_1,10625.469315007109,RiskAverseEpsilonGreedyAgent_1,8896.926235137376,RiskAverseUCBAgent_1,,,,,,,,,,
balanced_zero_on_collision_cb_opaque_ratio06_halt3,circuit_breaker,balanced,zero_on_collision,13,10000,5,5,3,0.6,3,0.0,False,50391.59527177326,5.0391595271773255,1.0078319054354652,2.6482524120603963,8764,0.8764,609,280,0,4.916,0.23310607653949367,2502.41410833236,RandomAgent_1,13025.671767413734,EpsilonGreedyAgent_1,15134.03019176786,UCB_BaselineAgent_1,10807.042930897476,RiskAverseEpsilonGreedyAgent_1,8922.436273361824,RiskAverseUCBAgent_1,,,,,,,,,,
balanced_zero_on_collision_cb_opaque_ratio06_halt3,circuit_breaker,balanced,zero_on_collision,14,10000,5,5,3,0.6,3,0.0,False,50496.677036110574,5.049667703611058,1.0099335407222114,2.637795772507169,8743,0.8743,606,263,0,4.9211,0.23406726879618667,2474.5959559421176,RandomAgent_1,13041.43887620566,EpsilonGreedyAgent_1,15117.961241099727,UCB_BaselineAgent_1,8779.121253707093,RiskAverseEpsilonGreedyAgent_1,11083.559709155978,RiskAverseUCBAgent_1,,,,,,,,,,
balanced_zero_on_collision_cb_opaque_ratio06_halt3,circuit_breaker,balanced,zero_on_collision,15,10000,5,5,3,0.6,3,0.0,False,50045.01258063266,5.004501258063266,1.0009002516126533,2.6264085871510687,8721,0.8721,624,263,0,4.9211,0.23015685418637344,2511.431352176491,RandomAgent_1,8813.012772363434,EpsilonGreedyAgent_1,13122.456775814038,UCB_BaselineAgent_1,10843.649000732627,RiskAverseEpsilonGreedyAgent_1,14754.46267954607,RiskAverseUCBAgent_1,,,,,,,,,,
balanced_zero_on_collision_cb_opaque_ratio06_halt3,circuit_breaker,balanced,zero_on_collision,16,10000,5,5,3,0.6,3,0.0,False,50011.754653179734,5.001175465317973,1.0002350930635946,2.60227142426595,8741,0.8741,659,273,0,4.9181,0.22812262952348172,2716.9351660473494,RandomAgent_1,12799.650923528712,EpsilonGreedyAgent_1,14915.81594711116,UCB_BaselineAgent_1,8675.38003923989,RiskAverseEpsilonGreedyAgent_1,10903.972577252622,RiskAverseUCBAgent_1,,,,,,,,,,
balanced_zero_on_collision_cb_opaque_ratio06_halt3,circuit_breaker,balanced,zero_on_collision,17,10000,5,5,3,0.6,3,0.0,False,49974.475080469885,4.997447508046989,0.9994895016093978,2.626945262250138,8853,0.8853,580,245,0,4.9265,0.23213074501851305,2415.3572548614675,RandomAgent_1,13015.015871407255,EpsilonGreedyAgent_1,14820.152662837216,UCB_BaselineAgent_1,10900.872934851672,RiskAverseEpsilonGreedyAgent_1,8823.076356512272,RiskAverseUCBAgent_1,,,,,,,,,,
balanced_zero_on_collision_cb_opaque_ratio06_halt3,circuit_breaker,balanced,zero_on_collision,18,10000,5,5,3,0.6,3,0.0,False,50439.470814082815,5.043947081408281,1.0087894162816564,2.631478905351945,8755,0.8755,585,250,0,4.925,0.2377233946241346,2441.198381953616,RandomAgent_1,10923.892797317243,EpsilonGreedyAgent_1,13469.625300896105,UCB_BaselineAgent_1,8606.710547466238,RiskAverseEpsilonGreedyAgent_1,14998.04378644961,RiskAverseUCBAgent_1,,,,,,,,,,
balanced_zero_on_collision_cb_opaque_ratio06_halt3,circuit_breaker,balanced,zero_on_collision,19,10000,5,5,3,0.6,3,0.0,False,49550.82581446527,4.955082581446527,0.9910165162893054,2.5906874945377742,8774,0.8774,643,264,0,4.9208,0.22517337459162978,2729.7742166778376,RandomAgent_1,11958.164764699886,EpsilonGreedyAgent_1,15087.640661779713,UCB_BaselineAgent_1,10995.165172517147,RiskAverseEpsilonGreedyAgent_1,8780.08099879069,RiskAverseUCBAgent_1,,,,,,,,,,
balanced_zero_on_collision_cb_opaque_ratio06_halt3,circuit_breaker,balanced,zero_on_collision,20,10000,5,5,3,0.6,3,0.0,False,49965.28602962447,4.996528602962447,0.9993057205924893,2.6134633589238834,8738,0.8738,629,268,0,4.9196,0.22565297748922886,2612.4189074129063,RandomAgent_1,12708.007006191856,EpsilonGreedyAgent_1,14796.02002822555,UCB_BaselineAgent_1,10960.669749191335,RiskAverseEpsilonGreedyAgent_1,8888.170338602822,RiskAverseUCBAgent_1,,,,,,,,,,
balanced_zero_on_collision_cb_opaque_ratio06_halt3,circuit_breaker,balanced,zero_on_collision,21,10000,5,5,3,0.6,3,0.0,False,50506.45361026293,5.050645361026293,1.0101290722052585,2.654094313122275,8788,0.8788,661,290,0,4.913,0.23113119611424837,2546.327608807848,RandomAgent_1,13193.908058528208,EpsilonGreedyAgent_1,15001.93996931042,UCB_BaselineAgent_1,10843.18778015526,RiskAverseEpsilonGreedyAgent_1,8921.090193461188,RiskAverseUCBAgent_1,,,,,,,,,,
balanced_zero_on_collision_cb_opaque_ratio06_halt3,circuit_breaker,balanced,zero_on_collision,22,10000,5,5,3,0.6,3,0.0,False,49712.31689641184,4.971231689641184,0.9942463379282368,2.645286259196022,8766,0.8766,689,288,0,4.9136,0.22958171735749544,2553.142314963847,RandomAgent_1,12668.274966425648,EpsilonGreedyAgent_1,14857.084084390626,UCB_BaselineAgent_1,8743.560788033552,RiskAverseEpsilonGreedyAgent_1,10890.254742598161,RiskAverseUCBAgent_1,,,,,,,,,,
balanced_zero_on_collision_cb_opaque_ratio06_halt3,circuit_breaker,balanced,zero_on_collision,23,10000,5,5,3,0.6,3,0.0,False,50578.60567238331,5.057860567238331,1.0115721134476663,2.6266566175806427,8760,0.876,579,252,0,4.9244,0.2358096179856093,2450.0243138113065,RandomAgent_1,13054.106120810804,EpsilonGreedyAgent_1,15221.393203976171,UCB_BaselineAgent_1,8779.539696516858,RiskAverseEpsilonGreedyAgent_1,11073.542337268173,RiskAverseUCBAgent_1,,,,,,,,,,
balanced_zero_on_collision_cb_opaque_ratio06_halt3,circuit_breaker,balanced,zero_on_collision,24,10000,5,5,3,0.6,3,0.0,False,48937.26463030019,4.893726463030019,0.9787452926060037,2.641940559888028,8797,0.8797,586,252,0,4.9245,0.2395502985807283,2797.6875798058236,RandomAgent_1,14440.861531562168,EpsilonGreedyAgent_1,13373.945410817001,UCB_BaselineAgent_1,7352.952429548392,RiskAverseEpsilonGreedyAgent_1,10971.817678566802,RiskAverseUCBAgent_1,,,,,,,,,,
balanced_zero_on_collision_cb_opaque_ratio06_halt3,circuit_breaker,balanced,zero_on_collision,25,10000,5,5,3,0.6,3,0.0,False,50136.2685390164,5.0136268539016395,1.0027253707803279,2.678709299474846,8765,0.8765,600,264,0,4.9208,0.22540663005098183,2515.548642421583,RandomAgent_1,14307.503025707243,EpsilonGreedyAgent_1,13567.992695494528,UCB_BaselineAgent_1,10845.94105010406,RiskAverseEpsilonGreedyAgent_1,8899.283125288981,RiskAverseUCBAgent_1,,,,,,,,,,
balanced_zero_on_collision_cb_opaque_ratio06_halt3,circuit_breaker,balanced,zero_on_collision,26,10000,5,5,3,0.6,3,0.0,False,48974.46960204523,4.897446960204523,0.9794893920409047,2.6313014420146548,8710,0.871,668,296,0,4.9112,0.2349915739214905,2862.488608666696,RandomAgent_1,7433.519092114313,EpsilonGreedyAgent_1,13120.322417273148,UCB_BaselineAgent_1,14404.82156328077,RiskAverseEpsilonGreedyAgent_1,11153.317920710306,RiskAverseUCBAgent_1,,,,,,,,,,
balanced_zero_on_collision_cb_opaque_ratio06_halt3,circuit_breaker,balanced,zero_on_collision,27,10000,5,5,3,0.6,3,0.0,False,49975.01429916446,4.997501429916446,0.9995002859832892,2.6410342549530776,8829,0.8829,579,248,0,4.9256,0.22705467635013377,2541.0355444295924,RandomAgent_1,12763.084128741626,EpsilonGreedyAgent_1,14787.344584004939,UCB_BaselineAgent_1,10995.499577321207,RiskAverseEpsilonGreedyAgent_1,8888.050464667094,RiskAverseUCBAgent_1,,,,,,,,,,
balanced_zero_on_collision_cb_opaque_ratio06_halt3,circuit_breaker,balanced,zero_on_collision,28,10000,5,5,3,0.6,3,0.0,False,49924.06979085424,4.992406979085424,0.9984813958170848,2.660986687521637,8794,0.8794,637,269,0,4.9193,0.21639440629479934,2568.5360712500446,RandomAgent_1,12967.36925210585,EpsilonGreedyAgent_1,11245.001239734163,UCB_BaselineAgent_1,14107.029907896162,RiskAverseEpsilonGreedyAgent_1,9036.133319868024,RiskAverseUCBAgent_1,,,,,,,,,,
balanced_zero_on_collision_cb_opaque_ratio06_halt3,circuit_breaker,balanced,zero_on_collision,29,10000,5,5,3,0.6,3,0.0,False,50064.18148159636,5.006418148159636,1.0012836296319272,2.622433964805402,8710,0.871,652,277,0,4.9169,0.22639626185019912,2567.7136218626792,RandomAgent_1,12643.701886071367,EpsilonGreedyAgent_1,14905.589562618135,UCB_BaselineAgent_1,10963.581493520358,RiskAverseEpsilonGreedyAgent_1,8983.594917523822,RiskAverseUCBAgent_1,,,,,,,,,,
balanced_zero_on_collision_cb_transparent_ratio06_halt3,circuit_breaker,balanced,zero_on_collision,0,10000,5,5,3,0.6,3,0.0,True,49444.052286391896,4.94440522863919,0.988881045727838,2.6574132886713366,8935,0.8935,0,325,0,4.9025,0.24177216899347465,2774.5091820042935,RandomAgent_1,14508.658418744864,EpsilonGreedyAgent_1,13770.91276271207,UCB_BaselineAgent_1,7353.721823423876,RiskAverseEpsilonGreedyAgent_1,11036.250099506793,RiskAverseUCBAgent_1,,,,,,,,,,
balanced_zero_on_collision_cb_transparent_ratio06_halt3,circuit_breaker,balanced,zero_on_collision,1,10000,5,5,3,0.6,3,0.0,True,50576.24978831805,5.057624978831805,1.011524995766361,2.6768027822028118,8882,0.8882,0,284,0,4.9148,0.2318635577716548,2398.021313885133,RandomAgent_1,8603.37129520816,EpsilonGreedyAgent_1,13726.615631620736,UCB_BaselineAgent_1,14494.885664012992,RiskAverseEpsilonGreedyAgent_1,11353.355883591028,RiskAverseUCBAgent_1,,,,,,,,,,
balanced_zero_on_collision_cb_transparent_ratio06_halt3,circuit_breaker,balanced,zero_on_collision,2,10000,5,5,3,0.6,3,0.0,True,50470.08761476523,5.047008761476523,1.0094017522953047,2.6232526257186892,8833,0.8833,0,321,0,4.9037,0.22890450510603588,2508.857708110243,RandomAgent_1,13142.96511592907,EpsilonGreedyAgent_1,14892.35024904947,UCB_BaselineAgent_1,10898.04041415918,RiskAverseEpsilonGreedyAgent_1,9027.874127517265,RiskAverseUCBAgent_1,,,,,,,,,,
balanced_zero_on_collision_cb_transparent_ratio06_halt3,circuit_breaker,balanced,zero_on_collision,3,10000,5,5,3,0.6,3,0.0,True,48184.30433599517,4.818430433599517,0.9636860867199034,2.55975119416954,9000,0.9,0,306,0,4.9082,0.243602701558008,3046.6533529863286,RandomAgent_1,8025.273155537912,EpsilonGreedyAgent_1,13159.662963530298,UCB_BaselineAgent_1,8800.973028773427,RiskAverseEpsilonGreedyAgent_1,15151.741835167206,RiskAverseUCBAgent_1,,,,,,,,,,
balanced_zero_on_collision_cb_transparent_ratio06_halt3,circuit_breaker,balanced,zero_on_collision,4,10000,5,5,3,0.6,3,0.0,True,50062.94655591856,5.006294655591856,1.0012589311183713,2.625982776899319,8949,0.8949,0,309,0,4.9073,0.23553779481718462,2345.0722737694637,RandomAgent_1,12621.255487069018,EpsilonGreedyAgent_1,15263.279591571916,UCB_BaselineAgent_1,10854.959165413286,RiskAverseEpsilonGreedyAgent_1,8978.380038094876,RiskAverseUCBAgent_1,,,,,,,,,,
balanced_zero_on_collision_cb_transparent_ratio06_halt3,circuit_breaker,balanced,zero_on_collision,5,10000,5,5,3,0.6,3,0.0,True,50209.56544994954,5.020956544994954,1.004191308998991,2.6364700822197658,8988,0.8988,0,302,0,4.9094,0.2353246125978965,2343.5705187344324,RandomAgent_1,8741.648995514985,EpsilonGreedyAgent_1,15043.963794539044,UCB_BaselineAgent_1,12879.72878945099,RiskAverseEpsilonGreedyAgent_1,11200.653351710092,RiskAverseUCBAgent_1,,,,,,,,,,
balanced_zero_on_collision_cb_transparent_ratio06_halt3,circuit_breaker,balanced,zero_on_collision,6,10000,5,5,3,0.6,3,0.0,True,50236.55308945485,5.023655308945485,1.004731061789097,2.607899975812566,8881,0.8881,0,325,0,4.9025,0.23456824553874278,2301.1688058659042,RandomAgent_1,13027.444904848468,EpsilonGreedyAgent_1,14869.761051441794,UCB_BaselineAgent_1,8704.879095731916,RiskAverseEpsilonGreedyAgent_1,11333.299231566767,RiskAverseUCBAgent_1,,,,,,,,,,
balanced_zero_on_collision_cb_transparent_ratio06_halt3,circuit_breaker,balanced,zero_on_collision,7,10000,5,5,3,0.6,3,0.0,True,49809.811326682495,4.98098113266825,0.9961962265336499,2.655147072260052,8922,0.8922,0,316,0,4.9052,0.23108027146382115,2476.5591446143085,RandomAgent_1,8436.471534006412,EpsilonGreedyAgent_1,13413.45728153259,UCB_BaselineAgent_1,14375.647174515603,RiskAverseEpsilonGreedyAgent_1,11107.676192013578,RiskAverseUCBAgent_1,,,,,,,,,,
balanced_zero_on_collision_cb_transparent_ratio06_halt3,circuit_breaker,balanced,zero_on_collision,8,10000,5,5,3,0.6,3,0.0,True,48976.35178458199,4.897635178458199,0.9795270356916398,2.6237573098188562,8917,0.8917,0,288,0,4.9136,0.23313619729786406,2763.4020459786934,RandomAgent_1,14295.705120175642,EpsilonGreedyAgent_1,13190.07557345812,UCB_BaselineAgent_1,7709.280690402289,RiskAverseEpsilonGreedyAgent_1,11017.888354567243,RiskAverseUCBAgent_1,,,,,,,,,,
balanced_zero_on_collision_cb_transparent_ratio06_halt3,circuit_breaker,balanced,zero_on_collision,9,10000,5,5,3,0.6,3,0.0,True,50088.00775686358,5.008800775686359,1.0017601551372717,2.6284678749868453,8895,0.8895,0,291,0,4.9127,0.2242992580681038,2411.120093818628,RandomAgent_1,14027.0787015145,EpsilonGreedyAgent_1,13572.719394765854,UCB_BaselineAgent_1,8717.879165222805,RiskAverseEpsilonGreedyAgent_1,11359.210401541797,RiskAverseUCBAgent_1,,,,,,,,,,
balanced_zero_on_collision_cb_transparent_ratio06_halt3,circuit_breaker,balanced,zero_on_collision,10,10000,5,5,3,0.6,3,0.0,True,49882.29370432856,4.9882293704328555,0.9976458740865711,2.6525592823164805,8887,0.8887,0,266,0,4.9202,0.25237031884028727,2616.9574556147872,RandomAgent_1,10797.751519309024,EpsilonGreedyAgent_1,13836.08084954201,UCB_BaselineAgent_1,7464.382593807427,RiskAverseEpsilonGreedyAgent_1,15167.121286055311,RiskAverseUCBAgent_1,,,,,,,,,,
balanced_zero_on_collision_cb_transparent_ratio06_halt3,circuit_breaker,balanced,zero_on_collision,11,10000,5,5,3,0.6,3,0.0,True,49804.85781040326,4.980485781040326,0.9960971562080652,2.6582491905702597,8961,0.8961,0,293,0,4.9121,0.23555373256432066,2317.2652477581105,RandomAgent_1,12800.955616850924,EpsilonGreedyAgent_1,14926.294056634222,UCB_BaselineAgent_1,8689.712841913777,RiskAverseEpsilonGreedyAgent_1,11070.630047246223,RiskAverseUCBAgent_1,,,,,,,,,,
balanced_zero_on_collision_cb_transparent_ratio06_halt3,circuit_breaker,balanced,zero_on_collision,12,10000,5,5,3,0.6,3,0.0,True,50551.31773050763,5.055131773050763,1.0110263546101526,2.655287789964904,8877,0.8877,0,296,0,4.9112,0.23612454766855429,2371.669396659655,RandomAgent_1,13160.487117976285,EpsilonGreedyAgent_1,15254.619806738545,UCB_BaselineAgent_1,10679.171053912814,RiskAverseEpsilonGreedyAgent_1,9085.370355220333,RiskAverseUCBAgent_1,,,,,,,,,,
balanced_zero_on_collision_cb_transparent_ratio06_halt3,circuit_breaker,balanced,zero_on_collision,13,10000,5,5,3,0.6,3,0.0,True,50372.39594708585,5.037239594708585,1.0074479189417171,2.64229367066472,8992,0.8992,0,344,0,4.8968,0.236551370192845,2305.1501635116592,RandomAgent_1,13061.520536640406,EpsilonGreedyAgent_1,9051.832669894942,UCB_BaselineAgent_1,10759.012245425345,RiskAverseEpsilonGreedyAgent_1,15194.880331613504,RiskAverseUCBAgent_1,,,,,,,,,,
balanced_zero_on_collision_cb_transparent_ratio06_halt3,circuit_breaker,balanced,zero_on_collision,14,10000,5,5,3,0.6,3,0.0,True,49677.14139355457,4.967714139355457,0.9935428278710914,2.6497427180260025,8919,0.8919,0,309,0,4.9073,0.2311475496449491,2639.3442162308356,RandomAgent_1,14058.077499739115,EpsilonGreedyAgent_1,13829.661078099376,UCB_BaselineAgent_1,7960.2538789014025,RiskAverseEpsilonGreedyAgent_1,11189.804720583845,RiskAverseUCBAgent_1,,,,,,,,,,
balanced_zero_on_collision_cb_transparent_ratio06_halt3,circuit_breaker,balanced,zero_on_collision,15,10000,5,5,3,0.6,3,0.0,True,49880.40497101957,4.988040497101957,0.9976080994203914,2.638946940348427,9002,0.9002,0,304,0,4.9088,0.22974801749235674,2345.5519754718766,RandomAgent_1,14309.609381634049,EpsilonGreedyAgent_1,13462.34353076952,UCB_BaselineAgent_1,8740.647958574773,RiskAverseEpsilonGreedyAgent_1,11022.252124569353,RiskAverseUCBAgent_1,,,,,,,,,,
balanced_zero_on_collision_cb_transparent_ratio06_halt3,circuit_breaker,balanced,zero_on_collision,16,10000,5,5,3,0.6,3,0.0,True,50474.08726153843,5.047408726153843,1.0094817452307685,2.642764580466052,8899,0.8899,0,301,0,4.9097,0.23651703308776262,2344.5139007927905,RandomAgent_1,12964.608811303415,EpsilonGreedyAgent_1,15135.384214829885,UCB_BaselineAgent_1,8701.396022097864,RiskAverseEpsilonGreedyAgent_1,11328.184312514477,RiskAverseUCBAgent_1,,,,,,,,,,
balanced_zero_on_collision_cb_transparent_ratio06_halt3,circuit_breaker,balanced,zero_on_collision,17,10000,5,5,3,0.6,3,0.0,True,50083.754459557604,5.00837544595576,1.0016750891911521,2.630279770035631,8906,0.8906,0,266,0,4.9202,0.2308120140302654,2456.3991759002242,RandomAgent_1,12702.106000671905,EpsilonGreedyAgent_1,15071.429679186796,UCB_BaselineAgent_1,10821.483189073046,RiskAverseEpsilonGreedyAgent_1,9032.336414725629,RiskAverseUCBAgent_1,,,,,,,,,,
balanced_zero_on_collision_cb_transparent_ratio06_halt3,circuit_breaker,balanced,zero_on_collision,18,10000,5,5,3,0.6,3,0.0,True,49930.40686264905,4.993040686264905,0.9986081372529809,2.6221151647620298,8937,0.8937,0,281,0,4.9157,0.22941459752389926,2396.3564987899,RandomAgent_1,14630.56179453423,EpsilonGreedyAgent_1,13129.518911486277,UCB_BaselineAgent_1,10812.950641361616,RiskAverseEpsilonGreedyAgent_1,8961.019016477028,RiskAverseUCBAgent_1,,,,,,,,,,
balanced_zero_on_collision_cb_transparent_ratio06_halt3,circuit_breaker,balanced,zero_on_collision,19,10000,5,5,3,0.6,3,0.0,True,50169.27910151165,5.016927910151165,1.003385582030233,2.6386859207312265,8958,0.8958,0,307,0,4.9079,0.2360542080440653,2279.699334846555,RandomAgent_1,12718.41672822426,EpsilonGreedyAgent_1,15249.793590940644,UCB_BaselineAgent_1,10869.437823210237,RiskAverseEpsilonGreedyAgent_1,9051.93162428996,RiskAverseUCBAgent_1,,,,,,,,,,
balanced_zero_on_collision_cb_transparent_ratio06_halt3,circuit_breaker,balanced,zero_on_collision,20,10000,5,5,3,0.6,3,0.0,True,50121.47493079143,5.012147493079143,1.0024294986158286,2.5987963899298223,8913,0.8913,0,346,0,4.8962,0.2340871661806856,2350.317748325663,RandomAgent_1,12913.036079692276,EpsilonGreedyAgent_1,14913.355273952731,UCB_BaselineAgent_1,8707.126052583324,RiskAverseEpsilonGreedyAgent_1,11237.639776237438,RiskAverseUCBAgent_1,,,,,,,,,,
balanced_zero_on_collision_cb_transparent_ratio06_halt3,circuit_breaker,balanced,zero_on_collision,21,10000,5,5,3,0.6,3,0.0,True,50174.90104209417,5.017490104209417,1.0034980208418833,2.651689525489662,8947,0.8947,0,318,0,4.9046,0.2352948180546819,2321.0328870946996,RandomAgent_1,10857.083105967142,EpsilonGreedyAgent_1,13456.37890853067,UCB_BaselineAgent_1,8793.463295438854,RiskAverseEpsilonGreedyAgent_1,14746.942845062804,RiskAverseUCBAgent_1,,,,,,,,,,
balanced_zero_on_collision_cb_transparent_ratio06_halt3,circuit_breaker,balanced,zero_on_collision,22,10000,5,5,3,0.6,3,0.0,True,49447.725157453635,4.944772515745363,0.9889545031490727,2.6634926593828623,8896,0.8896,0,291,0,4.9127,0.23569765493450423,2693.913439343934,RandomAgent_1,7540.740727094157,EpsilonGreedyAgent_1,13625.655331318165,UCB_BaselineAgent_1,14219.847214054073,RiskAverseEpsilonGreedyAgent_1,11367.568445643306,RiskAverseUCBAgent_1,,,,,,,,,,
balanced_zero_on_collision_cb_transparent_ratio06_halt3,circuit_breaker,balanced,zero_on_collision,23,10000,5,5,3,0.6,3,0.0,True,50735.37513524613,5.073537513524613,1.0147075027049226,2.664006030267157,8890,0.889,0,294,0,4.9118,0.22893186124590592,2478.3375580292773,RandomAgent_1,14548.103563411236,EpsilonGreedyAgent_1,13889.001740390488,UCB_BaselineAgent_1,10828.758174063589,RiskAverseEpsilonGreedyAgent_1,8991.174099351547,RiskAverseUCBAgent_1,,,,,,,,,,
balanced_zero_on_collision_cb_transparent_ratio06_halt3,circuit_breaker,balanced,zero_on_collision,24,10000,5,5,3,0.6,3,0.0,True,48133.69453407429,4.813369453407429,0.9626738906814858,2.668468482210422,8982,0.8982,0,320,0,4.904,0.24443835156517002,3005.4124078728432,RandomAgent_1,14507.561831420002,EpsilonGreedyAgent_1,13741.84661886875,UCB_BaselineAgent_1,7331.843099336706,RiskAverseEpsilonGreedyAgent_1,9547.03057657599,RiskAverseUCBAgent_1,,,,,,,,,,
balanced_zero_on_collision_cb_transparent_ratio06_halt3,circuit_breaker,balanced,zero_on_collision,25,10000,5,5,3,0.6,3,0.0,True,50521.35747814215,5.052135747814215,1.010427149562843,2.645953097989888,8880,0.888,0,306,0,4.9082,0.23444794689702042,2409.1352593691327,RandomAgent_1,13053.225077399013,EpsilonGreedyAgent_1,15176.309682486117,UCB_BaselineAgent_1,10906.684873257038,RiskAverseEpsilonGreedyAgent_1,8976.00258563085,RiskAverseUCBAgent_1,,,,,,,,,,
balanced_zero_on_collision_cb_transparent_ratio06_halt3,circuit_breaker,balanced,zero_on_collision,26,10000,5,5,3,0.6,3,0.0,True,49399.46106667044,4.939946106667044,0.9879892213334088,2.659812686973071,9032,0.9032,0,427,0,4.8719,0.22944401420715854,2588.2014079353567,RandomAgent_1,14357.79183401535,EpsilonGreedyAgent_1,13371.840208910342,UCB_BaselineAgent_1,8574.994444052554,RiskAverseEpsilonGreedyAgent_1,10506.63317175684,RiskAverseUCBAgent_1,,,,,,,,,,
balanced_zero_on_collision_cb_transparent_ratio06_halt3,circuit_breaker,balanced,zero_on_collision,27,10000,5,5,3,0.6,3,0.0,True,50301.05718770905,5.030105718770905,1.006021143754181,2.655144353657419,8854,0.8854,0,300,0,4.91,0.22562028914443832,2412.408978741923,RandomAgent_1,14149.0755797705,EpsilonGreedyAgent_1,13655.652803139958,UCB_BaselineAgent_1,8756.638337792505,RiskAverseEpsilonGreedyAgent_1,11327.281488264161,RiskAverseUCBAgent_1,,,,,,,,,,
balanced_zero_on_collision_cb_transparent_ratio06_halt3,circuit_breaker,balanced,zero_on_collision,28,10000,5,5,3,0.6,3,0.0,True,47444.49301566554,4.744449301566554,0.9488898603133108,2.501938759680641,8963,0.8963,0,353,0,4.8941,0.2098893708463847,3289.720422243542,RandomAgent_1,14032.744085126542,EpsilonGreedyAgent_1,12236.687376432214,UCB_BaselineAgent_1,8827.497729238872,RiskAverseEpsilonGreedyAgent_1,9057.843402624367,RiskAverseUCBAgent_1,,,,,,,,,,
balanced_zero_on_collision_cb_transparent_ratio06_halt3,circuit_breaker,balanced,zero_on_collision,29,10000,5,5,3,0.6,3,0.0,True,50310.4920486284,5.03104920486284,1.0062098409725682,2.6670327994415866,8938,0.8938,0,319,0,4.9043,0.22744745316124693,2448.091316737553,RandomAgent_1,14430.446939955928,EpsilonGreedyAgent_1,13623.415000338317,UCB_BaselineAgent_1,10827.895754195746,RiskAverseEpsilonGreedyAgent_1,8980.643037400861,RiskAverseUCBAgent_1,,,,,,,,,,
balanced_zero_on_collision_cb_opaque_ratio06_halt5,circuit_breaker,balanced,zero_on_collision,0,10000,5,5,3,0.6,5,0.0,False,49306.9414148618,4.93069414148618,0.986138828297236,2.6211509354133935,8749,0.8749,1189,260,0,4.87,0.22512303618713103,2519.071607883311,RandomAgent_1,12404.290399944328,EpsilonGreedyAgent_1,14615.284834306054,UCB_BaselineAgent_1,8846.395961753129,RiskAverseEpsilonGreedyAgent_1,10921.89861097498,RiskAverseUCBAgent_1,,,,,,,,,,
balanced_zero_on_collision_cb_opaque_ratio06_halt5,circuit_breaker,balanced,zero_on_collision,1,10000,5,5,3,0.6,5,0.0,False,49479.818714625566,4.947981871462557,0.9895963742925113,2.654212102249406,8758,0.8758,1128,254,0,4.873,0.22095747222637363,2635.71506666542,RandomAgent_1,14165.25355460361,EpsilonGreedyAgent_1,13056.618469186851,UCB_BaselineAgent_1,10838.875352613632,RiskAverseEpsilonGreedyAgent_1,8783.35627155605,RiskAverseUCBAgent_1,,,,,,,,,,
balanced_zero_on_collision_cb_opaque_ratio06_halt5,circuit_breaker,balanced,zero_on_collision,2,10000,5,5,3,0.6,5,0.0,False,49693.51898458757,4.969351898458757,0.9938703796917514,2.603067795008596,8705,0.8705,1097,245,0,4.8775,0.22172192296239523,2613.107630979507,RandomAgent_1,14341.389159109543,EpsilonGreedyAgent_1,12976.042575666275,UCB_BaselineAgent_1,10875.730456983525,RiskAverseEpsilonGreedyAgent_1,8887.249161848718,RiskAverseUCBAgent_1,,,,,,,,,,
balanced_zero_on_collision_cb_opaque_ratio06_halt5,circuit_breaker,balanced,zero_on_collision,3,10000,5,5,3,0.6,5,0.0,False,49984.48003659448,4.9984480036594485,0.9996896007318896,2.634506760318464,8854,0.8854,1135,245,0,4.8775,0.233601020832801,2429.894142658967,RandomAgent_1,12999.335370263076,EpsilonGreedyAgent_1,14939.967619101508,UCB_BaselineAgent_1,10786.864487285884,RiskAverseEpsilonGreedyAgent_1,8828.418417285046,RiskAverseUCBAgent_1,,,,,,,,,,
balanced_zero_on_collision_cb_opaque_ratio06_halt5,circuit_breaker,balanced,zero_on_collision,4,10000,5,5,3,0.6,5,0.0,False,49817.01316371183,4.981701316371184,0.9963402632742366,2.63030986156652,8689,0.8689,1145,250,0,4.875,0.22520629802980774,2496.7337363051984,RandomAgent_1,8736.415214874749,EpsilonGreedyAgent_1,13162.39070799086,UCB_BaselineAgent_1,14307.627381624301,RiskAverseEpsilonGreedyAgent_1,11113.846122916726,RiskAverseUCBAgent_1,,,,,,,,,,
balanced_zero_on_collision_cb_opaque_ratio06_halt5,circuit_breaker,balanced,zero_on_collision,5,10000,5,5,3,0.6,5,0.0,False,49683.286940226724,4.968328694022673,0.9936657388045345,2.6577950999125544,8841,0.8841,1119,244,0,4.878,0.23194698142447412,2520.840775582462,RandomAgent_1,8685.628388283209,EpsilonGreedyAgent_1,14680.320147223252,UCB_BaselineAgent_1,13176.390727580587,RiskAverseEpsilonGreedyAgent_1,10620.106901557217,RiskAverseUCBAgent_1,,,,,,,,,,
balanced_zero_on_collision_cb_opaque_ratio06_halt5,circuit_breaker,balanced,zero_on_collision,6,10000,5,5,3,0.6,5,0.0,False,48557.40992303712,4.855740992303712,0.9711481984607424,2.6312705809271564,8677,0.8677,1147,251,0,4.8745,0.2255793134999433,3181.067396697689,RandomAgent_1,11989.084967428917,EpsilonGreedyAgent_1,14598.482435763619,UCB_BaselineAgent_1,7440.047056125678,RiskAverseEpsilonGreedyAgent_1,11348.728067021215,RiskAverseUCBAgent_1,,,,,,,,,,
balanced_zero_on_collision_cb_opaque_ratio06_halt5,circuit_breaker,balanced,zero_on_collision,7,10000,5,5,3,0.6,5,0.0,False,49284.30010610479,4.928430010610479,0.9856860021220958,2.630564159346351,8761,0.8761,1303,281,0,4.8595,0.2230536948922066,2509.6444623283855,RandomAgent_1,12888.64740622632,EpsilonGreedyAgent_1,10942.387463309638,UCB_BaselineAgent_1,8757.995644314275,RiskAverseEpsilonGreedyAgent_1,14185.625129926171,RiskAverseUCBAgent_1,,,,,,,,,,
balanced_zero_on_collision_cb_opaque_ratio06_halt5,circuit_breaker,balanced,zero_on_collision,8,10000,5,5,3,0.6,5,0.0,False,48886.72372821835,4.888672372821835,0.977734474564367,2.6356376493566387,8854,0.8854,1154,247,0,4.8765,0.228323021518529,2406.929696099526,RandomAgent_1,12803.724529153224,EpsilonGreedyAgent_1,14274.559465313203,UCB_BaselineAgent_1,8634.07288315961,RiskAverseEpsilonGreedyAgent_1,10767.437154492785,RiskAverseUCBAgent_1,,,,,,,,,,
balanced_zero_on_collision_cb_opaque_ratio06_halt5,circuit_breaker,balanced,zero_on_collision,9,10000,5,5,3,0.6,5,0.0,False,48523.430580036285,4.852343058003629,0.9704686116007257,2.6536828738021345,8728,0.8728,1186,257,0,4.8715,0.22913732716174895,2992.382316258923,RandomAgent_1,7384.0750710337015,EpsilonGreedyAgent_1,13106.922338480745,UCB_BaselineAgent_1,11010.930686942269,RiskAverseEpsilonGreedyAgent_1,14029.120167320647,RiskAverseUCBAgent_1,,,,,,,,,,
balanced_zero_on_collision_cb_opaque_ratio06_halt5,circuit_breaker,balanced,zero_on_collision,10,10000,5,5,3,0.6,5,0.0,False,49985.18247001046,4.998518247001046,0.9997036494002093,2.6503383459263814,8743,0.8743,1134,248,0,4.876,0.23048397761070083,2505.6244431682867,RandomAgent_1,14465.132377520747,EpsilonGreedyAgent_1,13570.71116076873,UCB_BaselineAgent_1,8687.767836261944,RiskAverseEpsilonGreedyAgent_1,10755.946652290757,RiskAverseUCBAgent_1,,,,,,,,,,
balanced_zero_on_collision_cb_opaque_ratio06_halt5,circuit_breaker,balanced,zero_on_collision,11,10000,5,5,3,0.6,5,0.0,False,48880.50307857391,4.888050307857391,0.9776100615714781,2.6558235776266064,8629,0.8629,1229,268,0,4.866,0.23549876445011764,3053.626629079042,RandomAgent_1,10787.319853629804,EpsilonGreedyAgent_1,13382.164528717914,UCB_BaselineAgent_1,7270.483401031108,RiskAverseEpsilonGreedyAgent_1,14386.90866611604,RiskAverseUCBAgent_1,,,,,,,,,,
balanced_zero_on_collision_cb_opaque_ratio06_halt5,circuit_breaker,balanced,zero_on_collision,12,10000,5,5,3,0.6,5,0.0,False,49915.94452916212,4.991594452916212,0.9983188905832424,2.6645410401412626,8727,0.8727,1055,238,0,4.881,0.23447435839345365,2454.4055331679574,RandomAgent_1,12945.252280521527,EpsilonGreedyAgent_1,14974.433601771841,UCB_BaselineAgent_1,10816.567363667775,RiskAverseEpsilonGreedyAgent_1,8725.285750033023,RiskAverseUCBAgent_1,,,,,,,,,,
balanced_zero_on_collision_cb_opaque_ratio06_halt5,circuit_breaker,balanced,zero_on_collision,13,10000,5,5,3,0.6,5,0.0,False,50597.914871081855,5.0597914871081855,1.011958297421637,2.635491767462765,8733,0.8733,1118,248,0,4.8763,0.23410704718136,2426.7887440973113,RandomAgent_1,8780.463349405854,EpsilonGreedyAgent_1,13822.558141078001,UCB_BaselineAgent_1,10855.70273323597,RiskAverseEpsilonGreedyAgent_1,14712.401903264717,RiskAverseUCBAgent_1,,,,,,,,,,
balanced_zero_on_collision_cb_opaque_ratio06_halt5,circuit_breaker,balanced,zero_on_collision,14,10000,5,5,3,0.6,5,0.0,False,50076.58520527307,5.007658520527307,1.0015317041054614,2.604604928104775,8771,0.8771,1041,231,0,4.8845,0.2335858877714565,2397.289831820796,RandomAgent_1,13060.895192496235,EpsilonGreedyAgent_1,11040.713821810736,UCB_BaselineAgent_1,8726.243072601168,RiskAverseEpsilonGreedyAgent_1,14851.443286544134,RiskAverseUCBAgent_1,,,,,,,,,,
balanced_zero_on_collision_cb_opaque_ratio06_halt5,circuit_breaker,balanced,zero_on_collision,15,10000,5,5,3,0.6,5,0.0,False,45983.94196567533,4.598394196567533,0.9196788393135066,2.3255496407354075,8742,0.8742,1095,235,0,4.8825,0.2110612457031702,4244.2225243461,RandomAgent_1,14484.109201942638,EpsilonGreedyAgent_1,11090.773611397795,UCB_BaselineAgent_1,8857.859845442226,RiskAverseEpsilonGreedyAgent_1,7306.9767825465715,RiskAverseUCBAgent_1,,,,,,,,,,
balanced_zero_on_collision_cb_opaque_ratio06_halt5,circuit_breaker,balanced,zero_on_collision,16,10000,5,5,3,0.6,5,0.0,False,49183.2795117219,4.91832795117219,0.983665590234438,2.620563469719378,8709,0.8709,1284,291,0,4.8545,0.2203399638351784,2619.995062959137,RandomAgent_1,13983.751901505513,EpsilonGreedyAgent_1,13090.260534644722,UCB_BaselineAgent_1,10764.102873145723,RiskAverseEpsilonGreedyAgent_1,8725.169139466805,RiskAverseUCBAgent_1,,,,,,,,,,
balanced_zero_on_collision_cb_opaque_ratio06_halt5,circuit_breaker,balanced,zero_on_collision,17,10000,5,5,3,0.6,5,0.0,False,49288.74751973146,4.928874751973146,0.9857749503946293,2.626195678070793,8825,0.8825,1081,235,0,4.8825,0.22737267185018872,2502.975755342895,RandomAgent_1,12720.321991995252,EpsilonGreedyAgent_1,10786.98536200844,UCB_BaselineAgent_1,8751.337920934155,RiskAverseEpsilonGreedyAgent_1,14527.126489450724,RiskAverseUCBAgent_1,,,,,,,,,,
balanced_zero_on_collision_cb_opaque_ratio06_halt5,circuit_breaker,balanced,zero_on_collision,18,10000,5,5,3,0.6,5,0.0,False,49523.79940490572,4.952379940490572,0.9904759880981144,2.6450058910752334,8730,0.873,1132,249,0,4.8755,0.2298187221929462,2510.462440602983,RandomAgent_1,12807.37354785929,EpsilonGreedyAgent_1,14720.590099997602,UCB_BaselineAgent_1,10711.485193235387,RiskAverseEpsilonGreedyAgent_1,8773.888123210461,RiskAverseUCBAgent_1,,,,,,,,,,
balanced_zero_on_collision_cb_opaque_ratio06_halt5,circuit_breaker,balanced,zero_on_collision,19,10000,5,5,3,0.6,5,0.0,False,49234.02906530404,4.923402906530404,0.9846805813060808,2.6258568650019742,8765,0.8765,1376,288,0,4.856,0.2268767650583421,2631.024603447148,RandomAgent_1,12283.695188927792,EpsilonGreedyAgent_1,14780.879219012959,UCB_BaselineAgent_1,10880.168746668158,RiskAverseEpsilonGreedyAgent_1,8658.261307247983,RiskAverseUCBAgent_1,,,,,,,,,,
balanced_zero_on_collision_cb_opaque_ratio06_halt5,circuit_breaker,balanced,zero_on_collision,20,10000,5,5,3,0.6,5,0.0,False,48536.862298069405,4.85368622980694,0.9707372459613881,2.6389773959100036,8736,0.8736,1173,264,0,4.868,0.23839658186346457,2934.379496311473,RandomAgent_1,14376.309938952609,EpsilonGreedyAgent_1,13252.367873307536,UCB_BaselineAgent_1,7208.6735929962915,RiskAverseEpsilonGreedyAgent_1,10765.131396501496,RiskAverseUCBAgent_1,,,,,,,,,,
balanced_zero_on_collision_cb_opaque_ratio06_halt5,circuit_breaker,balanced,zero_on_collision,21,10000,5,5,3,0.6,5,0.0,False,49521.53624192522,4.952153624192522,0.9904307248385044,2.670311755384971,8774,0.8774,1247,274,0,4.863,0.22386629619891796,2573.661114622935,RandomAgent_1,10833.745047360699,EpsilonGreedyAgent_1,13016.953503616238,UCB_BaselineAgent_1,14314.350851118556,RiskAverseEpsilonGreedyAgent_1,8782.825725206796,RiskAverseUCBAgent_1,,,,,,,,,,
balanced_zero_on_collision_cb_opaque_ratio06_halt5,circuit_breaker,balanced,zero_on_collision,22,10000,5,5,3,0.6,5,0.0,False,49910.99118451664,4.991099118451665,0.9982198236903328,2.6703602455920654,8753,0.8753,1245,266,0,4.867,0.2328676262343201,2441.882877703795,RandomAgent_1,8572.167826868787,EpsilonGreedyAgent_1,13552.482747859123,UCB_BaselineAgent_1,10864.41476470075,RiskAverseEpsilonGreedyAgent_1,14480.04296738419,RiskAverseUCBAgent_1,,,,,,,,,,
balanced_zero_on_collision_cb_opaque_ratio06_halt5,circuit_breaker,balanced,zero_on_collision,23,10000,5,5,3,0.6,5,0.0,False,48373.20236345542,4.837320236345542,0.9674640472691084,2.655865010086616,8770,0.877,1123,264,0,4.868,0.24379383788091014,2953.3766359242195,RandomAgent_1,7237.70203414975,EpsilonGreedyAgent_1,13522.52261070923,UCB_BaselineAgent_1,14552.327166115378,RiskAverseEpsilonGreedyAgent_1,10107.273916556842,RiskAverseUCBAgent_1,,,,,,,,,,
balanced_zero_on_collision_cb_opaque_ratio06_halt5,circuit_breaker,balanced,zero_on_collision,24,10000,5,5,3,0.6,5,0.0,False,49702.05588281531,4.970205588281531,0.9940411176563062,2.662634309049015,8737,0.8737,1193,266,0,4.867,0.2255911609785195,2570.9122836922143,RandomAgent_1,14216.450476318514,EpsilonGreedyAgent_1,13414.870385556747,UCB_BaselineAgent_1,10824.737190497372,RiskAverseEpsilonGreedyAgent_1,8675.085546750459,RiskAverseUCBAgent_1,,,,,,,,,,
balanced_zero_on_collision_cb_opaque_ratio06_halt5,circuit_breaker,balanced,zero_on_collision,25,10000,5,5,3,0.6,5,0.0,False,49441.787744994974,4.944178774499497,0.9888357548998995,2.6520519592926215,8780,0.878,1143,255,0,4.8725,0.22975586922809144,2509.4097231447113,RandomAgent_1,10692.03012588524,EpsilonGreedyAgent_1,13359.333104552827,UCB_BaselineAgent_1,8567.896980744168,RiskAverseEpsilonGreedyAgent_1,14313.117810668029,RiskAverseUCBAgent_1,,,,,,,,,,
balanced_zero_on_collision_cb_opaque_ratio06_halt5,circuit_breaker,balanced,zero_on_collision,26,10000,5,5,3,0.6,5,0.0,False,49961.941351150694,4.996194135115069,0.9992388270230139,2.6369729473189487,8700,0.87,1156,264,0,4.868,0.2258778359150353,2618.2735852517,RandomAgent_1,13439.565558669385,EpsilonGreedyAgent_1,10934.570510918393,UCB_BaselineAgent_1,14326.583761474938,RiskAverseEpsilonGreedyAgent_1,8642.947934836277,RiskAverseUCBAgent_1,,,,,,,,,,
balanced_zero_on_collision_cb_opaque_ratio06_halt5,circuit_breaker,balanced,zero_on_collision,27,10000,5,5,3,0.6,5,0.0,False,45753.58680001444,4.575358680001444,0.9150717360002888,2.3711608069971923,8856,0.8856,1465,304,0,4.8481,0.22298064918542781,3618.666498261303,RandomAgent_1,10987.461292186346,EpsilonGreedyAgent_1,14758.259363042094,UCB_BaselineAgent_1,8627.963842849384,RiskAverseEpsilonGreedyAgent_1,7761.235803675315,RiskAverseUCBAgent_1,,,,,,,,,,
balanced_zero_on_collision_cb_opaque_ratio06_halt5,circuit_breaker,balanced,zero_on_collision,28,10000,5,5,3,0.6,5,0.0,False,49120.90270059774,4.912090270059774,0.9824180540119548,2.663798664841893,8781,0.8781,1332,292,0,4.854,0.230228948633022,2474.038408725174,RandomAgent_1,10637.646077979933,EpsilonGreedyAgent_1,14730.999417257062,UCB_BaselineAgent_1,12518.465620615396,RiskAverseEpsilonGreedyAgent_1,8759.753176020175,RiskAverseUCBAgent_1,,,,,,,,,,
balanced_zero_on_collision_cb_opaque_ratio06_halt5,circuit_breaker,balanced,zero_on_collision,29,10000,5,5,3,0.6,5,0.0,False,47193.052050052094,4.71930520500521,0.9438610410010418,2.6022775646943397,8837,0.8837,1323,283,0,4.8585,0.2141667628571433,3095.403422587403,RandomAgent_1,12148.890270315376,EpsilonGreedyAgent_1,13259.340450777157,UCB_BaselineAgent_1,7208.806359424066,RiskAverseEpsilonGreedyAgent_1,11480.611546948088,RiskAverseUCBAgent_1,,,,,,,,,,
balanced_zero_on_collision_cb_transparent_ratio06_halt5,circuit_breaker,balanced,zero_on_collision,0,10000,5,5,3,0.6,5,0.0,True,7.036710770684985,0.0007036710770684985,0.0001407342154136997,0.052725288999733916,10002,1.0002,0,10000,0,0.001,0.4168448788449315,3.6119755786685834,RandomAgent_1,1.1968679102493296,EpsilonGreedyAgent_1,1.1400903358630912,UCB_BaselineAgent_1,1.0877769459039812,RiskAverseEpsilonGreedyAgent_1,0.0,RiskAverseUCBAgent_1,,,,,,,,,,
balanced_zero_on_collision_cb_transparent_ratio06_halt5,circuit_breaker,balanced,zero_on_collision,1,10000,5,5,3,0.6,5,0.0,True,2.9180696776893953,0.0002918069677689395,5.8361393553787906e-05,0.029180696776893954,10003,1.0003,0,10000,0,0.001,0.6901533533440072,2.11671925568261,RandomAgent_1,0.0,EpsilonGreedyAgent_1,0.0,UCB_BaselineAgent_1,0.0,RiskAverseEpsilonGreedyAgent_1,0.8013504220067854,RiskAverseUCBAgent_1,,,,,,,,,,
balanced_zero_on_collision_cb_transparent_ratio06_halt5,circuit_breaker,balanced,zero_on_collision,2,10000,5,5,3,0.6,5,0.0,True,18.315956989636184,0.0018315956989636184,0.00036631913979272366,0.0869880389629861,10005,1.0005,0,9997,0,0.0025,0.4408956178015455,0.0,RandomAgent_1,2.590990546919277,EpsilonGreedyAgent_1,5.387131489814536,UCB_BaselineAgent_1,1.9580794880629366,RiskAverseEpsilonGreedyAgent_1,8.379755464839434,RiskAverseUCBAgent_1,,,,,,,,,,
balanced_zero_on_collision_cb_transparent_ratio06_halt5,circuit_breaker,balanced,zero_on_collision,3,10000,5,5,3,0.6,5,0.0,True,169.48675904964014,0.016948675904964013,0.003389735180992803,0.3034512115666039,10009,1.0009,0,9961,0,0.0205,0.14083149927022265,28.562617756083814,RandomAgent_1,27.68915088113361,EpsilonGreedyAgent_1,37.98351344360726,UCB_BaselineAgent_1,25.28115763539377,RiskAverseEpsilonGreedyAgent_1,49.97031933342169,RiskAverseUCBAgent_1,,,,,,,,,,
balanced_zero_on_collision_cb_transparent_ratio06_halt5,circuit_breaker,balanced,zero_on_collision,4,10000,5,5,3,0.6,5,0.0,True,13.861742443248772,0.0013861742443248772,0.00027723484886497544,0.0921391370486916,10001,1.0001,0,10000,0,0.001,0.48205066203196445,3.3892565402562926,RandomAgent_1,0.0,EpsilonGreedyAgent_1,6.232669401219148,UCB_BaselineAgent_1,0.0,RiskAverseEpsilonGreedyAgent_1,4.239816501773331,RiskAverseUCBAgent_1,,,,,,,,,,
balanced_zero_on_collision_cb_transparent_ratio06_halt5,circuit_breaker,balanced,zero_on_collision,5,10000,5,5,3,0.6,5,0.0,True,151.21589423180734,0.015121589423180735,0.0030243178846361468,0.2968367858314223,10010,1.001,0,9970,0,0.016,0.11869305243640627,26.76606527081592,RandomAgent_1,22.515343754379124,EpsilonGreedyAgent_1,34.991507709437876,UCB_BaselineAgent_1,40.61761581822657,RiskAverseEpsilonGreedyAgent_1,26.32536167894784,RiskAverseUCBAgent_1,,,,,,,,,,
balanced_zero_on_collision_cb_transparent_ratio06_halt5,circuit_breaker,balanced,zero_on_collision,6,10000,5,5,3,0.6,5,0.0,True,4.017871544438551,0.0004017871544438551,8.035743088877101e-05,0.032841251287082755,10001,1.0001,0,10000,0,0.001,0.669405581374682,4.069952069925151,RandomAgent_1,0.0,EpsilonGreedyAgent_1,-0.8341765096015327,UCB_BaselineAgent_1,0.0,RiskAverseEpsilonGreedyAgent_1,0.7820959841149329,RiskAverseUCBAgent_1,,,,,,,,,,
balanced_zero_on_collision_cb_transparent_ratio06_halt5,circuit_breaker,balanced,zero_on_collision,7,10000,5,5,3,0.6,5,0.0,True,12.649602817956449,0.0012649602817956448,0.00025299205635912896,0.06573199498081478,10004,1.0004,0,9998,0,0.002,0.47248381260049843,1.6347784240870145,RandomAgent_1,0.08427077462631116,EpsilonGreedyAgent_1,-0.8904085894176985,UCB_BaselineAgent_1,7.828186694473317,RiskAverseEpsilonGreedyAgent_1,3.992775514187505,RiskAverseUCBAgent_1,,,,,,,,,,
balanced_zero_on_collision_cb_transparent_ratio06_halt5,circuit_breaker,balanced,zero_on_collision,8,10000,5,5,3,0.6,5,0.0,True,9.858882153493596,0.0009858882153493595,0.00019717764306987192,0.06921741975228195,10003,1.0003,0,9999,0,0.0015,0.4796595361504612,4.325636521905786,RandomAgent_1,2.362251573632376,EpsilonGreedyAgent_1,3.1709940579554328,UCB_BaselineAgent_1,0.0,RiskAverseEpsilonGreedyAgent_1,0.0,RiskAverseUCBAgent_1,,,,,,,,,,
balanced_zero_on_collision_cb_transparent_ratio06_halt5,circuit_breaker,balanced,zero_on_collision,9,10000,5,5,3,0.6,5,0.0,True,6.819012070303172,0.0006819012070303172,0.00013638024140606345,0.034403725069756884,10000,1.0,0,10000,0,0.001,0.6388657520671785,0.6235750357891336,RandomAgent_1,0.0,EpsilonGreedyAgent_1,4.695646152109477,UCB_BaselineAgent_1,0.0,RiskAverseEpsilonGreedyAgent_1,1.4997908824045614,RiskAverseUCBAgent_1,,,,,,,,,,
balanced_zero_on_collision_cb_transparent_ratio06_halt5,circuit_breaker,balanced,zero_on_collision,10,10000,5,5,3,0.6,5,0.0,True,20.252278816030646,0.0020252278816030645,0.0004050455763206129,0.09202340608759453,10003,1.0003,0,9997,0,0.0025,0.31008630034488127,4.9404842848719275,RandomAgent_1,3.8197819442571017,EpsilonGreedyAgent_1,0.0,UCB_BaselineAgent_1,4.202420992689095,RiskAverseEpsilonGreedyAgent_1,7.2895915942125225,RiskAverseUCBAgent_1,,,,,,,,,,
balanced_zero_on_collision_cb_transparent_ratio06_halt5,circuit_breaker,balanced,zero_on_collision,11,10000,5,5,3,0.6,5,0.0,True,11.678842860647649,0.0011678842860647649,0.00023357685721295298,0.06152005383005377,10008,1.0008,0,9995,0,0.0035,0.27290702922124765,-0.18020587621593476,RandomAgent_1,2.4802955278417045,EpsilonGreedyAgent_1,1.231573634875271,UCB_BaselineAgent_1,2.6604256246512867,RiskAverseEpsilonGreedyAgent_1,5.486753949495322,RiskAverseUCBAgent_1,,,,,,,,,,
balanced_zero_on_collision_cb_transparent_ratio06_halt5,circuit_breaker,balanced,zero_on_collision,12,10000,5,5,3,0.6,5,0.0,True,42.14647321135252,0.004214647321135252,0.0008429294642270504,0.14172293126409455,10008,1.0008,0,9989,0,0.0065,0.1467715909024545,7.106772628765977,RandomAgent_1,11.671701935247105,EpsilonGreedyAgent_1,10.590426079804919,UCB_BaselineAgent_1,7.086077495164631,RiskAverseEpsilonGreedyAgent_1,5.691495072369892,RiskAverseUCBAgent_1,,,,,,,,,,
balanced_zero_on_collision_cb_transparent_ratio06_halt5,circuit_breaker,balanced,zero_on_collision,13,10000,5,5,3,0.6,5,0.0,True,40.62923702317852,0.004062923702317852,0.0008125847404635703,0.1596501659515391,10006,1.0006,0,9991,0,0.0055,0.18694970699945945,7.730113315979266,RandomAgent_1,13.620545832373704,EpsilonGreedyAgent_1,4.431264118377511,UCB_BaselineAgent_1,7.727696905213396,RiskAverseEpsilonGreedyAgent_1,7.11961685123464,RiskAverseUCBAgent_1,,,,,,,,,,
balanced_zero_on_collision_cb_transparent_ratio06_halt5,circuit_breaker,balanced,zero_on_collision,14,10000,5,5,3,0.6,5,0.0,True,7.394686665766768,0.0007394686665766768,0.00014789373331533536,0.05287840938481606,10002,1.0002,0,10000,0,0.001,0.5362524015850616,1.344494056362904,RandomAgent_1,0.0,EpsilonGreedyAgent_1,3.8633535993122883,UCB_BaselineAgent_1,0.0,RiskAverseEpsilonGreedyAgent_1,2.1868390100915756,RiskAverseUCBAgent_1,,,,,,,,,,
balanced_zero_on_collision_cb_transparent_ratio06_halt5,circuit_breaker,balanced,zero_on_collision,15,10000,5,5,3,0.6,5,0.0,True,14.542697217474498,0.0014542697217474498,0.0002908539443494899,0.06578883444415719,10007,1.0007,0,9996,0,0.003,0.4166473102152177,1.3240116082667421,RandomAgent_1,7.781209900764317,EpsilonGreedyAgent_1,2.6141361232820723,UCB_BaselineAgent_1,0.8523025596031346,RiskAverseEpsilonGreedyAgent_1,1.971037025558232,RiskAverseUCBAgent_1,,,,,,,,,,
balanced_zero_on_collision_cb_transparent_ratio06_halt5,circuit_breaker,balanced,zero_on_collision,16,10000,5,5,3,0.6,5,0.0,True,54.591505816974376,0.005459150581697438,0.0010918301163394875,0.13850467162580515,10015,1.0015,0,9982,0,0.01,0.2149270029349939,9.514445455215787,RandomAgent_1,8.206838571539798,EpsilonGreedyAgent_1,5.774303951652082,UCB_BaselineAgent_1,13.10341737491297,RiskAverseEpsilonGreedyAgent_1,17.992500463653737,RiskAverseUCBAgent_1,,,,,,,,,,
balanced_zero_on_collision_cb_transparent_ratio06_halt5,circuit_breaker,balanced,zero_on_collision,17,10000,5,5,3,0.6,5,0.0,True,51.33099310588405,0.005133099310588405,0.001026619862117681,0.15910427064556806,10010,1.001,0,9987,0,0.0075,0.29379384724648183,10.062846754989378,RandomAgent_1,4.314518701531906,EpsilonGreedyAgent_1,8.5334767997257,UCB_BaselineAgent_1,6.85742872743298,RiskAverseEpsilonGreedyAgent_1,21.562722122204086,RiskAverseUCBAgent_1,,,,,,,,,,
balanced_zero_on_collision_cb_transparent_ratio06_halt5,circuit_breaker,balanced,zero_on_collision,18,10000,5,5,3,0.6,5,0.0,True,33.26051220541785,0.0033260512205417845,0.000665210244108357,0.10848385936716284,10007,1.0007,0,9990,0,0.006,0.3081927523091117,11.56911317818609,RandomAgent_1,5.81130100369758,EpsilonGreedyAgent_1,0.08471680742355692,UCB_BaselineAgent_1,8.469130261668836,RiskAverseEpsilonGreedyAgent_1,7.326250954441782,RiskAverseUCBAgent_1,,,,,,,,,,
balanced_zero_on_collision_cb_transparent_ratio06_halt5,circuit_breaker,balanced,zero_on_collision,19,10000,5,5,3,0.6,5,0.0,True,5.688891985703059,0.0005688891985703059,0.00011377783971406118,0.03989273462228129,10003,1.0003,0,9999,0,0.0015,0.5955901159489474,-0.11369444308982857,RandomAgent_1,0.0,EpsilonGreedyAgent_1,4.010633033460646,UCB_BaselineAgent_1,0.0,RiskAverseEpsilonGreedyAgent_1,1.7919533953322409,RiskAverseUCBAgent_1,,,,,,,,,,
balanced_zero_on_collision_cb_transparent_ratio06_halt5,circuit_breaker,balanced,zero_on_collision,20,10000,5,5,3,0.6,5,0.0,True,8.26143681744178,0.000826143681744178,0.0001652287363488356,0.050425041797949835,10001,1.0001,0,10000,0,0.001,0.5038270259803976,3.9435571265099174,RandomAgent_1,0.0,EpsilonGreedyAgent_1,1.7991560888100655,UCB_BaselineAgent_1,0.0,RiskAverseEpsilonGreedyAgent_1,2.5187236021217965,RiskAverseUCBAgent_1,,,,,,,,,,
balanced_zero_on_collision_cb_transparent_ratio06_halt5,circuit_breaker,balanced,zero_on_collision,21,10000,5,5,3,0.6,5,0.0,True,9.897208229575824,0.0009897208229575824,0.00019794416459151647,0.05870977504311244,10005,1.0005,0,9998,0,0.002,0.7679641161971238,9.104543697536919,RandomAgent_1,0.0,EpsilonGreedyAgent_1,0.0,UCB_BaselineAgent_1,0.0,RiskAverseEpsilonGreedyAgent_1,0.7926645320389061,RiskAverseUCBAgent_1,,,,,,,,,,
balanced_zero_on_collision_cb_transparent_ratio06_halt5,circuit_breaker,balanced,zero_on_collision,22,10000,5,5,3,0.6,5,0.0,True,33.10843776261621,0.0033108437762616213,0.0006621687552523242,0.13262885442146152,10006,1.0006,0,9992,0,0.005,0.36834850102215544,3.3013591218167058,RandomAgent_1,3.919932686614136,EpsilonGreedyAgent_1,1.584729610455937,UCB_BaselineAgent_1,12.657010551611657,RiskAverseEpsilonGreedyAgent_1,11.645405792117776,RiskAverseUCBAgent_1,,,,,,,,,,
balanced_zero_on_collision_cb_transparent_ratio06_halt5,circuit_breaker,balanced,zero_on_collision,23,10000,5,5,3,0.6,5,0.0,True,22.934203881048724,0.0022934203881048725,0.0004586840776209745,0.109687185703406,10004,1.0004,0,9996,0,0.003,0.17139608291882436,2.0578561847028887,RandomAgent_1,6.5175399577379585,EpsilonGreedyAgent_1,4.526235994225067,UCB_BaselineAgent_1,5.370142986748146,RiskAverseEpsilonGreedyAgent_1,4.462428757634662,RiskAverseUCBAgent_1,,,,,,,,,,
balanced_zero_on_collision_cb_transparent_ratio06_halt5,circuit_breaker,balanced,zero_on_collision,24,10000,5,5,3,0.6,5,0.0,True,62.128425784611096,0.006212842578461109,0.0012425685156922219,0.17032800577306234,10011,1.0011,0,9984,0,0.009,0.32499386274021846,23.140145418639918,RandomAgent_1,19.637896120110533,EpsilonGreedyAgent_1,6.163897299107212,UCB_BaselineAgent_1,4.637948477004397,RiskAverseEpsilonGreedyAgent_1,8.548538469749033,RiskAverseUCBAgent_1,,,,,,,,,,
balanced_zero_on_collision_cb_transparent_ratio06_halt5,circuit_breaker,balanced,zero_on_collision,25,10000,5,5,3,0.6,5,0.0,True,8.013218548311544,0.0008013218548311543,0.00016026437096623087,0.04359605889532111,10000,1.0,0,10000,0,0.001,0.5763556754894901,2.767200423592955,RandomAgent_1,0.0,EpsilonGreedyAgent_1,0.8565383499438023,UCB_BaselineAgent_1,0.0,RiskAverseEpsilonGreedyAgent_1,4.389479774774786,RiskAverseUCBAgent_1,,,,,,,,,,
balanced_zero_on_collision_cb_transparent_ratio06_halt5,circuit_breaker,balanced,zero_on_collision,26,10000,5,5,3,0.6,5,0.0,True,7.14817368621644,0.000714817368621644,0.0001429634737243288,0.04337501122478292,10001,1.0001,0,10000,0,0.001,0.691375893557536,7.549656538251529,RandomAgent_1,0.0,EpsilonGreedyAgent_1,-1.4042378165963922,UCB_BaselineAgent_1,0.0,RiskAverseEpsilonGreedyAgent_1,1.0027549645613028,RiskAverseUCBAgent_1,,,,,,,,,,
balanced_zero_on_collision_cb_transparent_ratio06_halt5,circuit_breaker,balanced,zero_on_collision,27,10000,5,5,3,0.6,5,0.0,True,7.475277214455339,0.0007475277214455338,0.00014950554428910679,0.04144618356874074,10000,1.0,0,10000,0,0.001,0.42296208331214014,3.4996599898083476,RandomAgent_1,0.07707406856465138,EpsilonGreedyAgent_1,1.4757168527617222,UCB_BaselineAgent_1,1.7410257603688655,RiskAverseEpsilonGreedyAgent_1,0.6818005429517523,RiskAverseUCBAgent_1,,,,,,,,,,
balanced_zero_on_collision_cb_transparent_ratio06_halt5,circuit_breaker,balanced,zero_on_collision,28,10000,5,5,3,0.6,5,0.0,True,3.7114297031938093,0.0003711429703193809,7.422859406387618e-05,0.037114297031938095,10003,1.0003,0,10000,0,0.001,0.6250873705041091,0.0,RandomAgent_1,0.0,EpsilonGreedyAgent_1,1.6229398214369568,UCB_BaselineAgent_1,0.0,RiskAverseEpsilonGreedyAgent_1,2.0884898817568525,RiskAverseUCBAgent_1,,,,,,,,,,
balanced_zero_on_collision_cb_transparent_ratio06_halt5,circuit_breaker,balanced,zero_on_collision,29,10000,5,5,3,0.6,5,0.0,True,3.136369080524001,0.0003136369080524001,6.272738161048002e-05,0.02404084340993955,10002,1.0002,0,10000,0,0.001,0.6079910625646263,0.0,RandomAgent_1,2.298618543560958,EpsilonGreedyAgent_1,-0.07407216218998491,UCB_BaselineAgent_1,0.9118226991530278,RiskAverseEpsilonGreedyAgent_1,0.0,RiskAverseUCBAgent_1,,,,,,,,,,
balanced_zero_on_collision_cb_opaque_ratio08_halt3,circuit_breaker,balanced,zero_on_collision,0,10000,5,5,4,0.8,3,0.0,False,50900.15065541364,5.0900150655413645,1.018003013108273,2.6209221434660424,8746,0.8746,9,4,0,4.9988,0.2327271960667625,2510.1210874993217,RandomAgent_1,12823.524540126664,EpsilonGreedyAgent_1,15453.96202737738,UCB_BaselineAgent_1,11015.95993405297,RiskAverseEpsilonGreedyAgent_1,9096.583066357309,RiskAverseUCBAgent_1,,,,,,,,,,
balanced_zero_on_collision_cb_opaque_ratio08_halt3,circuit_breaker,balanced,zero_on_collision,1,10000,5,5,4,0.8,3,0.0,False,50955.38397197368,5.095538397197368,1.0191076794394736,2.6495197855633945,8789,0.8789,4,2,0,4.9994,0.24045661086944414,2369.6753581812677,RandomAgent_1,10940.02070193466,EpsilonGreedyAgent_1,13640.226811526867,UCB_BaselineAgent_1,8760.133652398723,RiskAverseEpsilonGreedyAgent_1,15245.32744793216,RiskAverseUCBAgent_1,,,,,,,,,,
balanced_zero_on_collision_cb_opaque_ratio08_halt3,circuit_breaker,balanced,zero_on_collision,2,10000,5,5,4,0.8,3,0.0,False,51377.83511270926,5.137783511270926,1.0275567022541852,2.6517898142047196,8654,0.8654,15,6,0,4.9982,0.22507642325082955,2685.9014136368182,RandomAgent_1,14636.986307232752,EpsilonGreedyAgent_1,13781.687527517865,UCB_BaselineAgent_1,8774.008910861035,RiskAverseEpsilonGreedyAgent_1,11499.250953460794,RiskAverseUCBAgent_1,,,,,,,,,,
balanced_zero_on_collision_cb_opaque_ratio08_halt3,circuit_breaker,balanced,zero_on_collision,3,10000,5,5,4,0.8,3,0.0,False,51016.2751204008,5.10162751204008,1.020325502408016,2.640881930899897,8749,0.8749,1,1,0,4.9997,0.23406941824913519,2477.8172220384176,RandomAgent_1,13095.654828206969,EpsilonGreedyAgent_1,15306.510179266528,UCB_BaselineAgent_1,8899.666145988058,RiskAverseEpsilonGreedyAgent_1,11236.626744900828,RiskAverseUCBAgent_1,,,,,,,,,,
balanced_zero_on_collision_cb_opaque_ratio08_halt3,circuit_breaker,balanced,zero_on_collision,4,10000,5,5,4,0.8,3,0.0,False,50761.665885368944,5.0761665885368945,1.015233317707379,2.6745578391676452,8670,0.867,10,5,0,4.9985,0.2469798057733834,2888.848543948017,RandomAgent_1,7507.717816398479,EpsilonGreedyAgent_1,14020.349388064657,UCB_BaselineAgent_1,11040.83440246561,RiskAverseEpsilonGreedyAgent_1,15303.915734492182,RiskAverseUCBAgent_1,,,,,,,,,,
balanced_zero_on_collision_cb_opaque_ratio08_halt3,circuit_breaker,balanced,zero_on_collision,5,10000,5,5,4,0.8,3,0.0,False,50650.63239651377,5.065063239651377,1.0130126479302755,2.6081503670675414,8666,0.8666,7,2,0,4.9994,0.22753307768420927,2685.326919264805,RandomAgent_1,12592.29758340656,EpsilonGreedyAgent_1,15251.757011997486,UCB_BaselineAgent_1,8913.4220792962,RiskAverseEpsilonGreedyAgent_1,11207.828802548722,RiskAverseUCBAgent_1,,,,,,,,,,
balanced_zero_on_collision_cb_opaque_ratio08_halt3,circuit_breaker,balanced,zero_on_collision,6,10000,5,5,4,0.8,3,0.0,False,50914.02774649412,5.091402774649412,1.0182805549298823,2.648526808247557,8805,0.8805,5,2,0,4.9994,0.23452383212427574,2449.769364780399,RandomAgent_1,13169.042773222698,EpsilonGreedyAgent_1,15283.611953600019,UCB_BaselineAgent_1,11026.257944002802,RiskAverseEpsilonGreedyAgent_1,8985.345710888201,RiskAverseUCBAgent_1,,,,,,,,,,
balanced_zero_on_collision_cb_opaque_ratio08_halt3,circuit_breaker,balanced,zero_on_collision,7,10000,5,5,4,0.8,3,0.0,False,50776.94594380464,5.077694594380464,1.0155389188760928,2.6397880741882385,8771,0.8771,3,1,0,4.9997,0.22360447761923608,2545.8430907317443,RandomAgent_1,13341.096124894186,EpsilonGreedyAgent_1,9041.667812504676,UCB_BaselineAgent_1,14588.569525617768,RiskAverseEpsilonGreedyAgent_1,11259.769390056266,RiskAverseUCBAgent_1,,,,,,,,,,
balanced_zero_on_collision_cb_opaque_ratio08_halt3,circuit_breaker,balanced,zero_on_collision,8,10000,5,5,4,0.8,3,0.0,False,50627.31615251045,5.062731615251045,1.012546323050209,2.6382304601249813,8757,0.8757,3,1,0,4.9997,0.22747504430488386,2469.744313000795,RandomAgent_1,8781.350380169662,EpsilonGreedyAgent_1,13810.969404740594,UCB_BaselineAgent_1,14350.498531752432,RiskAverseEpsilonGreedyAgent_1,11214.753522846968,RiskAverseUCBAgent_1,,,,,,,,,,
balanced_zero_on_collision_cb_opaque_ratio08_halt3,circuit_breaker,balanced,zero_on_collision,9,10000,5,5,4,0.8,3,0.0,False,50170.14218670213,5.017014218670213,1.0034028437340425,2.6226199724599586,8801,0.8801,5,2,0,4.9994,0.22302596059739965,2693.879220116999,RandomAgent_1,12250.400332397012,EpsilonGreedyAgent_1,15123.029136226736,UCB_BaselineAgent_1,10967.243719588289,RiskAverseEpsilonGreedyAgent_1,9135.58977837309,RiskAverseUCBAgent_1,,,,,,,,,,
balanced_zero_on_collision_cb_opaque_ratio08_halt3,circuit_breaker,balanced,zero_on_collision,10,10000,5,5,4,0.8,3,0.0,False,49198.36650295692,4.919836650295692,0.9839673300591383,2.652274108258261,8741,0.8741,8,3,0,4.9991,0.24284119067914056,3077.3814507734915,RandomAgent_1,10072.823958954363,EpsilonGreedyAgent_1,13867.359016487137,UCB_BaselineAgent_1,7401.908505269009,RiskAverseEpsilonGreedyAgent_1,14778.893571472918,RiskAverseUCBAgent_1,,,,,,,,,,
balanced_zero_on_collision_cb_opaque_ratio08_halt3,circuit_breaker,balanced,zero_on_collision,11,10000,5,5,4,0.8,3,0.0,False,49122.84507739614,4.912284507739614,0.9824569015479228,2.627009895923813,8771,0.8771,13,4,0,4.9988,0.23638735130404087,2826.569269502452,RandomAgent_1,14378.237439391542,EpsilonGreedyAgent_1,13388.050045579806,UCB_BaselineAgent_1,7461.338294446943,RiskAverseEpsilonGreedyAgent_1,11068.650028475391,RiskAverseUCBAgent_1,,,,,,,,,,
balanced_zero_on_collision_cb_opaque_ratio08_halt3,circuit_breaker,balanced,zero_on_collision,12,10000,5,5,4,0.8,3,0.0,False,51001.47064876794,5.100147064876794,1.0200294129753589,2.625389175187666,8755,0.8755,2,1,0,4.9997,0.23742200585559026,2448.0388563110437,RandomAgent_1,8778.4721071364,EpsilonGreedyAgent_1,13991.158815337058,UCB_BaselineAgent_1,10806.01603900335,RiskAverseEpsilonGreedyAgent_1,14977.784830980088,RiskAverseUCBAgent_1,,,,,,,,,,
balanced_zero_on_collision_cb_opaque_ratio08_halt3,circuit_breaker,balanced,zero_on_collision,13,10000,5,5,4,0.8,3,0.0,False,51176.728149111994,5.1176728149112,1.0235345629822399,2.643490712923939,8771,0.8771,4,2,0,4.9994,0.23180030139969054,2470.8424327967336,RandomAgent_1,8914.864587945784,EpsilonGreedyAgent_1,11444.32467986734,UCB_BaselineAgent_1,13179.890919429548,RiskAverseEpsilonGreedyAgent_1,15166.805529072588,RiskAverseUCBAgent_1,,,,,,,,,,
balanced_zero_on_collision_cb_opaque_ratio08_halt3,circuit_breaker,balanced,zero_on_collision,14,10000,5,5,4,0.8,3,0.0,False,51175.55656941255,5.117555656941255,1.023511131388251,2.6298215341826077,8778,0.8778,2,1,0,4.9997,0.23452132352077104,2426.148965620221,RandomAgent_1,13402.993264811235,EpsilonGreedyAgent_1,15161.386694387695,UCB_BaselineAgent_1,8869.070575919397,RiskAverseEpsilonGreedyAgent_1,11315.957068674,RiskAverseUCBAgent_1,,,,,,,,,,
balanced_zero_on_collision_cb_opaque_ratio08_halt3,circuit_breaker,balanced,zero_on_collision,15,10000,5,5,4,0.8,3,0.0,False,50444.59353116792,5.044459353116792,1.0088918706233585,2.6468383610333843,8803,0.8803,10,4,0,4.9988,0.23280206455621433,2481.0288891283712,RandomAgent_1,10853.47889153473,EpsilonGreedyAgent_1,13638.423522419953,UCB_BaselineAgent_1,8753.558800315186,RiskAverseEpsilonGreedyAgent_1,14718.103427769676,RiskAverseUCBAgent_1,,,,,,,,,,
balanced_zero_on_collision_cb_opaque_ratio08_halt3,circuit_breaker,balanced,zero_on_collision,16,10000,5,5,4,0.8,3,0.0,False,50683.523949505885,5.068352394950589,1.0136704789901176,2.6336556627611887,8768,0.8768,11,5,0,4.9985,0.23161149717575302,2504.935195755274,RandomAgent_1,12948.113901432487,EpsilonGreedyAgent_1,15092.813962760203,UCB_BaselineAgent_1,8776.654275221861,RiskAverseEpsilonGreedyAgent_1,11361.00661433606,RiskAverseUCBAgent_1,,,,,,,,,,
balanced_zero_on_collision_cb_opaque_ratio08_halt3,circuit_breaker,balanced,zero_on_collision,17,10000,5,5,4,0.8,3,0.0,False,50738.67898229852,5.073867898229852,1.0147735796459705,2.6434753881789153,8865,0.8865,10,4,0,4.9988,0.2322315093695171,2465.667949950996,RandomAgent_1,12931.746382797428,EpsilonGreedyAgent_1,15265.13702751432,UCB_BaselineAgent_1,11003.243092798151,RiskAverseEpsilonGreedyAgent_1,9072.884529237625,RiskAverseUCBAgent_1,,,,,,,,,,
balanced_zero_on_collision_cb_opaque_ratio08_halt3,circuit_breaker,balanced,zero_on_collision,18,10000,5,5,4,0.8,3,0.0,False,51016.73798216363,5.101673798216363,1.0203347596432726,2.628220210092313,8749,0.8749,5,1,0,4.9997,0.2323547567279205,2525.2997261172595,RandomAgent_1,13267.439158901925,EpsilonGreedyAgent_1,15202.528030777323,UCB_BaselineAgent_1,11034.52965538928,RiskAverseEpsilonGreedyAgent_1,8986.941410977843,RiskAverseUCBAgent_1,,,,,,,,,,
balanced_zero_on_collision_cb_opaque_ratio08_halt3,circuit_breaker,balanced,zero_on_collision,19,10000,5,5,4,0.8,3,0.0,False,51022.979731380015,5.102297973138001,1.0204595946276003,2.6473293629228505,8732,0.8732,7,2,0,4.9994,0.22349806586966703,2599.9304706945627,RandomAgent_1,13288.418915276921,EpsilonGreedyAgent_1,11516.111278644456,UCB_BaselineAgent_1,14679.601435017634,RiskAverseEpsilonGreedyAgent_1,8938.917631746444,RiskAverseUCBAgent_1,,,,,,,,,,
balanced_zero_on_collision_cb_opaque_ratio08_halt3,circuit_breaker,balanced,zero_on_collision,20,10000,5,5,4,0.8,3,0.0,False,50282.00531588096,5.028200531588096,1.0056401063176192,2.574920356080969,8757,0.8757,2,1,0,4.9997,0.22866688368535648,2491.6531679248774,RandomAgent_1,12634.675632317607,EpsilonGreedyAgent_1,14984.055758627348,UCB_BaselineAgent_1,8874.90716113996,RiskAverseEpsilonGreedyAgent_1,11296.713595871166,RiskAverseUCBAgent_1,,,,,,,,,,
balanced_zero_on_collision_cb_opaque_ratio08_halt3,circuit_breaker,balanced,zero_on_collision,21,10000,5,5,4,0.8,3,0.0,False,51013.90347533292,5.101390347533291,1.0202780695066584,2.6191636601522266,8821,0.8821,2,1,0,4.9997,0.23245539660282022,2500.8359444209577,RandomAgent_1,13134.017748456045,EpsilonGreedyAgent_1,15320.374443619938,UCB_BaselineAgent_1,10931.723503523202,RiskAverseEpsilonGreedyAgent_1,9126.951835312777,RiskAverseUCBAgent_1,,,,,,,,,,
balanced_zero_on_collision_cb_opaque_ratio08_halt3,circuit_breaker,balanced,zero_on_collision,22,10000,5,5,4,0.8,3,0.0,False,50880.71376309809,5.088071376309808,1.0176142752619617,2.6768895708754004,8778,0.8778,2,2,0,4.9994,0.2349579233379031,2476.1024847118306,RandomAgent_1,13114.249675235707,EpsilonGreedyAgent_1,15351.725035400937,UCB_BaselineAgent_1,10960.208900455136,RiskAverseEpsilonGreedyAgent_1,8978.427667294478,RiskAverseUCBAgent_1,,,,,,,,,,
balanced_zero_on_collision_cb_opaque_ratio08_halt3,circuit_breaker,balanced,zero_on_collision,23,10000,5,5,4,0.8,3,0.0,False,50193.926245510425,5.019392624551043,1.0038785249102085,2.605077873814274,8786,0.8786,10,5,0,4.9985,0.23323306485964546,2476.0151695564246,RandomAgent_1,12668.58037035475,EpsilonGreedyAgent_1,15164.274793876564,UCB_BaselineAgent_1,8777.89148004658,RiskAverseEpsilonGreedyAgent_1,11107.164431676107,RiskAverseUCBAgent_1,,,,,,,,,,
balanced_zero_on_collision_cb_opaque_ratio08_halt3,circuit_breaker,balanced,zero_on_collision,24,10000,5,5,4,0.8,3,0.0,False,50381.933295466195,5.03819332954662,1.007638665909324,2.6571667912452885,8757,0.8757,2,2,0,4.9994,0.2334894476341589,2597.9970396428466,RandomAgent_1,14624.380300329793,EpsilonGreedyAgent_1,13667.7618253849,UCB_BaselineAgent_1,8311.403907010192,RiskAverseEpsilonGreedyAgent_1,11180.390223098464,RiskAverseUCBAgent_1,,,,,,,,,,
balanced_zero_on_collision_cb_opaque_ratio08_halt3,circuit_breaker,balanced,zero_on_collision,25,10000,5,5,4,0.8,3,0.0,False,50870.82452414222,5.087082452414222,1.0174164904828444,2.643398535811568,8730,0.873,3,1,0,4.9997,0.23257016354671478,2530.256330423449,RandomAgent_1,13031.814164881138,EpsilonGreedyAgent_1,15293.574702453365,UCB_BaselineAgent_1,11034.318365783241,RiskAverseEpsilonGreedyAgent_1,8980.860960601025,RiskAverseUCBAgent_1,,,,,,,,,,
balanced_zero_on_collision_cb_opaque_ratio08_halt3,circuit_breaker,balanced,zero_on_collision,26,10000,5,5,4,0.8,3,0.0,False,51084.566058670825,5.108456605867082,1.0216913211734164,2.667278203759162,8734,0.8734,7,2,0,4.9994,0.23002147348378355,2600.8417544785775,RandomAgent_1,13258.207567356043,EpsilonGreedyAgent_1,9033.854344116105,UCB_BaselineAgent_1,11014.813303492576,RiskAverseEpsilonGreedyAgent_1,15176.849089227524,RiskAverseUCBAgent_1,,,,,,,,,,
balanced_zero_on_collision_cb_opaque_ratio08_halt3,circuit_breaker,balanced,zero_on_collision,27,10000,5,5,4,0.8,3,0.0,False,50665.342384280244,5.066534238428025,1.0133068476856049,2.650259186607667,8845,0.8845,6,2,0,4.9994,0.22764594879986455,2524.89404501821,RandomAgent_1,12774.475870471446,EpsilonGreedyAgent_1,15128.931600385047,UCB_BaselineAgent_1,11088.889733049067,RiskAverseEpsilonGreedyAgent_1,9148.151135356477,RiskAverseUCBAgent_1,,,,,,,,,,
balanced_zero_on_collision_cb_opaque_ratio08_halt3,circuit_breaker,balanced,zero_on_collision,28,10000,5,5,4,0.8,3,0.0,False,50540.4060507273,5.05404060507273,1.010808121014546,2.6704953318901103,8800,0.88,21,7,0,4.9979,0.21821441689613197,2616.1514422991177,RandomAgent_1,12866.835178806665,EpsilonGreedyAgent_1,11541.08901501607,UCB_BaselineAgent_1,14484.470403509999,RiskAverseEpsilonGreedyAgent_1,9031.860011095454,RiskAverseUCBAgent_1,,,,,,,,,,
balanced_zero_on_collision_cb_opaque_ratio08_halt3,circuit_breaker,balanced,zero_on_collision,29,10000,5,5,4,0.8,3,0.0,False,50731.09639589796,5.073109639589796,1.0146219279179594,2.6447509531504765,8750,0.875,9,4,0,4.9988,0.22140509130877972,2660.665673665085,RandomAgent_1,12965.578473581734,EpsilonGreedyAgent_1,14831.549047956352,UCB_BaselineAgent_1,11046.265552851231,RiskAverseEpsilonGreedyAgent_1,9227.037647843563,RiskAverseUCBAgent_1,,,,,,,,,,
balanced_zero_on_collision_cb_transparent_ratio08_halt3,circuit_breaker,balanced,zero_on_collision,0,10000,5,5,4,0.8,3,0.0,True,50847.373074788076,5.084737307478807,1.0169474614957614,2.6430509434215077,8739,0.8739,0,4,0,4.9988,0.23164338450166966,2482.6757874759132,RandomAgent_1,12898.074969287207,EpsilonGreedyAgent_1,15293.706232055616,UCB_BaselineAgent_1,11098.924207680144,RiskAverseEpsilonGreedyAgent_1,9073.991878289196,RiskAverseUCBAgent_1,,,,,,,,,,
balanced_zero_on_collision_cb_transparent_ratio08_halt3,circuit_breaker,balanced,zero_on_collision,1,10000,5,5,4,0.8,3,0.0,True,50456.744269723735,5.045674426972374,1.0091348853944746,2.649269220839869,8762,0.8762,0,3,0,4.9991,0.22053604257528736,2618.963042112417,RandomAgent_1,14334.091394813813,EpsilonGreedyAgent_1,13428.22572349221,UCB_BaselineAgent_1,11035.808436605761,RiskAverseEpsilonGreedyAgent_1,9039.655672699531,RiskAverseUCBAgent_1,,,,,,,,,,
balanced_zero_on_collision_cb_transparent_ratio08_halt3,circuit_breaker,balanced,zero_on_collision,2,10000,5,5,4,0.8,3,0.0,True,51236.25823078016,5.123625823078016,1.024725164615603,2.640585004375829,8692,0.8692,0,5,0,4.9985,0.22612328445007313,2627.2857411240097,RandomAgent_1,14607.457288832476,EpsilonGreedyAgent_1,13752.185842824489,UCB_BaselineAgent_1,8748.251453051182,RiskAverseEpsilonGreedyAgent_1,11501.077904947997,RiskAverseUCBAgent_1,,,,,,,,,,
balanced_zero_on_collision_cb_transparent_ratio08_halt3,circuit_breaker,balanced,zero_on_collision,3,10000,5,5,4,0.8,3,0.0,True,51183.396538847104,5.118339653884711,1.023667930776942,2.6367074279706455,8752,0.8752,0,3,0,4.9991,0.2366241286811246,2422.5832850775155,RandomAgent_1,10915.466487265834,EpsilonGreedyAgent_1,13796.462902368656,UCB_BaselineAgent_1,8923.665846040292,RiskAverseEpsilonGreedyAgent_1,15125.218018094807,RiskAverseUCBAgent_1,,,,,,,,,,
balanced_zero_on_collision_cb_transparent_ratio08_halt3,circuit_breaker,balanced,zero_on_collision,4,10000,5,5,4,0.8,3,0.0,True,51035.11847836874,5.103511847836875,1.020702369567375,2.612480533605529,8723,0.8723,0,2,0,4.9994,0.2265140464867086,2525.1607402003046,RandomAgent_1,11016.136215240824,EpsilonGreedyAgent_1,13858.454126426983,UCB_BaselineAgent_1,14575.887583044667,RiskAverseEpsilonGreedyAgent_1,9059.479813455962,RiskAverseUCBAgent_1,,,,,,,,,,
balanced_zero_on_collision_cb_transparent_ratio08_halt3,circuit_breaker,balanced,zero_on_collision,5,10000,5,5,4,0.8,3,0.0,True,50726.91330184647,5.0726913301846475,1.0145382660369293,2.6160212521497557,8691,0.8691,0,2,0,4.9994,0.22995848988694356,2654.848679924436,RandomAgent_1,12510.40489021741,EpsilonGreedyAgent_1,15420.492177841457,UCB_BaselineAgent_1,8878.980937255128,RiskAverseEpsilonGreedyAgent_1,11262.18661660804,RiskAverseUCBAgent_1,,,,,,,,,,
balanced_zero_on_collision_cb_transparent_ratio08_halt3,circuit_breaker,balanced,zero_on_collision,6,10000,5,5,4,0.8,3,0.0,True,50854.38092675969,5.085438092675969,1.0170876185351938,2.6560530307168233,8780,0.878,0,2,0,4.9994,0.23326033836210924,2489.719301470143,RandomAgent_1,13084.73798619698,EpsilonGreedyAgent_1,15280.55326178063,UCB_BaselineAgent_1,10988.739725922884,RiskAverseEpsilonGreedyAgent_1,9010.630651389052,RiskAverseUCBAgent_1,,,,,,,,,,
balanced_zero_on_collision_cb_transparent_ratio08_halt3,circuit_breaker,balanced,zero_on_collision,7,10000,5,5,4,0.8,3,0.0,True,50876.79278101528,5.087679278101528,1.0175358556203056,2.643076026040681,8756,0.8756,0,1,0,4.9997,0.22351698955592747,2605.7607676748808,RandomAgent_1,13425.699201516687,EpsilonGreedyAgent_1,9000.536446472148,UCB_BaselineAgent_1,14607.96384099419,RiskAverseEpsilonGreedyAgent_1,11236.832524357376,RiskAverseUCBAgent_1,,,,,,,,,,
balanced_zero_on_collision_cb_transparent_ratio08_halt3,circuit_breaker,balanced,zero_on_collision,8,10000,5,5,4,0.8,3,0.0,True,50488.81009869776,5.048881009869776,1.0097762019739551,2.6334633949070576,8775,0.8775,0,1,0,4.9997,0.22762703125364347,2469.413063856068,RandomAgent_1,8760.235152868025,EpsilonGreedyAgent_1,13711.396973077412,UCB_BaselineAgent_1,14359.604596620795,RiskAverseEpsilonGreedyAgent_1,11188.160312275462,RiskAverseUCBAgent_1,,,,,,,,,,
balanced_zero_on_collision_cb_transparent_ratio08_halt3,circuit_breaker,balanced,zero_on_collision,9,10000,5,5,4,0.8,3,0.0,True,50292.59007146431,5.029259007146431,1.005851801429286,2.601723157082683,8817,0.8817,0,2,0,4.9994,0.2258336601961619,2576.6770505906907,RandomAgent_1,12579.820983559239,EpsilonGreedyAgent_1,15024.961888898617,UCB_BaselineAgent_1,11029.138729700499,RiskAverseEpsilonGreedyAgent_1,9081.991418715264,RiskAverseUCBAgent_1,,,,,,,,,,
balanced_zero_on_collision_cb_transparent_ratio08_halt3,circuit_breaker,balanced,zero_on_collision,10,10000,5,5,4,0.8,3,0.0,True,48760.03367902645,4.876003367902645,0.975200673580529,2.567108959638497,8780,0.878,0,5,0,4.9985,0.2316004284404638,3179.8594144755234,RandomAgent_1,11669.871390586195,EpsilonGreedyAgent_1,15194.072269886212,UCB_BaselineAgent_1,7466.185374322663,RiskAverseEpsilonGreedyAgent_1,11250.045229755855,RiskAverseUCBAgent_1,,,,,,,,,,
balanced_zero_on_collision_cb_transparent_ratio08_halt3,circuit_breaker,balanced,zero_on_collision,11,10000,5,5,4,0.8,3,0.0,True,50669.77577042071,5.066977577042071,1.0133955154084142,2.684147842177071,8856,0.8856,0,4,0,4.9988,0.23082708774245875,2439.550698779502,RandomAgent_1,14456.461737686494,EpsilonGreedyAgent_1,13894.193906375178,UCB_BaselineAgent_1,8688.124040065142,RiskAverseEpsilonGreedyAgent_1,11191.445387514394,RiskAverseUCBAgent_1,,,,,,,,,,
balanced_zero_on_collision_cb_transparent_ratio08_halt3,circuit_breaker,balanced,zero_on_collision,12,10000,5,5,4,0.8,3,0.0,True,50998.28685332321,5.099828685332321,1.0199657370664643,2.6250589075088175,8750,0.875,0,1,0,4.9997,0.23727277612047049,2452.6270010539697,RandomAgent_1,8778.966323793366,EpsilonGreedyAgent_1,14001.024297158006,UCB_BaselineAgent_1,10798.439843101107,RiskAverseEpsilonGreedyAgent_1,14967.229388216765,RiskAverseUCBAgent_1,,,,,,,,,,
balanced_zero_on_collision_cb_transparent_ratio08_halt3,circuit_breaker,balanced,zero_on_collision,13,10000,5,5,4,0.8,3,0.0,True,51478.28250435274,5.147828250435274,1.029565650087055,2.6577550620474426,8800,0.88,0,3,0,4.9991,0.2359486311389294,2409.1513169256527,RandomAgent_1,13344.718048017707,EpsilonGreedyAgent_1,15338.532497077724,UCB_BaselineAgent_1,8837.904682609018,RiskAverseEpsilonGreedyAgent_1,11547.975959722638,RiskAverseUCBAgent_1,,,,,,,,,,
balanced_zero_on_collision_cb_transparent_ratio08_halt3,circuit_breaker,balanced,zero_on_collision,14,10000,5,5,4,0.8,3,0.0,True,50867.01325243826,5.086701325243825,1.017340265048765,2.608810538534819,8797,0.8797,0,2,0,4.9994,0.23519565538058962,2380.244380714452,RandomAgent_1,13221.472907129639,EpsilonGreedyAgent_1,15150.250131381075,UCB_BaselineAgent_1,8852.233110561998,RiskAverseEpsilonGreedyAgent_1,11262.812722651091,RiskAverseUCBAgent_1,,,,,,,,,,
balanced_zero_on_collision_cb_transparent_ratio08_halt3,circuit_breaker,balanced,zero_on_collision,15,10000,5,5,4,0.8,3,0.0,True,50596.92793422664,5.059692793422664,1.0119385586845329,2.6420485133372544,8755,0.8755,0,6,0,4.9982,0.23139132358359826,2524.303394595827,RandomAgent_1,12873.12169481124,EpsilonGreedyAgent_1,15166.282863994085,UCB_BaselineAgent_1,8887.855323696147,RiskAverseEpsilonGreedyAgent_1,11145.364657129341,RiskAverseUCBAgent_1,,,,,,,,,,
balanced_zero_on_collision_cb_transparent_ratio08_halt3,circuit_breaker,balanced,zero_on_collision,16,10000,5,5,4,0.8,3,0.0,True,50731.88390717589,5.073188390717589,1.0146376781435178,2.6346158614596242,8772,0.8772,0,5,0,4.9985,0.23257113215639813,2483.686920726853,RandomAgent_1,13100.945742278775,EpsilonGreedyAgent_1,15062.24988510583,UCB_BaselineAgent_1,8761.142479239637,RiskAverseEpsilonGreedyAgent_1,11323.8588798248,RiskAverseUCBAgent_1,,,,,,,,,,
balanced_zero_on_collision_cb_transparent_ratio08_halt3,circuit_breaker,balanced,zero_on_collision,17,10000,5,5,4,0.8,3,0.0,True,50794.270784197346,5.079427078419735,1.015885415683947,2.6390389663874063,8854,0.8854,0,3,0,4.9991,0.23299153526922267,2460.8479591004075,RandomAgent_1,12936.566528637917,EpsilonGreedyAgent_1,15335.783242930534,UCB_BaselineAgent_1,10961.223789457224,RiskAverseEpsilonGreedyAgent_1,9099.849264071261,RiskAverseUCBAgent_1,,,,,,,,,,
balanced_zero_on_collision_cb_transparent_ratio08_halt3,circuit_breaker,balanced,zero_on_collision,18,10000,5,5,4,0.8,3,0.0,True,50929.27599532993,5.0929275995329935,1.0185855199065987,2.618617919076294,8740,0.874,0,1,0,4.9997,0.2334965133124931,2452.3511740963995,RandomAgent_1,13166.331925588454,EpsilonGreedyAgent_1,15246.503651129206,UCB_BaselineAgent_1,11038.973290959775,RiskAverseEpsilonGreedyAgent_1,9025.115953556098,RiskAverseUCBAgent_1,,,,,,,,,,
balanced_zero_on_collision_cb_transparent_ratio08_halt3,circuit_breaker,balanced,zero_on_collision,19,10000,5,5,4,0.8,3,0.0,True,50902.895307994186,5.090289530799419,1.0180579061598838,2.642407595771914,8718,0.8718,0,5,0,4.9985,0.2201233636972122,2674.0175168367896,RandomAgent_1,13011.677673957365,EpsilonGreedyAgent_1,9102.819906044411,UCB_BaselineAgent_1,14725.734304283726,RiskAverseEpsilonGreedyAgent_1,11388.645906871894,RiskAverseUCBAgent_1,,,,,,,,,,
balanced_zero_on_collision_cb_transparent_ratio08_halt3,circuit_breaker,balanced,zero_on_collision,20,10000,5,5,4,0.8,3,0.0,True,50399.894256290674,5.039989425629067,1.0079978851258136,2.581342630837296,8743,0.8743,0,1,0,4.9997,0.22705156270784776,2493.1653788326,RandomAgent_1,12709.462603538153,EpsilonGreedyAgent_1,14903.643664607058,UCB_BaselineAgent_1,8921.982297084372,RiskAverseEpsilonGreedyAgent_1,11371.640312228492,RiskAverseUCBAgent_1,,,,,,,,,,
balanced_zero_on_collision_cb_transparent_ratio08_halt3,circuit_breaker,balanced,zero_on_collision,21,10000,5,5,4,0.8,3,0.0,True,50992.01001212903,5.099201001212903,1.0198402002425806,2.6291462281368996,8843,0.8843,0,1,0,4.9997,0.23426398660334113,2473.9054426804055,RandomAgent_1,13162.757713514124,EpsilonGreedyAgent_1,15362.139908067244,UCB_BaselineAgent_1,10917.959179476535,RiskAverseEpsilonGreedyAgent_1,9075.247768390724,RiskAverseUCBAgent_1,,,,,,,,,,
balanced_zero_on_collision_cb_transparent_ratio08_halt3,circuit_breaker,balanced,zero_on_collision,22,10000,5,5,4,0.8,3,0.0,True,50925.93528271338,5.092593528271338,1.0185187056542675,2.6516373587121804,8800,0.88,0,2,0,4.9994,0.2365346465441358,2414.8702603345087,RandomAgent_1,13043.020388615016,EpsilonGreedyAgent_1,15473.127696883954,UCB_BaselineAgent_1,10949.75193023133,RiskAverseEpsilonGreedyAgent_1,9045.16500664857,RiskAverseUCBAgent_1,,,,,,,,,,
balanced_zero_on_collision_cb_transparent_ratio08_halt3,circuit_breaker,balanced,zero_on_collision,23,10000,5,5,4,0.8,3,0.0,True,50630.73506782321,5.063073506782321,1.0126147013564641,2.6256972918386974,8778,0.8778,0,2,0,4.9994,0.22924446675391774,2452.1040697040094,RandomAgent_1,14525.59539073872,EpsilonGreedyAgent_1,13627.830474289643,UCB_BaselineAgent_1,8757.773461404046,RiskAverseEpsilonGreedyAgent_1,11267.431671686796,RiskAverseUCBAgent_1,,,,,,,,,,
balanced_zero_on_collision_cb_transparent_ratio08_halt3,circuit_breaker,balanced,zero_on_collision,24,10000,5,5,4,0.8,3,0.0,True,49938.52767737368,4.993852767737367,0.9987705535474736,2.6518956006045973,8759,0.8759,0,4,0,4.9988,0.23992396341333833,2845.7516881235574,RandomAgent_1,14741.76113300252,EpsilonGreedyAgent_1,13671.367455780923,UCB_BaselineAgent_1,7509.762627083394,RiskAverseEpsilonGreedyAgent_1,11169.884773383283,RiskAverseUCBAgent_1,,,,,,,,,,
balanced_zero_on_collision_cb_transparent_ratio08_halt3,circuit_breaker,balanced,zero_on_collision,25,10000,5,5,4,0.8,3,0.0,True,50851.04535924691,5.085104535924692,1.0170209071849383,2.6362598930181362,8729,0.8729,0,1,0,4.9997,0.23236835270242162,2508.141147414617,RandomAgent_1,12969.296467973483,EpsilonGreedyAgent_1,15317.753012587558,UCB_BaselineAgent_1,11007.7686412627,RiskAverseEpsilonGreedyAgent_1,9048.086090008554,RiskAverseUCBAgent_1,,,,,,,,,,
balanced_zero_on_collision_cb_transparent_ratio08_halt3,circuit_breaker,balanced,zero_on_collision,26,10000,5,5,4,0.8,3,0.0,True,51130.097727359105,5.113009772735911,1.022601954547182,2.653570289358189,8729,0.8729,0,2,0,4.9994,0.23176088970471653,2594.037946722512,RandomAgent_1,13348.95460537925,EpsilonGreedyAgent_1,9012.803533335698,UCB_BaselineAgent_1,10935.893056243589,RiskAverseEpsilonGreedyAgent_1,15238.408585678055,RiskAverseUCBAgent_1,,,,,,,,,,
balanced_zero_on_collision_cb_transparent_ratio08_halt3,circuit_breaker,balanced,zero_on_collision,27,10000,5,5,4,0.8,3,0.0,True,50835.11371781392,5.083511371781392,1.0167022743562784,2.646860293373121,8776,0.8776,0,1,0,4.9997,0.22632258958770324,2567.9358257106387,RandomAgent_1,12840.690308110525,EpsilonGreedyAgent_1,15114.781046545908,UCB_BaselineAgent_1,11140.16223416832,RiskAverseEpsilonGreedyAgent_1,9171.544303278526,RiskAverseUCBAgent_1,,,,,,,,,,
balanced_zero_on_collision_cb_transparent_ratio08_halt3,circuit_breaker,balanced,zero_on_collision,28,10000,5,5,4,0.8,3,0.0,True,50522.59189738754,5.052259189738754,1.0104518379477507,2.682256586887747,8781,0.8781,0,5,0,4.9985,0.224471518986191,2492.4143048299243,RandomAgent_1,14249.172718292468,EpsilonGreedyAgent_1,13658.080496421228,UCB_BaselineAgent_1,8819.38995753131,RiskAverseEpsilonGreedyAgent_1,11303.534420312606,RiskAverseUCBAgent_1,,,,,,,,,,
balanced_zero_on_collision_cb_transparent_ratio08_halt3,circuit_breaker,balanced,zero_on_collision,29,10000,5,5,4,0.8,3,0.0,True,50715.668426778706,5.07156684267787,1.014313368535574,2.645627957280691,8737,0.8737,0,3,0,4.9991,0.22018940664493702,2685.0073975866444,RandomAgent_1,12950.051268542744,EpsilonGreedyAgent_1,14799.442088910457,UCB_BaselineAgent_1,11019.879366782878,RiskAverseEpsilonGreedyAgent_1,9261.288304955986,RiskAverseUCBAgent_1,,,,,,,,,,
balanced_zero_on_collision_cb_opaque_ratio08_halt5,circuit_breaker,balanced,zero_on_collision,0,10000,5,5,4,0.8,5,0.0,False,50758.128738436666,5.075812873843667,1.0151625747687334,2.6166365832071086,8747,0.8747,19,4,0,4.998,0.2305360260926943,2478.7398928737193,RandomAgent_1,12951.784807031549,EpsilonGreedyAgent_1,15187.272719842864,UCB_BaselineAgent_1,11025.424085870134,RiskAverseEpsilonGreedyAgent_1,9114.9072328184,RiskAverseUCBAgent_1,,,,,,,,,,
balanced_zero_on_collision_cb_opaque_ratio08_halt5,circuit_breaker,balanced,zero_on_collision,1,10000,5,5,4,0.8,5,0.0,False,50725.03288909161,5.072503288909162,1.0145006577818323,2.663028833484228,8791,0.8791,5,1,0,4.9995,0.2264661747797374,2492.2890557588985,RandomAgent_1,14352.681693576576,EpsilonGreedyAgent_1,13833.227087295008,UCB_BaselineAgent_1,8835.251953007995,RiskAverseEpsilonGreedyAgent_1,11211.583099453132,RiskAverseUCBAgent_1,,,,,,,,,,
balanced_zero_on_collision_cb_opaque_ratio08_halt5,circuit_breaker,balanced,zero_on_collision,2,10000,5,5,4,0.8,5,0.0,False,51361.699580901346,5.136169958090135,1.0272339916180269,2.649525332491722,8659,0.8659,29,6,0,4.997,0.22747295191863404,2618.904938143767,RandomAgent_1,14654.531397468088,EpsilonGreedyAgent_1,13889.605734225705,UCB_BaselineAgent_1,8752.365104810073,RiskAverseEpsilonGreedyAgent_1,11446.29240625371,RiskAverseUCBAgent_1,,,,,,,,,,
balanced_zero_on_collision_cb_opaque_ratio08_halt5,circuit_breaker,balanced,zero_on_collision,3,10000,5,5,4,0.8,5,0.0,False,51263.64957611245,5.126364957611245,1.0252729915222492,2.648707102955037,8784,0.8784,7,3,0,4.9985,0.23587892367682017,2508.0559573586215,RandomAgent_1,13251.311427437468,EpsilonGreedyAgent_1,15532.380769817988,UCB_BaselineAgent_1,10901.976583539858,RiskAverseEpsilonGreedyAgent_1,9069.924837958519,RiskAverseUCBAgent_1,,,,,,,,,,
balanced_zero_on_collision_cb_opaque_ratio08_halt5,circuit_breaker,balanced,zero_on_collision,4,10000,5,5,4,0.8,5,0.0,False,50660.78754292347,5.066078754292347,1.0132157508584694,2.6371925184820664,8713,0.8713,11,3,0,4.9985,0.22398156624902033,2565.1678615183328,RandomAgent_1,14457.757792367964,EpsilonGreedyAgent_1,13636.912523489604,UCB_BaselineAgent_1,10946.563333540855,RiskAverseEpsilonGreedyAgent_1,9054.386032006714,RiskAverseUCBAgent_1,,,,,,,,,,
balanced_zero_on_collision_cb_opaque_ratio08_halt5,circuit_breaker,balanced,zero_on_collision,5,10000,5,5,4,0.8,5,0.0,False,50446.92330438026,5.044692330438026,1.0089384660876053,2.604594936850433,8718,0.8718,17,3,0,4.9985,0.22864034379789144,2649.271364867575,RandomAgent_1,12517.308619293774,EpsilonGreedyAgent_1,15245.397579080898,UCB_BaselineAgent_1,8874.056328072002,RiskAverseEpsilonGreedyAgent_1,11160.889413066014,RiskAverseUCBAgent_1,,,,,,,,,,
balanced_zero_on_collision_cb_opaque_ratio08_halt5,circuit_breaker,balanced,zero_on_collision,6,10000,5,5,4,0.8,5,0.0,False,50783.25499599034,5.078325499599034,1.015665099919807,2.6346487977985995,8823,0.8823,13,3,0,4.9985,0.23412409169286863,2441.2565431271923,RandomAgent_1,13053.845406622931,EpsilonGreedyAgent_1,15286.452422336712,UCB_BaselineAgent_1,10981.422081720455,RiskAverseEpsilonGreedyAgent_1,9020.27854218305,RiskAverseUCBAgent_1,,,,,,,,,,
balanced_zero_on_collision_cb_opaque_ratio08_halt5,circuit_breaker,balanced,zero_on_collision,7,10000,5,5,4,0.8,5,0.0,False,50687.93762034292,5.068793762034292,1.0137587524068583,2.6253295750506953,8799,0.8799,7,1,0,4.9995,0.22314637453105512,2550.436237066172,RandomAgent_1,13314.862196972314,EpsilonGreedyAgent_1,9006.136334921728,UCB_BaselineAgent_1,14534.610196585623,RiskAverseEpsilonGreedyAgent_1,11281.89265479708,RiskAverseUCBAgent_1,,,,,,,,,,
balanced_zero_on_collision_cb_opaque_ratio08_halt5,circuit_breaker,balanced,zero_on_collision,8,10000,5,5,4,0.8,5,0.0,False,50646.263055749296,5.064626305574929,1.012925261114986,2.6369750008327526,8769,0.8769,5,1,0,4.9995,0.22789781685346466,2454.6912180079435,RandomAgent_1,8765.065449867465,EpsilonGreedyAgent_1,13844.81798768489,UCB_BaselineAgent_1,14342.530926838672,RiskAverseEpsilonGreedyAgent_1,11239.157473350324,RiskAverseUCBAgent_1,,,,,,,,,,
balanced_zero_on_collision_cb_opaque_ratio08_halt5,circuit_breaker,balanced,zero_on_collision,9,10000,5,5,4,0.8,5,0.0,False,50182.74462953063,5.018274462953063,1.0036548925906126,2.610930911853484,8797,0.8797,13,3,0,4.9985,0.22360610187985208,2669.319856727713,RandomAgent_1,12305.533395366247,EpsilonGreedyAgent_1,15124.32450587733,UCB_BaselineAgent_1,10920.94394849743,RiskAverseEpsilonGreedyAgent_1,9162.622923061908,RiskAverseUCBAgent_1,,,,,,,,,,
balanced_zero_on_collision_cb_opaque_ratio08_halt5,circuit_breaker,balanced,zero_on_collision,10,10000,5,5,4,0.8,5,0.0,False,49240.33106489499,4.9240331064894995,0.9848066212978999,2.6765898439310742,8782,0.8782,6,2,0,4.999,0.23319337435281806,2950.3077510054713,RandomAgent_1,14108.819026289728,EpsilonGreedyAgent_1,13822.722565220547,UCB_BaselineAgent_1,7433.447727607156,RiskAverseEpsilonGreedyAgent_1,10925.03399477209,RiskAverseUCBAgent_1,,,,,,,,,,
balanced_zero_on_collision_cb_opaque_ratio08_halt5,circuit_breaker,balanced,zero_on_collision,11,10000,5,5,4,0.8,5,0.0,False,50390.888056050964,5.039088805605097,1.0078177611210193,2.639464615552916,8894,0.8894,9,2,0,4.999,0.2367402365065745,2308.9147767898,RandomAgent_1,12853.974535182733,EpsilonGreedyAgent_1,15196.620587594685,UCB_BaselineAgent_1,8805.509266377954,RiskAverseEpsilonGreedyAgent_1,11225.86889010579,RiskAverseUCBAgent_1,,,,,,,,,,
balanced_zero_on_collision_cb_opaque_ratio08_halt5,circuit_breaker,balanced,zero_on_collision,12,10000,5,5,4,0.8,5,0.0,False,50981.711138899715,5.098171113889971,1.0196342227779942,2.626266082024981,8755,0.8755,4,1,0,4.9995,0.23750977299806908,2450.617395617273,RandomAgent_1,8771.79236390507,EpsilonGreedyAgent_1,14001.468489682313,UCB_BaselineAgent_1,10786.23525739991,RiskAverseEpsilonGreedyAgent_1,14971.597632295152,RiskAverseUCBAgent_1,,,,,,,,,,
balanced_zero_on_collision_cb_opaque_ratio08_halt5,circuit_breaker,balanced,zero_on_collision,13,10000,5,5,4,0.8,5,0.0,False,47206.156881138915,4.720615688113892,0.9441231376227783,2.3648038086520304,8631,0.8631,22,4,0,4.998,0.20258884233615282,4440.140926521063,RandomAgent_1,14666.317983537576,EpsilonGreedyAgent_1,9139.915136400738,UCB_BaselineAgent_1,11208.01520243418,RiskAverseEpsilonGreedyAgent_1,7751.767632245362,RiskAverseUCBAgent_1,,,,,,,,,,
balanced_zero_on_collision_cb_opaque_ratio08_halt5,circuit_breaker,balanced,zero_on_collision,14,10000,5,5,4,0.8,5,0.0,False,51048.88692823016,5.104888692823016,1.0209777385646033,2.6187340076727557,8786,0.8786,4,1,0,4.9995,0.2360838732135644,2419.499099222056,RandomAgent_1,13451.096341997116,EpsilonGreedyAgent_1,15161.683769741598,UCB_BaselineAgent_1,8805.918309891502,RiskAverseEpsilonGreedyAgent_1,11210.68940737789,RiskAverseUCBAgent_1,,,,,,,,,,
balanced_zero_on_collision_cb_opaque_ratio08_halt5,circuit_breaker,balanced,zero_on_collision,15,10000,5,5,4,0.8,5,0.0,False,49982.86633354234,4.998286633354234,0.9996573266708468,2.579256728984996,8736,0.8736,37,7,0,4.9965,0.22580176193893275,2889.4541466318437,RandomAgent_1,12547.370920116682,EpsilonGreedyAgent_1,15181.693732243519,UCB_BaselineAgent_1,8916.301879159999,RiskAverseEpsilonGreedyAgent_1,10448.045655390295,RiskAverseUCBAgent_1,,,,,,,,,,
balanced_zero_on_collision_cb_opaque_ratio08_halt5,circuit_breaker,balanced,zero_on_collision,16,10000,5,5,4,0.8,5,0.0,False,50797.24169959166,5.0797241699591655,1.015944833991833,2.6326495723313257,8748,0.8748,28,6,0,4.997,0.23173636538122078,2521.5245559579917,RandomAgent_1,12987.814929268732,EpsilonGreedyAgent_1,15136.97780882059,UCB_BaselineAgent_1,8789.801027857062,RiskAverseEpsilonGreedyAgent_1,11361.123377687283,RiskAverseUCBAgent_1,,,,,,,,,,
balanced_zero_on_collision_cb_opaque_ratio08_halt5,circuit_breaker,balanced,zero_on_collision,17,10000,5,5,4,0.8,5,0.0,False,50371.4605394714,5.03714605394714,1.007429210789428,2.623745451321753,8849,0.8849,19,4,0,4.998,0.22444942327628192,2692.2000046715743,RandomAgent_1,12406.613407229752,EpsilonGreedyAgent_1,15201.268660755783,UCB_BaselineAgent_1,10911.240916586992,RiskAverseEpsilonGreedyAgent_1,9160.137550227304,RiskAverseUCBAgent_1,,,,,,,,,,
balanced_zero_on_collision_cb_opaque_ratio08_halt5,circuit_breaker,balanced,zero_on_collision,18,10000,5,5,4,0.8,5,0.0,False,51040.26659552263,5.104026659552264,1.0208053319104526,2.62796252010414,8760,0.876,8,1,0,4.9995,0.23372898421822663,2456.5945128545427,RandomAgent_1,13249.56113164839,EpsilonGreedyAgent_1,15271.632152106944,UCB_BaselineAgent_1,11006.816552757044,RiskAverseEpsilonGreedyAgent_1,9055.662246155713,RiskAverseUCBAgent_1,,,,,,,,,,
balanced_zero_on_collision_cb_opaque_ratio08_halt5,circuit_breaker,balanced,zero_on_collision,19,10000,5,5,4,0.8,5,0.0,False,50471.02473306043,5.047102473306043,1.0094204946612086,2.6429323113487304,8835,0.8835,15,3,0,4.9985,0.23072726116012854,2506.3738950811103,RandomAgent_1,12592.097017298545,EpsilonGreedyAgent_1,15295.31877451807,UCB_BaselineAgent_1,11019.851531500606,RiskAverseEpsilonGreedyAgent_1,9057.3835146621,RiskAverseUCBAgent_1,,,,,,,,,,
balanced_zero_on_collision_cb_opaque_ratio08_halt5,circuit_breaker,balanced,zero_on_collision,20,10000,5,5,4,0.8,5,0.0,False,50422.73413232184,5.042273413232184,1.008454682646437,2.5756157971571274,8749,0.8749,5,1,0,4.9995,0.22809699479697465,2488.172371522499,RandomAgent_1,12616.160395606461,EpsilonGreedyAgent_1,15001.124414837672,UCB_BaselineAgent_1,8888.879169663198,RiskAverseEpsilonGreedyAgent_1,11428.397780692016,RiskAverseUCBAgent_1,,,,,,,,,,
balanced_zero_on_collision_cb_opaque_ratio08_halt5,circuit_breaker,balanced,zero_on_collision,21,10000,5,5,4,0.8,5,0.0,False,51043.33118216305,5.104333118216305,1.0208666236432609,2.6190969972568974,8813,0.8813,5,1,0,4.9995,0.2328387623027457,2505.5115020720114,RandomAgent_1,13142.054999579268,EpsilonGreedyAgent_1,15351.681917048814,UCB_BaselineAgent_1,10921.85207459007,RiskAverseEpsilonGreedyAgent_1,9122.230688872885,RiskAverseUCBAgent_1,,,,,,,,,,
balanced_zero_on_collision_cb_opaque_ratio08_halt5,circuit_breaker,balanced,zero_on_collision,22,10000,5,5,4,0.8,5,0.0,False,50781.7170979465,5.07817170979465,1.01563434195893,2.6656370292193583,8798,0.8798,7,3,0,4.9985,0.23475413662799327,2418.5232142228706,RandomAgent_1,13176.715565871686,EpsilonGreedyAgent_1,15220.805533651957,UCB_BaselineAgent_1,10987.437964008746,RiskAverseEpsilonGreedyAgent_1,8978.234820191237,RiskAverseUCBAgent_1,,,,,,,,,,
balanced_zero_on_collision_cb_opaque_ratio08_halt5,circuit_breaker,balanced,zero_on_collision,23,10000,5,5,4,0.8,5,0.0,False,50727.126064706696,5.072712606470669,1.014542521294134,2.6424636900262897,8789,0.8789,25,5,0,4.9975,0.23434426605977476,2459.7692479089624,RandomAgent_1,13090.606330014138,EpsilonGreedyAgent_1,15194.780033910904,UCB_BaselineAgent_1,8841.600084629601,RiskAverseEpsilonGreedyAgent_1,11140.370368243088,RiskAverseUCBAgent_1,,,,,,,,,,
balanced_zero_on_collision_cb_opaque_ratio08_halt5,circuit_breaker,balanced,zero_on_collision,24,10000,5,5,4,0.8,5,0.0,False,50452.981516328764,5.045298151632877,1.0090596303265753,2.6519258568201334,8724,0.8724,4,2,0,4.999,0.23183983901416472,2621.0862403868855,RandomAgent_1,14546.99016741064,EpsilonGreedyAgent_1,13709.72137139173,UCB_BaselineAgent_1,8319.001444113503,RiskAverseEpsilonGreedyAgent_1,11256.182293026002,RiskAverseUCBAgent_1,,,,,,,,,,
balanced_zero_on_collision_cb_opaque_ratio08_halt5,circuit_breaker,balanced,zero_on_collision,25,10000,5,5,4,0.8,5,0.0,False,50881.99957653844,5.088199957653844,1.0176399915307688,2.6467088700488772,8737,0.8737,5,1,0,4.9995,0.23236590820493008,2514.433600668563,RandomAgent_1,13112.015404550179,EpsilonGreedyAgent_1,15230.432031179722,UCB_BaselineAgent_1,11039.211381780533,RiskAverseEpsilonGreedyAgent_1,8985.907158359438,RiskAverseUCBAgent_1,,,,,,,,,,
balanced_zero_on_collision_cb_opaque_ratio08_halt5,circuit_breaker,balanced,zero_on_collision,26,10000,5,5,4,0.8,5,0.0,False,51005.76723552643,5.100576723552643,1.0201153447105287,2.6479358265135886,8740,0.874,20,3,0,4.9985,0.2315690846355405,2532.473003055187,RandomAgent_1,13404.645189482782,EpsilonGreedyAgent_1,9019.596642843297,UCB_BaselineAgent_1,10944.905133079348,RiskAverseEpsilonGreedyAgent_1,15104.147267065817,RiskAverseUCBAgent_1,,,,,,,,,,
balanced_zero_on_collision_cb_opaque_ratio08_halt5,circuit_breaker,balanced,zero_on_collision,27,10000,5,5,4,0.8,5,0.0,False,50774.44618973387,5.077444618973387,1.0154889237946774,2.63988759640628,8837,0.8837,13,2,0,4.999,0.22703524997265512,2498.620701395558,RandomAgent_1,12788.204404924372,EpsilonGreedyAgent_1,15129.493328066612,UCB_BaselineAgent_1,11127.15080435423,RiskAverseEpsilonGreedyAgent_1,9230.976950993096,RiskAverseUCBAgent_1,,,,,,,,,,
balanced_zero_on_collision_cb_opaque_ratio08_halt5,circuit_breaker,balanced,zero_on_collision,28,10000,5,5,4,0.8,5,0.0,False,50613.053276237304,5.061305327623731,1.0122610655247462,2.647678811015508,8752,0.8752,9,2,0,4.999,0.23017810063328836,2497.250388223145,RandomAgent_1,12841.311814684488,EpsilonGreedyAgent_1,15110.183035519025,UCB_BaselineAgent_1,8942.135933336887,RiskAverseEpsilonGreedyAgent_1,11222.172104473755,RiskAverseUCBAgent_1,,,,,,,,,,
balanced_zero_on_collision_cb_opaque_ratio08_halt5,circuit_breaker,balanced,zero_on_collision,29,10000,5,5,4,0.8,5,0.0,False,50819.437796369166,5.081943779636917,1.0163887559273834,2.6596326157244916,8725,0.8725,17,4,0,4.998,0.22026395442056557,2628.1065129851386,RandomAgent_1,14280.11540546636,EpsilonGreedyAgent_1,13791.613632178893,UCB_BaselineAgent_1,11008.196654742987,RiskAverseEpsilonGreedyAgent_1,9111.405590995788,RiskAverseUCBAgent_1,,,,,,,,,,
balanced_zero_on_collision_cb_transparent_ratio08_halt5,circuit_breaker,balanced,zero_on_collision,0,10000,5,5,4,0.8,5,0.0,True,50593.007323048245,5.059300732304824,1.011860146460965,2.6380428540394094,8791,0.8791,0,4,0,4.998,0.23094678107633904,2496.2447400891633,RandomAgent_1,12829.477644418139,EpsilonGreedyAgent_1,15216.976933121334,UCB_BaselineAgent_1,10990.096440511235,RiskAverseEpsilonGreedyAgent_1,9060.211564908373,RiskAverseUCBAgent_1,,,,,,,,,,
balanced_zero_on_collision_cb_transparent_ratio08_halt5,circuit_breaker,balanced,zero_on_collision,1,10000,5,5,4,0.8,5,0.0,True,50961.768751518786,5.096176875151879,1.0192353750303758,2.6761937746837305,8751,0.8751,0,3,0,4.9985,0.22651782340890936,2603.091539765957,RandomAgent_1,14510.65787325768,EpsilonGreedyAgent_1,13842.162132367976,UCB_BaselineAgent_1,8797.922462695895,RiskAverseEpsilonGreedyAgent_1,11207.934743431277,RiskAverseUCBAgent_1,,,,,,,,,,
balanced_zero_on_collision_cb_transparent_ratio08_halt5,circuit_breaker,balanced,zero_on_collision,2,10000,5,5,4,0.8,5,0.0,True,51275.931673010055,5.127593167301005,1.0255186334602011,2.633795738726324,8691,0.8691,0,5,0,4.9975,0.22699255619236158,2609.19045579933,RandomAgent_1,14620.535751105648,EpsilonGreedyAgent_1,13823.958696001333,UCB_BaselineAgent_1,8748.512282610396,RiskAverseEpsilonGreedyAgent_1,11473.734487493348,RiskAverseUCBAgent_1,,,,,,,,,,
balanced_zero_on_collision_cb_transparent_ratio08_halt5,circuit_breaker,balanced,zero_on_collision,3,10000,5,5,4,0.8,5,0.0,True,50299.69370200548,5.029969370200548,1.0059938740401098,2.6569422298480982,8805,0.8805,0,1,0,4.9995,0.24023842752849855,2771.703426133507,RandomAgent_1,7822.426121322586,EpsilonGreedyAgent_1,13785.778028860299,UCB_BaselineAgent_1,11024.859503155789,RiskAverseEpsilonGreedyAgent_1,14894.926622533305,RiskAverseUCBAgent_1,,,,,,,,,,
balanced_zero_on_collision_cb_transparent_ratio08_halt5,circuit_breaker,balanced,zero_on_collision,4,10000,5,5,4,0.8,5,0.0,True,51220.609146066316,5.122060914606632,1.0244121829213264,2.6127256113976904,8692,0.8692,0,4,0,4.998,0.23756555819021274,2451.5837592750954,RandomAgent_1,8770.638518440504,EpsilonGreedyAgent_1,13938.96651980971,UCB_BaselineAgent_1,10981.684836665563,RiskAverseEpsilonGreedyAgent_1,15077.73551187544,RiskAverseUCBAgent_1,,,,,,,,,,
balanced_zero_on_collision_cb_transparent_ratio08_halt5,circuit_breaker,balanced,zero_on_collision,5,10000,5,5,4,0.8,5,0.0,True,50515.260826199294,5.0515260826199295,1.0103052165239859,2.6063992403172573,8692,0.8692,0,2,0,4.999,0.22839686640361023,2664.9445280435425,RandomAgent_1,12489.018850642165,EpsilonGreedyAgent_1,15272.378808548792,UCB_BaselineAgent_1,8860.06921599027,RiskAverseEpsilonGreedyAgent_1,11228.849422974523,RiskAverseUCBAgent_1,,,,,,,,,,
balanced_zero_on_collision_cb_transparent_ratio08_halt5,circuit_breaker,balanced,zero_on_collision,6,10000,5,5,4,0.8,5,0.0,True,50911.76251128927,5.091176251128927,1.0182352502257854,2.6393812840297217,8785,0.8785,0,2,0,4.999,0.23294016605042067,2454.4301705279067,RandomAgent_1,13070.291235218006,EpsilonGreedyAgent_1,15275.672688908498,UCB_BaselineAgent_1,11047.078177903932,RiskAverseEpsilonGreedyAgent_1,9064.29023873093,RiskAverseUCBAgent_1,,,,,,,,,,
balanced_zero_on_collision_cb_transparent_ratio08_halt5,circuit_breaker,balanced,zero_on_collision,7,10000,5,5,4,0.8,5,0.0,True,50833.30582357039,5.083330582357038,1.0166661164714077,2.637728376608322,8788,0.8788,0,2,0,4.999,0.2241431553984552,2537.2473545913886,RandomAgent_1,13406.074200630337,EpsilonGreedyAgent_1,9031.949524309171,UCB_BaselineAgent_1,14592.606974717959,RiskAverseEpsilonGreedyAgent_1,11265.427769321534,RiskAverseUCBAgent_1,,,,,,,,,,
balanced_zero_on_collision_cb_transparent_ratio08_halt5,circuit_breaker,balanced,zero_on_collision,8,10000,5,5,4,0.8,5,0.0,True,50556.47763949328,5.055647763949327,1.0111295527898656,2.632722194021819,8761,0.8761,0,1,0,4.9995,0.22791363677397958,2455.6228241029953,RandomAgent_1,8777.43461871231,EpsilonGreedyAgent_1,13755.989956737307,UCB_BaselineAgent_1,14369.483506714612,RiskAverseEpsilonGreedyAgent_1,11197.94673322605,RiskAverseUCBAgent_1,,,,,,,,,,
balanced_zero_on_collision_cb_transparent_ratio08_halt5,circuit_breaker,balanced,zero_on_collision,9,10000,5,5,4,0.8,5,0.0,True,50166.82946262682,5.016682946262682,1.0033365892525363,2.631273918228683,8795,0.8795,0,1,0,4.9995,0.22540248161495047,2610.4954303602344,RandomAgent_1,12526.385591702003,EpsilonGreedyAgent_1,15014.881513608156,UCB_BaselineAgent_1,10949.228807833839,RiskAverseEpsilonGreedyAgent_1,9065.838119122584,RiskAverseUCBAgent_1,,,,,,,,,,
balanced_zero_on_collision_cb_transparent_ratio08_halt5,circuit_breaker,balanced,zero_on_collision,10,10000,5,5,4,0.8,5,0.0,True,50135.289292919915,5.013528929291992,1.0027057858583983,2.677275946272008,8819,0.8819,0,4,0,4.998,0.23302134393314478,2724.5386974253092,RandomAgent_1,14192.399897659108,EpsilonGreedyAgent_1,14123.396885983198,UCB_BaselineAgent_1,7852.638062667792,RiskAverseEpsilonGreedyAgent_1,11242.315749184505,RiskAverseUCBAgent_1,,,,,,,,,,
balanced_zero_on_collision_cb_transparent_ratio08_halt5,circuit_breaker,balanced,zero_on_collision,11,10000,5,5,4,0.8,5,0.0,True,50810.62606301437,5.081062606301438,1.0162125212602875,2.6832983251653055,8846,0.8846,0,3,0,4.9985,0.23270126468915175,2435.2018037727457,RandomAgent_1,14516.090792231833,EpsilonGreedyAgent_1,14119.21125948552,UCB_BaselineAgent_1,8721.74687512615,RiskAverseEpsilonGreedyAgent_1,11018.375332398124,RiskAverseUCBAgent_1,,,,,,,,,,
balanced_zero_on_collision_cb_transparent_ratio08_halt5,circuit_breaker,balanced,zero_on_collision,12,10000,5,5,4,0.8,5,0.0,True,51086.76687197504,5.108676687197504,1.0217353374395008,2.6345692583920433,8735,0.8735,0,1,0,4.9995,0.23713223669729144,2457.6927708353837,RandomAgent_1,8794.266833052705,EpsilonGreedyAgent_1,14055.21842482481,UCB_BaselineAgent_1,10809.472750832147,RiskAverseEpsilonGreedyAgent_1,14970.116092429997,RiskAverseUCBAgent_1,,,,,,,,,,
balanced_zero_on_collision_cb_transparent_ratio08_halt5,circuit_breaker,balanced,zero_on_collision,13,10000,5,5,4,0.8,5,0.0,True,51272.31493343719,5.127231493343719,1.0254462986687438,2.643135445817735,8784,0.8784,0,3,0,4.9985,0.22998530820477514,2435.3312510531646,RandomAgent_1,14653.395223048727,EpsilonGreedyAgent_1,13919.100391555236,UCB_BaselineAgent_1,8875.53045469923,RiskAverseEpsilonGreedyAgent_1,11388.957613080833,RiskAverseUCBAgent_1,,,,,,,,,,
balanced_zero_on_collision_cb_transparent_ratio08_halt5,circuit_breaker,balanced,zero_on_collision,14,10000,5,5,4,0.8,5,0.0,True,51184.363852859504,5.118436385285951,1.02368727705719,2.6246071089090997,8767,0.8767,0,2,0,4.999,0.2375339866490631,2403.6876655812143,RandomAgent_1,13348.980522208572,EpsilonGreedyAgent_1,15444.888528033554,UCB_BaselineAgent_1,10950.489890087705,RiskAverseEpsilonGreedyAgent_1,9036.317246948454,RiskAverseUCBAgent_1,,,,,,,,,,
balanced_zero_on_collision_cb_transparent_ratio08_halt5,circuit_breaker,balanced,zero_on_collision,15,10000,5,5,4,0.8,5,0.0,True,50602.47121636632,5.060247121636632,1.0120494243273264,2.642334203610952,8732,0.8732,0,3,0,4.9985,0.23211979357073997,2528.354906967793,RandomAgent_1,12956.490223551256,EpsilonGreedyAgent_1,15181.587933426923,UCB_BaselineAgent_1,8898.368344188873,RiskAverseEpsilonGreedyAgent_1,11037.669808231472,RiskAverseUCBAgent_1,,,,,,,,,,
balanced_zero_on_collision_cb_transparent_ratio08_halt5,circuit_breaker,balanced,zero_on_collision,16,10000,5,5,4,0.8,5,0.0,True,50824.52025316007,5.082452025316007,1.0164904050632015,2.6409024708808215,8742,0.8742,0,5,0,4.9975,0.23208608036580913,2502.515351972521,RandomAgent_1,12989.81837929774,EpsilonGreedyAgent_1,15156.725264834147,UCB_BaselineAgent_1,8809.078974949494,RiskAverseEpsilonGreedyAgent_1,11366.382282106173,RiskAverseUCBAgent_1,,,,,,,,,,
balanced_zero_on_collision_cb_transparent_ratio08_halt5,circuit_breaker,balanced,zero_on_collision,17,10000,5,5,4,0.8,5,0.0,True,50654.280423159275,5.0654280423159275,1.0130856084631854,2.647786130485248,8854,0.8854,0,5,0,4.9975,0.2313627389725117,2495.72591922578,RandomAgent_1,12745.602507652518,EpsilonGreedyAgent_1,15309.947810348278,UCB_BaselineAgent_1,11027.740544494698,RiskAverseEpsilonGreedyAgent_1,9075.263641438001,RiskAverseUCBAgent_1,,,,,,,,,,
balanced_zero_on_collision_cb_transparent_ratio08_halt5,circuit_breaker,balanced,zero_on_collision,18,10000,5,5,4,0.8,5,0.0,True,50901.593818718495,5.09015938187185,1.0180318763743699,2.6198530648002545,8775,0.8775,0,1,0,4.9995,0.23131532618263084,2451.4842272176525,RandomAgent_1,13248.521061348527,EpsilonGreedyAgent_1,15097.014855569645,UCB_BaselineAgent_1,11000.788300011818,RiskAverseEpsilonGreedyAgent_1,9103.78537457085,RiskAverseUCBAgent_1,,,,,,,,,,
balanced_zero_on_collision_cb_transparent_ratio08_halt5,circuit_breaker,balanced,zero_on_collision,19,10000,5,5,4,0.8,5,0.0,True,50172.89227388483,5.017289227388483,1.0034578454776966,2.6501202695207375,8755,0.8755,0,5,0,4.9975,0.23687962948803842,2744.303502123822,RandomAgent_1,7912.3928937723085,EpsilonGreedyAgent_1,13693.169090364336,UCB_BaselineAgent_1,14710.085569054188,RiskAverseEpsilonGreedyAgent_1,11112.941218570171,RiskAverseUCBAgent_1,,,,,,,,,,
balanced_zero_on_collision_cb_transparent_ratio08_halt5,circuit_breaker,balanced,zero_on_collision,20,10000,5,5,4,0.8,5,0.0,True,50470.09022466846,5.047009022466846,1.0094018044933692,2.5729727818624575,8744,0.8744,0,1,0,4.9995,0.22742587860531738,2491.665295916206,RandomAgent_1,12753.062316969315,EpsilonGreedyAgent_1,14906.448297280442,UCB_BaselineAgent_1,8887.116788110667,RiskAverseEpsilonGreedyAgent_1,11431.797526391836,RiskAverseUCBAgent_1,,,,,,,,,,
balanced_zero_on_collision_cb_transparent_ratio08_halt5,circuit_breaker,balanced,zero_on_collision,21,10000,5,5,4,0.8,5,0.0,True,50973.2546175148,5.09732546175148,1.0194650923502961,2.631158672840659,8834,0.8834,0,1,0,4.9995,0.23336862495776334,2491.0930209262096,RandomAgent_1,13124.599587885878,EpsilonGreedyAgent_1,15345.800552415609,UCB_BaselineAgent_1,10916.642654700909,RiskAverseEpsilonGreedyAgent_1,9095.118801586199,RiskAverseUCBAgent_1,,,,,,,,,,
balanced_zero_on_collision_cb_transparent_ratio08_halt5,circuit_breaker,balanced,zero_on_collision,22,10000,5,5,4,0.8,5,0.0,True,50936.19841477416,5.093619841477416,1.0187239682954832,2.643605103106116,8777,0.8777,0,2,0,4.999,0.23781723031844804,2441.179331103518,RandomAgent_1,13115.482548278627,EpsilonGreedyAgent_1,15496.960114076017,UCB_BaselineAgent_1,10939.296381973621,RiskAverseEpsilonGreedyAgent_1,8943.280039342377,RiskAverseUCBAgent_1,,,,,,,,,,
balanced_zero_on_collision_cb_transparent_ratio08_halt5,circuit_breaker,balanced,zero_on_collision,23,10000,5,5,4,0.8,5,0.0,True,50340.57561343976,5.034057561343976,1.0068115122687953,2.6268737071209154,8834,0.8834,0,4,0,4.998,0.2235330068428929,2448.437840099981,RandomAgent_1,14430.355417397795,EpsilonGreedyAgent_1,11328.900545592891,UCB_BaselineAgent_1,13150.498619219474,RiskAverseEpsilonGreedyAgent_1,8982.38319112962,RiskAverseUCBAgent_1,,,,,,,,,,
balanced_zero_on_collision_cb_transparent_ratio08_halt5,circuit_breaker,balanced,zero_on_collision,24,10000,5,5,4,0.8,5,0.0,True,49820.851053328195,4.9820851053328195,0.9964170210665639,2.6632437965879197,8755,0.8755,0,4,0,4.998,0.2360368402875963,2783.1489794332583,RandomAgent_1,14599.012911667935,EpsilonGreedyAgent_1,13504.55473151354,UCB_BaselineAgent_1,7737.3919383165385,RiskAverseEpsilonGreedyAgent_1,11196.742492396927,RiskAverseUCBAgent_1,,,,,,,,,,
balanced_zero_on_collision_cb_transparent_ratio08_halt5,circuit_breaker,balanced,zero_on_collision,25,10000,5,5,4,0.8,5,0.0,True,50871.06090210185,5.0871060902101854,1.017421218042037,2.6454741280389387,8755,0.8755,0,1,0,4.9995,0.23184249610858587,2542.5498707984398,RandomAgent_1,13058.13090989955,EpsilonGreedyAgent_1,15255.991399122951,UCB_BaselineAgent_1,11014.559103820295,RiskAverseEpsilonGreedyAgent_1,8999.829618460615,RiskAverseUCBAgent_1,,,,,,,,,,
balanced_zero_on_collision_cb_transparent_ratio08_halt5,circuit_breaker,balanced,zero_on_collision,26,10000,5,5,4,0.8,5,0.0,True,51047.69602671014,5.104769602671014,1.0209539205342029,2.65479610297017,8786,0.8786,0,5,0,4.9975,0.23364459339233457,2526.5408699711847,RandomAgent_1,13275.20222682004,EpsilonGreedyAgent_1,9001.217603049283,UCB_BaselineAgent_1,10946.414041563596,RiskAverseEpsilonGreedyAgent_1,15298.321285306036,RiskAverseUCBAgent_1,,,,,,,,,,
balanced_zero_on_collision_cb_transparent_ratio08_halt5,circuit_breaker,balanced,zero_on_collision,27,10000,5,5,4,0.8,5,0.0,True,50642.338260535296,5.064233826053529,1.0128467652107058,2.6522929629786183,8849,0.8849,0,1,0,4.9995,0.22630442848975751,2521.1721542174864,RandomAgent_1,12774.348128406784,EpsilonGreedyAgent_1,15051.538997454902,UCB_BaselineAgent_1,11111.660709163081,RiskAverseEpsilonGreedyAgent_1,9183.618271293042,RiskAverseUCBAgent_1,,,,,,,,,,
balanced_zero_on_collision_cb_transparent_ratio08_halt5,circuit_breaker,balanced,zero_on_collision,28,10000,5,5,4,0.8,5,0.0,True,50501.42784799602,5.050142784799602,1.0100285569599203,2.679546441563808,8758,0.8758,0,2,0,4.999,0.2283226376356462,2597.642044904119,RandomAgent_1,8450.961180527813,EpsilonGreedyAgent_1,13618.931954243695,UCB_BaselineAgent_1,14426.930671322076,RiskAverseEpsilonGreedyAgent_1,11406.961996998316,RiskAverseUCBAgent_1,,,,,,,,,,
balanced_zero_on_collision_cb_transparent_ratio08_halt5,circuit_breaker,balanced,zero_on_collision,29,10000,5,5,4,0.8,5,0.0,True,50577.52766384164,5.057752766384164,1.0115505532768327,2.6599719639133905,8752,0.8752,0,3,0,4.9985,0.2244937584288187,2506.3365370410506,RandomAgent_1,14383.452619199616,EpsilonGreedyAgent_1,13487.882421715249,UCB_BaselineAgent_1,8856.266392798954,RiskAverseEpsilonGreedyAgent_1,11343.589693086771,RiskAverseUCBAgent_1,,,,,,,,,,
high_congestion_linear_share_baseline,baseline,high_congestion,linear_share,0,10000,10,5,,,,,,74403.91565930839,7.440391565930839,0.744039156593084,2.6145758983628937,35330,3.533,0,0,0,5,0.08609998481561143,5686.778337123657,RandomAgent_1,7876.763919338315,EpsilonGreedyAgent_1,8756.860032316483,UCB_BaselineAgent_1,8600.293710976148,RiskAverseEpsilonGreedyAgent_1,6856.017445175172,RiskAverseUCBAgent_1,5689.861042889504,RandomAgent_2,8477.826847089771,EpsilonGreedyAgent_2,8101.951091543217,UCB_BaselineAgent_2,8224.942905461916,RiskAverseEpsilonGreedyAgent_2,6132.6203273942065,RiskAverseUCBAgent_2
high_congestion_linear_share_baseline,baseline,high_congestion,linear_share,1,10000,10,5,,,,,,73791.91373800367,7.379191373800367,0.7379191373800367,2.641412094442742,34515,3.4515,0,0,0,5,0.13121877751378497,5811.971161252791,RandomAgent_1,7089.359247625932,EpsilonGreedyAgent_1,8179.955353098249,UCB_BaselineAgent_1,7056.58871881734,RiskAverseEpsilonGreedyAgent_1,6232.368417240998,RiskAverseUCBAgent_1,5774.434914269177,RandomAgent_2,8343.589808704932,EpsilonGreedyAgent_2,12804.150871951262,UCB_BaselineAgent_2,6829.422504826388,RiskAverseEpsilonGreedyAgent_2,5670.072740216598,RiskAverseUCBAgent_2
high_congestion_linear_share_baseline,baseline,high_congestion,linear_share,2,10000,10,5,,,,,,73548.71594184081,7.354871594184081,0.7354871594184081,2.6586877161301947,35418,3.5418,0,0,0,5,0.07864400352282686,5647.269873276066,RandomAgent_1,7844.9118472469945,EpsilonGreedyAgent_1,8037.590424037912,UCB_BaselineAgent_1,8225.540936739968,RiskAverseEpsilonGreedyAgent_1,6238.333733782058,RiskAverseUCBAgent_1,5575.617751419078,RandomAgent_2,8196.125882592645,EpsilonGreedyAgent_2,8553.890405885311,UCB_BaselineAgent_2,8115.994893598381,RiskAverseEpsilonGreedyAgent_2,7113.440193262401,RiskAverseUCBAgent_2
high_congestion_linear_share_baseline,baseline,high_congestion,linear_share,3,10000,10,5,,,,,,74524.35671172009,7.452435671172009,0.7452435671172009,2.6389710528680506,35144,3.5144,0,0,0,5,0.0768928425644102,5747.768293095109,RandomAgent_1,8515.65578495438,EpsilonGreedyAgent_1,7992.963804125071,UCB_BaselineAgent_1,8534.25537218198,RiskAverseEpsilonGreedyAgent_1,6347.751718221709,RiskAverseUCBAgent_1,5653.020111301676,RandomAgent_2,8270.75885318025,EpsilonGreedyAgent_2,8116.254841143383,UCB_BaselineAgent_2,8016.128473499146,RiskAverseEpsilonGreedyAgent_2,7329.799460017391,RiskAverseUCBAgent_2
high_congestion_linear_share_baseline,baseline,high_congestion,linear_share,4,10000,10,5,,,,,,73755.11875003795,7.375511875003794,0.7375511875003794,2.6361960931358586,35390,3.539,0,0,0,5,0.07940917309028483,5629.607161574074,RandomAgent_1,8375.68376027887,EpsilonGreedyAgent_1,7898.864182841546,UCB_BaselineAgent_1,8223.58648678729,RiskAverseEpsilonGreedyAgent_1,7238.044673864166,RiskAverseUCBAgent_1,5646.221395733061,RandomAgent_2,8616.747840177553,EpsilonGreedyAgent_2,7808.255661868545,UCB_BaselineAgent_2,8084.244781644779,RiskAverseEpsilonGreedyAgent_2,6233.862805268061,RiskAverseUCBAgent_2
high_congestion_linear_share_baseline,baseline,high_congestion,linear_share,5,10000,10,5,,,,,,73988.40615385599,7.398840615385599,0.7398840615385599,2.610916233443911,34234,3.4234,0,0,0,5,0.1311974755608769,5775.210437561684,RandomAgent_1,8461.937213356956,EpsilonGreedyAgent_1,8328.15686658576,UCB_BaselineAgent_1,7150.6801000554515,RiskAverseEpsilonGreedyAgent_1,5845.953524598233,RiskAverseUCBAgent_1,5820.951544829817,RandomAgent_2,7107.458491170493,EpsilonGreedyAgent_2,12685.514908340918,UCB_BaselineAgent_2,6929.1974328400565,RiskAverseEpsilonGreedyAgent_2,5883.345634516615,RiskAverseUCBAgent_2
high_congestion_linear_share_baseline,baseline,high_congestion,linear_share,6,10000,10,5,,,,,,74109.46981689343,7.410946981689342,0.7410946981689343,2.665838505043332,35197,3.5197,0,0,0,5,0.07430993785588269,5630.884419744515,RandomAgent_1,8333.45714483554,EpsilonGreedyAgent_1,7622.33554468983,UCB_BaselineAgent_1,8452.085668113688,RiskAverseEpsilonGreedyAgent_1,7388.302172061396,RiskAverseUCBAgent_1,5705.880223060692,RandomAgent_2,7839.3192615863145,EpsilonGreedyAgent_2,7973.357260103654,UCB_BaselineAgent_2,8478.93060977682,RiskAverseEpsilonGreedyAgent_2,6684.917512920971,RiskAverseUCBAgent_2
high_congestion_linear_share_baseline,baseline,high_congestion,linear_share,7,10000,10,5,,,,,,74024.7374016069,7.40247374016069,0.7402473740160689,2.648405154942702,34766,3.4766,0,0,0,5,0.07951329431457443,5669.207033588459,RandomAgent_1,8857.968922725167,EpsilonGreedyAgent_1,8468.12331018773,UCB_BaselineAgent_1,7333.107328369904,RiskAverseEpsilonGreedyAgent_1,7779.8102398806805,RiskAverseUCBAgent_1,5675.912305022075,RandomAgent_2,7995.725344246379,EpsilonGreedyAgent_2,7750.044703902974,UCB_BaselineAgent_2,8107.174476215107,RiskAverseEpsilonGreedyAgent_2,6387.663737468411,RiskAverseUCBAgent_2
high_congestion_linear_share_baseline,baseline,high_congestion,linear_share,8,10000,10,5,,,,,,73753.16756333529,7.375316756333529,0.7375316756333529,2.631042463334499,35422,3.5422,0,0,0,5,0.07735884225723222,5605.675191869027,RandomAgent_1,8215.283805216768,EpsilonGreedyAgent_1,8537.876552817615,UCB_BaselineAgent_1,8400.812575391485,RiskAverseEpsilonGreedyAgent_1,7337.782547887258,RiskAverseUCBAgent_1,5588.245958496772,RandomAgent_2,7850.226101308729,EpsilonGreedyAgent_2,7914.965285785218,UCB_BaselineAgent_2,7915.705834675187,RiskAverseEpsilonGreedyAgent_2,6386.593709887228,RiskAverseUCBAgent_2
high_congestion_linear_share_baseline,baseline,high_congestion,linear_share,9,10000,10,5,,,,,,74402.02749300683,7.440202749300683,0.7440202749300683,2.6483756671922287,33767,3.3767,0,0,0,5,0.08081307821226158,5640.093111297792,RandomAgent_1,7716.211821518616,EpsilonGreedyAgent_1,7680.503215846214,UCB_BaselineAgent_1,8931.116286457014,RiskAverseEpsilonGreedyAgent_1,7531.004217569866,RiskAverseUCBAgent_1,5694.627523576171,RandomAgent_2,7943.465829142845,EpsilonGreedyAgent_2,6476.48467259267,UCB_BaselineAgent_2,8020.281512217591,RiskAverseEpsilonGreedyAgent_2,8768.239302788048,RiskAverseUCBAgent_2
high_congestion_linear_share_baseline,baseline,high_congestion,linear_share,10,10000,10,5,,,,,,73777.98264516047,7.377798264516048,0.7377798264516048,2.6472358121740664,35564,3.5564,0,0,0,5,0.08108158125047726,5542.263133252074,RandomAgent_1,7808.824591937185,EpsilonGreedyAgent_1,8497.170596042266,UCB_BaselineAgent_1,7606.173177428751,RiskAverseEpsilonGreedyAgent_1,8577.173982178496,RiskAverseUCBAgent_1,5542.960177383299,RandomAgent_2,7889.584742801289,EpsilonGreedyAgent_2,8467.50436952247,UCB_BaselineAgent_2,7424.698127498427,RiskAverseEpsilonGreedyAgent_2,6421.629747116213,RiskAverseUCBAgent_2
high_congestion_linear_share_baseline,baseline,high_congestion,linear_share,11,10000,10,5,,,,,,73764.66067806592,7.376466067806592,0.7376466067806592,2.6485873327521983,35697,3.5697,0,0,0,5,0.0792441968649451,5614.251200859644,RandomAgent_1,7837.92210588494,EpsilonGreedyAgent_1,8596.204268047093,UCB_BaselineAgent_1,7761.027694249059,RiskAverseEpsilonGreedyAgent_1,6367.20613197989,RiskAverseUCBAgent_1,5523.771507131476,RandomAgent_2,8135.835836598762,EpsilonGreedyAgent_2,8087.899370474643,UCB_BaselineAgent_2,7396.546250377467,RiskAverseEpsilonGreedyAgent_2,8443.996312462941,RiskAverseUCBAgent_2
high_congestion_linear_share_baseline,baseline,high_congestion,linear_share,12,10000,10,5,,,,,,73828.88751463886,7.382888751463886,0.7382888751463886,2.642722106611647,34208,3.4208,0,0,0,5,0.12129711497191908,5656.919307620609,RandomAgent_1,8320.732286593888,EpsilonGreedyAgent_1,8072.8754438042115,UCB_BaselineAgent_1,7202.349534857096,RiskAverseEpsilonGreedyAgent_1,6221.520954082334,RiskAverseUCBAgent_1,5690.604037891345,RandomAgent_2,7286.631179717118,EpsilonGreedyAgent_2,12088.409223620421,UCB_BaselineAgent_2,7224.145492899196,RiskAverseEpsilonGreedyAgent_2,6064.700053552637,RiskAverseUCBAgent_2
high_congestion_linear_share_baseline,baseline,high_congestion,linear_share,13,10000,10,5,,,,,,74055.9233633657,7.40559233633657,0.7405592336336569,2.6399030516445228,35037,3.5037,0,0,0,5,0.07451157016242371,5666.769797664239,RandomAgent_1,7987.801563321073,EpsilonGreedyAgent_1,7406.151078786993,UCB_BaselineAgent_1,8295.66627407619,RiskAverseEpsilonGreedyAgent_1,6796.147545392811,RiskAverseUCBAgent_1,5599.295699497418,RandomAgent_2,7925.38871063332,EpsilonGreedyAgent_2,8423.186387166172,UCB_BaselineAgent_2,8506.65589644633,RiskAverseEpsilonGreedyAgent_2,7448.860410381158,RiskAverseUCBAgent_2
high_congestion_linear_share_baseline,baseline,high_congestion,linear_share,14,10000,10,5,,,,,,73978.58316549852,7.397858316549852,0.7397858316549852,2.6654767773869645,35051,3.5051,0,0,0,5,0.09212316425862066,5611.169696168188,RandomAgent_1,8363.488571682956,EpsilonGreedyAgent_1,8347.839479227907,UCB_BaselineAgent_1,6587.483985198469,RiskAverseEpsilonGreedyAgent_1,7400.806097282788,RiskAverseUCBAgent_1,5678.922676464584,RandomAgent_2,9260.762638681777,EpsilonGreedyAgent_2,8714.542871052987,UCB_BaselineAgent_2,6627.5232383193415,RiskAverseEpsilonGreedyAgent_2,7386.043911419527,RiskAverseUCBAgent_2
high_congestion_linear_share_baseline,baseline,high_congestion,linear_share,15,10000,10,5,,,,,,73998.30437732587,7.399830437732587,0.7399830437732587,2.6753727602970425,35443,3.5443,0,0,0,5,0.07893180222112695,5618.438997232457,RandomAgent_1,7947.123121835093,EpsilonGreedyAgent_1,8640.432245745065,UCB_BaselineAgent_1,8004.910560509139,RiskAverseEpsilonGreedyAgent_1,6426.179728613113,RiskAverseUCBAgent_1,5586.7530762422575,RandomAgent_2,8224.11030872213,EpsilonGreedyAgent_2,7964.909211804574,UCB_BaselineAgent_2,8398.832642102454,RiskAverseEpsilonGreedyAgent_2,7186.61448451959,RiskAverseUCBAgent_2
high_congestion_linear_share_baseline,baseline,high_congestion,linear_share,16,10000,10,5,,,,,,74195.09709570938,7.419509709570939,0.7419509709570938,2.6269750950931474,35205,3.5205,0,0,0,5,0.07621372141602922,5670.328213891548,RandomAgent_1,8007.265717608313,EpsilonGreedyAgent_1,7914.932621408696,UCB_BaselineAgent_1,8565.668155468384,RiskAverseEpsilonGreedyAgent_1,6393.011709172721,RiskAverseUCBAgent_1,5744.00492932942,RandomAgent_2,8492.524661047075,EpsilonGreedyAgent_2,7889.14225651822,UCB_BaselineAgent_2,8215.15931632557,RiskAverseEpsilonGreedyAgent_2,7303.059514939439,RiskAverseUCBAgent_2
high_congestion_linear_share_baseline,baseline,high_congestion,linear_share,17,10000,10,5,,,,,,73973.59908524682,7.397359908524683,0.7397359908524682,2.642968763611514,34232,3.4232,0,0,0,5,0.07434819891837852,5610.053766617428,RandomAgent_1,7817.894044481444,EpsilonGreedyAgent_1,7909.990810373215,UCB_BaselineAgent_1,7753.587665203371,RiskAverseEpsilonGreedyAgent_1,7628.560846229831,RiskAverseUCBAgent_1,5629.582178808801,RandomAgent_2,7781.546499355602,EpsilonGreedyAgent_2,6675.766205096977,UCB_BaselineAgent_2,8185.518665403931,RiskAverseEpsilonGreedyAgent_2,8981.098403676218,RiskAverseUCBAgent_2
high_congestion_linear_share_baseline,baseline,high_congestion,linear_share,18,10000,10,5,,,,,,74057.65859666586,7.405765859666586,0.7405765859666587,2.6197412707534116,34440,3.444,0,0,0,5,0.12596210875876168,5768.117797004524,RandomAgent_1,8432.194703952135,EpsilonGreedyAgent_1,12418.740201328,UCB_BaselineAgent_1,7061.385996746246,RiskAverseEpsilonGreedyAgent_1,5979.487418700135,RiskAverseUCBAgent_1,5770.865038381295,RandomAgent_2,7302.117503300349,EpsilonGreedyAgent_2,8186.146538548904,UCB_BaselineAgent_2,7084.306812882907,RiskAverseEpsilonGreedyAgent_2,6054.296585821363,RiskAverseUCBAgent_2
high_congestion_linear_share_baseline,baseline,high_congestion,linear_share,19,10000,10,5,,,,,,74178.76489374462,7.417876489374462,0.7417876489374462,2.6370970767768864,35387,3.5387,0,0,0,5,0.07943563154757549,5653.7202650922045,RandomAgent_1,8537.054432089892,EpsilonGreedyAgent_1,7933.102631212663,UCB_BaselineAgent_1,8295.333724193737,RiskAverseEpsilonGreedyAgent_1,7231.513611631089,RiskAverseUCBAgent_1,5604.1844053123095,RandomAgent_2,8494.615935262456,EpsilonGreedyAgent_2,8107.537155238227,UCB_BaselineAgent_2,8013.191247221687,RiskAverseEpsilonGreedyAgent_2,6308.511486490352,RiskAverseUCBAgent_2
high_congestion_linear_share_baseline,baseline,high_congestion,linear_share,20,10000,10,5,,,,,,74135.61078469643,7.413561078469643,0.7413561078469643,2.663253083146061,35412,3.5412,0,0,0,5,0.07605837400023319,5679.67245448662,RandomAgent_1,7956.393389969445,EpsilonGreedyAgent_1,8585.064069706195,UCB_BaselineAgent_1,8245.771568550148,RiskAverseEpsilonGreedyAgent_1,6305.277088251741,RiskAverseUCBAgent_1,5636.371230979687,RandomAgent_2,7881.7139549323865,EpsilonGreedyAgent_2,8164.821986842901,UCB_BaselineAgent_2,8235.528242452925,RiskAverseEpsilonGreedyAgent_2,7444.996798524376,RiskAverseUCBAgent_2
high_congestion_linear_share_baseline,baseline,high_congestion,linear_share,21,10000,10,5,,,,,,73466.94590823086,7.346694590823086,0.7346694590823086,2.643092429031501,35210,3.521,0,0,0,5,0.07517343651520147,5729.476565233393,RandomAgent_1,8368.733377617518,EpsilonGreedyAgent_1,8001.98265681121,UCB_BaselineAgent_1,8093.995610891519,RiskAverseEpsilonGreedyAgent_1,7129.517057508044,RiskAverseUCBAgent_1,5664.17635122355,RandomAgent_2,8324.92672191649,EpsilonGreedyAgent_2,7564.203211653736,UCB_BaselineAgent_2,8233.692027922316,RiskAverseEpsilonGreedyAgent_2,6356.242327453081,RiskAverseUCBAgent_2
high_congestion_linear_share_baseline,baseline,high_congestion,linear_share,22,10000,10,5,,,,,,73540.58141092701,7.354058141092701,0.7354058141092702,2.6637993013395396,35138,3.5138,0,0,0,5,0.07514861870003697,5716.571562650731,RandomAgent_1,8431.896940900328,EpsilonGreedyAgent_1,7915.912178128341,UCB_BaselineAgent_1,8314.90241789041,RiskAverseEpsilonGreedyAgent_1,6346.912814448543,RiskAverseUCBAgent_1,5585.353285593999,RandomAgent_2,8310.239255858456,EpsilonGreedyAgent_2,7734.934175623362,UCB_BaselineAgent_2,7794.916000885093,RiskAverseEpsilonGreedyAgent_2,7388.942778947749,RiskAverseUCBAgent_2
high_congestion_linear_share_baseline,baseline,high_congestion,linear_share,23,10000,10,5,,,,,,74165.35354697128,7.416535354697128,0.7416535354697128,2.617252193408281,35568,3.5568,0,0,0,5,0.07817637519265941,5606.020798632726,RandomAgent_1,8281.214901090594,EpsilonGreedyAgent_1,8106.315090574417,UCB_BaselineAgent_1,7995.288246357482,RiskAverseEpsilonGreedyAgent_1,6335.530997214806,RiskAverseUCBAgent_1,5618.413403472736,RandomAgent_2,7942.896869339928,EpsilonGreedyAgent_2,8675.13914559572,UCB_BaselineAgent_2,8229.753758407836,RiskAverseEpsilonGreedyAgent_2,7374.78033628503,RiskAverseUCBAgent_2
high_congestion_linear_share_baseline,baseline,high_congestion,linear_share,24,10000,10,5,,,,,,73707.307364224,7.3707307364224,0.7370730736422401,2.6448166109415308,35276,3.5276,0,0,0,5,0.07973763755421581,5685.305849440809,RandomAgent_1,7848.324080514564,EpsilonGreedyAgent_1,8726.733734934664,UCB_BaselineAgent_1,8187.7583101611335,RiskAverseEpsilonGreedyAgent_1,6853.946666349112,RiskAverseUCBAgent_1,5635.350781493333,RandomAgent_2,8173.104928719349,EpsilonGreedyAgent_2,7870.980985673125,UCB_BaselineAgent_2,8288.103904482106,RiskAverseEpsilonGreedyAgent_2,6437.698122455806,RiskAverseUCBAgent_2
high_congestion_linear_share_baseline,baseline,high_congestion,linear_share,25,10000,10,5,,,,,,73971.40834755317,7.397140834755317,0.7397140834755317,2.643178546778287,34353,3.4353,0,0,0,5,0.1310852849030899,5825.01281239719,RandomAgent_1,8257.533010119105,EpsilonGreedyAgent_1,8476.192264561465,UCB_BaselineAgent_1,7101.580799064485,RiskAverseEpsilonGreedyAgent_1,5663.735724163844,RiskAverseUCBAgent_1,5800.168312469553,RandomAgent_2,7204.500405412151,EpsilonGreedyAgent_2,12628.028542101041,UCB_BaselineAgent_2,6860.557390511235,RiskAverseEpsilonGreedyAgent_2,6154.099086753096,RiskAverseUCBAgent_2
high_congestion_linear_share_baseline,baseline,high_congestion,linear_share,26,10000,10,5,,,,,,74017.11068530525,7.401711068530525,0.7401711068530524,2.63353269104262,34945,3.4945,0,0,0,5,0.13147112323739685,5702.682708984351,RandomAgent_1,8620.924988098763,EpsilonGreedyAgent_1,8458.328972920595,UCB_BaselineAgent_1,6586.191476997634,RiskAverseEpsilonGreedyAgent_1,5740.249451936779,RiskAverseUCBAgent_1,5693.6377578545535,RandomAgent_2,7163.338764476389,EpsilonGreedyAgent_2,12501.027194152053,UCB_BaselineAgent_2,6627.82145593985,RiskAverseEpsilonGreedyAgent_2,6922.90791394428,RiskAverseUCBAgent_2
high_congestion_linear_share_baseline,baseline,high_congestion,linear_share,27,10000,10,5,,,,,,73750.80863920249,7.375080863920249,0.7375080863920248,2.614931823064748,35136,3.5136,0,0,0,5,0.07870295389448101,5639.056367395867,RandomAgent_1,8643.88744436912,EpsilonGreedyAgent_1,8105.516906810517,UCB_BaselineAgent_1,7713.092444858556,RiskAverseEpsilonGreedyAgent_1,6381.421591461885,RiskAverseUCBAgent_1,5621.560279398341,RandomAgent_2,8269.039968377014,EpsilonGreedyAgent_2,7636.126026608778,UCB_BaselineAgent_2,8370.822881366283,RiskAverseEpsilonGreedyAgent_2,7370.284728556127,RiskAverseUCBAgent_2
high_congestion_linear_share_baseline,baseline,high_congestion,linear_share,28,10000,10,5,,,,,,74035.89254706498,7.403589254706499,0.7403589254706499,2.6621346237129955,34758,3.4758,0,0,0,5,0.07360995446952323,5570.958642251474,RandomAgent_1,8265.454033076607,EpsilonGreedyAgent_1,6545.600582524072,UCB_BaselineAgent_1,8366.521744434405,RiskAverseEpsilonGreedyAgent_1,7465.273795178285,RiskAverseUCBAgent_1,5682.74036113663,RandomAgent_2,7772.901779549671,EpsilonGreedyAgent_2,7822.325701995466,UCB_BaselineAgent_2,8307.920973220273,RiskAverseEpsilonGreedyAgent_2,8236.194933698102,RiskAverseUCBAgent_2
high_congestion_linear_share_baseline,baseline,high_congestion,linear_share,29,10000,10,5,,,,,,73789.63054788388,7.378963054788388,0.7378963054788388,2.6297007544105133,35568,3.5568,0,0,0,5,0.07710048366568145,5688.45264463359,RandomAgent_1,8136.746705579227,EpsilonGreedyAgent_1,8592.02109357772,UCB_BaselineAgent_1,8336.670247858803,RiskAverseEpsilonGreedyAgent_1,7370.3488091235,RiskAverseUCBAgent_1,5586.465953378165,RandomAgent_2,8060.214898735232,EpsilonGreedyAgent_2,8035.458667927561,UCB_BaselineAgent_2,7608.027433464253,RiskAverseEpsilonGreedyAgent_2,6375.2240936058215,RiskAverseUCBAgent_2
high_congestion_linear_share_cb_opaque_ratio06_halt3,circuit_breaker,high_congestion,linear_share,0,10000,10,5,6,0.6,3,0.0,False,74117.55057661788,7.4117550576617885,0.7411755057661789,2.637964901266304,35625,3.5625,76,16,0,4.9952,0.07761155465010217,5605.435305603169,RandomAgent_1,7892.684240441632,EpsilonGreedyAgent_1,8463.314655166905,UCB_BaselineAgent_1,8457.773115662289,RiskAverseEpsilonGreedyAgent_1,6392.110357557208,RiskAverseUCBAgent_1,5698.969566279383,RandomAgent_2,7982.957849362122,EpsilonGreedyAgent_2,8482.537808750369,UCB_BaselineAgent_2,7767.438287441153,RiskAverseEpsilonGreedyAgent_2,7374.329390353654,RiskAverseUCBAgent_2
high_congestion_linear_share_cb_opaque_ratio06_halt3,circuit_breaker,high_congestion,linear_share,1,10000,10,5,6,0.6,3,0.0,False,73814.46068926691,7.381446068926691,0.7381446068926691,2.6566756799660247,33924,3.3924,106,23,0,4.9931,0.11142287018654495,5779.036416537124,RandomAgent_1,7460.840525353014,EpsilonGreedyAgent_1,11293.785091823294,UCB_BaselineAgent_1,7196.1887626008875,RiskAverseEpsilonGreedyAgent_1,6153.552444041706,RiskAverseUCBAgent_1,5768.392552684606,RandomAgent_2,8560.069742993164,EpsilonGreedyAgent_2,7921.99426785178,UCB_BaselineAgent_2,7497.561058266866,RiskAverseEpsilonGreedyAgent_2,6183.039827114477,RiskAverseUCBAgent_2
high_congestion_linear_share_cb_opaque_ratio06_halt3,circuit_breaker,high_congestion,linear_share,2,10000,10,5,6,0.6,3,0.0,False,73818.028621178,7.381802862117801,0.73818028621178,2.6279047391347703,35407,3.5407,32,7,0,4.9979,0.07589225717448622,5634.5304531337915,RandomAgent_1,7921.38159729763,EpsilonGreedyAgent_1,7850.227658139846,UCB_BaselineAgent_1,8198.942082090998,RiskAverseEpsilonGreedyAgent_1,6322.24699895259,RiskAverseUCBAgent_1,5705.352644580059,RandomAgent_2,8193.263660945388,EpsilonGreedyAgent_2,8528.400873205484,UCB_BaselineAgent_2,8227.143047454621,RiskAverseEpsilonGreedyAgent_2,7236.5396053775885,RiskAverseUCBAgent_2
high_congestion_linear_share_cb_opaque_ratio06_halt3,circuit_breaker,high_congestion,linear_share,3,10000,10,5,6,0.6,3,0.0,False,73947.12695117947,7.3947126951179465,0.7394712695117946,2.6040458545650513,35438,3.5438,48,10,0,4.997,0.07687955643514233,5659.319366726732,RandomAgent_1,7710.724518963988,EpsilonGreedyAgent_1,7957.818107413715,UCB_BaselineAgent_1,8362.549831987279,RiskAverseEpsilonGreedyAgent_1,7475.8387077204015,RiskAverseUCBAgent_1,5601.567540424487,RandomAgent_2,7903.39554961237,EpsilonGreedyAgent_2,8621.58744149503,UCB_BaselineAgent_2,8238.045103458868,RiskAverseEpsilonGreedyAgent_2,6416.280783376593,RiskAverseUCBAgent_2
high_congestion_linear_share_cb_opaque_ratio06_halt3,circuit_breaker,high_congestion,linear_share,4,10000,10,5,6,0.6,3,0.0,False,73843.16411847799,7.384316411847799,0.7384316411847799,2.648532674074476,34443,3.4443,111,23,0,4.9931,0.09311959295961869,5789.008656577378,RandomAgent_1,8411.82297791023,EpsilonGreedyAgent_1,10213.353877088748,UCB_BaselineAgent_1,7397.815167010642,RiskAverseEpsilonGreedyAgent_1,6356.215961657372,RiskAverseUCBAgent_1,5635.896187791752,RandomAgent_2,7899.417304211222,EpsilonGreedyAgent_2,7651.9541145497,UCB_BaselineAgent_2,7299.494897120354,RiskAverseEpsilonGreedyAgent_2,7188.184974560597,RiskAverseUCBAgent_2
high_congestion_linear_share_cb_opaque_ratio06_halt3,circuit_breaker,high_congestion,linear_share,5,10000,10,5,6,0.6,3,0.0,False,73265.1777620303,7.326517776203031,0.7326517776203031,2.6354943727116726,35298,3.5298,71,14,0,4.9958,0.07645347541189884,5695.8287734383475,RandomAgent_1,8448.529561904992,EpsilonGreedyAgent_1,7546.662963269472,UCB_BaselineAgent_1,8391.169890519692,RiskAverseEpsilonGreedyAgent_1,6295.918509379556,RiskAverseUCBAgent_1,5618.841451710991,RandomAgent_2,7847.147518275307,EpsilonGreedyAgent_2,7855.507654943814,UCB_BaselineAgent_2,8248.561649660922,RiskAverseEpsilonGreedyAgent_2,7317.009788927207,RiskAverseUCBAgent_2
high_congestion_linear_share_cb_opaque_ratio06_halt3,circuit_breaker,high_congestion,linear_share,6,10000,10,5,6,0.6,3,0.0,False,74109.29706645063,7.410929706645063,0.7410929706645063,2.6745894024908172,35634,3.5634,34,8,0,4.9976,0.07889811973417826,5626.095481270887,RandomAgent_1,8210.57540317994,EpsilonGreedyAgent_1,8106.838711411501,UCB_BaselineAgent_1,7641.337168854219,RiskAverseEpsilonGreedyAgent_1,6376.592901489039,RiskAverseUCBAgent_1,5631.933000425789,RandomAgent_2,8085.587855466535,EpsilonGreedyAgent_2,8693.90073417785,UCB_BaselineAgent_2,8355.875376168722,RiskAverseEpsilonGreedyAgent_2,7380.560434006146,RiskAverseUCBAgent_2
high_congestion_linear_share_cb_opaque_ratio06_halt3,circuit_breaker,high_congestion,linear_share,7,10000,10,5,6,0.6,3,0.0,False,74008.87660691931,7.4008876606919305,0.740088766069193,2.648126275503738,34911,3.4911,88,18,0,4.9946,0.07607343415691892,5676.120629460725,RandomAgent_1,8899.172891012196,EpsilonGreedyAgent_1,7688.872883618946,UCB_BaselineAgent_1,7347.178698496362,RiskAverseEpsilonGreedyAgent_1,7900.26587776337,RiskAverseUCBAgent_1,5716.619743902284,RandomAgent_2,7932.651289117133,EpsilonGreedyAgent_2,8167.970885556004,UCB_BaselineAgent_2,8156.647344425571,RiskAverseEpsilonGreedyAgent_2,6523.376363566722,RiskAverseUCBAgent_2
high_congestion_linear_share_cb_opaque_ratio06_halt3,circuit_breaker,high_congestion,linear_share,8,10000,10,5,6,0.6,3,0.0,False,73692.38066777925,7.369238066777925,0.7369238066777924,2.662174767665388,35187,3.5187,107,22,0,4.9934,0.07698485184125148,5590.271098296673,RandomAgent_1,8514.630691096943,EpsilonGreedyAgent_1,7654.322856225333,UCB_BaselineAgent_1,7346.431464446639,RiskAverseEpsilonGreedyAgent_1,6886.655662638311,RiskAverseUCBAgent_1,5759.049955404679,RandomAgent_2,8527.479862173914,EpsilonGreedyAgent_2,8246.909181459858,UCB_BaselineAgent_2,8233.12612547735,RiskAverseEpsilonGreedyAgent_2,6933.50377055955,RiskAverseUCBAgent_2
high_congestion_linear_share_cb_opaque_ratio06_halt3,circuit_breaker,high_congestion,linear_share,9,10000,10,5,6,0.6,3,0.0,False,73732.11072267695,7.373211072267695,0.7373211072267696,2.648357722603971,35398,3.5398,65,12,0,4.9964,0.07998432282596202,5686.480388707087,RandomAgent_1,8284.083554435247,EpsilonGreedyAgent_1,7712.494157808965,UCB_BaselineAgent_1,7612.710603544216,RiskAverseEpsilonGreedyAgent_1,7336.9958988592325,RiskAverseUCBAgent_1,5589.562208713929,RandomAgent_2,8556.134946240629,EpsilonGreedyAgent_2,8045.815647556498,UCB_BaselineAgent_2,8577.50810385966,RiskAverseEpsilonGreedyAgent_2,6330.325212951488,RiskAverseUCBAgent_2
high_congestion_linear_share_cb_opaque_ratio06_halt3,circuit_breaker,high_congestion,linear_share,10,10000,10,5,6,0.6,3,0.0,False,73266.11353845918,7.326611353845918,0.7326611353845918,2.6251881949688065,34647,3.4647,68,15,0,4.9955,0.12209242981569979,5885.629140538583,RandomAgent_1,7167.890852899627,EpsilonGreedyAgent_1,8797.80631063872,UCB_BaselineAgent_1,7167.086099806874,RiskAverseEpsilonGreedyAgent_1,6308.863979550058,RiskAverseUCBAgent_1,5725.316186361341,RandomAgent_2,11463.645661998813,EpsilonGreedyAgent_2,8393.488118598529,UCB_BaselineAgent_2,6712.0199381434495,RiskAverseEpsilonGreedyAgent_2,5644.367249923178,RiskAverseUCBAgent_2
high_congestion_linear_share_cb_opaque_ratio06_halt3,circuit_breaker,high_congestion,linear_share,11,10000,10,5,6,0.6,3,0.0,False,73967.30792022288,7.3967307920222884,0.7396730792022288,2.6425454052993684,35067,3.5067,58,13,0,4.9961,0.08728544344610101,5672.465349162364,RandomAgent_1,9141.10225917771,EpsilonGreedyAgent_1,8548.428066264918,UCB_BaselineAgent_1,8341.865986292729,RiskAverseEpsilonGreedyAgent_1,7300.736876116247,RiskAverseUCBAgent_1,5636.076583553734,RandomAgent_2,7403.020231371655,EpsilonGreedyAgent_2,8329.197614073064,UCB_BaselineAgent_2,7029.295632544973,RiskAverseEpsilonGreedyAgent_2,6565.119321665495,RiskAverseUCBAgent_2
high_congestion_linear_share_cb_opaque_ratio06_halt3,circuit_breaker,high_congestion,linear_share,12,10000,10,5,6,0.6,3,0.0,False,74106.77066706591,7.410677066706591,0.7410677066706591,2.6288031095847395,35206,3.5206,93,21,0,4.9937,0.07466743107784302,5662.162818016162,RandomAgent_1,7953.964201407628,EpsilonGreedyAgent_1,8062.226278656863,UCB_BaselineAgent_1,8289.155077146032,RiskAverseEpsilonGreedyAgent_1,7383.776083019611,RiskAverseUCBAgent_1,5669.872531601748,RandomAgent_2,8194.628336717033,EpsilonGreedyAgent_2,8543.10258981626,UCB_BaselineAgent_2,7959.178638528236,RiskAverseEpsilonGreedyAgent_2,6388.704112156333,RiskAverseUCBAgent_2
high_congestion_linear_share_cb_opaque_ratio06_halt3,circuit_breaker,high_congestion,linear_share,13,10000,10,5,6,0.6,3,0.0,False,73801.7968023091,7.38017968023091,0.7380179680230909,2.6517385339569692,35298,3.5298,95,19,0,4.9943,0.0762932123059823,5696.514111216778,RandomAgent_1,7917.96434617257,EpsilonGreedyAgent_1,8249.082016853896,UCB_BaselineAgent_1,8245.006132963023,RiskAverseEpsilonGreedyAgent_1,7209.010507188899,RiskAverseUCBAgent_1,5639.391391427249,RandomAgent_2,7828.245505187065,EpsilonGreedyAgent_2,8503.090869868562,UCB_BaselineAgent_2,8193.029062188134,RiskAverseEpsilonGreedyAgent_2,6320.462859242925,RiskAverseUCBAgent_2
high_congestion_linear_share_cb_opaque_ratio06_halt3,circuit_breaker,high_congestion,linear_share,14,10000,10,5,6,0.6,3,0.0,False,73520.65152609488,7.352065152609488,0.7352065152609488,2.6378863454476456,35158,3.5158,80,17,0,4.9949,0.07776751151095107,5621.350978600709,RandomAgent_1,8374.351081099288,EpsilonGreedyAgent_1,7593.137909230535,UCB_BaselineAgent_1,8471.984493613483,RiskAverseEpsilonGreedyAgent_1,6355.195005511605,RiskAverseUCBAgent_1,5673.365557424398,RandomAgent_2,7903.899608985941,EpsilonGreedyAgent_2,7843.543763505244,UCB_BaselineAgent_2,8422.662273053804,RiskAverseEpsilonGreedyAgent_2,7261.160855069876,RiskAverseUCBAgent_2
high_congestion_linear_share_cb_opaque_ratio06_halt3,circuit_breaker,high_congestion,linear_share,15,10000,10,5,6,0.6,3,0.0,False,73534.866704269,7.353486670426901,0.7353486670426901,2.6532330790257665,35560,3.556,54,15,0,4.9955,0.07820435664952585,5565.971374306944,RandomAgent_1,7831.638593671822,EpsilonGreedyAgent_1,8656.05569375327,UCB_BaselineAgent_1,7619.426951297278,RiskAverseEpsilonGreedyAgent_1,6417.063167242437,RiskAverseUCBAgent_1,5670.427312915484,RandomAgent_2,8284.750230331807,EpsilonGreedyAgent_2,7782.736883251873,UCB_BaselineAgent_2,8351.343019862908,RiskAverseEpsilonGreedyAgent_2,7355.453477635178,RiskAverseUCBAgent_2
high_congestion_linear_share_cb_opaque_ratio06_halt3,circuit_breaker,high_congestion,linear_share,16,10000,10,5,6,0.6,3,0.0,False,73186.21179086345,7.318621179086345,0.7318621179086345,2.617302489733611,35394,3.5394,101,18,0,4.9946,0.07583786749765409,5612.690605180172,RandomAgent_1,7765.049368606371,EpsilonGreedyAgent_1,7909.1505196333555,UCB_BaselineAgent_1,8450.77214141546,RiskAverseEpsilonGreedyAgent_1,8124.377237222166,RiskAverseUCBAgent_1,5562.0103621299495,RandomAgent_2,8357.493803526926,EpsilonGreedyAgent_2,7618.413774215077,UCB_BaselineAgent_2,7362.840238889229,RiskAverseEpsilonGreedyAgent_2,6423.4137400447435,RiskAverseUCBAgent_2
high_congestion_linear_share_cb_opaque_ratio06_halt3,circuit_breaker,high_congestion,linear_share,17,10000,10,5,6,0.6,3,0.0,False,74081.71727115374,7.408171727115374,0.7408171727115375,2.6139572984334953,35565,3.5565,63,13,0,4.9961,0.08027492590014074,5705.545419194601,RandomAgent_1,7835.237342134898,EpsilonGreedyAgent_1,8845.677233401393,UCB_BaselineAgent_1,7887.575170724494,RiskAverseEpsilonGreedyAgent_1,7271.651860790474,RiskAverseUCBAgent_1,5628.144358446296,RandomAgent_2,8247.648687389194,EpsilonGreedyAgent_2,7958.220421637018,UCB_BaselineAgent_2,8384.15522031988,RiskAverseEpsilonGreedyAgent_2,6317.861557115493,RiskAverseUCBAgent_2
high_congestion_linear_share_cb_opaque_ratio06_halt3,circuit_breaker,high_congestion,linear_share,18,10000,10,5,6,0.6,3,0.0,False,73925.90915043253,7.392590915043253,0.7392590915043253,2.64663777927586,35267,3.5267,51,13,0,4.9961,0.07863727454895342,5604.981258071429,RandomAgent_1,7980.854345757542,EpsilonGreedyAgent_1,8086.544969727047,UCB_BaselineAgent_1,8207.189055471443,RiskAverseEpsilonGreedyAgent_1,7259.676613822269,RiskAverseUCBAgent_1,5616.218133885357,RandomAgent_2,8433.160841832185,EpsilonGreedyAgent_2,8055.952242082877,UCB_BaselineAgent_2,8476.754479711828,RiskAverseEpsilonGreedyAgent_2,6204.5772100705635,RiskAverseUCBAgent_2
high_congestion_linear_share_cb_opaque_ratio06_halt3,circuit_breaker,high_congestion,linear_share,19,10000,10,5,6,0.6,3,0.0,False,73793.726648153,7.3793726648153,0.7379372664815299,2.6532551591193467,35233,3.5233,56,14,0,4.9958,0.07944117204875623,5619.14530092674,RandomAgent_1,8250.326824799271,EpsilonGreedyAgent_1,8563.475086185448,UCB_BaselineAgent_1,8254.899148808627,RiskAverseEpsilonGreedyAgent_1,6201.546294414997,RiskAverseUCBAgent_1,5618.583106522324,RandomAgent_2,8183.3591378898855,EpsilonGreedyAgent_2,7802.585368927134,UCB_BaselineAgent_2,8144.080259494652,RiskAverseEpsilonGreedyAgent_2,7155.726120183918,RiskAverseUCBAgent_2
high_congestion_linear_share_cb_opaque_ratio06_halt3,circuit_breaker,high_congestion,linear_share,20,10000,10,5,6,0.6,3,0.0,False,73721.43815697734,7.372143815697734,0.7372143815697734,2.6432208575233114,35268,3.5268,48,13,0,4.9961,0.07834123681358518,5623.940201461316,RandomAgent_1,8466.119565495701,EpsilonGreedyAgent_1,7915.347405828845,UCB_BaselineAgent_1,8272.769115000521,RiskAverseEpsilonGreedyAgent_1,6359.664849445598,RiskAverseUCBAgent_1,5595.011685308609,RandomAgent_2,8065.961681903085,EpsilonGreedyAgent_2,7749.304851628073,UCB_BaselineAgent_2,8437.24044125161,RiskAverseEpsilonGreedyAgent_2,7236.078359653982,RiskAverseUCBAgent_2
high_congestion_linear_share_cb_opaque_ratio06_halt3,circuit_breaker,high_congestion,linear_share,21,10000,10,5,6,0.6,3,0.0,False,73677.6040085303,7.3677604008530295,0.736776040085303,2.6497244328080423,35215,3.5215,75,16,0,4.9952,0.0753048471151474,5650.6344489044595,RandomAgent_1,8344.937058739688,EpsilonGreedyAgent_1,7839.2941997873795,UCB_BaselineAgent_1,8367.749820724997,RiskAverseEpsilonGreedyAgent_1,6358.057001940522,RiskAverseUCBAgent_1,5642.019316169424,RandomAgent_2,8431.131227387452,EpsilonGreedyAgent_2,7852.323880128752,UCB_BaselineAgent_2,7802.348646547392,RiskAverseEpsilonGreedyAgent_2,7389.108408200233,RiskAverseUCBAgent_2
high_congestion_linear_share_cb_opaque_ratio06_halt3,circuit_breaker,high_congestion,linear_share,22,10000,10,5,6,0.6,3,0.0,False,73991.43378999703,7.399143378999702,0.7399143378999703,2.6666951396950966,35072,3.5072,39,7,0,4.9979,0.08214052031088914,5752.8218321562645,RandomAgent_1,8796.32937149353,EpsilonGreedyAgent_1,8807.332972523405,UCB_BaselineAgent_1,7325.532411353567,RiskAverseEpsilonGreedyAgent_1,6359.625418879709,RiskAverseUCBAgent_1,5703.494839939596,RandomAgent_2,7375.504994556756,EpsilonGreedyAgent_2,8034.636918515545,UCB_BaselineAgent_2,8187.00406721657,RiskAverseEpsilonGreedyAgent_2,7649.150963362079,RiskAverseUCBAgent_2
high_congestion_linear_share_cb_opaque_ratio06_halt3,circuit_breaker,high_congestion,linear_share,23,10000,10,5,6,0.6,3,0.0,False,74428.4275185862,7.44284275185862,0.744284275185862,2.63462969820914,35546,3.5546,45,11,0,4.9967,0.08096139485557607,5567.2033841015245,RandomAgent_1,8332.275947910928,EpsilonGreedyAgent_1,8201.290772894661,UCB_BaselineAgent_1,7417.714854921591,RiskAverseEpsilonGreedyAgent_1,8504.388561564048,RiskAverseUCBAgent_1,5611.070555884165,RandomAgent_2,8001.079640566144,EpsilonGreedyAgent_2,8677.912730416969,UCB_BaselineAgent_2,7643.237787277904,RiskAverseEpsilonGreedyAgent_2,6472.253283048273,RiskAverseUCBAgent_2
high_congestion_linear_share_cb_opaque_ratio06_halt3,circuit_breaker,high_congestion,linear_share,24,10000,10,5,6,0.6,3,0.0,False,73567.25391707612,7.356725391707611,0.7356725391707611,2.651595595950931,35009,3.5009,91,20,0,4.994,0.0791494882230448,5683.800241547196,RandomAgent_1,8311.798959451307,EpsilonGreedyAgent_1,8800.037414415594,UCB_BaselineAgent_1,7625.48637166396,RiskAverseEpsilonGreedyAgent_1,6456.091957618705,RiskAverseUCBAgent_1,5675.002290455282,RandomAgent_2,7585.546289713894,EpsilonGreedyAgent_2,7995.642804460451,UCB_BaselineAgent_2,8282.741486269158,RiskAverseEpsilonGreedyAgent_2,7151.106101480569,RiskAverseUCBAgent_2
high_congestion_linear_share_cb_opaque_ratio06_halt3,circuit_breaker,high_congestion,linear_share,25,10000,10,5,6,0.6,3,0.0,False,73748.98496045812,7.374898496045812,0.7374898496045813,2.671868557528725,34508,3.4508,94,18,0,4.9946,0.1261715947589943,5795.403448097237,RandomAgent_1,8203.80478645885,EpsilonGreedyAgent_1,8489.503185525415,UCB_BaselineAgent_1,7194.95668655756,RiskAverseEpsilonGreedyAgent_1,5696.9736268163,RiskAverseUCBAgent_1,5695.488549421873,RandomAgent_2,7258.304073042086,EpsilonGreedyAgent_2,12166.836781739534,UCB_BaselineAgent_2,6995.847656132043,RiskAverseEpsilonGreedyAgent_2,6251.8661666672215,RiskAverseUCBAgent_2
high_congestion_linear_share_cb_opaque_ratio06_halt3,circuit_breaker,high_congestion,linear_share,26,10000,10,5,6,0.6,3,0.0,False,73937.38574897333,7.393738574897333,0.7393738574897334,2.6348124442748895,35357,3.5357,53,12,0,4.9964,0.0935974480236641,5654.4405717358,RandomAgent_1,9488.389163513859,EpsilonGreedyAgent_1,7860.365761169402,UCB_BaselineAgent_1,6673.85028438299,RiskAverseEpsilonGreedyAgent_1,7571.829451132772,RiskAverseUCBAgent_1,5640.478160270301,RandomAgent_2,8489.386326604636,EpsilonGreedyAgent_2,8725.898680220715,UCB_BaselineAgent_2,6668.364939176834,RiskAverseEpsilonGreedyAgent_2,7164.382410766029,RiskAverseUCBAgent_2
high_congestion_linear_share_cb_opaque_ratio06_halt3,circuit_breaker,high_congestion,linear_share,27,10000,10,5,6,0.6,3,0.0,False,73279.50837529392,7.327950837529392,0.7327950837529392,2.632301309873886,35243,3.5243,81,15,0,4.9955,0.07590395967250174,5650.224326409681,RandomAgent_1,8324.03680879993,EpsilonGreedyAgent_1,8122.970514030969,UCB_BaselineAgent_1,8203.125832287002,RiskAverseEpsilonGreedyAgent_1,7105.873341394215,RiskAverseUCBAgent_1,5627.972396870923,RandomAgent_2,8103.789495025071,EpsilonGreedyAgent_2,7682.965616381846,UCB_BaselineAgent_2,8226.170393781698,RiskAverseEpsilonGreedyAgent_2,6232.379650312587,RiskAverseUCBAgent_2
high_congestion_linear_share_cb_opaque_ratio06_halt3,circuit_breaker,high_congestion,linear_share,28,10000,10,5,6,0.6,3,0.0,False,73584.05105245733,7.358405105245733,0.7358405105245733,2.6079643828698535,35388,3.5388,60,14,0,4.9958,0.07425713039920256,5605.619244459526,RandomAgent_1,7925.84233663541,EpsilonGreedyAgent_1,7924.311681824265,UCB_BaselineAgent_1,7870.953896247617,RiskAverseEpsilonGreedyAgent_1,6354.1487117757915,RiskAverseUCBAgent_1,5667.786838400373,RandomAgent_2,8143.577476826136,EpsilonGreedyAgent_2,8426.672171368484,UCB_BaselineAgent_2,8314.382373368559,RiskAverseEpsilonGreedyAgent_2,7350.756321551165,RiskAverseUCBAgent_2
high_congestion_linear_share_cb_opaque_ratio06_halt3,circuit_breaker,high_congestion,linear_share,29,10000,10,5,6,0.6,3,0.0,False,73667.54955846223,7.366754955846223,0.7366754955846223,2.6155802555691334,35381,3.5381,46,9,0,4.9973,0.07847038352878122,5642.876251925235,RandomAgent_1,8175.816628642263,EpsilonGreedyAgent_1,8635.264115483442,UCB_BaselineAgent_1,8395.277909564229,RiskAverseEpsilonGreedyAgent_1,7203.844833158621,RiskAverseUCBAgent_1,5644.276163662394,RandomAgent_2,7866.696902735649,EpsilonGreedyAgent_2,7836.659665218324,UCB_BaselineAgent_2,7956.913155068892,RiskAverseEpsilonGreedyAgent_2,6309.923933003179,RiskAverseUCBAgent_2
high_congestion_linear_share_cb_transparent_ratio06_halt3,circuit_breaker,high_congestion,linear_share,0,10000,10,5,6,0.6,3,0.0,True,74317.10936722114,7.431710936722114,0.7431710936722115,2.6533128710121727,35562,3.5562,0,15,0,4.9955,0.07937752926002783,5645.155993459229,RandomAgent_1,8285.790919658186,EpsilonGreedyAgent_1,8191.11327592667,UCB_BaselineAgent_1,8424.69876747255,RiskAverseEpsilonGreedyAgent_1,7313.952790965764,RiskAverseUCBAgent_1,5641.56478410596,RandomAgent_2,8071.159344216334,EpsilonGreedyAgent_2,8625.67530401547,UCB_BaselineAgent_2,7783.921668877253,RiskAverseEpsilonGreedyAgent_2,6334.076518523722,RiskAverseUCBAgent_2
high_congestion_linear_share_cb_transparent_ratio06_halt3,circuit_breaker,high_congestion,linear_share,1,10000,10,5,6,0.6,3,0.0,True,73121.75221786246,7.312175221786246,0.7312175221786247,2.661787488953181,34314,3.4314,0,31,0,4.9907,0.0905045940539857,5851.1709915932925,RandomAgent_1,9873.868610979775,EpsilonGreedyAgent_1,7849.52080067491,UCB_BaselineAgent_1,7369.976196065367,RiskAverseEpsilonGreedyAgent_1,6420.282933573174,RiskAverseUCBAgent_1,5754.990032487098,RandomAgent_2,7831.62242678398,EpsilonGreedyAgent_2,8413.61149191311,UCB_BaselineAgent_2,7215.323845357116,RiskAverseEpsilonGreedyAgent_2,6541.38488843464,RiskAverseUCBAgent_2
high_congestion_linear_share_cb_transparent_ratio06_halt3,circuit_breaker,high_congestion,linear_share,2,10000,10,5,6,0.6,3,0.0,True,73943.76411518872,7.394376411518873,0.7394376411518873,2.620754966436917,35211,3.5211,0,16,0,4.9952,0.07675269096524073,5594.679486464542,RandomAgent_1,7907.693791975062,EpsilonGreedyAgent_1,8486.359155185266,UCB_BaselineAgent_1,7431.253233301198,RiskAverseEpsilonGreedyAgent_1,6386.297577506285,RiskAverseUCBAgent_1,5646.824537238729,RandomAgent_2,8075.523427448212,EpsilonGreedyAgent_2,7742.1910439525545,UCB_BaselineAgent_2,8310.467488084138,RiskAverseEpsilonGreedyAgent_2,8362.474374032741,RiskAverseUCBAgent_2
high_congestion_linear_share_cb_transparent_ratio06_halt3,circuit_breaker,high_congestion,linear_share,3,10000,10,5,6,0.6,3,0.0,True,74185.86634858139,7.418586634858139,0.7418586634858139,2.6045577353111953,35426,3.5426,0,22,0,4.9934,0.07833990703074711,5774.258962635996,RandomAgent_1,7968.2784105502615,EpsilonGreedyAgent_1,8740.922348407612,UCB_BaselineAgent_1,8383.471257866537,RiskAverseEpsilonGreedyAgent_1,6419.067429557982,RiskAverseUCBAgent_1,5600.479728892839,RandomAgent_2,8304.337835287417,EpsilonGreedyAgent_2,7886.797560500525,UCB_BaselineAgent_2,7847.721354517286,RiskAverseEpsilonGreedyAgent_2,7260.53146036493,RiskAverseUCBAgent_2
high_congestion_linear_share_cb_transparent_ratio06_halt3,circuit_breaker,high_congestion,linear_share,4,10000,10,5,6,0.6,3,0.0,True,74141.14483539165,7.414114483539165,0.7414114483539165,2.658232402946866,35239,3.5239,0,22,0,4.9934,0.0772895288891633,5643.405795843621,RandomAgent_1,8482.9283820999,EpsilonGreedyAgent_1,7949.76120728003,UCB_BaselineAgent_1,8368.275189618698,RiskAverseEpsilonGreedyAgent_1,7338.55305056955,RiskAverseUCBAgent_1,5669.762559355687,RandomAgent_2,8452.595361722455,EpsilonGreedyAgent_2,8070.157535118672,UCB_BaselineAgent_2,7777.596705831719,RiskAverseEpsilonGreedyAgent_2,6388.109047951319,RiskAverseUCBAgent_2
high_congestion_linear_share_cb_transparent_ratio06_halt3,circuit_breaker,high_congestion,linear_share,5,10000,10,5,6,0.6,3,0.0,True,73882.3740115919,7.3882374011591905,0.7388237401159191,2.6285385726012893,35408,3.5408,0,14,0,4.9958,0.07877347604825213,5636.943360263233,RandomAgent_1,8510.63989769226,EpsilonGreedyAgent_1,7962.732708914051,UCB_BaselineAgent_1,8460.628118535773,RiskAverseEpsilonGreedyAgent_1,7117.320106121263,RiskAverseUCBAgent_1,5609.979951047625,RandomAgent_2,8004.922155648108,EpsilonGreedyAgent_2,7915.405338553195,UCB_BaselineAgent_2,8293.685972333267,RiskAverseEpsilonGreedyAgent_2,6370.116402483125,RiskAverseUCBAgent_2
high_congestion_linear_share_cb_transparent_ratio06_halt3,circuit_breaker,high_congestion,linear_share,6,10000,10,5,6,0.6,3,0.0,True,74170.68486321611,7.417068486321611,0.7417068486321611,2.6500550036924966,34490,3.449,0,24,0,4.9928,0.13365897499418122,5665.057326266503,RandomAgent_1,7046.314911500525,EpsilonGreedyAgent_1,12999.404279358834,UCB_BaselineAgent_1,6960.8401834487795,RiskAverseEpsilonGreedyAgent_1,5718.613594872627,RiskAverseUCBAgent_1,5836.097627714463,RandomAgent_2,8098.11132029311,EpsilonGreedyAgent_2,8336.242198896236,UCB_BaselineAgent_2,7322.953566665473,RiskAverseEpsilonGreedyAgent_2,6187.049854199568,RiskAverseUCBAgent_2
high_congestion_linear_share_cb_transparent_ratio06_halt3,circuit_breaker,high_congestion,linear_share,7,10000,10,5,6,0.6,3,0.0,True,74379.48506611216,7.437948506611216,0.7437948506611216,2.622231418574383,35042,3.5042,0,23,0,4.9931,0.09420982529778832,5766.104675937992,RandomAgent_1,8274.564270813175,EpsilonGreedyAgent_1,9830.556969703635,UCB_BaselineAgent_1,7399.363191409937,RiskAverseEpsilonGreedyAgent_1,7178.887730145785,RiskAverseUCBAgent_1,5707.995855078922,RandomAgent_2,7572.807116015083,EpsilonGreedyAgent_2,8702.751186419706,UCB_BaselineAgent_2,7766.984449736295,RiskAverseEpsilonGreedyAgent_2,6179.4696208516225,RiskAverseUCBAgent_2
high_congestion_linear_share_cb_transparent_ratio06_halt3,circuit_breaker,high_congestion,linear_share,8,10000,10,5,6,0.6,3,0.0,True,74024.25832773026,7.402425832773027,0.7402425832773026,2.6594292851186845,34901,3.4901,0,18,0,4.9946,0.07746333484135426,5629.364067350997,RandomAgent_1,8221.504379067672,EpsilonGreedyAgent_1,7983.757735414704,UCB_BaselineAgent_1,8243.293235345507,RiskAverseEpsilonGreedyAgent_1,8882.033268435454,RiskAverseUCBAgent_1,5675.397122914848,RandomAgent_2,7668.229576890631,EpsilonGreedyAgent_2,6495.827338957277,UCB_BaselineAgent_2,7713.872368904565,RiskAverseEpsilonGreedyAgent_2,7510.979234448604,RiskAverseUCBAgent_2
high_congestion_linear_share_cb_transparent_ratio06_halt3,circuit_breaker,high_congestion,linear_share,9,10000,10,5,6,0.6,3,0.0,True,73724.86802385112,7.372486802385112,0.7372486802385112,2.6370624449526896,35223,3.5223,0,18,0,4.9946,0.07698765295705412,5630.388865919284,RandomAgent_1,8184.193803808983,EpsilonGreedyAgent_1,8074.763321622195,UCB_BaselineAgent_1,8122.379183608418,RiskAverseEpsilonGreedyAgent_1,7188.4292818797785,RiskAverseUCBAgent_1,5695.638508129943,RandomAgent_2,8372.60670114086,EpsilonGreedyAgent_2,7722.818162497418,UCB_BaselineAgent_2,8449.089648022242,RiskAverseEpsilonGreedyAgent_2,6284.560547221999,RiskAverseUCBAgent_2
high_congestion_linear_share_cb_transparent_ratio06_halt3,circuit_breaker,high_congestion,linear_share,10,10000,10,5,6,0.6,3,0.0,True,73626.49111123642,7.362649111123642,0.7362649111123643,2.638730997308701,35372,3.5372,0,23,0,4.9931,0.07488491682731024,5681.202413408835,RandomAgent_1,8319.266649439083,EpsilonGreedyAgent_1,7805.668234351852,UCB_BaselineAgent_1,8182.706564260638,RiskAverseEpsilonGreedyAgent_1,6337.10886178142,RiskAverseUCBAgent_1,5644.56680351432,RandomAgent_2,7885.6870997300275,EpsilonGreedyAgent_2,8523.720746355497,UCB_BaselineAgent_2,7854.152782921013,RiskAverseEpsilonGreedyAgent_2,7392.410955473734,RiskAverseUCBAgent_2
high_congestion_linear_share_cb_transparent_ratio06_halt3,circuit_breaker,high_congestion,linear_share,11,10000,10,5,6,0.6,3,0.0,True,74148.3510150957,7.41483510150957,0.741483510150957,2.6625800737736203,34145,3.4145,0,24,0,4.9928,0.07680615626395904,5666.802600422069,RandomAgent_1,7947.293936815109,EpsilonGreedyAgent_1,7744.791685838464,UCB_BaselineAgent_1,7904.995874497133,RiskAverseEpsilonGreedyAgent_1,7483.404237108524,RiskAverseUCBAgent_1,5619.223059380661,RandomAgent_2,8058.605982861479,EpsilonGreedyAgent_2,6539.17383356706,UCB_BaselineAgent_2,8307.224095256708,RiskAverseEpsilonGreedyAgent_2,8876.83570934849,RiskAverseUCBAgent_2
high_congestion_linear_share_cb_transparent_ratio06_halt3,circuit_breaker,high_congestion,linear_share,12,10000,10,5,6,0.6,3,0.0,True,73739.85949425283,7.373985949425283,0.7373985949425282,2.627381898409451,35283,3.5283,0,13,0,4.9961,0.07794529317373988,5636.605277904772,RandomAgent_1,8308.883057747118,EpsilonGreedyAgent_1,7556.26698795325,UCB_BaselineAgent_1,8327.75621860943,RiskAverseEpsilonGreedyAgent_1,6391.5873182187825,RiskAverseUCBAgent_1,5583.089121707621,RandomAgent_2,7941.180716447212,EpsilonGreedyAgent_2,8044.27573460732,UCB_BaselineAgent_2,8552.743394362464,RiskAverseEpsilonGreedyAgent_2,7397.47166669486,RiskAverseUCBAgent_2
high_congestion_linear_share_cb_transparent_ratio06_halt3,circuit_breaker,high_congestion,linear_share,13,10000,10,5,6,0.6,3,0.0,True,73700.58061060258,7.370058061060258,0.7370058061060258,2.647923466636969,35223,3.5223,0,35,0,4.9895,0.07701636914882615,5656.845669055248,RandomAgent_1,8040.665718068344,EpsilonGreedyAgent_1,8585.328823067794,UCB_BaselineAgent_1,8331.13383282668,RiskAverseEpsilonGreedyAgent_1,6377.601835938601,RiskAverseUCBAgent_1,5648.613088636252,RandomAgent_2,7862.009084894447,EpsilonGreedyAgent_2,7610.422780224803,UCB_BaselineAgent_2,8236.169690761959,RiskAverseEpsilonGreedyAgent_2,7351.790087128451,RiskAverseUCBAgent_2
high_congestion_linear_share_cb_transparent_ratio06_halt3,circuit_breaker,high_congestion,linear_share,14,10000,10,5,6,0.6,3,0.0,True,73629.6550802421,7.362965508024209,0.736296550802421,2.6194881115114184,35190,3.519,0,16,0,4.9952,0.07750323099856216,5706.779889558352,RandomAgent_1,8433.34314233027,EpsilonGreedyAgent_1,7739.929430650774,UCB_BaselineAgent_1,8220.53675674697,RiskAverseEpsilonGreedyAgent_1,7160.732309110759,RiskAverseUCBAgent_1,5598.00554779464,RandomAgent_2,8094.754059690056,EpsilonGreedyAgent_2,8025.142646595948,UCB_BaselineAgent_2,8379.748064481346,RiskAverseEpsilonGreedyAgent_2,6270.683233282984,RiskAverseUCBAgent_2
high_congestion_linear_share_cb_transparent_ratio06_halt3,circuit_breaker,high_congestion,linear_share,15,10000,10,5,6,0.6,3,0.0,True,74139.36212550264,7.413936212550264,0.7413936212550264,2.65305943216038,35460,3.546,0,17,0,4.9949,0.07673252280686671,5687.387488868765,RandomAgent_1,7918.164514604046,EpsilonGreedyAgent_1,7988.726456337277,UCB_BaselineAgent_1,7954.661758395539,RiskAverseEpsilonGreedyAgent_1,7263.896642882364,RiskAverseUCBAgent_1,5646.7768445405,RandomAgent_2,8351.954988561674,EpsilonGreedyAgent_2,8509.98164698175,UCB_BaselineAgent_2,8420.847453884671,RiskAverseEpsilonGreedyAgent_2,6396.964330446049,RiskAverseUCBAgent_2
high_congestion_linear_share_cb_transparent_ratio06_halt3,circuit_breaker,high_congestion,linear_share,16,10000,10,5,6,0.6,3,0.0,True,73204.82598253057,7.320482598253057,0.7320482598253057,2.604831162265188,35348,3.5348,0,23,0,4.9931,0.07667938340033564,5571.194984527938,RandomAgent_1,7724.342553375119,EpsilonGreedyAgent_1,7794.513558567845,UCB_BaselineAgent_1,8375.443920050515,RiskAverseEpsilonGreedyAgent_1,7296.429968549731,RiskAverseUCBAgent_1,5647.00306341167,RandomAgent_2,8418.177934904754,EpsilonGreedyAgent_2,7696.066147630145,UCB_BaselineAgent_2,8329.68187145949,RiskAverseEpsilonGreedyAgent_2,6351.9719800533585,RiskAverseUCBAgent_2
high_congestion_linear_share_cb_transparent_ratio06_halt3,circuit_breaker,high_congestion,linear_share,17,10000,10,5,6,0.6,3,0.0,True,74051.30481022128,7.405130481022128,0.7405130481022127,2.6347091671774576,35185,3.5185,0,26,0,4.9922,0.07874513042558484,5610.120699446133,RandomAgent_1,7900.291790442781,EpsilonGreedyAgent_1,7982.216093294522,UCB_BaselineAgent_1,8557.34838605452,RiskAverseEpsilonGreedyAgent_1,7373.485841000471,RiskAverseUCBAgent_1,5673.639818022607,RandomAgent_2,8354.986600913206,EpsilonGreedyAgent_2,7757.7167836858625,UCB_BaselineAgent_2,8497.168443328328,RiskAverseEpsilonGreedyAgent_2,6344.330354032851,RiskAverseUCBAgent_2
high_congestion_linear_share_cb_transparent_ratio06_halt3,circuit_breaker,high_congestion,linear_share,18,10000,10,5,6,0.6,3,0.0,True,73419.75246124869,7.341975246124869,0.7341975246124869,2.620808828540621,35213,3.5213,0,13,0,4.9961,0.06980775550538354,5715.40419377986,RandomAgent_1,8292.62557080515,EpsilonGreedyAgent_1,7946.375746022685,UCB_BaselineAgent_1,7302.259778096484,RiskAverseEpsilonGreedyAgent_1,6948.9461854048695,RiskAverseUCBAgent_1,5676.212040376184,RandomAgent_2,8323.620334161085,EpsilonGreedyAgent_2,7969.427446877352,UCB_BaselineAgent_2,8164.054140400792,RiskAverseEpsilonGreedyAgent_2,7080.827025324231,RiskAverseUCBAgent_2
high_congestion_linear_share_cb_transparent_ratio06_halt3,circuit_breaker,high_congestion,linear_share,19,10000,10,5,6,0.6,3,0.0,True,74304.8939246673,7.43048939246673,0.7430489392466729,2.621189133909545,35748,3.5748,0,20,0,4.994,0.08527092372777179,5603.507313959398,RandomAgent_1,8199.461092343829,EpsilonGreedyAgent_1,7985.758239141571,UCB_BaselineAgent_1,6791.007343231152,RiskAverseEpsilonGreedyAgent_1,9001.496668633636,RiskAverseUCBAgent_1,5595.073313805579,RandomAgent_2,7801.272073659762,EpsilonGreedyAgent_2,8783.810793574015,UCB_BaselineAgent_2,6908.38678828973,RiskAverseEpsilonGreedyAgent_2,7635.120298028617,RiskAverseUCBAgent_2
high_congestion_linear_share_cb_transparent_ratio06_halt3,circuit_breaker,high_congestion,linear_share,20,10000,10,5,6,0.6,3,0.0,True,74311.29759404832,7.431129759404832,0.7431129759404832,2.638689317860802,35636,3.5636,0,18,0,4.9946,0.07982129543881822,5650.6110674377605,RandomAgent_1,7954.70065045524,EpsilonGreedyAgent_1,8740.597459849729,UCB_BaselineAgent_1,8253.700536118788,RiskAverseEpsilonGreedyAgent_1,6290.137797516091,RiskAverseUCBAgent_1,5604.707683621118,RandomAgent_2,7822.596204241212,EpsilonGreedyAgent_2,8294.54491693333,UCB_BaselineAgent_2,8280.285278884185,RiskAverseEpsilonGreedyAgent_2,7419.415998990858,RiskAverseUCBAgent_2
high_congestion_linear_share_cb_transparent_ratio06_halt3,circuit_breaker,high_congestion,linear_share,21,10000,10,5,6,0.6,3,0.0,True,73695.95322168221,7.369595322168221,0.7369595322168221,2.6450486055239812,34514,3.4514,0,13,0,4.9961,0.13993200526434535,5748.804605321438,RandomAgent_1,7026.433657386773,EpsilonGreedyAgent_1,13203.681469817671,UCB_BaselineAgent_1,6715.801204328147,RiskAverseEpsilonGreedyAgent_1,5572.833523773619,RiskAverseUCBAgent_1,5757.731448171105,RandomAgent_2,8142.912649670048,EpsilonGreedyAgent_2,8435.735697267355,UCB_BaselineAgent_2,7112.932403506772,RiskAverseEpsilonGreedyAgent_2,5979.086562439285,RiskAverseUCBAgent_2
high_congestion_linear_share_cb_transparent_ratio06_halt3,circuit_breaker,high_congestion,linear_share,22,10000,10,5,6,0.6,3,0.0,True,73630.43685917907,7.363043685917907,0.7363043685917907,2.667122049277479,35291,3.5291,0,12,0,4.9964,0.07143783151017069,5735.440563969446,RandomAgent_1,7329.101706910734,EpsilonGreedyAgent_1,7920.133962646384,UCB_BaselineAgent_1,8320.20638284408,RiskAverseEpsilonGreedyAgent_1,7256.176325014332,RiskAverseUCBAgent_1,5617.093747914127,RandomAgent_2,7881.052366606627,EpsilonGreedyAgent_2,8507.643023231933,UCB_BaselineAgent_2,8126.580354129526,RiskAverseEpsilonGreedyAgent_2,6937.008425911887,RiskAverseUCBAgent_2
high_congestion_linear_share_cb_transparent_ratio06_halt3,circuit_breaker,high_congestion,linear_share,23,10000,10,5,6,0.6,3,0.0,True,73786.89792679183,7.378689792679183,0.7378689792679183,2.6221154891510308,34979,3.4979,0,17,0,4.9949,0.08583240669332026,5670.333838801126,RandomAgent_1,7315.176357010414,EpsilonGreedyAgent_1,7823.485906539829,UCB_BaselineAgent_1,7561.066252627082,RiskAverseEpsilonGreedyAgent_1,6569.221391684961,RiskAverseUCBAgent_1,5696.708848668929,RandomAgent_2,8505.216510529986,EpsilonGreedyAgent_2,9466.714110469808,UCB_BaselineAgent_2,8021.597213928922,RiskAverseEpsilonGreedyAgent_2,7157.3774965307775,RiskAverseUCBAgent_2
high_congestion_linear_share_cb_transparent_ratio06_halt3,circuit_breaker,high_congestion,linear_share,24,10000,10,5,6,0.6,3,0.0,True,73859.39735629123,7.3859397356291225,0.7385939735629123,2.6420978533820327,35554,3.5554,0,19,0,4.9943,0.08062559739176112,5609.623865036158,RandomAgent_1,8179.102402403427,EpsilonGreedyAgent_1,8865.492649914464,UCB_BaselineAgent_1,8176.945011171121,RiskAverseEpsilonGreedyAgent_1,7402.744493683814,RiskAverseUCBAgent_1,5674.910264387702,RandomAgent_2,7703.329781573192,EpsilonGreedyAgent_2,8313.399483376204,UCB_BaselineAgent_2,7631.285107328389,RiskAverseEpsilonGreedyAgent_2,6302.564297416761,RiskAverseUCBAgent_2
high_congestion_linear_share_cb_transparent_ratio06_halt3,circuit_breaker,high_congestion,linear_share,25,10000,10,5,6,0.6,3,0.0,True,73542.14558917841,7.354214558917842,0.7354214558917841,2.624692531244549,34740,3.474,0,24,0,4.9928,0.07544048921868707,5734.26793601652,RandomAgent_1,8867.711233114798,EpsilonGreedyAgent_1,7870.570463463759,UCB_BaselineAgent_1,7278.477287210768,RiskAverseEpsilonGreedyAgent_1,6616.45473813931,RiskAverseUCBAgent_1,5766.504483292712,RandomAgent_2,7687.3993828088815,EpsilonGreedyAgent_2,8321.403852985528,UCB_BaselineAgent_2,8068.870023989332,RiskAverseEpsilonGreedyAgent_2,7330.486188156802,RiskAverseUCBAgent_2
high_congestion_linear_share_cb_transparent_ratio06_halt3,circuit_breaker,high_congestion,linear_share,26,10000,10,5,6,0.6,3,0.0,True,73856.53618530826,7.385653618530826,0.7385653618530825,2.628497559637172,35390,3.539,0,19,0,4.9943,0.08104407012771042,5639.6324887272685,RandomAgent_1,8627.416040166312,EpsilonGreedyAgent_1,7966.354143655774,UCB_BaselineAgent_1,7808.303411274999,RiskAverseEpsilonGreedyAgent_1,6363.591011465043,RiskAverseUCBAgent_1,5635.634026618617,RandomAgent_2,8545.856082784407,EpsilonGreedyAgent_2,7776.858427707645,UCB_BaselineAgent_2,8369.107375138112,RiskAverseEpsilonGreedyAgent_2,7123.783177770084,RiskAverseUCBAgent_2
high_congestion_linear_share_cb_transparent_ratio06_halt3,circuit_breaker,high_congestion,linear_share,27,10000,10,5,6,0.6,3,0.0,True,73504.58315188516,7.350458315188516,0.7350458315188516,2.638660254507314,35599,3.5599,0,17,0,4.9949,0.07896092936437182,5596.177847503295,RandomAgent_1,8169.404157665445,EpsilonGreedyAgent_1,8618.259106475925,UCB_BaselineAgent_1,8357.313528984108,RiskAverseEpsilonGreedyAgent_1,7264.197000475973,RiskAverseUCBAgent_1,5550.960932258794,RandomAgent_2,7746.045918732781,EpsilonGreedyAgent_2,7850.69207326925,UCB_BaselineAgent_2,7963.106954372318,RiskAverseEpsilonGreedyAgent_2,6388.42563214727,RiskAverseUCBAgent_2
high_congestion_linear_share_cb_transparent_ratio06_halt3,circuit_breaker,high_congestion,linear_share,28,10000,10,5,6,0.6,3,0.0,True,73327.03079651123,7.332703079651123,0.7332703079651123,2.6389792034917354,35319,3.5319,0,14,0,4.9958,0.07456313310167606,5618.050190974163,RandomAgent_1,8399.931247881423,EpsilonGreedyAgent_1,7947.379639599912,UCB_BaselineAgent_1,8166.7948131694275,RiskAverseEpsilonGreedyAgent_1,7349.645113268833,RiskAverseUCBAgent_1,5677.438246049216,RandomAgent_2,8304.558879028258,EpsilonGreedyAgent_2,7747.33848500445,UCB_BaselineAgent_2,7824.631562855482,RiskAverseEpsilonGreedyAgent_2,6291.262618680067,RiskAverseUCBAgent_2
high_congestion_linear_share_cb_transparent_ratio06_halt3,circuit_breaker,high_congestion,linear_share,29,10000,10,5,6,0.6,3,0.0,True,74135.55897938366,7.413555897938365,0.7413555897938365,2.650545709135113,35608,3.5608,0,9,0,4.9973,0.07669142161197717,5681.22001391109,RandomAgent_1,8257.642170591584,EpsilonGreedyAgent_1,8038.044178563803,UCB_BaselineAgent_1,8244.62891861946,RiskAverseEpsilonGreedyAgent_1,6324.466067291556,RiskAverseUCBAgent_1,5699.011406469291,RandomAgent_2,7943.95789052799,EpsilonGreedyAgent_2,8627.628095278385,UCB_BaselineAgent_2,8114.917698304956,RiskAverseEpsilonGreedyAgent_2,7204.042539825538,RiskAverseUCBAgent_2
high_congestion_linear_share_cb_opaque_ratio06_halt5,circuit_breaker,high_congestion,linear_share,0,10000,10,5,6,0.6,5,0.0,False,74287.50407556149,7.428750407556149,0.742875040755615,2.635226451462113,35674,3.5674,107,13,0,4.9935,0.07756809024222555,5665.9383621702955,RandomAgent_1,7941.976555667013,EpsilonGreedyAgent_1,8772.157755676393,UCB_BaselineAgent_1,7861.774792858777,RiskAverseEpsilonGreedyAgent_1,6444.143637497,RiskAverseUCBAgent_1,5709.54599216462,RandomAgent_2,8190.644316301906,EpsilonGreedyAgent_2,8021.361031582469,UCB_BaselineAgent_2,8379.73422469747,RiskAverseEpsilonGreedyAgent_2,7300.227406945554,RiskAverseUCBAgent_2
high_congestion_linear_share_cb_opaque_ratio06_halt5,circuit_breaker,high_congestion,linear_share,1,10000,10,5,6,0.6,5,0.0,False,73642.72629355852,7.364272629355852,0.7364272629355851,2.641386249091399,35459,3.5459,174,19,0,4.9905,0.07744298456950571,5550.376350423525,RandomAgent_1,8437.59716820158,EpsilonGreedyAgent_1,8156.712218912964,UCB_BaselineAgent_1,7666.588966665912,RiskAverseEpsilonGreedyAgent_1,7346.641982787354,RiskAverseUCBAgent_1,5677.69917604908,RandomAgent_2,8291.171795194636,EpsilonGreedyAgent_2,7732.269564475728,UCB_BaselineAgent_2,8396.385592041976,RiskAverseEpsilonGreedyAgent_2,6387.283478805765,RiskAverseUCBAgent_2
high_congestion_linear_share_cb_opaque_ratio06_halt5,circuit_breaker,high_congestion,linear_share,2,10000,10,5,6,0.6,5,0.0,False,73418.63306717445,7.341863306717445,0.7341863306717445,2.6176641955539908,34089,3.4089,137,16,0,4.992,0.11974341261842891,5766.36858596456,RandomAgent_1,7146.5018307608125,EpsilonGreedyAgent_1,8425.297566817399,UCB_BaselineAgent_1,7201.692832001493,RiskAverseEpsilonGreedyAgent_1,5986.903462819586,RiskAverseUCBAgent_1,5892.204125935351,RandomAgent_2,11767.794299370016,EpsilonGreedyAgent_2,8347.009260459652,UCB_BaselineAgent_2,7008.865742409542,RiskAverseEpsilonGreedyAgent_2,5875.995360636036,RiskAverseUCBAgent_2
high_congestion_linear_share_cb_opaque_ratio06_halt5,circuit_breaker,high_congestion,linear_share,3,10000,10,5,6,0.6,5,0.0,False,73918.6653247138,7.39186653247138,0.7391866532471381,2.6506409446881434,35472,3.5472,158,18,0,4.991,0.07829168665131547,5645.979499412312,RandomAgent_1,8525.013986748647,EpsilonGreedyAgent_1,8660.55588099676,UCB_BaselineAgent_1,8115.450824651049,RiskAverseEpsilonGreedyAgent_1,6335.906932775899,RiskAverseUCBAgent_1,5731.983844578377,RandomAgent_2,7965.931658828552,EpsilonGreedyAgent_2,7978.178583149836,UCB_BaselineAgent_2,7324.375675336813,RiskAverseEpsilonGreedyAgent_2,7635.288438235552,RiskAverseUCBAgent_2
high_congestion_linear_share_cb_opaque_ratio06_halt5,circuit_breaker,high_congestion,linear_share,4,10000,10,5,6,0.6,5,0.0,False,73392.34691548807,7.339234691548807,0.7339234691548807,2.6630603098426606,34107,3.4107,195,21,0,4.9895,0.12264809106619667,5809.066593484739,RandomAgent_1,7258.901801362622,EpsilonGreedyAgent_1,12427.34657605245,UCB_BaselineAgent_1,7066.71072918195,RiskAverseEpsilonGreedyAgent_1,6117.307652296164,RiskAverseUCBAgent_1,5728.6225623239425,RandomAgent_2,8121.585622685701,EpsilonGreedyAgent_2,7887.638157004008,UCB_BaselineAgent_2,7102.956125834745,RiskAverseEpsilonGreedyAgent_2,5872.211095261758,RiskAverseUCBAgent_2
high_congestion_linear_share_cb_opaque_ratio06_halt5,circuit_breaker,high_congestion,linear_share,5,10000,10,5,6,0.6,5,0.0,False,73230.31482171646,7.323031482171646,0.7323031482171646,2.635874012667196,35468,3.5468,140,15,0,4.9925,0.08269182657985619,5591.601313120872,RandomAgent_1,8578.15450705359,EpsilonGreedyAgent_1,8633.661181282552,UCB_BaselineAgent_1,7691.032924181641,RiskAverseEpsilonGreedyAgent_1,6238.962098164145,RiskAverseUCBAgent_1,5624.52470172156,RandomAgent_2,7416.582713581051,EpsilonGreedyAgent_2,7964.725781131488,UCB_BaselineAgent_2,8250.1161533427,RiskAverseEpsilonGreedyAgent_2,7240.953448136861,RiskAverseUCBAgent_2
high_congestion_linear_share_cb_opaque_ratio06_halt5,circuit_breaker,high_congestion,linear_share,6,10000,10,5,6,0.6,5,0.0,False,73927.17748265594,7.392717748265594,0.7392717748265594,2.673512844341852,35382,3.5382,144,17,0,4.9915,0.09313100337599378,5681.05248299892,RandomAgent_1,8476.07505641364,EpsilonGreedyAgent_1,8533.828757728596,UCB_BaselineAgent_1,7301.764258589186,RiskAverseEpsilonGreedyAgent_1,7542.508451187885,RiskAverseUCBAgent_1,5670.399610370369,RandomAgent_2,7070.288477478572,EpsilonGreedyAgent_2,9841.065730405531,UCB_BaselineAgent_2,7316.565916089067,RiskAverseEpsilonGreedyAgent_2,6493.628741394171,RiskAverseUCBAgent_2
high_congestion_linear_share_cb_opaque_ratio06_halt5,circuit_breaker,high_congestion,linear_share,7,10000,10,5,6,0.6,5,0.0,False,73857.50762628869,7.385750762628868,0.7385750762628869,2.6420719104649293,34841,3.4841,169,21,0,4.9895,0.07999982746448131,5655.165947573479,RandomAgent_1,8942.851457388368,EpsilonGreedyAgent_1,8653.699631015881,UCB_BaselineAgent_1,7421.727371853144,RiskAverseEpsilonGreedyAgent_1,7467.551901658984,RiskAverseUCBAgent_1,5716.333669229495,RandomAgent_2,7489.123536457472,EpsilonGreedyAgent_2,7705.310039785636,UCB_BaselineAgent_2,8209.154806779361,RiskAverseEpsilonGreedyAgent_2,6596.589264546872,RiskAverseUCBAgent_2
high_congestion_linear_share_cb_opaque_ratio06_halt5,circuit_breaker,high_congestion,linear_share,8,10000,10,5,6,0.6,5,0.0,False,73874.18959156552,7.387418959156552,0.7387418959156552,2.628932696624093,35502,3.5502,171,20,0,4.99,0.07888233997211502,5551.505438799953,RandomAgent_1,8411.715510101767,EpsilonGreedyAgent_1,8007.110845104814,UCB_BaselineAgent_1,7580.861909365166,RiskAverseEpsilonGreedyAgent_1,6424.253782268872,RiskAverseUCBAgent_1,5666.460351979944,RandomAgent_2,8523.319862337641,EpsilonGreedyAgent_2,7799.813873857712,UCB_BaselineAgent_2,7434.904722593518,RiskAverseEpsilonGreedyAgent_2,8474.243295156137,RiskAverseUCBAgent_2
high_congestion_linear_share_cb_opaque_ratio06_halt5,circuit_breaker,high_congestion,linear_share,9,10000,10,5,6,0.6,5,0.0,False,73925.66691250766,7.3925666912507655,0.7392566691250766,2.613334770964481,35129,3.5129,153,17,0,4.9915,0.07913262556419776,5670.1461750461485,RandomAgent_1,8324.918368141638,EpsilonGreedyAgent_1,7910.356688848644,UCB_BaselineAgent_1,8013.538186028314,RiskAverseEpsilonGreedyAgent_1,6333.121654763097,RiskAverseUCBAgent_1,5622.632605474559,RandomAgent_2,8463.212711035616,EpsilonGreedyAgent_2,8022.026782774728,UCB_BaselineAgent_2,8510.037058320317,RiskAverseEpsilonGreedyAgent_2,7055.676682074593,RiskAverseUCBAgent_2
high_congestion_linear_share_cb_opaque_ratio06_halt5,circuit_breaker,high_congestion,linear_share,10,10000,10,5,6,0.6,5,0.0,False,73994.5686765115,7.39945686765115,0.739945686765115,2.6525693336033274,35508,3.5508,111,12,0,4.994,0.08288803314596871,5592.786885802412,RandomAgent_1,7790.283541296231,EpsilonGreedyAgent_1,8600.224241508628,UCB_BaselineAgent_1,7646.843604229053,RiskAverseEpsilonGreedyAgent_1,6372.731111533073,RiskAverseUCBAgent_1,5562.844511494751,RandomAgent_2,7944.060756279881,EpsilonGreedyAgent_2,8496.831227623501,UCB_BaselineAgent_2,7345.13385272847,RiskAverseEpsilonGreedyAgent_2,8642.828944015491,RiskAverseUCBAgent_2
high_congestion_linear_share_cb_opaque_ratio06_halt5,circuit_breaker,high_congestion,linear_share,11,10000,10,5,6,0.6,5,0.0,False,73383.66089935435,7.338366089935435,0.7338366089935435,2.629630205809528,35359,3.5359,84,10,0,4.995,0.07553071291735258,5631.634237963817,RandomAgent_1,8250.865973252989,EpsilonGreedyAgent_1,7839.3242076965635,UCB_BaselineAgent_1,7571.027190216646,RiskAverseEpsilonGreedyAgent_1,6414.766206252838,RiskAverseUCBAgent_1,5597.98509879846,RandomAgent_2,8321.01029349703,EpsilonGreedyAgent_2,7921.793240676683,UCB_BaselineAgent_2,8439.585293422988,RiskAverseEpsilonGreedyAgent_2,7395.669157576329,RiskAverseUCBAgent_2
high_congestion_linear_share_cb_opaque_ratio06_halt5,circuit_breaker,high_congestion,linear_share,12,10000,10,5,6,0.6,5,0.0,False,73832.53397846926,7.383253397846926,0.7383253397846926,2.6350826531860774,35386,3.5386,182,20,0,4.99,0.07232581715574438,5622.217601679248,RandomAgent_1,8127.047866118884,EpsilonGreedyAgent_1,8519.770933114227,UCB_BaselineAgent_1,7424.688419393885,RiskAverseEpsilonGreedyAgent_1,6478.332593491947,RiskAverseUCBAgent_1,5658.80750547525,RandomAgent_2,8040.816775508283,EpsilonGreedyAgent_2,7882.853779019421,UCB_BaselineAgent_2,8098.1135481920755,RiskAverseEpsilonGreedyAgent_2,7979.884956476035,RiskAverseUCBAgent_2
high_congestion_linear_share_cb_opaque_ratio06_halt5,circuit_breaker,high_congestion,linear_share,13,10000,10,5,6,0.6,5,0.0,False,74054.96094554327,7.4054960945543264,0.7405496094554327,2.6563427134099324,35199,3.5199,95,11,0,4.9945,0.07899043145924178,5627.135053825322,RandomAgent_1,7808.788957662224,EpsilonGreedyAgent_1,8672.496482208986,UCB_BaselineAgent_1,8309.057164364885,RiskAverseEpsilonGreedyAgent_1,7187.82387745079,RiskAverseUCBAgent_1,5688.853110647531,RandomAgent_2,7803.068282455623,EpsilonGreedyAgent_2,8193.692666120616,UCB_BaselineAgent_2,8346.805498161122,RiskAverseEpsilonGreedyAgent_2,6417.239852646164,RiskAverseUCBAgent_2
high_congestion_linear_share_cb_opaque_ratio06_halt5,circuit_breaker,high_congestion,linear_share,14,10000,10,5,6,0.6,5,0.0,False,73935.07236475719,7.393507236475719,0.7393507236475718,2.6076099255030623,35496,3.5496,97,11,0,4.9945,0.07865856593684994,5580.802146238165,RandomAgent_1,8240.157360707695,EpsilonGreedyAgent_1,7848.824111974427,UCB_BaselineAgent_1,8453.093566117826,RiskAverseEpsilonGreedyAgent_1,6300.246780683048,RiskAverseUCBAgent_1,5641.738618113303,RandomAgent_2,8457.974987069632,EpsilonGreedyAgent_2,8058.227765427643,UCB_BaselineAgent_2,8122.548662445903,RiskAverseEpsilonGreedyAgent_2,7231.458365979536,RiskAverseUCBAgent_2
high_congestion_linear_share_cb_opaque_ratio06_halt5,circuit_breaker,high_congestion,linear_share,15,10000,10,5,6,0.6,5,0.0,False,73934.4685914249,7.39344685914249,0.739344685914249,2.6412750169254235,35509,3.5509,117,14,0,4.993,0.07719900974037675,5633.252748458,RandomAgent_1,7947.299249072678,EpsilonGreedyAgent_1,7982.773661317695,UCB_BaselineAgent_1,7819.034788623915,RiskAverseEpsilonGreedyAgent_1,6373.622536445354,RiskAverseUCBAgent_1,5645.773417763008,RandomAgent_2,8296.270544411154,EpsilonGreedyAgent_2,8534.88667456606,UCB_BaselineAgent_2,8389.722562682859,RiskAverseEpsilonGreedyAgent_2,7311.83240808418,RiskAverseUCBAgent_2
high_congestion_linear_share_cb_opaque_ratio06_halt5,circuit_breaker,high_congestion,linear_share,16,10000,10,5,6,0.6,5,0.0,False,73608.6244856399,7.3608624485639895,0.736086244856399,2.6409025013156713,35225,3.5225,150,16,0,4.992,0.0739989801165466,5624.884297572508,RandomAgent_1,8271.621935408082,EpsilonGreedyAgent_1,7761.986982183031,UCB_BaselineAgent_1,8069.65648575724,RiskAverseEpsilonGreedyAgent_1,6327.000889734531,RiskAverseUCBAgent_1,5740.644816415149,RandomAgent_2,8311.281588543641,EpsilonGreedyAgent_2,8043.074717009178,UCB_BaselineAgent_2,8261.947690140743,RiskAverseEpsilonGreedyAgent_2,7196.525082875789,RiskAverseUCBAgent_2
high_congestion_linear_share_cb_opaque_ratio06_halt5,circuit_breaker,high_congestion,linear_share,17,10000,10,5,6,0.6,5,0.0,False,74134.22436252904,7.413422436252905,0.7413422436252904,2.603228652303518,35432,3.5432,71,8,0,4.996,0.07808026484855746,5638.079908532825,RandomAgent_1,8014.64111589186,EpsilonGreedyAgent_1,8479.396676340799,UCB_BaselineAgent_1,8081.59604561714,RiskAverseEpsilonGreedyAgent_1,7198.713366687626,RiskAverseUCBAgent_1,5629.42030235008,RandomAgent_2,8010.789646152943,EpsilonGreedyAgent_2,8469.858986636134,UCB_BaselineAgent_2,8281.809987811772,RiskAverseEpsilonGreedyAgent_2,6329.918326507863,RiskAverseUCBAgent_2
high_congestion_linear_share_cb_opaque_ratio06_halt5,circuit_breaker,high_congestion,linear_share,18,10000,10,5,6,0.6,5,0.0,False,73661.4343575394,7.36614343575394,0.736614343575394,2.6556938219924433,35406,3.5406,117,14,0,4.993,0.07899000420887914,5681.276876197501,RandomAgent_1,8243.959272364416,EpsilonGreedyAgent_1,7800.633575216858,UCB_BaselineAgent_1,8310.783539382595,RiskAverseEpsilonGreedyAgent_1,7052.515496553765,RiskAverseUCBAgent_1,5663.822602810112,RandomAgent_2,7829.505467324587,EpsilonGreedyAgent_2,8732.283052598814,UCB_BaselineAgent_2,7975.578752516576,RiskAverseEpsilonGreedyAgent_2,6371.0757225741745,RiskAverseUCBAgent_2
high_congestion_linear_share_cb_opaque_ratio06_halt5,circuit_breaker,high_congestion,linear_share,19,10000,10,5,6,0.6,5,0.0,False,73899.48447771811,7.389948447771811,0.7389948447771811,2.607246142081998,35464,3.5464,101,12,0,4.994,0.07836736339359485,5678.340695402855,RandomAgent_1,7959.2936294723,EpsilonGreedyAgent_1,8373.300786799338,UCB_BaselineAgent_1,8296.056998557488,RiskAverseEpsilonGreedyAgent_1,6930.16642122134,RiskAverseUCBAgent_1,5670.9860831093865,RandomAgent_2,7955.531804027655,EpsilonGreedyAgent_2,8413.454387721049,UCB_BaselineAgent_2,8337.647696494681,RiskAverseEpsilonGreedyAgent_2,6284.7059749120135,RiskAverseUCBAgent_2
high_congestion_linear_share_cb_opaque_ratio06_halt5,circuit_breaker,high_congestion,linear_share,20,10000,10,5,6,0.6,5,0.0,False,74121.58411099223,7.412158411099223,0.7412158411099223,2.662272163643483,35528,3.5528,55,7,0,4.9965,0.07847044230105271,5609.700967968017,RandomAgent_1,7901.871622154474,EpsilonGreedyAgent_1,8677.08422673825,UCB_BaselineAgent_1,8281.676523886146,RiskAverseEpsilonGreedyAgent_1,6290.878632529219,RiskAverseUCBAgent_1,5652.915913951691,RandomAgent_2,7840.783714942994,EpsilonGreedyAgent_2,8126.322817645136,UCB_BaselineAgent_2,8295.450021776973,RiskAverseEpsilonGreedyAgent_2,7444.899669399329,RiskAverseUCBAgent_2
high_congestion_linear_share_cb_opaque_ratio06_halt5,circuit_breaker,high_congestion,linear_share,21,10000,10,5,6,0.6,5,0.0,False,73265.84797767345,7.326584797767344,0.7326584797767345,2.623310381590206,34057,3.4057,181,20,0,4.99,0.12540202401026979,5648.449096012722,RandomAgent_1,8133.4458356685345,EpsilonGreedyAgent_1,12411.529331942504,UCB_BaselineAgent_1,7173.337089050781,RiskAverseEpsilonGreedyAgent_1,5953.733346278659,RiskAverseUCBAgent_1,5653.656007658713,RandomAgent_2,7207.510215275059,EpsilonGreedyAgent_2,7945.551030903154,UCB_BaselineAgent_2,7155.778634752293,RiskAverseEpsilonGreedyAgent_2,5982.857390131029,RiskAverseUCBAgent_2
high_congestion_linear_share_cb_opaque_ratio06_halt5,circuit_breaker,high_congestion,linear_share,22,10000,10,5,6,0.6,5,0.0,False,73413.7338210291,7.34137338210291,0.734137338210291,2.6903824301306196,35087,3.5087,146,16,0,4.992,0.077812855974015,5707.556946250416,RandomAgent_1,8216.523482797931,EpsilonGreedyAgent_1,8223.857021255799,UCB_BaselineAgent_1,7930.666350250256,RiskAverseEpsilonGreedyAgent_1,6498.638113731216,RiskAverseUCBAgent_1,5662.243806352257,RandomAgent_2,8779.083853520833,EpsilonGreedyAgent_2,7932.295310768092,UCB_BaselineAgent_2,7265.644847084089,RiskAverseEpsilonGreedyAgent_2,7197.224089018212,RiskAverseUCBAgent_2
high_congestion_linear_share_cb_opaque_ratio06_halt5,circuit_breaker,high_congestion,linear_share,23,10000,10,5,6,0.6,5,0.0,False,73684.88978672166,7.368488978672166,0.7368488978672166,2.6172816160323675,34742,3.4742,134,15,0,4.9925,0.08617386118022785,5724.164919135037,RandomAgent_1,7366.387506947329,EpsilonGreedyAgent_1,7866.128872965707,UCB_BaselineAgent_1,8063.591019744373,RiskAverseEpsilonGreedyAgent_1,7434.541034472503,RiskAverseUCBAgent_1,5674.251925433816,RandomAgent_2,9427.979640176873,EpsilonGreedyAgent_2,8487.695917745597,UCB_BaselineAgent_2,7292.548859004946,RiskAverseEpsilonGreedyAgent_2,6347.6000910954735,RiskAverseUCBAgent_2
high_congestion_linear_share_cb_opaque_ratio06_halt5,circuit_breaker,high_congestion,linear_share,24,10000,10,5,6,0.6,5,0.0,False,74083.14451616329,7.408314451616329,0.7408314451616329,2.6522400440164042,35663,3.5663,105,12,0,4.994,0.12575104016386018,5587.85444193784,RandomAgent_1,8667.137385433072,EpsilonGreedyAgent_1,7722.321930947982,UCB_BaselineAgent_1,5520.757895686398,RiskAverseEpsilonGreedyAgent_1,10785.424321344062,RiskAverseUCBAgent_1,5671.986831595689,RandomAgent_2,8516.88294504362,EpsilonGreedyAgent_2,8564.240839514208,UCB_BaselineAgent_2,5503.1943549581765,RiskAverseEpsilonGreedyAgent_2,7543.343569702233,RiskAverseUCBAgent_2
high_congestion_linear_share_cb_opaque_ratio06_halt5,circuit_breaker,high_congestion,linear_share,25,10000,10,5,6,0.6,5,0.0,False,73957.48272934013,7.395748272934013,0.7395748272934013,2.642183609005287,35317,3.5317,165,16,0,4.992,0.07671435785392333,5683.875785302655,RandomAgent_1,8576.163767658187,EpsilonGreedyAgent_1,7767.848550312705,UCB_BaselineAgent_1,8042.855413523116,RiskAverseEpsilonGreedyAgent_1,7261.550244525403,RiskAverseUCBAgent_1,5744.2441606294315,RandomAgent_2,8501.35220878033,EpsilonGreedyAgent_2,7845.121248028476,UCB_BaselineAgent_2,8165.682833067374,RiskAverseEpsilonGreedyAgent_2,6368.78851751245,RiskAverseUCBAgent_2
high_congestion_linear_share_cb_opaque_ratio06_halt5,circuit_breaker,high_congestion,linear_share,26,10000,10,5,6,0.6,5,0.0,False,74281.67210203798,7.428167210203798,0.7428167210203798,2.6064698057781444,35732,3.5732,112,13,0,4.9935,0.09281868276284988,5539.478965780272,RandomAgent_1,7780.296206696043,EpsilonGreedyAgent_1,9331.313393323622,UCB_BaselineAgent_1,7470.492558014955,RiskAverseEpsilonGreedyAgent_1,7748.327578175984,RiskAverseUCBAgent_1,5595.152865948777,RandomAgent_2,6714.20820633789,EpsilonGreedyAgent_2,8834.272857314363,UCB_BaselineAgent_2,6780.176271113555,RiskAverseEpsilonGreedyAgent_2,8487.953199332518,RiskAverseUCBAgent_2
high_congestion_linear_share_cb_opaque_ratio06_halt5,circuit_breaker,high_congestion,linear_share,27,10000,10,5,6,0.6,5,0.0,False,73626.25947424195,7.362625947424195,0.7362625947424195,2.627727699584664,34836,3.4836,134,16,0,4.992,0.07675227150882691,5678.153033581777,RandomAgent_1,8718.84688678634,EpsilonGreedyAgent_1,7889.466629812248,UCB_BaselineAgent_1,7292.394576218426,RiskAverseEpsilonGreedyAgent_1,6537.406545412473,RiskAverseUCBAgent_1,5721.995822718148,RandomAgent_2,8075.677430440016,EpsilonGreedyAgent_2,8488.496955531635,UCB_BaselineAgent_2,7759.662486374946,RiskAverseEpsilonGreedyAgent_2,7464.159107365933,RiskAverseUCBAgent_2
high_congestion_linear_share_cb_opaque_ratio06_halt5,circuit_breaker,high_congestion,linear_share,28,10000,10,5,6,0.6,5,0.0,False,73930.29467402822,7.393029467402822,0.7393029467402822,2.6196259048990016,35435,3.5435,88,10,0,4.995,0.0792613562144695,5741.620181139555,RandomAgent_1,7878.439708796928,EpsilonGreedyAgent_1,8122.260633229498,UCB_BaselineAgent_1,8249.208214900782,RiskAverseEpsilonGreedyAgent_1,6850.521245701954,RiskAverseUCBAgent_1,5691.894516559229,RandomAgent_2,8069.989548519604,EpsilonGreedyAgent_2,8608.036529176657,UCB_BaselineAgent_2,8406.919064134947,RiskAverseEpsilonGreedyAgent_2,6311.4050318690715,RiskAverseUCBAgent_2
high_congestion_linear_share_cb_opaque_ratio06_halt5,circuit_breaker,high_congestion,linear_share,29,10000,10,5,6,0.6,5,0.0,False,73637.01541758994,7.363701541758994,0.7363701541758993,2.629666716758438,35327,3.5327,114,15,0,4.9925,0.07647422741728938,5648.457474554397,RandomAgent_1,8080.606106100594,EpsilonGreedyAgent_1,8581.771744905112,UCB_BaselineAgent_1,8397.001534809524,RiskAverseEpsilonGreedyAgent_1,7347.23901879688,RiskAverseUCBAgent_1,5661.2742824545585,RandomAgent_2,8062.291878942596,EpsilonGreedyAgent_2,7784.7102796128,UCB_BaselineAgent_2,7699.708882656366,RiskAverseEpsilonGreedyAgent_2,6373.954214757115,RiskAverseUCBAgent_2
high_congestion_linear_share_cb_transparent_ratio06_halt5,circuit_breaker,high_congestion,linear_share,0,10000,10,5,6,0.6,5,0.0,True,18323.73822794554,1.832373822794554,0.1832373822794554,1.8866842415329275,11432,1.1432,0,9371,0,0.3155,0.02347226993520768,1773.6905671562074,RandomAgent_1,1968.5730085243501,EpsilonGreedyAgent_1,1786.967402537549,UCB_BaselineAgent_1,1869.9654207497535,RiskAverseEpsilonGreedyAgent_1,1749.086587559181,RiskAverseUCBAgent_1,1756.4298811147858,RandomAgent_2,1909.1022764802822,EpsilonGreedyAgent_2,1807.5346338295478,UCB_BaselineAgent_2,1939.8056461413842,RiskAverseEpsilonGreedyAgent_2,1762.5828038525008,RiskAverseUCBAgent_2
high_congestion_linear_share_cb_transparent_ratio06_halt5,circuit_breaker,high_congestion,linear_share,1,10000,10,5,6,0.6,5,0.0,True,15097.809552219122,1.5097809552219121,0.1509780955221912,1.225302804980188,10004,1.0004,0,10000,0,0.001,0.00035524472900805293,1508.4524173291559,RandomAgent_1,1509.2453889060014,EpsilonGreedyAgent_1,1509.5549811501135,UCB_BaselineAgent_1,1509.2453889060014,RiskAverseEpsilonGreedyAgent_1,1509.4004158563882,RiskAverseUCBAgent_1,1512.0586085453795,RandomAgent_2,1509.2453889060014,EpsilonGreedyAgent_2,1509.4004158563882,UCB_BaselineAgent_2,1509.2453889060014,RiskAverseEpsilonGreedyAgent_2,1511.9611578576903,RiskAverseUCBAgent_2
high_congestion_linear_share_cb_transparent_ratio06_halt5,circuit_breaker,high_congestion,linear_share,2,10000,10,5,6,0.6,5,0.0,True,74073.21617965406,7.4073216179654064,0.7407321617965406,2.648719893258772,35092,3.5092,0,14,0,4.993,0.08022674837826926,5613.799665880048,RandomAgent_1,8037.2219926764865,EpsilonGreedyAgent_1,8640.819616888512,UCB_BaselineAgent_1,7410.236107296279,RiskAverseEpsilonGreedyAgent_1,6275.846686944286,RiskAverseUCBAgent_1,5646.769117353437,RandomAgent_2,8395.441718714279,EpsilonGreedyAgent_2,7796.134801196877,UCB_BaselineAgent_2,8461.576984882115,RiskAverseEpsilonGreedyAgent_2,7795.369487821741,RiskAverseUCBAgent_2
high_congestion_linear_share_cb_transparent_ratio06_halt5,circuit_breaker,high_congestion,linear_share,3,10000,10,5,6,0.6,5,0.0,True,16587.65273682391,1.658765273682391,0.1658765273682391,1.58328957654612,10611,1.0611,0,9736,0,0.133,0.010710745800465826,1624.6202618958216,RandomAgent_1,1693.6015088109916,EpsilonGreedyAgent_1,1659.9085055678984,UCB_BaselineAgent_1,1649.7352572942045,RiskAverseEpsilonGreedyAgent_1,1621.5133405227618,RiskAverseUCBAgent_1,1646.474432276839,RandomAgent_2,1650.7871405346007,EpsilonGreedyAgent_2,1723.122217063467,UCB_BaselineAgent_2,1692.7408962805764,RiskAverseEpsilonGreedyAgent_2,1625.1491765767514,RiskAverseUCBAgent_2
high_congestion_linear_share_cb_transparent_ratio06_halt5,circuit_breaker,high_congestion,linear_share,4,10000,10,5,6,0.6,5,0.0,True,15443.950020974988,1.5443950020974988,0.15443950020974986,1.3249967570457555,10168,1.0168,0,9924,0,0.039,0.002567067202907447,1553.6202472235063,RandomAgent_1,1552.812379069247,EpsilonGreedyAgent_1,1539.1146629553032,UCB_BaselineAgent_1,1553.4042167691755,RiskAverseEpsilonGreedyAgent_1,1538.124314291168,RiskAverseUCBAgent_1,1554.565525702374,RandomAgent_2,1538.0925319709097,EpsilonGreedyAgent_2,1540.155142154183,UCB_BaselineAgent_2,1537.455511981806,RiskAverseEpsilonGreedyAgent_2,1536.6054888573149,RiskAverseUCBAgent_2
high_congestion_linear_share_cb_transparent_ratio06_halt5,circuit_breaker,high_congestion,linear_share,5,10000,10,5,6,0.6,5,0.0,True,73513.15478299929,7.351315478299929,0.7351315478299929,2.6467453219021806,35389,3.5389,0,33,0,4.9835,0.0768489023985306,5582.176836969317,RandomAgent_1,8111.977713304682,EpsilonGreedyAgent_1,7782.330439115613,UCB_BaselineAgent_1,8057.175302777323,RiskAverseEpsilonGreedyAgent_1,7285.937244929972,RiskAverseUCBAgent_1,5602.410792906618,RandomAgent_2,7918.810822714645,EpsilonGreedyAgent_2,8604.817495543648,UCB_BaselineAgent_2,8194.555811872347,RiskAverseEpsilonGreedyAgent_2,6372.962322865131,RiskAverseUCBAgent_2
high_congestion_linear_share_cb_transparent_ratio06_halt5,circuit_breaker,high_congestion,linear_share,6,10000,10,5,6,0.6,5,0.0,True,74479.10834418055,7.447910834418055,0.7447910834418056,2.663995304824526,35115,3.5115,0,19,0,4.9905,0.07769059170965753,5669.156430319085,RandomAgent_1,8473.841120755942,EpsilonGreedyAgent_1,8021.260906597523,UCB_BaselineAgent_1,8163.948655405234,RiskAverseEpsilonGreedyAgent_1,6354.687946734149,RiskAverseUCBAgent_1,5667.452136139319,RandomAgent_2,8488.277223528794,EpsilonGreedyAgent_2,8039.456926133154,UCB_BaselineAgent_2,8363.690012091152,RiskAverseEpsilonGreedyAgent_2,7237.336986476196,RiskAverseUCBAgent_2
high_congestion_linear_share_cb_transparent_ratio06_halt5,circuit_breaker,high_congestion,linear_share,7,10000,10,5,6,0.6,5,0.0,True,47490.30093177034,4.749030093177034,0.4749030093177034,3.6280883968038435,23064,2.3064,0,4499,0,2.7515,0.10852219164585764,3873.479717470464,RandomAgent_1,5106.100210533822,EpsilonGreedyAgent_1,5093.916811296217,UCB_BaselineAgent_1,4590.139903447746,RiskAverseEpsilonGreedyAgent_1,3950.67687907302,RiskAverseUCBAgent_1,3837.19550692003,RandomAgent_2,4915.794526302871,EpsilonGreedyAgent_2,7619.701683929917,UCB_BaselineAgent_2,4601.382952516041,RiskAverseEpsilonGreedyAgent_2,3901.9127402802137,RiskAverseUCBAgent_2
high_congestion_linear_share_cb_transparent_ratio06_halt5,circuit_breaker,high_congestion,linear_share,8,10000,10,5,6,0.6,5,0.0,True,73759.69908200676,7.375969908200676,0.7375969908200676,2.6448611940153834,35169,3.5169,0,16,0,4.992,0.07997171379735635,5557.370666660811,RandomAgent_1,8484.365445228932,EpsilonGreedyAgent_1,8260.637474553949,UCB_BaselineAgent_1,8574.188289290658,RiskAverseEpsilonGreedyAgent_1,7338.394720741569,RiskAverseUCBAgent_1,5726.978070669119,RandomAgent_2,7775.4417038425745,EpsilonGreedyAgent_2,7711.780377973836,UCB_BaselineAgent_2,8104.359043859911,RiskAverseEpsilonGreedyAgent_2,6226.183289185395,RiskAverseUCBAgent_2
high_congestion_linear_share_cb_transparent_ratio06_halt5,circuit_breaker,high_congestion,linear_share,9,10000,10,5,6,0.6,5,0.0,True,74215.17358002602,7.421517358002602,0.7421517358002602,2.6570349644205855,35313,3.5313,0,20,0,4.99,0.0764063997629838,5705.477226898304,RandomAgent_1,8312.534746375812,EpsilonGreedyAgent_1,7970.99107396755,UCB_BaselineAgent_1,7765.981994132868,RiskAverseEpsilonGreedyAgent_1,6412.001220506843,RiskAverseUCBAgent_1,5643.955852513702,RandomAgent_2,7993.827182941725,EpsilonGreedyAgent_2,8708.365352078274,UCB_BaselineAgent_2,8231.960792953842,RiskAverseEpsilonGreedyAgent_2,7470.0781376571085,RiskAverseUCBAgent_2
high_congestion_linear_share_cb_transparent_ratio06_halt5,circuit_breaker,high_congestion,linear_share,10,10000,10,5,6,0.6,5,0.0,True,73630.27448232056,7.363027448232056,0.7363027448232056,2.6505808488312184,35597,3.5597,0,8,0,4.996,0.07785716062057535,5683.280336758803,RandomAgent_1,8394.728584274968,EpsilonGreedyAgent_1,7959.132890895469,UCB_BaselineAgent_1,8192.247658447399,RiskAverseEpsilonGreedyAgent_1,7438.991654041732,RiskAverseUCBAgent_1,5558.88644368102,RandomAgent_2,7689.5370320049415,EpsilonGreedyAgent_2,8649.602523883903,UCB_BaselineAgent_2,7659.4990928725465,RiskAverseEpsilonGreedyAgent_2,6404.368265459773,RiskAverseUCBAgent_2
high_congestion_linear_share_cb_transparent_ratio06_halt5,circuit_breaker,high_congestion,linear_share,11,10000,10,5,6,0.6,5,0.0,True,73854.47644995972,7.385447644995972,0.7385447644995973,2.6316280373906196,35327,3.5327,0,19,0,4.9915,0.08317124665798459,5632.916291910051,RandomAgent_1,8762.780382181962,EpsilonGreedyAgent_1,7933.720410657885,UCB_BaselineAgent_1,7548.301548923616,RiskAverseEpsilonGreedyAgent_1,7292.425595639032,RiskAverseUCBAgent_1,5555.687371241237,RandomAgent_2,8314.494854151604,EpsilonGreedyAgent_2,8082.4846503424,UCB_BaselineAgent_2,8443.543512418357,RiskAverseEpsilonGreedyAgent_2,6288.121832493582,RiskAverseUCBAgent_2
high_congestion_linear_share_cb_transparent_ratio06_halt5,circuit_breaker,high_congestion,linear_share,12,10000,10,5,6,0.6,5,0.0,True,74286.1876898898,7.42861876898898,0.742861876898898,2.62983316041285,35495,3.5495,0,8,0,4.996,0.0775354648332709,5685.59553136613,RandomAgent_1,7874.907101547221,EpsilonGreedyAgent_1,8736.728724177903,UCB_BaselineAgent_1,8331.495986679909,RiskAverseEpsilonGreedyAgent_1,6458.475665839748,RiskAverseUCBAgent_1,5647.209853206927,RandomAgent_2,7978.755915586036,EpsilonGreedyAgent_2,7859.570173694942,UCB_BaselineAgent_2,8341.527974765804,RiskAverseEpsilonGreedyAgent_2,7371.92076302518,RiskAverseUCBAgent_2
high_congestion_linear_share_cb_transparent_ratio06_halt5,circuit_breaker,high_congestion,linear_share,13,10000,10,5,6,0.6,5,0.0,True,73851.56231262017,7.385156231262017,0.7385156231262017,2.6757250941738047,35144,3.5144,0,18,0,4.991,0.07271373083104016,5693.5988179908,RandomAgent_1,7875.739930352524,EpsilonGreedyAgent_1,8564.16575404962,UCB_BaselineAgent_1,8238.077636338903,RiskAverseEpsilonGreedyAgent_1,7272.148855068149,RiskAverseUCBAgent_1,5679.369726161931,RandomAgent_2,7405.424089906433,EpsilonGreedyAgent_2,7982.130910378375,UCB_BaselineAgent_2,8292.178040271581,RiskAverseEpsilonGreedyAgent_2,6848.7285521018475,RiskAverseUCBAgent_2
high_congestion_linear_share_cb_transparent_ratio06_halt5,circuit_breaker,high_congestion,linear_share,14,10000,10,5,6,0.6,5,0.0,True,15664.622545165761,1.566462254516576,0.1566462254516576,1.3510679393513603,10215,1.0215,0,9900,0,0.051,0.003579433252445696,1565.901208352229,RandomAgent_1,1580.371951056019,EpsilonGreedyAgent_1,1554.9119875968534,UCB_BaselineAgent_1,1568.7659451444113,RiskAverseEpsilonGreedyAgent_1,1565.1454613086219,RiskAverseUCBAgent_1,1556.8725679075064,RandomAgent_2,1578.5541018209706,EpsilonGreedyAgent_2,1579.2840189407739,UCB_BaselineAgent_2,1564.1049007735683,RiskAverseEpsilonGreedyAgent_2,1550.710402264808,RiskAverseUCBAgent_2
high_congestion_linear_share_cb_transparent_ratio06_halt5,circuit_breaker,high_congestion,linear_share,15,10000,10,5,6,0.6,5,0.0,True,74314.2361333597,7.431423613335969,0.7431423613335969,2.6517426265870974,35492,3.5492,0,12,0,4.994,0.0780581195100214,5661.367832313594,RandomAgent_1,7976.744443395976,EpsilonGreedyAgent_1,8759.266409138203,UCB_BaselineAgent_1,7773.463457889974,RiskAverseEpsilonGreedyAgent_1,6473.07330080033,RiskAverseUCBAgent_1,5650.647222712762,RandomAgent_2,8215.177158937475,EpsilonGreedyAgent_2,8010.111711063423,UCB_BaselineAgent_2,8409.931578424563,RiskAverseEpsilonGreedyAgent_2,7384.4530186834,RiskAverseUCBAgent_2
high_congestion_linear_share_cb_transparent_ratio06_halt5,circuit_breaker,high_congestion,linear_share,16,10000,10,5,6,0.6,5,0.0,True,73630.65469069067,7.363065469069067,0.7363065469069068,2.6387087487622103,35451,3.5451,0,30,0,4.985,0.08023835507876353,5655.1654170726615,RandomAgent_1,7814.134443447039,EpsilonGreedyAgent_1,7890.26042419494,UCB_BaselineAgent_1,8314.196054409673,RiskAverseEpsilonGreedyAgent_1,6290.9151326555175,RiskAverseUCBAgent_1,5578.373181164797,RandomAgent_2,8163.690152594956,EpsilonGreedyAgent_2,8693.169941707656,UCB_BaselineAgent_2,8114.314933529193,RiskAverseEpsilonGreedyAgent_2,7116.435009914245,RiskAverseUCBAgent_2
high_congestion_linear_share_cb_transparent_ratio06_halt5,circuit_breaker,high_congestion,linear_share,17,10000,10,5,6,0.6,5,0.0,True,15406.552586521255,1.5406552586521254,0.15406552586521255,1.3015707967266614,10119,1.0119,0,9946,0,0.028,0.0024986229586041464,1541.19171847842,RandomAgent_1,1559.4135664453531,EpsilonGreedyAgent_1,1546.7341813192752,UCB_BaselineAgent_1,1536.3689637917082,RiskAverseEpsilonGreedyAgent_1,1535.5478241950912,RiskAverseUCBAgent_1,1532.0902446658663,RandomAgent_2,1538.1380013139315,EpsilonGreedyAgent_2,1540.8875721711452,UCB_BaselineAgent_2,1534.0398991531877,RiskAverseEpsilonGreedyAgent_2,1542.140614987276,RiskAverseUCBAgent_2
high_congestion_linear_share_cb_transparent_ratio06_halt5,circuit_breaker,high_congestion,linear_share,18,10000,10,5,6,0.6,5,0.0,True,73686.89312432664,7.3686893124326645,0.7368689312432665,2.655685393486477,34957,3.4957,0,11,0,4.9945,0.07384578332096292,5707.971324698167,RandomAgent_1,8619.62131887778,EpsilonGreedyAgent_1,8420.224870990081,UCB_BaselineAgent_1,7304.243045999149,RiskAverseEpsilonGreedyAgent_1,7585.393848278013,RiskAverseUCBAgent_1,5674.472914844704,RandomAgent_2,8084.045312893751,EpsilonGreedyAgent_2,7724.659690763586,UCB_BaselineAgent_2,7888.386711018622,RiskAverseEpsilonGreedyAgent_2,6677.87408596279,RiskAverseUCBAgent_2
high_congestion_linear_share_cb_transparent_ratio06_halt5,circuit_breaker,high_congestion,linear_share,19,10000,10,5,6,0.6,5,0.0,True,27779.452281097412,2.777945228109741,0.2777945228109741,2.9254897718339885,15069,1.5069,0,7802,0,1.1,0.04533112699764685,2458.158618246434,RandomAgent_1,3010.668679249145,EpsilonGreedyAgent_1,2554.6504823267355,UCB_BaselineAgent_1,3131.900797728948,RiskAverseEpsilonGreedyAgent_1,2962.027822859474,RiskAverseUCBAgent_1,2493.892735578694,RandomAgent_2,2880.4752659428555,EpsilonGreedyAgent_2,2701.6431065814054,UCB_BaselineAgent_2,2909.002171247537,RiskAverseEpsilonGreedyAgent_2,2677.0326013361832,RiskAverseUCBAgent_2
high_congestion_linear_share_cb_transparent_ratio06_halt5,circuit_breaker,high_congestion,linear_share,20,10000,10,5,6,0.6,5,0.0,True,15681.074036349157,1.5681074036349156,0.15681074036349157,1.416957365091203,10314,1.0314,0,9866,0,0.068,0.0050562609782818235,1555.2122135277925,RandomAgent_1,1562.1140962212219,EpsilonGreedyAgent_1,1564.5727285520877,UCB_BaselineAgent_1,1570.6242586776355,RiskAverseEpsilonGreedyAgent_1,1547.1179554613443,RiskAverseUCBAgent_1,1555.1663457086822,RandomAgent_2,1568.590238338251,EpsilonGreedyAgent_2,1591.5054300607183,UCB_BaselineAgent_2,1594.555814409927,RiskAverseEpsilonGreedyAgent_2,1571.6149553914968,RiskAverseUCBAgent_2
high_congestion_linear_share_cb_transparent_ratio06_halt5,circuit_breaker,high_congestion,linear_share,21,10000,10,5,6,0.6,5,0.0,True,74325.82137989638,7.432582137989638,0.7432582137989638,2.6245701847733205,35781,3.5781,0,13,0,4.9935,0.08837441280468217,5565.095703098941,RandomAgent_1,8272.515325587403,EpsilonGreedyAgent_1,8064.44451035352,UCB_BaselineAgent_1,6734.3699394377645,RiskAverseEpsilonGreedyAgent_1,7551.834350910586,RiskAverseUCBAgent_1,5567.068598115889,RandomAgent_2,7979.112500906692,EpsilonGreedyAgent_2,8817.67339095088,UCB_BaselineAgent_2,6771.505514319281,RiskAverseEpsilonGreedyAgent_2,9002.201546215429,RiskAverseUCBAgent_2
high_congestion_linear_share_cb_transparent_ratio06_halt5,circuit_breaker,high_congestion,linear_share,22,10000,10,5,6,0.6,5,0.0,True,17956.10071400224,1.795610071400224,0.1795610071400224,1.8491831943361274,11231,1.1231,0,9458,0,0.272,0.016805651388558607,1743.5200030218098,RandomAgent_1,1824.6075197508635,EpsilonGreedyAgent_1,1844.9649270546322,UCB_BaselineAgent_1,1886.3202550376748,RiskAverseEpsilonGreedyAgent_1,1749.163105504788,RiskAverseUCBAgent_1,1746.531980212397,RandomAgent_2,1838.010440555353,EpsilonGreedyAgent_2,1796.204030430061,UCB_BaselineAgent_2,1818.412748329391,RiskAverseEpsilonGreedyAgent_2,1708.3657041052718,RiskAverseUCBAgent_2
high_congestion_linear_share_cb_transparent_ratio06_halt5,circuit_breaker,high_congestion,linear_share,23,10000,10,5,6,0.6,5,0.0,True,74237.22477370042,7.423722477370042,0.7423722477370042,2.6357638667885777,34242,3.4242,0,30,0,4.985,0.07972689086772955,5715.797207296655,RandomAgent_1,8296.349659904814,EpsilonGreedyAgent_1,6595.960116799828,UCB_BaselineAgent_1,8340.370093885684,RiskAverseEpsilonGreedyAgent_1,7467.421879331512,RiskAverseUCBAgent_1,5616.627452943562,RandomAgent_2,7469.38922734035,EpsilonGreedyAgent_2,7487.629625271602,UCB_BaselineAgent_2,8354.465258645041,RiskAverseEpsilonGreedyAgent_2,8893.21425228137,RiskAverseUCBAgent_2
high_congestion_linear_share_cb_transparent_ratio06_halt5,circuit_breaker,high_congestion,linear_share,24,10000,10,5,6,0.6,5,0.0,True,14947.805754094119,1.494780575409412,0.14947805754094118,1.2561200481289039,10027,1.0027,0,9990,0,0.006,0.0006348976369818793,1495.584997259482,RandomAgent_1,1493.1328391009508,EpsilonGreedyAgent_1,1493.9855325889957,UCB_BaselineAgent_1,1493.078946878849,RiskAverseEpsilonGreedyAgent_1,1495.0250586939273,RiskAverseUCBAgent_1,1495.0101903704235,RandomAgent_2,1497.056675734532,EpsilonGreedyAgent_2,1497.918659730887,UCB_BaselineAgent_2,1494.8146687615515,RiskAverseEpsilonGreedyAgent_2,1492.19818497452,RiskAverseUCBAgent_2
high_congestion_linear_share_cb_transparent_ratio06_halt5,circuit_breaker,high_congestion,linear_share,25,10000,10,5,6,0.6,5,0.0,True,74404.98505712303,7.440498505712304,0.7440498505712303,2.6343096182002554,35012,3.5012,0,10,0,4.995,0.11815708861227292,5766.436586928706,RandomAgent_1,8389.899734262293,EpsilonGreedyAgent_1,8645.153238623523,UCB_BaselineAgent_1,7703.36262764625,RiskAverseEpsilonGreedyAgent_1,7101.571658103067,RiskAverseUCBAgent_1,5652.651862053864,RandomAgent_2,6814.160801118349,EpsilonGreedyAgent_2,11524.290928600101,UCB_BaselineAgent_2,6804.643326406433,RiskAverseEpsilonGreedyAgent_2,6002.814293380456,RiskAverseUCBAgent_2
high_congestion_linear_share_cb_transparent_ratio06_halt5,circuit_breaker,high_congestion,linear_share,26,10000,10,5,6,0.6,5,0.0,True,15053.096856013342,1.5053096856013342,0.15053096856013343,1.226215287816452,10026,1.0026,0,9991,0,0.0055,0.0005266751919419388,1507.1127929715403,RandomAgent_1,1504.5261568314786,EpsilonGreedyAgent_1,1504.5160820092838,UCB_BaselineAgent_1,1503.8426352029583,RiskAverseEpsilonGreedyAgent_1,1508.705487682686,RiskAverseUCBAgent_1,1505.0930178804365,RandomAgent_2,1503.3884457601089,EpsilonGreedyAgent_2,1504.90562702861,UCB_BaselineAgent_2,1505.2625592329205,RiskAverseEpsilonGreedyAgent_2,1505.74405141332,RiskAverseUCBAgent_2
high_congestion_linear_share_cb_transparent_ratio06_halt5,circuit_breaker,high_congestion,linear_share,27,10000,10,5,6,0.6,5,0.0,True,73902.42002056928,7.390242002056928,0.7390242002056927,2.6184345044447195,34546,3.4546,0,25,0,4.9875,0.0774859676188191,5601.70492463287,RandomAgent_1,7801.639840542727,EpsilonGreedyAgent_1,7762.964555517973,UCB_BaselineAgent_1,8155.853292788341,RiskAverseEpsilonGreedyAgent_1,8880.216092548904,RiskAverseUCBAgent_1,5589.062079749182,RandomAgent_2,8107.525949826333,EpsilonGreedyAgent_2,6505.930242756037,UCB_BaselineAgent_2,8035.082643436787,RiskAverseEpsilonGreedyAgent_2,7462.440398770128,RiskAverseUCBAgent_2
high_congestion_linear_share_cb_transparent_ratio06_halt5,circuit_breaker,high_congestion,linear_share,28,10000,10,5,6,0.6,5,0.0,True,73066.53917164597,7.3066539171645974,0.7306653917164597,2.604100796706916,34965,3.4965,0,17,0,4.9915,0.10655711016759972,5680.030083075912,RandomAgent_1,7174.685958506955,EpsilonGreedyAgent_1,10715.448343137532,UCB_BaselineAgent_1,7751.680949859299,RiskAverseEpsilonGreedyAgent_1,6212.987911104824,RiskAverseUCBAgent_1,5630.792604022325,RandomAgent_2,8249.780207363528,EpsilonGreedyAgent_2,8226.979151368561,UCB_BaselineAgent_2,6940.10849947535,RiskAverseEpsilonGreedyAgent_2,6484.045463731682,RiskAverseUCBAgent_2
high_congestion_linear_share_cb_transparent_ratio06_halt5,circuit_breaker,high_congestion,linear_share,29,10000,10,5,6,0.6,5,0.0,True,16102.597042407644,1.6102597042407645,0.16102597042407643,1.4698043618187557,10424,1.0424,0,9810,0,0.096,0.008871264122901401,1599.9164669851245,RandomAgent_1,1662.6346390709066,EpsilonGreedyAgent_1,1592.7338881855,UCB_BaselineAgent_1,1606.374581355183,RiskAverseEpsilonGreedyAgent_1,1574.7566948272195,RiskAverseUCBAgent_1,1590.687553060424,RandomAgent_2,1646.214460224068,EpsilonGreedyAgent_2,1604.2953683825592,UCB_BaselineAgent_2,1632.8530036616633,RiskAverseEpsilonGreedyAgent_2,1592.1303866549968,RiskAverseUCBAgent_2
high_congestion_linear_share_cb_opaque_ratio08_halt3,circuit_breaker,high_congestion,linear_share,0,10000,10,5,8,0.8,3,0.0,False,74403.91565930839,7.440391565930839,0.744039156593084,2.6145758983628937,35330,3.533,0,0,0,5.0,0.08609998481561143,5686.778337123657,RandomAgent_1,7876.763919338315,EpsilonGreedyAgent_1,8756.860032316483,UCB_BaselineAgent_1,8600.293710976148,RiskAverseEpsilonGreedyAgent_1,6856.017445175172,RiskAverseUCBAgent_1,5689.861042889504,RandomAgent_2,8477.826847089771,EpsilonGreedyAgent_2,8101.951091543217,UCB_BaselineAgent_2,8224.942905461916,RiskAverseEpsilonGreedyAgent_2,6132.6203273942065,RiskAverseUCBAgent_2
high_congestion_linear_share_cb_opaque_ratio08_halt3,circuit_breaker,high_congestion,linear_share,1,10000,10,5,8,0.8,3,0.0,False,73791.91373800367,7.379191373800367,0.7379191373800367,2.641412094442742,34515,3.4515,0,0,0,5.0,0.13121877751378497,5811.971161252791,RandomAgent_1,7089.359247625932,EpsilonGreedyAgent_1,8179.955353098249,UCB_BaselineAgent_1,7056.58871881734,RiskAverseEpsilonGreedyAgent_1,6232.368417240998,RiskAverseUCBAgent_1,5774.434914269177,RandomAgent_2,8343.589808704932,EpsilonGreedyAgent_2,12804.150871951262,UCB_BaselineAgent_2,6829.422504826388,RiskAverseEpsilonGreedyAgent_2,5670.072740216598,RiskAverseUCBAgent_2
high_congestion_linear_share_cb_opaque_ratio08_halt3,circuit_breaker,high_congestion,linear_share,2,10000,10,5,8,0.8,3,0.0,False,73548.71594184081,7.354871594184081,0.7354871594184081,2.6586877161301947,35418,3.5418,0,0,0,5.0,0.07864400352282686,5647.269873276066,RandomAgent_1,7844.9118472469945,EpsilonGreedyAgent_1,8037.590424037912,UCB_BaselineAgent_1,8225.540936739968,RiskAverseEpsilonGreedyAgent_1,6238.333733782058,RiskAverseUCBAgent_1,5575.617751419078,RandomAgent_2,8196.125882592645,EpsilonGreedyAgent_2,8553.890405885311,UCB_BaselineAgent_2,8115.994893598381,RiskAverseEpsilonGreedyAgent_2,7113.440193262401,RiskAverseUCBAgent_2
high_congestion_linear_share_cb_opaque_ratio08_halt3,circuit_breaker,high_congestion,linear_share,3,10000,10,5,8,0.8,3,0.0,False,74524.35671172009,7.452435671172009,0.7452435671172009,2.6389710528680506,35144,3.5144,0,0,0,5.0,0.0768928425644102,5747.768293095109,RandomAgent_1,8515.65578495438,EpsilonGreedyAgent_1,7992.963804125071,UCB_BaselineAgent_1,8534.25537218198,RiskAverseEpsilonGreedyAgent_1,6347.751718221709,RiskAverseUCBAgent_1,5653.020111301676,RandomAgent_2,8270.75885318025,EpsilonGreedyAgent_2,8116.254841143383,UCB_BaselineAgent_2,8016.128473499146,RiskAverseEpsilonGreedyAgent_2,7329.799460017391,RiskAverseUCBAgent_2
high_congestion_linear_share_cb_opaque_ratio08_halt3,circuit_breaker,high_congestion,linear_share,4,10000,10,5,8,0.8,3,0.0,False,73755.11875003795,7.375511875003794,0.7375511875003794,2.6361960931358586,35390,3.539,0,0,0,5.0,0.07940917309028483,5629.607161574074,RandomAgent_1,8375.68376027887,EpsilonGreedyAgent_1,7898.864182841546,UCB_BaselineAgent_1,8223.58648678729,RiskAverseEpsilonGreedyAgent_1,7238.044673864166,RiskAverseUCBAgent_1,5646.221395733061,RandomAgent_2,8616.747840177553,EpsilonGreedyAgent_2,7808.255661868545,UCB_BaselineAgent_2,8084.244781644779,RiskAverseEpsilonGreedyAgent_2,6233.862805268061,RiskAverseUCBAgent_2
high_congestion_linear_share_cb_opaque_ratio08_halt3,circuit_breaker,high_congestion,linear_share,5,10000,10,5,8,0.8,3,0.0,False,73988.40615385599,7.398840615385599,0.7398840615385599,2.610916233443911,34234,3.4234,0,0,0,5.0,0.1311974755608769,5775.210437561684,RandomAgent_1,8461.937213356956,EpsilonGreedyAgent_1,8328.15686658576,UCB_BaselineAgent_1,7150.6801000554515,RiskAverseEpsilonGreedyAgent_1,5845.953524598233,RiskAverseUCBAgent_1,5820.951544829817,RandomAgent_2,7107.458491170493,EpsilonGreedyAgent_2,12685.514908340918,UCB_BaselineAgent_2,6929.1974328400565,RiskAverseEpsilonGreedyAgent_2,5883.345634516615,RiskAverseUCBAgent_2
high_congestion_linear_share_cb_opaque_ratio08_halt3,circuit_breaker,high_congestion,linear_share,6,10000,10,5,8,0.8,3,0.0,False,74109.46981689343,7.410946981689342,0.7410946981689343,2.665838505043332,35197,3.5197,0,0,0,5.0,0.07430993785588269,5630.884419744515,RandomAgent_1,8333.45714483554,EpsilonGreedyAgent_1,7622.33554468983,UCB_BaselineAgent_1,8452.085668113688,RiskAverseEpsilonGreedyAgent_1,7388.302172061396,RiskAverseUCBAgent_1,5705.880223060692,RandomAgent_2,7839.3192615863145,EpsilonGreedyAgent_2,7973.357260103654,UCB_BaselineAgent_2,8478.93060977682,RiskAverseEpsilonGreedyAgent_2,6684.917512920971,RiskAverseUCBAgent_2
high_congestion_linear_share_cb_opaque_ratio08_halt3,circuit_breaker,high_congestion,linear_share,7,10000,10,5,8,0.8,3,0.0,False,74024.7374016069,7.40247374016069,0.7402473740160689,2.648405154942702,34766,3.4766,0,0,0,5.0,0.07951329431457443,5669.207033588459,RandomAgent_1,8857.968922725167,EpsilonGreedyAgent_1,8468.12331018773,UCB_BaselineAgent_1,7333.107328369904,RiskAverseEpsilonGreedyAgent_1,7779.8102398806805,RiskAverseUCBAgent_1,5675.912305022075,RandomAgent_2,7995.725344246379,EpsilonGreedyAgent_2,7750.044703902974,UCB_BaselineAgent_2,8107.174476215107,RiskAverseEpsilonGreedyAgent_2,6387.663737468411,RiskAverseUCBAgent_2
high_congestion_linear_share_cb_opaque_ratio08_halt3,circuit_breaker,high_congestion,linear_share,8,10000,10,5,8,0.8,3,0.0,False,73753.16756333529,7.375316756333529,0.7375316756333529,2.631042463334499,35422,3.5422,0,0,0,5.0,0.07735884225723222,5605.675191869027,RandomAgent_1,8215.283805216768,EpsilonGreedyAgent_1,8537.876552817615,UCB_BaselineAgent_1,8400.812575391485,RiskAverseEpsilonGreedyAgent_1,7337.782547887258,RiskAverseUCBAgent_1,5588.245958496772,RandomAgent_2,7850.226101308729,EpsilonGreedyAgent_2,7914.965285785218,UCB_BaselineAgent_2,7915.705834675187,RiskAverseEpsilonGreedyAgent_2,6386.593709887228,RiskAverseUCBAgent_2
high_congestion_linear_share_cb_opaque_ratio08_halt3,circuit_breaker,high_congestion,linear_share,9,10000,10,5,8,0.8,3,0.0,False,74402.02749300683,7.440202749300683,0.7440202749300683,2.6483756671922287,33767,3.3767,0,0,0,5.0,0.08081307821226158,5640.093111297792,RandomAgent_1,7716.211821518616,EpsilonGreedyAgent_1,7680.503215846214,UCB_BaselineAgent_1,8931.116286457014,RiskAverseEpsilonGreedyAgent_1,7531.004217569866,RiskAverseUCBAgent_1,5694.627523576171,RandomAgent_2,7943.465829142845,EpsilonGreedyAgent_2,6476.48467259267,UCB_BaselineAgent_2,8020.281512217591,RiskAverseEpsilonGreedyAgent_2,8768.239302788048,RiskAverseUCBAgent_2
high_congestion_linear_share_cb_opaque_ratio08_halt3,circuit_breaker,high_congestion,linear_share,10,10000,10,5,8,0.8,3,0.0,False,73777.98264516047,7.377798264516048,0.7377798264516048,2.6472358121740664,35564,3.5564,0,0,0,5.0,0.08108158125047726,5542.263133252074,RandomAgent_1,7808.824591937185,EpsilonGreedyAgent_1,8497.170596042266,UCB_BaselineAgent_1,7606.173177428751,RiskAverseEpsilonGreedyAgent_1,8577.173982178496,RiskAverseUCBAgent_1,5542.960177383299,RandomAgent_2,7889.584742801289,EpsilonGreedyAgent_2,8467.50436952247,UCB_BaselineAgent_2,7424.698127498427,RiskAverseEpsilonGreedyAgent_2,6421.629747116213,RiskAverseUCBAgent_2
high_congestion_linear_share_cb_opaque_ratio08_halt3,circuit_breaker,high_congestion,linear_share,11,10000,10,5,8,0.8,3,0.0,False,73764.66067806592,7.376466067806592,0.7376466067806592,2.6485873327521983,35697,3.5697,0,0,0,5.0,0.0792441968649451,5614.251200859644,RandomAgent_1,7837.92210588494,EpsilonGreedyAgent_1,8596.204268047093,UCB_BaselineAgent_1,7761.027694249059,RiskAverseEpsilonGreedyAgent_1,6367.20613197989,RiskAverseUCBAgent_1,5523.771507131476,RandomAgent_2,8135.835836598762,EpsilonGreedyAgent_2,8087.899370474643,UCB_BaselineAgent_2,7396.546250377467,RiskAverseEpsilonGreedyAgent_2,8443.996312462941,RiskAverseUCBAgent_2
high_congestion_linear_share_cb_opaque_ratio08_halt3,circuit_breaker,high_congestion,linear_share,12,10000,10,5,8,0.8,3,0.0,False,73828.88751463886,7.382888751463886,0.7382888751463886,2.642722106611647,34208,3.4208,0,0,0,5.0,0.12129711497191908,5656.919307620609,RandomAgent_1,8320.732286593888,EpsilonGreedyAgent_1,8072.8754438042115,UCB_BaselineAgent_1,7202.349534857096,RiskAverseEpsilonGreedyAgent_1,6221.520954082334,RiskAverseUCBAgent_1,5690.604037891345,RandomAgent_2,7286.631179717118,EpsilonGreedyAgent_2,12088.409223620421,UCB_BaselineAgent_2,7224.145492899196,RiskAverseEpsilonGreedyAgent_2,6064.700053552637,RiskAverseUCBAgent_2
high_congestion_linear_share_cb_opaque_ratio08_halt3,circuit_breaker,high_congestion,linear_share,13,10000,10,5,8,0.8,3,0.0,False,74055.9233633657,7.40559233633657,0.7405592336336569,2.6399030516445228,35037,3.5037,0,0,0,5.0,0.07451157016242371,5666.769797664239,RandomAgent_1,7987.801563321073,EpsilonGreedyAgent_1,7406.151078786993,UCB_BaselineAgent_1,8295.66627407619,RiskAverseEpsilonGreedyAgent_1,6796.147545392811,RiskAverseUCBAgent_1,5599.295699497418,RandomAgent_2,7925.38871063332,EpsilonGreedyAgent_2,8423.186387166172,UCB_BaselineAgent_2,8506.65589644633,RiskAverseEpsilonGreedyAgent_2,7448.860410381158,RiskAverseUCBAgent_2
high_congestion_linear_share_cb_opaque_ratio08_halt3,circuit_breaker,high_congestion,linear_share,14,10000,10,5,8,0.8,3,0.0,False,73978.58316549852,7.397858316549852,0.7397858316549852,2.6654767773869645,35051,3.5051,0,0,0,5.0,0.09212316425862066,5611.169696168188,RandomAgent_1,8363.488571682956,EpsilonGreedyAgent_1,8347.839479227907,UCB_BaselineAgent_1,6587.483985198469,RiskAverseEpsilonGreedyAgent_1,7400.806097282788,RiskAverseUCBAgent_1,5678.922676464584,RandomAgent_2,9260.762638681777,EpsilonGreedyAgent_2,8714.542871052987,UCB_BaselineAgent_2,6627.5232383193415,RiskAverseEpsilonGreedyAgent_2,7386.043911419527,RiskAverseUCBAgent_2
high_congestion_linear_share_cb_opaque_ratio08_halt3,circuit_breaker,high_congestion,linear_share,15,10000,10,5,8,0.8,3,0.0,False,73998.30437732587,7.399830437732587,0.7399830437732587,2.6753727602970425,35443,3.5443,0,0,0,5.0,0.07893180222112695,5618.438997232457,RandomAgent_1,7947.123121835093,EpsilonGreedyAgent_1,8640.432245745065,UCB_BaselineAgent_1,8004.910560509139,RiskAverseEpsilonGreedyAgent_1,6426.179728613113,RiskAverseUCBAgent_1,5586.7530762422575,RandomAgent_2,8224.11030872213,EpsilonGreedyAgent_2,7964.909211804574,UCB_BaselineAgent_2,8398.832642102454,RiskAverseEpsilonGreedyAgent_2,7186.61448451959,RiskAverseUCBAgent_2
high_congestion_linear_share_cb_opaque_ratio08_halt3,circuit_breaker,high_congestion,linear_share,16,10000,10,5,8,0.8,3,0.0,False,74195.09709570938,7.419509709570939,0.7419509709570938,2.6269750950931474,35205,3.5205,0,0,0,5.0,0.07621372141602922,5670.328213891548,RandomAgent_1,8007.265717608313,EpsilonGreedyAgent_1,7914.932621408696,UCB_BaselineAgent_1,8565.668155468384,RiskAverseEpsilonGreedyAgent_1,6393.011709172721,RiskAverseUCBAgent_1,5744.00492932942,RandomAgent_2,8492.524661047075,EpsilonGreedyAgent_2,7889.14225651822,UCB_BaselineAgent_2,8215.15931632557,RiskAverseEpsilonGreedyAgent_2,7303.059514939439,RiskAverseUCBAgent_2
high_congestion_linear_share_cb_opaque_ratio08_halt3,circuit_breaker,high_congestion,linear_share,17,10000,10,5,8,0.8,3,0.0,False,73973.59908524682,7.397359908524683,0.7397359908524682,2.642968763611514,34232,3.4232,0,0,0,5.0,0.07434819891837852,5610.053766617428,RandomAgent_1,7817.894044481444,EpsilonGreedyAgent_1,7909.990810373215,UCB_BaselineAgent_1,7753.587665203371,RiskAverseEpsilonGreedyAgent_1,7628.560846229831,RiskAverseUCBAgent_1,5629.582178808801,RandomAgent_2,7781.546499355602,EpsilonGreedyAgent_2,6675.766205096977,UCB_BaselineAgent_2,8185.518665403931,RiskAverseEpsilonGreedyAgent_2,8981.098403676218,RiskAverseUCBAgent_2
high_congestion_linear_share_cb_opaque_ratio08_halt3,circuit_breaker,high_congestion,linear_share,18,10000,10,5,8,0.8,3,0.0,False,74057.65859666586,7.405765859666586,0.7405765859666587,2.6197412707534116,34440,3.444,0,0,0,5.0,0.12596210875876168,5768.117797004524,RandomAgent_1,8432.194703952135,EpsilonGreedyAgent_1,12418.740201328,UCB_BaselineAgent_1,7061.385996746246,RiskAverseEpsilonGreedyAgent_1,5979.487418700135,RiskAverseUCBAgent_1,5770.865038381295,RandomAgent_2,7302.117503300349,EpsilonGreedyAgent_2,8186.146538548904,UCB_BaselineAgent_2,7084.306812882907,RiskAverseEpsilonGreedyAgent_2,6054.296585821363,RiskAverseUCBAgent_2
high_congestion_linear_share_cb_opaque_ratio08_halt3,circuit_breaker,high_congestion,linear_share,19,10000,10,5,8,0.8,3,0.0,False,74178.76489374462,7.417876489374462,0.7417876489374462,2.6370970767768864,35387,3.5387,0,0,0,5.0,0.07943563154757549,5653.7202650922045,RandomAgent_1,8537.054432089892,EpsilonGreedyAgent_1,7933.102631212663,UCB_BaselineAgent_1,8295.333724193737,RiskAverseEpsilonGreedyAgent_1,7231.513611631089,RiskAverseUCBAgent_1,5604.1844053123095,RandomAgent_2,8494.615935262456,EpsilonGreedyAgent_2,8107.537155238227,UCB_BaselineAgent_2,8013.191247221687,RiskAverseEpsilonGreedyAgent_2,6308.511486490352,RiskAverseUCBAgent_2
high_congestion_linear_share_cb_opaque_ratio08_halt3,circuit_breaker,high_congestion,linear_share,20,10000,10,5,8,0.8,3,0.0,False,74135.61078469643,7.413561078469643,0.7413561078469643,2.663253083146061,35412,3.5412,0,0,0,5.0,0.07605837400023319,5679.67245448662,RandomAgent_1,7956.393389969445,EpsilonGreedyAgent_1,8585.064069706195,UCB_BaselineAgent_1,8245.771568550148,RiskAverseEpsilonGreedyAgent_1,6305.277088251741,RiskAverseUCBAgent_1,5636.371230979687,RandomAgent_2,7881.7139549323865,EpsilonGreedyAgent_2,8164.821986842901,UCB_BaselineAgent_2,8235.528242452925,RiskAverseEpsilonGreedyAgent_2,7444.996798524376,RiskAverseUCBAgent_2
high_congestion_linear_share_cb_opaque_ratio08_halt3,circuit_breaker,high_congestion,linear_share,21,10000,10,5,8,0.8,3,0.0,False,73466.94590823086,7.346694590823086,0.7346694590823086,2.643092429031501,35210,3.521,0,0,0,5.0,0.07517343651520147,5729.476565233393,RandomAgent_1,8368.733377617518,EpsilonGreedyAgent_1,8001.98265681121,UCB_BaselineAgent_1,8093.995610891519,RiskAverseEpsilonGreedyAgent_1,7129.517057508044,RiskAverseUCBAgent_1,5664.17635122355,RandomAgent_2,8324.92672191649,EpsilonGreedyAgent_2,7564.203211653736,UCB_BaselineAgent_2,8233.692027922316,RiskAverseEpsilonGreedyAgent_2,6356.242327453081,RiskAverseUCBAgent_2
high_congestion_linear_share_cb_opaque_ratio08_halt3,circuit_breaker,high_congestion,linear_share,22,10000,10,5,8,0.8,3,0.0,False,74033.34167609719,7.403334167609719,0.7403334167609719,2.6845392653830733,35276,3.5276,4,1,0,4.9997,0.07761242910778399,5685.787957717034,RandomAgent_1,8475.161291433154,EpsilonGreedyAgent_1,7807.387602731859,UCB_BaselineAgent_1,8387.268321282862,RiskAverseEpsilonGreedyAgent_1,7265.031810631354,RiskAverseUCBAgent_1,5649.039246460862,RandomAgent_2,8506.311315028199,EpsilonGreedyAgent_2,8054.566273906865,UCB_BaselineAgent_2,7779.904889229463,RiskAverseEpsilonGreedyAgent_2,6422.882967675529,RiskAverseUCBAgent_2
high_congestion_linear_share_cb_opaque_ratio08_halt3,circuit_breaker,high_congestion,linear_share,23,10000,10,5,8,0.8,3,0.0,False,74165.35354697128,7.416535354697128,0.7416535354697128,2.617252193408281,35568,3.5568,0,0,0,5.0,0.07817637519265941,5606.020798632726,RandomAgent_1,8281.214901090594,EpsilonGreedyAgent_1,8106.315090574417,UCB_BaselineAgent_1,7995.288246357482,RiskAverseEpsilonGreedyAgent_1,6335.530997214806,RiskAverseUCBAgent_1,5618.413403472736,RandomAgent_2,7942.896869339928,EpsilonGreedyAgent_2,8675.13914559572,UCB_BaselineAgent_2,8229.753758407836,RiskAverseEpsilonGreedyAgent_2,7374.78033628503,RiskAverseUCBAgent_2
high_congestion_linear_share_cb_opaque_ratio08_halt3,circuit_breaker,high_congestion,linear_share,24,10000,10,5,8,0.8,3,0.0,False,73707.307364224,7.3707307364224,0.7370730736422401,2.6448166109415308,35276,3.5276,0,0,0,5.0,0.07973763755421581,5685.305849440809,RandomAgent_1,7848.324080514564,EpsilonGreedyAgent_1,8726.733734934664,UCB_BaselineAgent_1,8187.7583101611335,RiskAverseEpsilonGreedyAgent_1,6853.946666349112,RiskAverseUCBAgent_1,5635.350781493333,RandomAgent_2,8173.104928719349,EpsilonGreedyAgent_2,7870.980985673125,UCB_BaselineAgent_2,8288.103904482106,RiskAverseEpsilonGreedyAgent_2,6437.698122455806,RiskAverseUCBAgent_2
high_congestion_linear_share_cb_opaque_ratio08_halt3,circuit_breaker,high_congestion,linear_share,25,10000,10,5,8,0.8,3,0.0,False,73971.40834755317,7.397140834755317,0.7397140834755317,2.643178546778287,34353,3.4353,0,0,0,5.0,0.1310852849030899,5825.01281239719,RandomAgent_1,8257.533010119105,EpsilonGreedyAgent_1,8476.192264561465,UCB_BaselineAgent_1,7101.580799064485,RiskAverseEpsilonGreedyAgent_1,5663.735724163844,RiskAverseUCBAgent_1,5800.168312469553,RandomAgent_2,7204.500405412151,EpsilonGreedyAgent_2,12628.028542101041,UCB_BaselineAgent_2,6860.557390511235,RiskAverseEpsilonGreedyAgent_2,6154.099086753096,RiskAverseUCBAgent_2
high_congestion_linear_share_cb_opaque_ratio08_halt3,circuit_breaker,high_congestion,linear_share,26,10000,10,5,8,0.8,3,0.0,False,74017.11068530525,7.401711068530525,0.7401711068530524,2.63353269104262,34945,3.4945,0,0,0,5.0,0.13147112323739685,5702.682708984351,RandomAgent_1,8620.924988098763,EpsilonGreedyAgent_1,8458.328972920595,UCB_BaselineAgent_1,6586.191476997634,RiskAverseEpsilonGreedyAgent_1,5740.249451936779,RiskAverseUCBAgent_1,5693.6377578545535,RandomAgent_2,7163.338764476389,EpsilonGreedyAgent_2,12501.027194152053,UCB_BaselineAgent_2,6627.82145593985,RiskAverseEpsilonGreedyAgent_2,6922.90791394428,RiskAverseUCBAgent_2
high_congestion_linear_share_cb_opaque_ratio08_halt3,circuit_breaker,high_congestion,linear_share,27,10000,10,5,8,0.8,3,0.0,False,73750.80863920249,7.375080863920249,0.7375080863920248,2.614931823064748,35136,3.5136,0,0,0,5.0,0.07870295389448101,5639.056367395867,RandomAgent_1,8643.88744436912,EpsilonGreedyAgent_1,8105.516906810517,UCB_BaselineAgent_1,7713.092444858556,RiskAverseEpsilonGreedyAgent_1,6381.421591461885,RiskAverseUCBAgent_1,5621.560279398341,RandomAgent_2,8269.039968377014,EpsilonGreedyAgent_2,7636.126026608778,UCB_BaselineAgent_2,8370.822881366283,RiskAverseEpsilonGreedyAgent_2,7370.284728556127,RiskAverseUCBAgent_2
high_congestion_linear_share_cb_opaque_ratio08_halt3,circuit_breaker,high_congestion,linear_share,28,10000,10,5,8,0.8,3,0.0,False,74035.89254706498,7.403589254706499,0.7403589254706499,2.6621346237129955,34758,3.4758,0,0,0,5.0,0.07360995446952323,5570.958642251474,RandomAgent_1,8265.454033076607,EpsilonGreedyAgent_1,6545.600582524072,UCB_BaselineAgent_1,8366.521744434405,RiskAverseEpsilonGreedyAgent_1,7465.273795178285,RiskAverseUCBAgent_1,5682.74036113663,RandomAgent_2,7772.901779549671,EpsilonGreedyAgent_2,7822.325701995466,UCB_BaselineAgent_2,8307.920973220273,RiskAverseEpsilonGreedyAgent_2,8236.194933698102,RiskAverseUCBAgent_2
high_congestion_linear_share_cb_opaque_ratio08_halt3,circuit_breaker,high_congestion,linear_share,29,10000,10,5,8,0.8,3,0.0,False,73465.49506694975,7.346549506694974,0.7346549506694975,2.652918165572455,35389,3.5389,7,1,0,4.9997,0.07684039764361583,5594.533114964916,RandomAgent_1,8109.130531541214,EpsilonGreedyAgent_1,8612.82977062207,UCB_BaselineAgent_1,8339.715385232352,RiskAverseEpsilonGreedyAgent_1,7351.55168752701,RiskAverseUCBAgent_1,5624.752353608212,RandomAgent_2,7858.041636771518,EpsilonGreedyAgent_2,7832.660728707465,UCB_BaselineAgent_2,7773.845868434934,RiskAverseEpsilonGreedyAgent_2,6368.433989540063,RiskAverseUCBAgent_2
high_congestion_linear_share_cb_transparent_ratio08_halt3,circuit_breaker,high_congestion,linear_share,0,10000,10,5,8,0.8,3,0.0,True,74403.91565930839,7.440391565930839,0.744039156593084,2.6145758983628937,35330,3.533,0,0,0,5.0,0.08609998481561143,5686.778337123657,RandomAgent_1,7876.763919338315,EpsilonGreedyAgent_1,8756.860032316483,UCB_BaselineAgent_1,8600.293710976148,RiskAverseEpsilonGreedyAgent_1,6856.017445175172,RiskAverseUCBAgent_1,5689.861042889504,RandomAgent_2,8477.826847089771,EpsilonGreedyAgent_2,8101.951091543217,UCB_BaselineAgent_2,8224.942905461916,RiskAverseEpsilonGreedyAgent_2,6132.6203273942065,RiskAverseUCBAgent_2
high_congestion_linear_share_cb_transparent_ratio08_halt3,circuit_breaker,high_congestion,linear_share,1,10000,10,5,8,0.8,3,0.0,True,73791.91373800367,7.379191373800367,0.7379191373800367,2.641412094442742,34515,3.4515,0,0,0,5.0,0.13121877751378497,5811.971161252791,RandomAgent_1,7089.359247625932,EpsilonGreedyAgent_1,8179.955353098249,UCB_BaselineAgent_1,7056.58871881734,RiskAverseEpsilonGreedyAgent_1,6232.368417240998,RiskAverseUCBAgent_1,5774.434914269177,RandomAgent_2,8343.589808704932,EpsilonGreedyAgent_2,12804.150871951262,UCB_BaselineAgent_2,6829.422504826388,RiskAverseEpsilonGreedyAgent_2,5670.072740216598,RiskAverseUCBAgent_2
high_congestion_linear_share_cb_transparent_ratio08_halt3,circuit_breaker,high_congestion,linear_share,2,10000,10,5,8,0.8,3,0.0,True,73548.71594184081,7.354871594184081,0.7354871594184081,2.6586877161301947,35418,3.5418,0,0,0,5.0,0.07864400352282686,5647.269873276066,RandomAgent_1,7844.9118472469945,EpsilonGreedyAgent_1,8037.590424037912,UCB_BaselineAgent_1,8225.540936739968,RiskAverseEpsilonGreedyAgent_1,6238.333733782058,RiskAverseUCBAgent_1,5575.617751419078,RandomAgent_2,8196.125882592645,EpsilonGreedyAgent_2,8553.890405885311,UCB_BaselineAgent_2,8115.994893598381,RiskAverseEpsilonGreedyAgent_2,7113.440193262401,RiskAverseUCBAgent_2
high_congestion_linear_share_cb_transparent_ratio08_halt3,circuit_breaker,high_congestion,linear_share,3,10000,10,5,8,0.8,3,0.0,True,74524.35671172009,7.452435671172009,0.7452435671172009,2.6389710528680506,35144,3.5144,0,0,0,5.0,0.0768928425644102,5747.768293095109,RandomAgent_1,8515.65578495438,EpsilonGreedyAgent_1,7992.963804125071,UCB_BaselineAgent_1,8534.25537218198,RiskAverseEpsilonGreedyAgent_1,6347.751718221709,RiskAverseUCBAgent_1,5653.020111301676,RandomAgent_2,8270.75885318025,EpsilonGreedyAgent_2,8116.254841143383,UCB_BaselineAgent_2,8016.128473499146,RiskAverseEpsilonGreedyAgent_2,7329.799460017391,RiskAverseUCBAgent_2
high_congestion_linear_share_cb_transparent_ratio08_halt3,circuit_breaker,high_congestion,linear_share,4,10000,10,5,8,0.8,3,0.0,True,73755.11875003795,7.375511875003794,0.7375511875003794,2.6361960931358586,35390,3.539,0,0,0,5.0,0.07940917309028483,5629.607161574074,RandomAgent_1,8375.68376027887,EpsilonGreedyAgent_1,7898.864182841546,UCB_BaselineAgent_1,8223.58648678729,RiskAverseEpsilonGreedyAgent_1,7238.044673864166,RiskAverseUCBAgent_1,5646.221395733061,RandomAgent_2,8616.747840177553,EpsilonGreedyAgent_2,7808.255661868545,UCB_BaselineAgent_2,8084.244781644779,RiskAverseEpsilonGreedyAgent_2,6233.862805268061,RiskAverseUCBAgent_2
high_congestion_linear_share_cb_transparent_ratio08_halt3,circuit_breaker,high_congestion,linear_share,5,10000,10,5,8,0.8,3,0.0,True,73988.40615385599,7.398840615385599,0.7398840615385599,2.610916233443911,34234,3.4234,0,0,0,5.0,0.1311974755608769,5775.210437561684,RandomAgent_1,8461.937213356956,EpsilonGreedyAgent_1,8328.15686658576,UCB_BaselineAgent_1,7150.6801000554515,RiskAverseEpsilonGreedyAgent_1,5845.953524598233,RiskAverseUCBAgent_1,5820.951544829817,RandomAgent_2,7107.458491170493,EpsilonGreedyAgent_2,12685.514908340918,UCB_BaselineAgent_2,6929.1974328400565,RiskAverseEpsilonGreedyAgent_2,5883.345634516615,RiskAverseUCBAgent_2
high_congestion_linear_share_cb_transparent_ratio08_halt3,circuit_breaker,high_congestion,linear_share,6,10000,10,5,8,0.8,3,0.0,True,74109.46981689343,7.410946981689342,0.7410946981689343,2.665838505043332,35197,3.5197,0,0,0,5.0,0.07430993785588269,5630.884419744515,RandomAgent_1,8333.45714483554,EpsilonGreedyAgent_1,7622.33554468983,UCB_BaselineAgent_1,8452.085668113688,RiskAverseEpsilonGreedyAgent_1,7388.302172061396,RiskAverseUCBAgent_1,5705.880223060692,RandomAgent_2,7839.3192615863145,EpsilonGreedyAgent_2,7973.357260103654,UCB_BaselineAgent_2,8478.93060977682,RiskAverseEpsilonGreedyAgent_2,6684.917512920971,RiskAverseUCBAgent_2
high_congestion_linear_share_cb_transparent_ratio08_halt3,circuit_breaker,high_congestion,linear_share,7,10000,10,5,8,0.8,3,0.0,True,74024.7374016069,7.40247374016069,0.7402473740160689,2.648405154942702,34766,3.4766,0,0,0,5.0,0.07951329431457443,5669.207033588459,RandomAgent_1,8857.968922725167,EpsilonGreedyAgent_1,8468.12331018773,UCB_BaselineAgent_1,7333.107328369904,RiskAverseEpsilonGreedyAgent_1,7779.8102398806805,RiskAverseUCBAgent_1,5675.912305022075,RandomAgent_2,7995.725344246379,EpsilonGreedyAgent_2,7750.044703902974,UCB_BaselineAgent_2,8107.174476215107,RiskAverseEpsilonGreedyAgent_2,6387.663737468411,RiskAverseUCBAgent_2
high_congestion_linear_share_cb_transparent_ratio08_halt3,circuit_breaker,high_congestion,linear_share,8,10000,10,5,8,0.8,3,0.0,True,73753.16756333529,7.375316756333529,0.7375316756333529,2.631042463334499,35422,3.5422,0,0,0,5.0,0.07735884225723222,5605.675191869027,RandomAgent_1,8215.283805216768,EpsilonGreedyAgent_1,8537.876552817615,UCB_BaselineAgent_1,8400.812575391485,RiskAverseEpsilonGreedyAgent_1,7337.782547887258,RiskAverseUCBAgent_1,5588.245958496772,RandomAgent_2,7850.226101308729,EpsilonGreedyAgent_2,7914.965285785218,UCB_BaselineAgent_2,7915.705834675187,RiskAverseEpsilonGreedyAgent_2,6386.593709887228,RiskAverseUCBAgent_2
high_congestion_linear_share_cb_transparent_ratio08_halt3,circuit_breaker,high_congestion,linear_share,9,10000,10,5,8,0.8,3,0.0,True,74402.02749300683,7.440202749300683,0.7440202749300683,2.6483756671922287,33767,3.3767,0,0,0,5.0,0.08081307821226158,5640.093111297792,RandomAgent_1,7716.211821518616,EpsilonGreedyAgent_1,7680.503215846214,UCB_BaselineAgent_1,8931.116286457014,RiskAverseEpsilonGreedyAgent_1,7531.004217569866,RiskAverseUCBAgent_1,5694.627523576171,RandomAgent_2,7943.465829142845,EpsilonGreedyAgent_2,6476.48467259267,UCB_BaselineAgent_2,8020.281512217591,RiskAverseEpsilonGreedyAgent_2,8768.239302788048,RiskAverseUCBAgent_2
high_congestion_linear_share_cb_transparent_ratio08_halt3,circuit_breaker,high_congestion,linear_share,10,10000,10,5,8,0.8,3,0.0,True,73777.98264516047,7.377798264516048,0.7377798264516048,2.6472358121740664,35564,3.5564,0,0,0,5.0,0.08108158125047726,5542.263133252074,RandomAgent_1,7808.824591937185,EpsilonGreedyAgent_1,8497.170596042266,UCB_BaselineAgent_1,7606.173177428751,RiskAverseEpsilonGreedyAgent_1,8577.173982178496,RiskAverseUCBAgent_1,5542.960177383299,RandomAgent_2,7889.584742801289,EpsilonGreedyAgent_2,8467.50436952247,UCB_BaselineAgent_2,7424.698127498427,RiskAverseEpsilonGreedyAgent_2,6421.629747116213,RiskAverseUCBAgent_2
high_congestion_linear_share_cb_transparent_ratio08_halt3,circuit_breaker,high_congestion,linear_share,11,10000,10,5,8,0.8,3,0.0,True,73764.66067806592,7.376466067806592,0.7376466067806592,2.6485873327521983,35697,3.5697,0,0,0,5.0,0.0792441968649451,5614.251200859644,RandomAgent_1,7837.92210588494,EpsilonGreedyAgent_1,8596.204268047093,UCB_BaselineAgent_1,7761.027694249059,RiskAverseEpsilonGreedyAgent_1,6367.20613197989,RiskAverseUCBAgent_1,5523.771507131476,RandomAgent_2,8135.835836598762,EpsilonGreedyAgent_2,8087.899370474643,UCB_BaselineAgent_2,7396.546250377467,RiskAverseEpsilonGreedyAgent_2,8443.996312462941,RiskAverseUCBAgent_2
high_congestion_linear_share_cb_transparent_ratio08_halt3,circuit_breaker,high_congestion,linear_share,12,10000,10,5,8,0.8,3,0.0,True,73828.88751463886,7.382888751463886,0.7382888751463886,2.642722106611647,34208,3.4208,0,0,0,5.0,0.12129711497191908,5656.919307620609,RandomAgent_1,8320.732286593888,EpsilonGreedyAgent_1,8072.8754438042115,UCB_BaselineAgent_1,7202.349534857096,RiskAverseEpsilonGreedyAgent_1,6221.520954082334,RiskAverseUCBAgent_1,5690.604037891345,RandomAgent_2,7286.631179717118,EpsilonGreedyAgent_2,12088.409223620421,UCB_BaselineAgent_2,7224.145492899196,RiskAverseEpsilonGreedyAgent_2,6064.700053552637,RiskAverseUCBAgent_2
high_congestion_linear_share_cb_transparent_ratio08_halt3,circuit_breaker,high_congestion,linear_share,13,10000,10,5,8,0.8,3,0.0,True,74055.9233633657,7.40559233633657,0.7405592336336569,2.6399030516445228,35037,3.5037,0,0,0,5.0,0.07451157016242371,5666.769797664239,RandomAgent_1,7987.801563321073,EpsilonGreedyAgent_1,7406.151078786993,UCB_BaselineAgent_1,8295.66627407619,RiskAverseEpsilonGreedyAgent_1,6796.147545392811,RiskAverseUCBAgent_1,5599.295699497418,RandomAgent_2,7925.38871063332,EpsilonGreedyAgent_2,8423.186387166172,UCB_BaselineAgent_2,8506.65589644633,RiskAverseEpsilonGreedyAgent_2,7448.860410381158,RiskAverseUCBAgent_2
high_congestion_linear_share_cb_transparent_ratio08_halt3,circuit_breaker,high_congestion,linear_share,14,10000,10,5,8,0.8,3,0.0,True,73978.58316549852,7.397858316549852,0.7397858316549852,2.6654767773869645,35051,3.5051,0,0,0,5.0,0.09212316425862066,5611.169696168188,RandomAgent_1,8363.488571682956,EpsilonGreedyAgent_1,8347.839479227907,UCB_BaselineAgent_1,6587.483985198469,RiskAverseEpsilonGreedyAgent_1,7400.806097282788,RiskAverseUCBAgent_1,5678.922676464584,RandomAgent_2,9260.762638681777,EpsilonGreedyAgent_2,8714.542871052987,UCB_BaselineAgent_2,6627.5232383193415,RiskAverseEpsilonGreedyAgent_2,7386.043911419527,RiskAverseUCBAgent_2
high_congestion_linear_share_cb_transparent_ratio08_halt3,circuit_breaker,high_congestion,linear_share,15,10000,10,5,8,0.8,3,0.0,True,73998.30437732587,7.399830437732587,0.7399830437732587,2.6753727602970425,35443,3.5443,0,0,0,5.0,0.07893180222112695,5618.438997232457,RandomAgent_1,7947.123121835093,EpsilonGreedyAgent_1,8640.432245745065,UCB_BaselineAgent_1,8004.910560509139,RiskAverseEpsilonGreedyAgent_1,6426.179728613113,RiskAverseUCBAgent_1,5586.7530762422575,RandomAgent_2,8224.11030872213,EpsilonGreedyAgent_2,7964.909211804574,UCB_BaselineAgent_2,8398.832642102454,RiskAverseEpsilonGreedyAgent_2,7186.61448451959,RiskAverseUCBAgent_2
high_congestion_linear_share_cb_transparent_ratio08_halt3,circuit_breaker,high_congestion,linear_share,16,10000,10,5,8,0.8,3,0.0,True,74195.09709570938,7.419509709570939,0.7419509709570938,2.6269750950931474,35205,3.5205,0,0,0,5.0,0.07621372141602922,5670.328213891548,RandomAgent_1,8007.265717608313,EpsilonGreedyAgent_1,7914.932621408696,UCB_BaselineAgent_1,8565.668155468384,RiskAverseEpsilonGreedyAgent_1,6393.011709172721,RiskAverseUCBAgent_1,5744.00492932942,RandomAgent_2,8492.524661047075,EpsilonGreedyAgent_2,7889.14225651822,UCB_BaselineAgent_2,8215.15931632557,RiskAverseEpsilonGreedyAgent_2,7303.059514939439,RiskAverseUCBAgent_2
high_congestion_linear_share_cb_transparent_ratio08_halt3,circuit_breaker,high_congestion,linear_share,17,10000,10,5,8,0.8,3,0.0,True,73973.59908524682,7.397359908524683,0.7397359908524682,2.642968763611514,34232,3.4232,0,0,0,5.0,0.07434819891837852,5610.053766617428,RandomAgent_1,7817.894044481444,EpsilonGreedyAgent_1,7909.990810373215,UCB_BaselineAgent_1,7753.587665203371,RiskAverseEpsilonGreedyAgent_1,7628.560846229831,RiskAverseUCBAgent_1,5629.582178808801,RandomAgent_2,7781.546499355602,EpsilonGreedyAgent_2,6675.766205096977,UCB_BaselineAgent_2,8185.518665403931,RiskAverseEpsilonGreedyAgent_2,8981.098403676218,RiskAverseUCBAgent_2
high_congestion_linear_share_cb_transparent_ratio08_halt3,circuit_breaker,high_congestion,linear_share,18,10000,10,5,8,0.8,3,0.0,True,74057.65859666586,7.405765859666586,0.7405765859666587,2.6197412707534116,34440,3.444,0,0,0,5.0,0.12596210875876168,5768.117797004524,RandomAgent_1,8432.194703952135,EpsilonGreedyAgent_1,12418.740201328,UCB_BaselineAgent_1,7061.385996746246,RiskAverseEpsilonGreedyAgent_1,5979.487418700135,RiskAverseUCBAgent_1,5770.865038381295,RandomAgent_2,7302.117503300349,EpsilonGreedyAgent_2,8186.146538548904,UCB_BaselineAgent_2,7084.306812882907,RiskAverseEpsilonGreedyAgent_2,6054.296585821363,RiskAverseUCBAgent_2
high_congestion_linear_share_cb_transparent_ratio08_halt3,circuit_breaker,high_congestion,linear_share,19,10000,10,5,8,0.8,3,0.0,True,74178.76489374462,7.417876489374462,0.7417876489374462,2.6370970767768864,35387,3.5387,0,0,0,5.0,0.07943563154757549,5653.7202650922045,RandomAgent_1,8537.054432089892,EpsilonGreedyAgent_1,7933.102631212663,UCB_BaselineAgent_1,8295.333724193737,RiskAverseEpsilonGreedyAgent_1,7231.513611631089,RiskAverseUCBAgent_1,5604.1844053123095,RandomAgent_2,8494.615935262456,EpsilonGreedyAgent_2,8107.537155238227,UCB_BaselineAgent_2,8013.191247221687,RiskAverseEpsilonGreedyAgent_2,6308.511486490352,RiskAverseUCBAgent_2
high_congestion_linear_share_cb_transparent_ratio08_halt3,circuit_breaker,high_congestion,linear_share,20,10000,10,5,8,0.8,3,0.0,True,74135.61078469643,7.413561078469643,0.7413561078469643,2.663253083146061,35412,3.5412,0,0,0,5.0,0.07605837400023319,5679.67245448662,RandomAgent_1,7956.393389969445,EpsilonGreedyAgent_1,8585.064069706195,UCB_BaselineAgent_1,8245.771568550148,RiskAverseEpsilonGreedyAgent_1,6305.277088251741,RiskAverseUCBAgent_1,5636.371230979687,RandomAgent_2,7881.7139549323865,EpsilonGreedyAgent_2,8164.821986842901,UCB_BaselineAgent_2,8235.528242452925,RiskAverseEpsilonGreedyAgent_2,7444.996798524376,RiskAverseUCBAgent_2
high_congestion_linear_share_cb_transparent_ratio08_halt3,circuit_breaker,high_congestion,linear_share,21,10000,10,5,8,0.8,3,0.0,True,73466.94590823086,7.346694590823086,0.7346694590823086,2.643092429031501,35210,3.521,0,0,0,5.0,0.07517343651520147,5729.476565233393,RandomAgent_1,8368.733377617518,EpsilonGreedyAgent_1,8001.98265681121,UCB_BaselineAgent_1,8093.995610891519,RiskAverseEpsilonGreedyAgent_1,7129.517057508044,RiskAverseUCBAgent_1,5664.17635122355,RandomAgent_2,8324.92672191649,EpsilonGreedyAgent_2,7564.203211653736,UCB_BaselineAgent_2,8233.692027922316,RiskAverseEpsilonGreedyAgent_2,6356.242327453081,RiskAverseUCBAgent_2
high_congestion_linear_share_cb_transparent_ratio08_halt3,circuit_breaker,high_congestion,linear_share,22,10000,10,5,8,0.8,3,0.0,True,73447.55708538005,7.344755708538004,0.7344755708538004,2.664220994715478,34329,3.4329,0,1,0,4.9997,0.08509467602559351,5728.894088778213,RandomAgent_1,8590.03516033991,EpsilonGreedyAgent_1,9043.315918896085,UCB_BaselineAgent_1,7841.23631492039,RiskAverseEpsilonGreedyAgent_1,6452.978831998445,RiskAverseUCBAgent_1,5637.931162660966,RandomAgent_2,7265.593989397296,EpsilonGreedyAgent_2,8149.817362809253,UCB_BaselineAgent_2,7823.6164001974175,RiskAverseEpsilonGreedyAgent_2,6914.137855382074,RiskAverseUCBAgent_2
high_congestion_linear_share_cb_transparent_ratio08_halt3,circuit_breaker,high_congestion,linear_share,23,10000,10,5,8,0.8,3,0.0,True,74165.35354697128,7.416535354697128,0.7416535354697128,2.617252193408281,35568,3.5568,0,0,0,5.0,0.07817637519265941,5606.020798632726,RandomAgent_1,8281.214901090594,EpsilonGreedyAgent_1,8106.315090574417,UCB_BaselineAgent_1,7995.288246357482,RiskAverseEpsilonGreedyAgent_1,6335.530997214806,RiskAverseUCBAgent_1,5618.413403472736,RandomAgent_2,7942.896869339928,EpsilonGreedyAgent_2,8675.13914559572,UCB_BaselineAgent_2,8229.753758407836,RiskAverseEpsilonGreedyAgent_2,7374.78033628503,RiskAverseUCBAgent_2
high_congestion_linear_share_cb_transparent_ratio08_halt3,circuit_breaker,high_congestion,linear_share,24,10000,10,5,8,0.8,3,0.0,True,73707.307364224,7.3707307364224,0.7370730736422401,2.6448166109415308,35276,3.5276,0,0,0,5.0,0.07973763755421581,5685.305849440809,RandomAgent_1,7848.324080514564,EpsilonGreedyAgent_1,8726.733734934664,UCB_BaselineAgent_1,8187.7583101611335,RiskAverseEpsilonGreedyAgent_1,6853.946666349112,RiskAverseUCBAgent_1,5635.350781493333,RandomAgent_2,8173.104928719349,EpsilonGreedyAgent_2,7870.980985673125,UCB_BaselineAgent_2,8288.103904482106,RiskAverseEpsilonGreedyAgent_2,6437.698122455806,RiskAverseUCBAgent_2
high_congestion_linear_share_cb_transparent_ratio08_halt3,circuit_breaker,high_congestion,linear_share,25,10000,10,5,8,0.8,3,0.0,True,73971.40834755317,7.397140834755317,0.7397140834755317,2.643178546778287,34353,3.4353,0,0,0,5.0,0.1310852849030899,5825.01281239719,RandomAgent_1,8257.533010119105,EpsilonGreedyAgent_1,8476.192264561465,UCB_BaselineAgent_1,7101.580799064485,RiskAverseEpsilonGreedyAgent_1,5663.735724163844,RiskAverseUCBAgent_1,5800.168312469553,RandomAgent_2,7204.500405412151,EpsilonGreedyAgent_2,12628.028542101041,UCB_BaselineAgent_2,6860.557390511235,RiskAverseEpsilonGreedyAgent_2,6154.099086753096,RiskAverseUCBAgent_2
high_congestion_linear_share_cb_transparent_ratio08_halt3,circuit_breaker,high_congestion,linear_share,26,10000,10,5,8,0.8,3,0.0,True,74017.11068530525,7.401711068530525,0.7401711068530524,2.63353269104262,34945,3.4945,0,0,0,5.0,0.13147112323739685,5702.682708984351,RandomAgent_1,8620.924988098763,EpsilonGreedyAgent_1,8458.328972920595,UCB_BaselineAgent_1,6586.191476997634,RiskAverseEpsilonGreedyAgent_1,5740.249451936779,RiskAverseUCBAgent_1,5693.6377578545535,RandomAgent_2,7163.338764476389,EpsilonGreedyAgent_2,12501.027194152053,UCB_BaselineAgent_2,6627.82145593985,RiskAverseEpsilonGreedyAgent_2,6922.90791394428,RiskAverseUCBAgent_2
high_congestion_linear_share_cb_transparent_ratio08_halt3,circuit_breaker,high_congestion,linear_share,27,10000,10,5,8,0.8,3,0.0,True,73750.80863920249,7.375080863920249,0.7375080863920248,2.614931823064748,35136,3.5136,0,0,0,5.0,0.07870295389448101,5639.056367395867,RandomAgent_1,8643.88744436912,EpsilonGreedyAgent_1,8105.516906810517,UCB_BaselineAgent_1,7713.092444858556,RiskAverseEpsilonGreedyAgent_1,6381.421591461885,RiskAverseUCBAgent_1,5621.560279398341,RandomAgent_2,8269.039968377014,EpsilonGreedyAgent_2,7636.126026608778,UCB_BaselineAgent_2,8370.822881366283,RiskAverseEpsilonGreedyAgent_2,7370.284728556127,RiskAverseUCBAgent_2
high_congestion_linear_share_cb_transparent_ratio08_halt3,circuit_breaker,high_congestion,linear_share,28,10000,10,5,8,0.8,3,0.0,True,74035.89254706498,7.403589254706499,0.7403589254706499,2.6621346237129955,34758,3.4758,0,0,0,5.0,0.07360995446952323,5570.958642251474,RandomAgent_1,8265.454033076607,EpsilonGreedyAgent_1,6545.600582524072,UCB_BaselineAgent_1,8366.521744434405,RiskAverseEpsilonGreedyAgent_1,7465.273795178285,RiskAverseUCBAgent_1,5682.74036113663,RandomAgent_2,7772.901779549671,EpsilonGreedyAgent_2,7822.325701995466,UCB_BaselineAgent_2,8307.920973220273,RiskAverseEpsilonGreedyAgent_2,8236.194933698102,RiskAverseUCBAgent_2
high_congestion_linear_share_cb_transparent_ratio08_halt3,circuit_breaker,high_congestion,linear_share,29,10000,10,5,8,0.8,3,0.0,True,73239.55612235315,7.3239556122353155,0.7323955612235316,2.6230676662544203,35434,3.5434,0,1,0,4.9997,0.07766363943075594,5590.70508171076,RandomAgent_1,8109.740298332344,EpsilonGreedyAgent_1,8553.002101559186,UCB_BaselineAgent_1,8415.944842368886,RiskAverseEpsilonGreedyAgent_1,7240.138659903992,RiskAverseUCBAgent_1,5617.762812589006,RandomAgent_2,7795.148192587423,EpsilonGreedyAgent_2,7805.470137604318,UCB_BaselineAgent_2,7787.733315397913,RiskAverseEpsilonGreedyAgent_2,6323.910680299323,RiskAverseUCBAgent_2
high_congestion_linear_share_cb_opaque_ratio08_halt5,circuit_breaker,high_congestion,linear_share,0,10000,10,5,8,0.8,5,0.0,False,74403.91565930839,7.440391565930839,0.744039156593084,2.6145758983628937,35330,3.533,0,0,0,5.0,0.08609998481561143,5686.778337123657,RandomAgent_1,7876.763919338315,EpsilonGreedyAgent_1,8756.860032316483,UCB_BaselineAgent_1,8600.293710976148,RiskAverseEpsilonGreedyAgent_1,6856.017445175172,RiskAverseUCBAgent_1,5689.861042889504,RandomAgent_2,8477.826847089771,EpsilonGreedyAgent_2,8101.951091543217,UCB_BaselineAgent_2,8224.942905461916,RiskAverseEpsilonGreedyAgent_2,6132.6203273942065,RiskAverseUCBAgent_2
high_congestion_linear_share_cb_opaque_ratio08_halt5,circuit_breaker,high_congestion,linear_share,1,10000,10,5,8,0.8,5,0.0,False,73791.91373800367,7.379191373800367,0.7379191373800367,2.641412094442742,34515,3.4515,0,0,0,5.0,0.13121877751378497,5811.971161252791,RandomAgent_1,7089.359247625932,EpsilonGreedyAgent_1,8179.955353098249,UCB_BaselineAgent_1,7056.58871881734,RiskAverseEpsilonGreedyAgent_1,6232.368417240998,RiskAverseUCBAgent_1,5774.434914269177,RandomAgent_2,8343.589808704932,EpsilonGreedyAgent_2,12804.150871951262,UCB_BaselineAgent_2,6829.422504826388,RiskAverseEpsilonGreedyAgent_2,5670.072740216598,RiskAverseUCBAgent_2
high_congestion_linear_share_cb_opaque_ratio08_halt5,circuit_breaker,high_congestion,linear_share,2,10000,10,5,8,0.8,5,0.0,False,73548.71594184081,7.354871594184081,0.7354871594184081,2.6586877161301947,35418,3.5418,0,0,0,5.0,0.07864400352282686,5647.269873276066,RandomAgent_1,7844.9118472469945,EpsilonGreedyAgent_1,8037.590424037912,UCB_BaselineAgent_1,8225.540936739968,RiskAverseEpsilonGreedyAgent_1,6238.333733782058,RiskAverseUCBAgent_1,5575.617751419078,RandomAgent_2,8196.125882592645,EpsilonGreedyAgent_2,8553.890405885311,UCB_BaselineAgent_2,8115.994893598381,RiskAverseEpsilonGreedyAgent_2,7113.440193262401,RiskAverseUCBAgent_2
high_congestion_linear_share_cb_opaque_ratio08_halt5,circuit_breaker,high_congestion,linear_share,3,10000,10,5,8,0.8,5,0.0,False,74524.35671172009,7.452435671172009,0.7452435671172009,2.6389710528680506,35144,3.5144,0,0,0,5.0,0.0768928425644102,5747.768293095109,RandomAgent_1,8515.65578495438,EpsilonGreedyAgent_1,7992.963804125071,UCB_BaselineAgent_1,8534.25537218198,RiskAverseEpsilonGreedyAgent_1,6347.751718221709,RiskAverseUCBAgent_1,5653.020111301676,RandomAgent_2,8270.75885318025,EpsilonGreedyAgent_2,8116.254841143383,UCB_BaselineAgent_2,8016.128473499146,RiskAverseEpsilonGreedyAgent_2,7329.799460017391,RiskAverseUCBAgent_2
high_congestion_linear_share_cb_opaque_ratio08_halt5,circuit_breaker,high_congestion,linear_share,4,10000,10,5,8,0.8,5,0.0,False,73755.11875003795,7.375511875003794,0.7375511875003794,2.6361960931358586,35390,3.539,0,0,0,5.0,0.07940917309028483,5629.607161574074,RandomAgent_1,8375.68376027887,EpsilonGreedyAgent_1,7898.864182841546,UCB_BaselineAgent_1,8223.58648678729,RiskAverseEpsilonGreedyAgent_1,7238.044673864166,RiskAverseUCBAgent_1,5646.221395733061,RandomAgent_2,8616.747840177553,EpsilonGreedyAgent_2,7808.255661868545,UCB_BaselineAgent_2,8084.244781644779,RiskAverseEpsilonGreedyAgent_2,6233.862805268061,RiskAverseUCBAgent_2
high_congestion_linear_share_cb_opaque_ratio08_halt5,circuit_breaker,high_congestion,linear_share,5,10000,10,5,8,0.8,5,0.0,False,73988.40615385599,7.398840615385599,0.7398840615385599,2.610916233443911,34234,3.4234,0,0,0,5.0,0.1311974755608769,5775.210437561684,RandomAgent_1,8461.937213356956,EpsilonGreedyAgent_1,8328.15686658576,UCB_BaselineAgent_1,7150.6801000554515,RiskAverseEpsilonGreedyAgent_1,5845.953524598233,RiskAverseUCBAgent_1,5820.951544829817,RandomAgent_2,7107.458491170493,EpsilonGreedyAgent_2,12685.514908340918,UCB_BaselineAgent_2,6929.1974328400565,RiskAverseEpsilonGreedyAgent_2,5883.345634516615,RiskAverseUCBAgent_2
high_congestion_linear_share_cb_opaque_ratio08_halt5,circuit_breaker,high_congestion,linear_share,6,10000,10,5,8,0.8,5,0.0,False,74109.46981689343,7.410946981689342,0.7410946981689343,2.665838505043332,35197,3.5197,0,0,0,5.0,0.07430993785588269,5630.884419744515,RandomAgent_1,8333.45714483554,EpsilonGreedyAgent_1,7622.33554468983,UCB_BaselineAgent_1,8452.085668113688,RiskAverseEpsilonGreedyAgent_1,7388.302172061396,RiskAverseUCBAgent_1,5705.880223060692,RandomAgent_2,7839.3192615863145,EpsilonGreedyAgent_2,7973.357260103654,UCB_BaselineAgent_2,8478.93060977682,RiskAverseEpsilonGreedyAgent_2,6684.917512920971,RiskAverseUCBAgent_2
high_congestion_linear_share_cb_opaque_ratio08_halt5,circuit_breaker,high_congestion,linear_share,7,10000,10,5,8,0.8,5,0.0,False,74024.7374016069,7.40247374016069,0.7402473740160689,2.648405154942702,34766,3.4766,0,0,0,5.0,0.07951329431457443,5669.207033588459,RandomAgent_1,8857.968922725167,EpsilonGreedyAgent_1,8468.12331018773,UCB_BaselineAgent_1,7333.107328369904,RiskAverseEpsilonGreedyAgent_1,7779.8102398806805,RiskAverseUCBAgent_1,5675.912305022075,RandomAgent_2,7995.725344246379,EpsilonGreedyAgent_2,7750.044703902974,UCB_BaselineAgent_2,8107.174476215107,RiskAverseEpsilonGreedyAgent_2,6387.663737468411,RiskAverseUCBAgent_2
high_congestion_linear_share_cb_opaque_ratio08_halt5,circuit_breaker,high_congestion,linear_share,8,10000,10,5,8,0.8,5,0.0,False,73753.16756333529,7.375316756333529,0.7375316756333529,2.631042463334499,35422,3.5422,0,0,0,5.0,0.07735884225723222,5605.675191869027,RandomAgent_1,8215.283805216768,EpsilonGreedyAgent_1,8537.876552817615,UCB_BaselineAgent_1,8400.812575391485,RiskAverseEpsilonGreedyAgent_1,7337.782547887258,RiskAverseUCBAgent_1,5588.245958496772,RandomAgent_2,7850.226101308729,EpsilonGreedyAgent_2,7914.965285785218,UCB_BaselineAgent_2,7915.705834675187,RiskAverseEpsilonGreedyAgent_2,6386.593709887228,RiskAverseUCBAgent_2
high_congestion_linear_share_cb_opaque_ratio08_halt5,circuit_breaker,high_congestion,linear_share,9,10000,10,5,8,0.8,5,0.0,False,74402.02749300683,7.440202749300683,0.7440202749300683,2.6483756671922287,33767,3.3767,0,0,0,5.0,0.08081307821226158,5640.093111297792,RandomAgent_1,7716.211821518616,EpsilonGreedyAgent_1,7680.503215846214,UCB_BaselineAgent_1,8931.116286457014,RiskAverseEpsilonGreedyAgent_1,7531.004217569866,RiskAverseUCBAgent_1,5694.627523576171,RandomAgent_2,7943.465829142845,EpsilonGreedyAgent_2,6476.48467259267,UCB_BaselineAgent_2,8020.281512217591,RiskAverseEpsilonGreedyAgent_2,8768.239302788048,RiskAverseUCBAgent_2
high_congestion_linear_share_cb_opaque_ratio08_halt5,circuit_breaker,high_congestion,linear_share,10,10000,10,5,8,0.8,5,0.0,False,73777.98264516047,7.377798264516048,0.7377798264516048,2.6472358121740664,35564,3.5564,0,0,0,5.0,0.08108158125047726,5542.263133252074,RandomAgent_1,7808.824591937185,EpsilonGreedyAgent_1,8497.170596042266,UCB_BaselineAgent_1,7606.173177428751,RiskAverseEpsilonGreedyAgent_1,8577.173982178496,RiskAverseUCBAgent_1,5542.960177383299,RandomAgent_2,7889.584742801289,EpsilonGreedyAgent_2,8467.50436952247,UCB_BaselineAgent_2,7424.698127498427,RiskAverseEpsilonGreedyAgent_2,6421.629747116213,RiskAverseUCBAgent_2
high_congestion_linear_share_cb_opaque_ratio08_halt5,circuit_breaker,high_congestion,linear_share,11,10000,10,5,8,0.8,5,0.0,False,73764.66067806592,7.376466067806592,0.7376466067806592,2.6485873327521983,35697,3.5697,0,0,0,5.0,0.0792441968649451,5614.251200859644,RandomAgent_1,7837.92210588494,EpsilonGreedyAgent_1,8596.204268047093,UCB_BaselineAgent_1,7761.027694249059,RiskAverseEpsilonGreedyAgent_1,6367.20613197989,RiskAverseUCBAgent_1,5523.771507131476,RandomAgent_2,8135.835836598762,EpsilonGreedyAgent_2,8087.899370474643,UCB_BaselineAgent_2,7396.546250377467,RiskAverseEpsilonGreedyAgent_2,8443.996312462941,RiskAverseUCBAgent_2
high_congestion_linear_share_cb_opaque_ratio08_halt5,circuit_breaker,high_congestion,linear_share,12,10000,10,5,8,0.8,5,0.0,False,73828.88751463886,7.382888751463886,0.7382888751463886,2.642722106611647,34208,3.4208,0,0,0,5.0,0.12129711497191908,5656.919307620609,RandomAgent_1,8320.732286593888,EpsilonGreedyAgent_1,8072.8754438042115,UCB_BaselineAgent_1,7202.349534857096,RiskAverseEpsilonGreedyAgent_1,6221.520954082334,RiskAverseUCBAgent_1,5690.604037891345,RandomAgent_2,7286.631179717118,EpsilonGreedyAgent_2,12088.409223620421,UCB_BaselineAgent_2,7224.145492899196,RiskAverseEpsilonGreedyAgent_2,6064.700053552637,RiskAverseUCBAgent_2
high_congestion_linear_share_cb_opaque_ratio08_halt5,circuit_breaker,high_congestion,linear_share,13,10000,10,5,8,0.8,5,0.0,False,74055.9233633657,7.40559233633657,0.7405592336336569,2.6399030516445228,35037,3.5037,0,0,0,5.0,0.07451157016242371,5666.769797664239,RandomAgent_1,7987.801563321073,EpsilonGreedyAgent_1,7406.151078786993,UCB_BaselineAgent_1,8295.66627407619,RiskAverseEpsilonGreedyAgent_1,6796.147545392811,RiskAverseUCBAgent_1,5599.295699497418,RandomAgent_2,7925.38871063332,EpsilonGreedyAgent_2,8423.186387166172,UCB_BaselineAgent_2,8506.65589644633,RiskAverseEpsilonGreedyAgent_2,7448.860410381158,RiskAverseUCBAgent_2
high_congestion_linear_share_cb_opaque_ratio08_halt5,circuit_breaker,high_congestion,linear_share,14,10000,10,5,8,0.8,5,0.0,False,73978.58316549852,7.397858316549852,0.7397858316549852,2.6654767773869645,35051,3.5051,0,0,0,5.0,0.09212316425862066,5611.169696168188,RandomAgent_1,8363.488571682956,EpsilonGreedyAgent_1,8347.839479227907,UCB_BaselineAgent_1,6587.483985198469,RiskAverseEpsilonGreedyAgent_1,7400.806097282788,RiskAverseUCBAgent_1,5678.922676464584,RandomAgent_2,9260.762638681777,EpsilonGreedyAgent_2,8714.542871052987,UCB_BaselineAgent_2,6627.5232383193415,RiskAverseEpsilonGreedyAgent_2,7386.043911419527,RiskAverseUCBAgent_2
high_congestion_linear_share_cb_opaque_ratio08_halt5,circuit_breaker,high_congestion,linear_share,15,10000,10,5,8,0.8,5,0.0,False,73998.30437732587,7.399830437732587,0.7399830437732587,2.6753727602970425,35443,3.5443,0,0,0,5.0,0.07893180222112695,5618.438997232457,RandomAgent_1,7947.123121835093,EpsilonGreedyAgent_1,8640.432245745065,UCB_BaselineAgent_1,8004.910560509139,RiskAverseEpsilonGreedyAgent_1,6426.179728613113,RiskAverseUCBAgent_1,5586.7530762422575,RandomAgent_2,8224.11030872213,EpsilonGreedyAgent_2,7964.909211804574,UCB_BaselineAgent_2,8398.832642102454,RiskAverseEpsilonGreedyAgent_2,7186.61448451959,RiskAverseUCBAgent_2
high_congestion_linear_share_cb_opaque_ratio08_halt5,circuit_breaker,high_congestion,linear_share,16,10000,10,5,8,0.8,5,0.0,False,74195.09709570938,7.419509709570939,0.7419509709570938,2.6269750950931474,35205,3.5205,0,0,0,5.0,0.07621372141602922,5670.328213891548,RandomAgent_1,8007.265717608313,EpsilonGreedyAgent_1,7914.932621408696,UCB_BaselineAgent_1,8565.668155468384,RiskAverseEpsilonGreedyAgent_1,6393.011709172721,RiskAverseUCBAgent_1,5744.00492932942,RandomAgent_2,8492.524661047075,EpsilonGreedyAgent_2,7889.14225651822,UCB_BaselineAgent_2,8215.15931632557,RiskAverseEpsilonGreedyAgent_2,7303.059514939439,RiskAverseUCBAgent_2
high_congestion_linear_share_cb_opaque_ratio08_halt5,circuit_breaker,high_congestion,linear_share,17,10000,10,5,8,0.8,5,0.0,False,73973.59908524682,7.397359908524683,0.7397359908524682,2.642968763611514,34232,3.4232,0,0,0,5.0,0.07434819891837852,5610.053766617428,RandomAgent_1,7817.894044481444,EpsilonGreedyAgent_1,7909.990810373215,UCB_BaselineAgent_1,7753.587665203371,RiskAverseEpsilonGreedyAgent_1,7628.560846229831,RiskAverseUCBAgent_1,5629.582178808801,RandomAgent_2,7781.546499355602,EpsilonGreedyAgent_2,6675.766205096977,UCB_BaselineAgent_2,8185.518665403931,RiskAverseEpsilonGreedyAgent_2,8981.098403676218,RiskAverseUCBAgent_2
high_congestion_linear_share_cb_opaque_ratio08_halt5,circuit_breaker,high_congestion,linear_share,18,10000,10,5,8,0.8,5,0.0,False,74057.65859666586,7.405765859666586,0.7405765859666587,2.6197412707534116,34440,3.444,0,0,0,5.0,0.12596210875876168,5768.117797004524,RandomAgent_1,8432.194703952135,EpsilonGreedyAgent_1,12418.740201328,UCB_BaselineAgent_1,7061.385996746246,RiskAverseEpsilonGreedyAgent_1,5979.487418700135,RiskAverseUCBAgent_1,5770.865038381295,RandomAgent_2,7302.117503300349,EpsilonGreedyAgent_2,8186.146538548904,UCB_BaselineAgent_2,7084.306812882907,RiskAverseEpsilonGreedyAgent_2,6054.296585821363,RiskAverseUCBAgent_2
high_congestion_linear_share_cb_opaque_ratio08_halt5,circuit_breaker,high_congestion,linear_share,19,10000,10,5,8,0.8,5,0.0,False,74178.76489374462,7.417876489374462,0.7417876489374462,2.6370970767768864,35387,3.5387,0,0,0,5.0,0.07943563154757549,5653.7202650922045,RandomAgent_1,8537.054432089892,EpsilonGreedyAgent_1,7933.102631212663,UCB_BaselineAgent_1,8295.333724193737,RiskAverseEpsilonGreedyAgent_1,7231.513611631089,RiskAverseUCBAgent_1,5604.1844053123095,RandomAgent_2,8494.615935262456,EpsilonGreedyAgent_2,8107.537155238227,UCB_BaselineAgent_2,8013.191247221687,RiskAverseEpsilonGreedyAgent_2,6308.511486490352,RiskAverseUCBAgent_2
high_congestion_linear_share_cb_opaque_ratio08_halt5,circuit_breaker,high_congestion,linear_share,20,10000,10,5,8,0.8,5,0.0,False,74135.61078469643,7.413561078469643,0.7413561078469643,2.663253083146061,35412,3.5412,0,0,0,5.0,0.07605837400023319,5679.67245448662,RandomAgent_1,7956.393389969445,EpsilonGreedyAgent_1,8585.064069706195,UCB_BaselineAgent_1,8245.771568550148,RiskAverseEpsilonGreedyAgent_1,6305.277088251741,RiskAverseUCBAgent_1,5636.371230979687,RandomAgent_2,7881.7139549323865,EpsilonGreedyAgent_2,8164.821986842901,UCB_BaselineAgent_2,8235.528242452925,RiskAverseEpsilonGreedyAgent_2,7444.996798524376,RiskAverseUCBAgent_2
high_congestion_linear_share_cb_opaque_ratio08_halt5,circuit_breaker,high_congestion,linear_share,21,10000,10,5,8,0.8,5,0.0,False,73466.94590823086,7.346694590823086,0.7346694590823086,2.643092429031501,35210,3.521,0,0,0,5.0,0.07517343651520147,5729.476565233393,RandomAgent_1,8368.733377617518,EpsilonGreedyAgent_1,8001.98265681121,UCB_BaselineAgent_1,8093.995610891519,RiskAverseEpsilonGreedyAgent_1,7129.517057508044,RiskAverseUCBAgent_1,5664.17635122355,RandomAgent_2,8324.92672191649,EpsilonGreedyAgent_2,7564.203211653736,UCB_BaselineAgent_2,8233.692027922316,RiskAverseEpsilonGreedyAgent_2,6356.242327453081,RiskAverseUCBAgent_2
high_congestion_linear_share_cb_opaque_ratio08_halt5,circuit_breaker,high_congestion,linear_share,22,10000,10,5,8,0.8,5,0.0,False,73690.6301817402,7.36906301817402,0.736906301817402,2.665821219749066,35333,3.5333,10,1,0,4.9995,0.07775544119646272,5695.002017392537,RandomAgent_1,8409.891578928738,EpsilonGreedyAgent_1,7811.046223879522,UCB_BaselineAgent_1,8449.648719732686,RiskAverseEpsilonGreedyAgent_1,7089.851192447155,RiskAverseUCBAgent_1,5611.474836784482,RandomAgent_2,8427.6700607242,EpsilonGreedyAgent_2,7916.348922289479,UCB_BaselineAgent_2,7884.468609321036,RiskAverseEpsilonGreedyAgent_2,6395.22802024036,RiskAverseUCBAgent_2
high_congestion_linear_share_cb_opaque_ratio08_halt5,circuit_breaker,high_congestion,linear_share,23,10000,10,5,8,0.8,5,0.0,False,74165.35354697128,7.416535354697128,0.7416535354697128,2.617252193408281,35568,3.5568,0,0,0,5.0,0.07817637519265941,5606.020798632726,RandomAgent_1,8281.214901090594,EpsilonGreedyAgent_1,8106.315090574417,UCB_BaselineAgent_1,7995.288246357482,RiskAverseEpsilonGreedyAgent_1,6335.530997214806,RiskAverseUCBAgent_1,5618.413403472736,RandomAgent_2,7942.896869339928,EpsilonGreedyAgent_2,8675.13914559572,UCB_BaselineAgent_2,8229.753758407836,RiskAverseEpsilonGreedyAgent_2,7374.78033628503,RiskAverseUCBAgent_2
high_congestion_linear_share_cb_opaque_ratio08_halt5,circuit_breaker,high_congestion,linear_share,24,10000,10,5,8,0.8,5,0.0,False,73707.307364224,7.3707307364224,0.7370730736422401,2.6448166109415308,35276,3.5276,0,0,0,5.0,0.07973763755421581,5685.305849440809,RandomAgent_1,7848.324080514564,EpsilonGreedyAgent_1,8726.733734934664,UCB_BaselineAgent_1,8187.7583101611335,RiskAverseEpsilonGreedyAgent_1,6853.946666349112,RiskAverseUCBAgent_1,5635.350781493333,RandomAgent_2,8173.104928719349,EpsilonGreedyAgent_2,7870.980985673125,UCB_BaselineAgent_2,8288.103904482106,RiskAverseEpsilonGreedyAgent_2,6437.698122455806,RiskAverseUCBAgent_2
high_congestion_linear_share_cb_opaque_ratio08_halt5,circuit_breaker,high_congestion,linear_share,25,10000,10,5,8,0.8,5,0.0,False,73971.40834755317,7.397140834755317,0.7397140834755317,2.643178546778287,34353,3.4353,0,0,0,5.0,0.1310852849030899,5825.01281239719,RandomAgent_1,8257.533010119105,EpsilonGreedyAgent_1,8476.192264561465,UCB_BaselineAgent_1,7101.580799064485,RiskAverseEpsilonGreedyAgent_1,5663.735724163844,RiskAverseUCBAgent_1,5800.168312469553,RandomAgent_2,7204.500405412151,EpsilonGreedyAgent_2,12628.028542101041,UCB_BaselineAgent_2,6860.557390511235,RiskAverseEpsilonGreedyAgent_2,6154.099086753096,RiskAverseUCBAgent_2
high_congestion_linear_share_cb_opaque_ratio08_halt5,circuit_breaker,high_congestion,linear_share,26,10000,10,5,8,0.8,5,0.0,False,74017.11068530525,7.401711068530525,0.7401711068530524,2.63353269104262,34945,3.4945,0,0,0,5.0,0.13147112323739685,5702.682708984351,RandomAgent_1,8620.924988098763,EpsilonGreedyAgent_1,8458.328972920595,UCB_BaselineAgent_1,6586.191476997634,RiskAverseEpsilonGreedyAgent_1,5740.249451936779,RiskAverseUCBAgent_1,5693.6377578545535,RandomAgent_2,7163.338764476389,EpsilonGreedyAgent_2,12501.027194152053,UCB_BaselineAgent_2,6627.82145593985,RiskAverseEpsilonGreedyAgent_2,6922.90791394428,RiskAverseUCBAgent_2
high_congestion_linear_share_cb_opaque_ratio08_halt5,circuit_breaker,high_congestion,linear_share,27,10000,10,5,8,0.8,5,0.0,False,73750.80863920249,7.375080863920249,0.7375080863920248,2.614931823064748,35136,3.5136,0,0,0,5.0,0.07870295389448101,5639.056367395867,RandomAgent_1,8643.88744436912,EpsilonGreedyAgent_1,8105.516906810517,UCB_BaselineAgent_1,7713.092444858556,RiskAverseEpsilonGreedyAgent_1,6381.421591461885,RiskAverseUCBAgent_1,5621.560279398341,RandomAgent_2,8269.039968377014,EpsilonGreedyAgent_2,7636.126026608778,UCB_BaselineAgent_2,8370.822881366283,RiskAverseEpsilonGreedyAgent_2,7370.284728556127,RiskAverseUCBAgent_2
high_congestion_linear_share_cb_opaque_ratio08_halt5,circuit_breaker,high_congestion,linear_share,28,10000,10,5,8,0.8,5,0.0,False,74035.89254706498,7.403589254706499,0.7403589254706499,2.6621346237129955,34758,3.4758,0,0,0,5.0,0.07360995446952323,5570.958642251474,RandomAgent_1,8265.454033076607,EpsilonGreedyAgent_1,6545.600582524072,UCB_BaselineAgent_1,8366.521744434405,RiskAverseEpsilonGreedyAgent_1,7465.273795178285,RiskAverseUCBAgent_1,5682.74036113663,RandomAgent_2,7772.901779549671,EpsilonGreedyAgent_2,7822.325701995466,UCB_BaselineAgent_2,8307.920973220273,RiskAverseEpsilonGreedyAgent_2,8236.194933698102,RiskAverseUCBAgent_2
high_congestion_linear_share_cb_opaque_ratio08_halt5,circuit_breaker,high_congestion,linear_share,29,10000,10,5,8,0.8,5,0.0,False,73565.2556987194,7.356525569871939,0.735652556987194,2.6518459162153376,35464,3.5464,11,1,0,4.9995,0.07715416729067748,5606.358140904401,RandomAgent_1,8078.872490859892,EpsilonGreedyAgent_1,8555.098565067234,UCB_BaselineAgent_1,8394.04852924953,RiskAverseEpsilonGreedyAgent_1,7339.576556089478,RiskAverseUCBAgent_1,5593.591494233423,RandomAgent_2,7928.074337741514,EpsilonGreedyAgent_2,7969.174068223889,UCB_BaselineAgent_2,7720.585586747586,RiskAverseEpsilonGreedyAgent_2,6379.875929602448,RiskAverseUCBAgent_2
high_congestion_linear_share_cb_transparent_ratio08_halt5,circuit_breaker,high_congestion,linear_share,0,10000,10,5,8,0.8,5,0.0,True,74403.91565930839,7.440391565930839,0.744039156593084,2.6145758983628937,35330,3.533,0,0,0,5.0,0.08609998481561143,5686.778337123657,RandomAgent_1,7876.763919338315,EpsilonGreedyAgent_1,8756.860032316483,UCB_BaselineAgent_1,8600.293710976148,RiskAverseEpsilonGreedyAgent_1,6856.017445175172,RiskAverseUCBAgent_1,5689.861042889504,RandomAgent_2,8477.826847089771,EpsilonGreedyAgent_2,8101.951091543217,UCB_BaselineAgent_2,8224.942905461916,RiskAverseEpsilonGreedyAgent_2,6132.6203273942065,RiskAverseUCBAgent_2
high_congestion_linear_share_cb_transparent_ratio08_halt5,circuit_breaker,high_congestion,linear_share,1,10000,10,5,8,0.8,5,0.0,True,73791.91373800367,7.379191373800367,0.7379191373800367,2.641412094442742,34515,3.4515,0,0,0,5.0,0.13121877751378497,5811.971161252791,RandomAgent_1,7089.359247625932,EpsilonGreedyAgent_1,8179.955353098249,UCB_BaselineAgent_1,7056.58871881734,RiskAverseEpsilonGreedyAgent_1,6232.368417240998,RiskAverseUCBAgent_1,5774.434914269177,RandomAgent_2,8343.589808704932,EpsilonGreedyAgent_2,12804.150871951262,UCB_BaselineAgent_2,6829.422504826388,RiskAverseEpsilonGreedyAgent_2,5670.072740216598,RiskAverseUCBAgent_2
high_congestion_linear_share_cb_transparent_ratio08_halt5,circuit_breaker,high_congestion,linear_share,2,10000,10,5,8,0.8,5,0.0,True,73548.71594184081,7.354871594184081,0.7354871594184081,2.6586877161301947,35418,3.5418,0,0,0,5.0,0.07864400352282686,5647.269873276066,RandomAgent_1,7844.9118472469945,EpsilonGreedyAgent_1,8037.590424037912,UCB_BaselineAgent_1,8225.540936739968,RiskAverseEpsilonGreedyAgent_1,6238.333733782058,RiskAverseUCBAgent_1,5575.617751419078,RandomAgent_2,8196.125882592645,EpsilonGreedyAgent_2,8553.890405885311,UCB_BaselineAgent_2,8115.994893598381,RiskAverseEpsilonGreedyAgent_2,7113.440193262401,RiskAverseUCBAgent_2
high_congestion_linear_share_cb_transparent_ratio08_halt5,circuit_breaker,high_congestion,linear_share,3,10000,10,5,8,0.8,5,0.0,True,74524.35671172009,7.452435671172009,0.7452435671172009,2.6389710528680506,35144,3.5144,0,0,0,5.0,0.0768928425644102,5747.768293095109,RandomAgent_1,8515.65578495438,EpsilonGreedyAgent_1,7992.963804125071,UCB_BaselineAgent_1,8534.25537218198,RiskAverseEpsilonGreedyAgent_1,6347.751718221709,RiskAverseUCBAgent_1,5653.020111301676,RandomAgent_2,8270.75885318025,EpsilonGreedyAgent_2,8116.254841143383,UCB_BaselineAgent_2,8016.128473499146,RiskAverseEpsilonGreedyAgent_2,7329.799460017391,RiskAverseUCBAgent_2
high_congestion_linear_share_cb_transparent_ratio08_halt5,circuit_breaker,high_congestion,linear_share,4,10000,10,5,8,0.8,5,0.0,True,73755.11875003795,7.375511875003794,0.7375511875003794,2.6361960931358586,35390,3.539,0,0,0,5.0,0.07940917309028483,5629.607161574074,RandomAgent_1,8375.68376027887,EpsilonGreedyAgent_1,7898.864182841546,UCB_BaselineAgent_1,8223.58648678729,RiskAverseEpsilonGreedyAgent_1,7238.044673864166,RiskAverseUCBAgent_1,5646.221395733061,RandomAgent_2,8616.747840177553,EpsilonGreedyAgent_2,7808.255661868545,UCB_BaselineAgent_2,8084.244781644779,RiskAverseEpsilonGreedyAgent_2,6233.862805268061,RiskAverseUCBAgent_2
high_congestion_linear_share_cb_transparent_ratio08_halt5,circuit_breaker,high_congestion,linear_share,5,10000,10,5,8,0.8,5,0.0,True,73988.40615385599,7.398840615385599,0.7398840615385599,2.610916233443911,34234,3.4234,0,0,0,5.0,0.1311974755608769,5775.210437561684,RandomAgent_1,8461.937213356956,EpsilonGreedyAgent_1,8328.15686658576,UCB_BaselineAgent_1,7150.6801000554515,RiskAverseEpsilonGreedyAgent_1,5845.953524598233,RiskAverseUCBAgent_1,5820.951544829817,RandomAgent_2,7107.458491170493,EpsilonGreedyAgent_2,12685.514908340918,UCB_BaselineAgent_2,6929.1974328400565,RiskAverseEpsilonGreedyAgent_2,5883.345634516615,RiskAverseUCBAgent_2
high_congestion_linear_share_cb_transparent_ratio08_halt5,circuit_breaker,high_congestion,linear_share,6,10000,10,5,8,0.8,5,0.0,True,74109.46981689343,7.410946981689342,0.7410946981689343,2.665838505043332,35197,3.5197,0,0,0,5.0,0.07430993785588269,5630.884419744515,RandomAgent_1,8333.45714483554,EpsilonGreedyAgent_1,7622.33554468983,UCB_BaselineAgent_1,8452.085668113688,RiskAverseEpsilonGreedyAgent_1,7388.302172061396,RiskAverseUCBAgent_1,5705.880223060692,RandomAgent_2,7839.3192615863145,EpsilonGreedyAgent_2,7973.357260103654,UCB_BaselineAgent_2,8478.93060977682,RiskAverseEpsilonGreedyAgent_2,6684.917512920971,RiskAverseUCBAgent_2
high_congestion_linear_share_cb_transparent_ratio08_halt5,circuit_breaker,high_congestion,linear_share,7,10000,10,5,8,0.8,5,0.0,True,74024.7374016069,7.40247374016069,0.7402473740160689,2.648405154942702,34766,3.4766,0,0,0,5.0,0.07951329431457443,5669.207033588459,RandomAgent_1,8857.968922725167,EpsilonGreedyAgent_1,8468.12331018773,UCB_BaselineAgent_1,7333.107328369904,RiskAverseEpsilonGreedyAgent_1,7779.8102398806805,RiskAverseUCBAgent_1,5675.912305022075,RandomAgent_2,7995.725344246379,EpsilonGreedyAgent_2,7750.044703902974,UCB_BaselineAgent_2,8107.174476215107,RiskAverseEpsilonGreedyAgent_2,6387.663737468411,RiskAverseUCBAgent_2
high_congestion_linear_share_cb_transparent_ratio08_halt5,circuit_breaker,high_congestion,linear_share,8,10000,10,5,8,0.8,5,0.0,True,73753.16756333529,7.375316756333529,0.7375316756333529,2.631042463334499,35422,3.5422,0,0,0,5.0,0.07735884225723222,5605.675191869027,RandomAgent_1,8215.283805216768,EpsilonGreedyAgent_1,8537.876552817615,UCB_BaselineAgent_1,8400.812575391485,RiskAverseEpsilonGreedyAgent_1,7337.782547887258,RiskAverseUCBAgent_1,5588.245958496772,RandomAgent_2,7850.226101308729,EpsilonGreedyAgent_2,7914.965285785218,UCB_BaselineAgent_2,7915.705834675187,RiskAverseEpsilonGreedyAgent_2,6386.593709887228,RiskAverseUCBAgent_2
high_congestion_linear_share_cb_transparent_ratio08_halt5,circuit_breaker,high_congestion,linear_share,9,10000,10,5,8,0.8,5,0.0,True,74402.02749300683,7.440202749300683,0.7440202749300683,2.6483756671922287,33767,3.3767,0,0,0,5.0,0.08081307821226158,5640.093111297792,RandomAgent_1,7716.211821518616,EpsilonGreedyAgent_1,7680.503215846214,UCB_BaselineAgent_1,8931.116286457014,RiskAverseEpsilonGreedyAgent_1,7531.004217569866,RiskAverseUCBAgent_1,5694.627523576171,RandomAgent_2,7943.465829142845,EpsilonGreedyAgent_2,6476.48467259267,UCB_BaselineAgent_2,8020.281512217591,RiskAverseEpsilonGreedyAgent_2,8768.239302788048,RiskAverseUCBAgent_2
high_congestion_linear_share_cb_transparent_ratio08_halt5,circuit_breaker,high_congestion,linear_share,10,10000,10,5,8,0.8,5,0.0,True,73777.98264516047,7.377798264516048,0.7377798264516048,2.6472358121740664,35564,3.5564,0,0,0,5.0,0.08108158125047726,5542.263133252074,RandomAgent_1,7808.824591937185,EpsilonGreedyAgent_1,8497.170596042266,UCB_BaselineAgent_1,7606.173177428751,RiskAverseEpsilonGreedyAgent_1,8577.173982178496,RiskAverseUCBAgent_1,5542.960177383299,RandomAgent_2,7889.584742801289,EpsilonGreedyAgent_2,8467.50436952247,UCB_BaselineAgent_2,7424.698127498427,RiskAverseEpsilonGreedyAgent_2,6421.629747116213,RiskAverseUCBAgent_2
high_congestion_linear_share_cb_transparent_ratio08_halt5,circuit_breaker,high_congestion,linear_share,11,10000,10,5,8,0.8,5,0.0,True,73764.66067806592,7.376466067806592,0.7376466067806592,2.6485873327521983,35697,3.5697,0,0,0,5.0,0.0792441968649451,5614.251200859644,RandomAgent_1,7837.92210588494,EpsilonGreedyAgent_1,8596.204268047093,UCB_BaselineAgent_1,7761.027694249059,RiskAverseEpsilonGreedyAgent_1,6367.20613197989,RiskAverseUCBAgent_1,5523.771507131476,RandomAgent_2,8135.835836598762,EpsilonGreedyAgent_2,8087.899370474643,UCB_BaselineAgent_2,7396.546250377467,RiskAverseEpsilonGreedyAgent_2,8443.996312462941,RiskAverseUCBAgent_2
high_congestion_linear_share_cb_transparent_ratio08_halt5,circuit_breaker,high_congestion,linear_share,12,10000,10,5,8,0.8,5,0.0,True,73828.88751463886,7.382888751463886,0.7382888751463886,2.642722106611647,34208,3.4208,0,0,0,5.0,0.12129711497191908,5656.919307620609,RandomAgent_1,8320.732286593888,EpsilonGreedyAgent_1,8072.8754438042115,UCB_BaselineAgent_1,7202.349534857096,RiskAverseEpsilonGreedyAgent_1,6221.520954082334,RiskAverseUCBAgent_1,5690.604037891345,RandomAgent_2,7286.631179717118,EpsilonGreedyAgent_2,12088.409223620421,UCB_BaselineAgent_2,7224.145492899196,RiskAverseEpsilonGreedyAgent_2,6064.700053552637,RiskAverseUCBAgent_2
high_congestion_linear_share_cb_transparent_ratio08_halt5,circuit_breaker,high_congestion,linear_share,13,10000,10,5,8,0.8,5,0.0,True,74055.9233633657,7.40559233633657,0.7405592336336569,2.6399030516445228,35037,3.5037,0,0,0,5.0,0.07451157016242371,5666.769797664239,RandomAgent_1,7987.801563321073,EpsilonGreedyAgent_1,7406.151078786993,UCB_BaselineAgent_1,8295.66627407619,RiskAverseEpsilonGreedyAgent_1,6796.147545392811,RiskAverseUCBAgent_1,5599.295699497418,RandomAgent_2,7925.38871063332,EpsilonGreedyAgent_2,8423.186387166172,UCB_BaselineAgent_2,8506.65589644633,RiskAverseEpsilonGreedyAgent_2,7448.860410381158,RiskAverseUCBAgent_2
high_congestion_linear_share_cb_transparent_ratio08_halt5,circuit_breaker,high_congestion,linear_share,14,10000,10,5,8,0.8,5,0.0,True,73978.58316549852,7.397858316549852,0.7397858316549852,2.6654767773869645,35051,3.5051,0,0,0,5.0,0.09212316425862066,5611.169696168188,RandomAgent_1,8363.488571682956,EpsilonGreedyAgent_1,8347.839479227907,UCB_BaselineAgent_1,6587.483985198469,RiskAverseEpsilonGreedyAgent_1,7400.806097282788,RiskAverseUCBAgent_1,5678.922676464584,RandomAgent_2,9260.762638681777,EpsilonGreedyAgent_2,8714.542871052987,UCB_BaselineAgent_2,6627.5232383193415,RiskAverseEpsilonGreedyAgent_2,7386.043911419527,RiskAverseUCBAgent_2
high_congestion_linear_share_cb_transparent_ratio08_halt5,circuit_breaker,high_congestion,linear_share,15,10000,10,5,8,0.8,5,0.0,True,73998.30437732587,7.399830437732587,0.7399830437732587,2.6753727602970425,35443,3.5443,0,0,0,5.0,0.07893180222112695,5618.438997232457,RandomAgent_1,7947.123121835093,EpsilonGreedyAgent_1,8640.432245745065,UCB_BaselineAgent_1,8004.910560509139,RiskAverseEpsilonGreedyAgent_1,6426.179728613113,RiskAverseUCBAgent_1,5586.7530762422575,RandomAgent_2,8224.11030872213,EpsilonGreedyAgent_2,7964.909211804574,UCB_BaselineAgent_2,8398.832642102454,RiskAverseEpsilonGreedyAgent_2,7186.61448451959,RiskAverseUCBAgent_2
high_congestion_linear_share_cb_transparent_ratio08_halt5,circuit_breaker,high_congestion,linear_share,16,10000,10,5,8,0.8,5,0.0,True,74195.09709570938,7.419509709570939,0.7419509709570938,2.6269750950931474,35205,3.5205,0,0,0,5.0,0.07621372141602922,5670.328213891548,RandomAgent_1,8007.265717608313,EpsilonGreedyAgent_1,7914.932621408696,UCB_BaselineAgent_1,8565.668155468384,RiskAverseEpsilonGreedyAgent_1,6393.011709172721,RiskAverseUCBAgent_1,5744.00492932942,RandomAgent_2,8492.524661047075,EpsilonGreedyAgent_2,7889.14225651822,UCB_BaselineAgent_2,8215.15931632557,RiskAverseEpsilonGreedyAgent_2,7303.059514939439,RiskAverseUCBAgent_2
high_congestion_linear_share_cb_transparent_ratio08_halt5,circuit_breaker,high_congestion,linear_share,17,10000,10,5,8,0.8,5,0.0,True,73973.59908524682,7.397359908524683,0.7397359908524682,2.642968763611514,34232,3.4232,0,0,0,5.0,0.07434819891837852,5610.053766617428,RandomAgent_1,7817.894044481444,EpsilonGreedyAgent_1,7909.990810373215,UCB_BaselineAgent_1,7753.587665203371,RiskAverseEpsilonGreedyAgent_1,7628.560846229831,RiskAverseUCBAgent_1,5629.582178808801,RandomAgent_2,7781.546499355602,EpsilonGreedyAgent_2,6675.766205096977,UCB_BaselineAgent_2,8185.518665403931,RiskAverseEpsilonGreedyAgent_2,8981.098403676218,RiskAverseUCBAgent_2
high_congestion_linear_share_cb_transparent_ratio08_halt5,circuit_breaker,high_congestion,linear_share,18,10000,10,5,8,0.8,5,0.0,True,74057.65859666586,7.405765859666586,0.7405765859666587,2.6197412707534116,34440,3.444,0,0,0,5.0,0.12596210875876168,5768.117797004524,RandomAgent_1,8432.194703952135,EpsilonGreedyAgent_1,12418.740201328,UCB_BaselineAgent_1,7061.385996746246,RiskAverseEpsilonGreedyAgent_1,5979.487418700135,RiskAverseUCBAgent_1,5770.865038381295,RandomAgent_2,7302.117503300349,EpsilonGreedyAgent_2,8186.146538548904,UCB_BaselineAgent_2,7084.306812882907,RiskAverseEpsilonGreedyAgent_2,6054.296585821363,RiskAverseUCBAgent_2
high_congestion_linear_share_cb_transparent_ratio08_halt5,circuit_breaker,high_congestion,linear_share,19,10000,10,5,8,0.8,5,0.0,True,74178.76489374462,7.417876489374462,0.7417876489374462,2.6370970767768864,35387,3.5387,0,0,0,5.0,0.07943563154757549,5653.7202650922045,RandomAgent_1,8537.054432089892,EpsilonGreedyAgent_1,7933.102631212663,UCB_BaselineAgent_1,8295.333724193737,RiskAverseEpsilonGreedyAgent_1,7231.513611631089,RiskAverseUCBAgent_1,5604.1844053123095,RandomAgent_2,8494.615935262456,EpsilonGreedyAgent_2,8107.537155238227,UCB_BaselineAgent_2,8013.191247221687,RiskAverseEpsilonGreedyAgent_2,6308.511486490352,RiskAverseUCBAgent_2
high_congestion_linear_share_cb_transparent_ratio08_halt5,circuit_breaker,high_congestion,linear_share,20,10000,10,5,8,0.8,5,0.0,True,74135.61078469643,7.413561078469643,0.7413561078469643,2.663253083146061,35412,3.5412,0,0,0,5.0,0.07605837400023319,5679.67245448662,RandomAgent_1,7956.393389969445,EpsilonGreedyAgent_1,8585.064069706195,UCB_BaselineAgent_1,8245.771568550148,RiskAverseEpsilonGreedyAgent_1,6305.277088251741,RiskAverseUCBAgent_1,5636.371230979687,RandomAgent_2,7881.7139549323865,EpsilonGreedyAgent_2,8164.821986842901,UCB_BaselineAgent_2,8235.528242452925,RiskAverseEpsilonGreedyAgent_2,7444.996798524376,RiskAverseUCBAgent_2
high_congestion_linear_share_cb_transparent_ratio08_halt5,circuit_breaker,high_congestion,linear_share,21,10000,10,5,8,0.8,5,0.0,True,73466.94590823086,7.346694590823086,0.7346694590823086,2.643092429031501,35210,3.521,0,0,0,5.0,0.07517343651520147,5729.476565233393,RandomAgent_1,8368.733377617518,EpsilonGreedyAgent_1,8001.98265681121,UCB_BaselineAgent_1,8093.995610891519,RiskAverseEpsilonGreedyAgent_1,7129.517057508044,RiskAverseUCBAgent_1,5664.17635122355,RandomAgent_2,8324.92672191649,EpsilonGreedyAgent_2,7564.203211653736,UCB_BaselineAgent_2,8233.692027922316,RiskAverseEpsilonGreedyAgent_2,6356.242327453081,RiskAverseUCBAgent_2
high_congestion_linear_share_cb_transparent_ratio08_halt5,circuit_breaker,high_congestion,linear_share,22,10000,10,5,8,0.8,5,0.0,True,73794.65811191211,7.379465811191211,0.7379465811191211,2.6844501528576274,35076,3.5076,0,1,0,4.9995,0.07526462578251891,5760.639067651618,RandomAgent_1,8283.632600817387,EpsilonGreedyAgent_1,7859.533778991659,UCB_BaselineAgent_1,8480.374743144775,RiskAverseEpsilonGreedyAgent_1,7318.886921301717,RiskAverseUCBAgent_1,5573.702248981031,RandomAgent_2,8373.947666437436,EpsilonGreedyAgent_2,7884.8849377410515,UCB_BaselineAgent_2,7851.912634569024,RiskAverseEpsilonGreedyAgent_2,6407.143512276412,RiskAverseUCBAgent_2
high_congestion_linear_share_cb_transparent_ratio08_halt5,circuit_breaker,high_congestion,linear_share,23,10000,10,5,8,0.8,5,0.0,True,74165.35354697128,7.416535354697128,0.7416535354697128,2.617252193408281,35568,3.5568,0,0,0,5.0,0.07817637519265941,5606.020798632726,RandomAgent_1,8281.214901090594,EpsilonGreedyAgent_1,8106.315090574417,UCB_BaselineAgent_1,7995.288246357482,RiskAverseEpsilonGreedyAgent_1,6335.530997214806,RiskAverseUCBAgent_1,5618.413403472736,RandomAgent_2,7942.896869339928,EpsilonGreedyAgent_2,8675.13914559572,UCB_BaselineAgent_2,8229.753758407836,RiskAverseEpsilonGreedyAgent_2,7374.78033628503,RiskAverseUCBAgent_2
high_congestion_linear_share_cb_transparent_ratio08_halt5,circuit_breaker,high_congestion,linear_share,24,10000,10,5,8,0.8,5,0.0,True,73707.307364224,7.3707307364224,0.7370730736422401,2.6448166109415308,35276,3.5276,0,0,0,5.0,0.07973763755421581,5685.305849440809,RandomAgent_1,7848.324080514564,EpsilonGreedyAgent_1,8726.733734934664,UCB_BaselineAgent_1,8187.7583101611335,RiskAverseEpsilonGreedyAgent_1,6853.946666349112,RiskAverseUCBAgent_1,5635.350781493333,RandomAgent_2,8173.104928719349,EpsilonGreedyAgent_2,7870.980985673125,UCB_BaselineAgent_2,8288.103904482106,RiskAverseEpsilonGreedyAgent_2,6437.698122455806,RiskAverseUCBAgent_2
high_congestion_linear_share_cb_transparent_ratio08_halt5,circuit_breaker,high_congestion,linear_share,25,10000,10,5,8,0.8,5,0.0,True,73971.40834755317,7.397140834755317,0.7397140834755317,2.643178546778287,34353,3.4353,0,0,0,5.0,0.1310852849030899,5825.01281239719,RandomAgent_1,8257.533010119105,EpsilonGreedyAgent_1,8476.192264561465,UCB_BaselineAgent_1,7101.580799064485,RiskAverseEpsilonGreedyAgent_1,5663.735724163844,RiskAverseUCBAgent_1,5800.168312469553,RandomAgent_2,7204.500405412151,EpsilonGreedyAgent_2,12628.028542101041,UCB_BaselineAgent_2,6860.557390511235,RiskAverseEpsilonGreedyAgent_2,6154.099086753096,RiskAverseUCBAgent_2
high_congestion_linear_share_cb_transparent_ratio08_halt5,circuit_breaker,high_congestion,linear_share,26,10000,10,5,8,0.8,5,0.0,True,74017.11068530525,7.401711068530525,0.7401711068530524,2.63353269104262,34945,3.4945,0,0,0,5.0,0.13147112323739685,5702.682708984351,RandomAgent_1,8620.924988098763,EpsilonGreedyAgent_1,8458.328972920595,UCB_BaselineAgent_1,6586.191476997634,RiskAverseEpsilonGreedyAgent_1,5740.249451936779,RiskAverseUCBAgent_1,5693.6377578545535,RandomAgent_2,7163.338764476389,EpsilonGreedyAgent_2,12501.027194152053,UCB_BaselineAgent_2,6627.82145593985,RiskAverseEpsilonGreedyAgent_2,6922.90791394428,RiskAverseUCBAgent_2
high_congestion_linear_share_cb_transparent_ratio08_halt5,circuit_breaker,high_congestion,linear_share,27,10000,10,5,8,0.8,5,0.0,True,73750.80863920249,7.375080863920249,0.7375080863920248,2.614931823064748,35136,3.5136,0,0,0,5.0,0.07870295389448101,5639.056367395867,RandomAgent_1,8643.88744436912,EpsilonGreedyAgent_1,8105.516906810517,UCB_BaselineAgent_1,7713.092444858556,RiskAverseEpsilonGreedyAgent_1,6381.421591461885,RiskAverseUCBAgent_1,5621.560279398341,RandomAgent_2,8269.039968377014,EpsilonGreedyAgent_2,7636.126026608778,UCB_BaselineAgent_2,8370.822881366283,RiskAverseEpsilonGreedyAgent_2,7370.284728556127,RiskAverseUCBAgent_2
high_congestion_linear_share_cb_transparent_ratio08_halt5,circuit_breaker,high_congestion,linear_share,28,10000,10,5,8,0.8,5,0.0,True,74035.89254706498,7.403589254706499,0.7403589254706499,2.6621346237129955,34758,3.4758,0,0,0,5.0,0.07360995446952323,5570.958642251474,RandomAgent_1,8265.454033076607,EpsilonGreedyAgent_1,6545.600582524072,UCB_BaselineAgent_1,8366.521744434405,RiskAverseEpsilonGreedyAgent_1,7465.273795178285,RiskAverseUCBAgent_1,5682.74036113663,RandomAgent_2,7772.901779549671,EpsilonGreedyAgent_2,7822.325701995466,UCB_BaselineAgent_2,8307.920973220273,RiskAverseEpsilonGreedyAgent_2,8236.194933698102,RiskAverseUCBAgent_2
high_congestion_linear_share_cb_transparent_ratio08_halt5,circuit_breaker,high_congestion,linear_share,29,10000,10,5,8,0.8,5,0.0,True,73813.20597687994,7.381320597687994,0.7381320597687994,2.6309357147121015,35409,3.5409,0,1,0,4.9995,0.07583794261300203,5638.852777566415,RandomAgent_1,8132.943653301547,EpsilonGreedyAgent_1,8006.755112407712,UCB_BaselineAgent_1,8377.861307720921,RiskAverseEpsilonGreedyAgent_1,7334.640590839037,RiskAverseUCBAgent_1,5639.581611515947,RandomAgent_2,8084.125683229823,EpsilonGreedyAgent_2,8479.579240689967,UCB_BaselineAgent_2,7729.580522492881,RiskAverseEpsilonGreedyAgent_2,6389.285477115681,RiskAverseUCBAgent_2
high_congestion_zero_on_collision_baseline,baseline,high_congestion,zero_on_collision,0,10000,10,5,,,,,,24863.603408963307,2.4863603408963306,0.24863603408963306,2.033824093227666,32846,3.2846,0,0,0,5,0.5714825881961536,316.8612620788138,RandomAgent_1,1128.3080981890444,EpsilonGreedyAgent_1,9100.431747988809,UCB_BaselineAgent_1,6022.317548065342,RiskAverseEpsilonGreedyAgent_1,288.4368003101537,RiskAverseUCBAgent_1,283.02477292073144,RandomAgent_2,3613.2862448138317,EpsilonGreedyAgent_2,2136.826190748069,UCB_BaselineAgent_2,1678.3120129710417,RiskAverseEpsilonGreedyAgent_2,295.79873087747086,RiskAverseUCBAgent_2
high_congestion_zero_on_collision_baseline,baseline,high_congestion,zero_on_collision,1,10000,10,5,,,,,,24660.213801409765,2.4660213801409765,0.24660213801409767,2.0367337965131553,33123,3.3123,0,0,0,5,0.5281120662626342,461.76237200526054,RandomAgent_1,6426.440548372791,EpsilonGreedyAgent_1,609.7062877341691,UCB_BaselineAgent_1,1946.9365744079016,RiskAverseEpsilonGreedyAgent_1,286.54004720587574,RiskAverseUCBAgent_1,369.9237523213803,RandomAgent_2,4751.844979228312,EpsilonGreedyAgent_2,6732.032897450437,UCB_BaselineAgent_2,2686.559384183264,RiskAverseEpsilonGreedyAgent_2,388.46695850037503,RiskAverseUCBAgent_2
high_congestion_zero_on_collision_baseline,baseline,high_congestion,zero_on_collision,2,10000,10,5,,,,,,23299.93875757714,2.329993875757714,0.2329993875757714,1.9552398767615744,33584,3.3584,0,0,0,5,0.5007326728038382,362.30202359890495,RandomAgent_1,5737.906792529562,EpsilonGreedyAgent_1,5211.241386690943,UCB_BaselineAgent_1,5036.3186400473505,RiskAverseEpsilonGreedyAgent_1,279.5854423184332,RiskAverseUCBAgent_1,378.2144770399769,RandomAgent_2,2282.03883425507,EpsilonGreedyAgent_2,598.0004226488303,UCB_BaselineAgent_2,3104.766135014462,RiskAverseEpsilonGreedyAgent_2,309.5646034336057,RiskAverseUCBAgent_2
high_congestion_zero_on_collision_baseline,baseline,high_congestion,zero_on_collision,3,10000,10,5,,,,,,26115.72511143913,2.6115725111439128,0.2611572511143913,1.9208468690788272,32912,3.2912,0,0,0,5,0.6223868922392652,257.7694824532533,RandomAgent_1,591.4561305661073,EpsilonGreedyAgent_1,10541.197612178032,UCB_BaselineAgent_1,253.1791317915512,RiskAverseEpsilonGreedyAgent_1,3668.9743259586985,RiskAverseUCBAgent_1,215.3398872437976,RandomAgent_2,2753.636107134882,EpsilonGreedyAgent_2,6766.10031766335,UCB_BaselineAgent_2,443.9666108726379,RiskAverseEpsilonGreedyAgent_2,624.1055055768203,RiskAverseUCBAgent_2
high_congestion_zero_on_collision_baseline,baseline,high_congestion,zero_on_collision,4,10000,10,5,,,,,,25644.05521038887,2.564405521038887,0.2564405521038887,2.1016914148346255,32837,3.2837,0,0,0,5,0.5733572242645566,261.07932008525984,RandomAgent_1,811.628925413392,EpsilonGreedyAgent_1,8084.924278989559,UCB_BaselineAgent_1,1514.4131889027385,RiskAverseEpsilonGreedyAgent_1,354.09156629786713,RiskAverseUCBAgent_1,261.3035266576366,RandomAgent_2,3935.625281537942,EpsilonGreedyAgent_2,7266.409556767962,UCB_BaselineAgent_2,2967.4592273418725,RiskAverseEpsilonGreedyAgent_2,187.12033839463842,RiskAverseUCBAgent_2
high_congestion_zero_on_collision_baseline,baseline,high_congestion,zero_on_collision,5,10000,10,5,,,,,,24868.42595719443,2.4868425957194433,0.24868425957194432,2.0353850904598816,32929,3.2929,0,0,0,5,0.5701219219430125,274.6192142655901,RandomAgent_1,580.6283138901086,EpsilonGreedyAgent_1,5432.403768563964,UCB_BaselineAgent_1,4178.090253982439,RiskAverseEpsilonGreedyAgent_1,356.17164431071114,RiskAverseUCBAgent_1,251.61951600184477,RandomAgent_2,3439.1083851399653,EpsilonGreedyAgent_2,8639.411902806472,UCB_BaselineAgent_2,1502.1970647856892,RiskAverseEpsilonGreedyAgent_2,214.1758934476465,RiskAverseUCBAgent_2
high_congestion_zero_on_collision_baseline,baseline,high_congestion,zero_on_collision,6,10000,10,5,,,,,,23916.48656833551,2.391648656833551,0.2391648656833551,1.9485030239524885,33477,3.3477,0,0,0,5,0.5030912834528278,379.1022077649048,RandomAgent_1,3407.6198613567617,EpsilonGreedyAgent_1,683.139888264007,UCB_BaselineAgent_1,4501.513522475551,RiskAverseEpsilonGreedyAgent_1,321.2807501959325,RiskAverseUCBAgent_1,442.02622062884814,RandomAgent_2,5852.438060334175,EpsilonGreedyAgent_2,5949.995546051386,UCB_BaselineAgent_2,2064.233514193466,RiskAverseEpsilonGreedyAgent_2,315.1369970704768,RiskAverseUCBAgent_2
high_congestion_zero_on_collision_baseline,baseline,high_congestion,zero_on_collision,7,10000,10,5,,,,,,24801.156636235606,2.4801156636235606,0.24801156636235605,2.054396281350375,33061,3.3061,0,0,0,5,0.5827460149722159,223.34864308681742,RandomAgent_1,448.1268533721622,EpsilonGreedyAgent_1,6965.870424956901,UCB_BaselineAgent_1,4253.251760251134,RiskAverseEpsilonGreedyAgent_1,207.11645576611875,RiskAverseUCBAgent_1,287.3548360825023,RandomAgent_2,1741.402680201388,EpsilonGreedyAgent_2,7911.03051866729,UCB_BaselineAgent_2,2514.45939061228,RiskAverseEpsilonGreedyAgent_2,249.19507323901252,RiskAverseUCBAgent_2
high_congestion_zero_on_collision_baseline,baseline,high_congestion,zero_on_collision,8,10000,10,5,,,,,,23578.78866710649,2.357878866710649,0.23578788667106493,1.9259671936235219,33541,3.3541,0,0,0,5,0.5077838526182308,439.2153583369193,RandomAgent_1,4398.828308522621,EpsilonGreedyAgent_1,6525.607938115847,UCB_BaselineAgent_1,3415.819548919902,RiskAverseEpsilonGreedyAgent_1,308.13248835007494,RiskAverseUCBAgent_1,329.29262796430925,RandomAgent_2,5075.343651597749,EpsilonGreedyAgent_2,800.753741820084,UCB_BaselineAgent_2,1971.0530846375505,RiskAverseEpsilonGreedyAgent_2,314.7419188414337,RiskAverseUCBAgent_2
high_congestion_zero_on_collision_baseline,baseline,high_congestion,zero_on_collision,9,10000,10,5,,,,,,26541.979616484485,2.6541979616484483,0.26541979616484485,2.069087392451049,32319,3.2319,0,0,0,5,0.5726235943783187,302.9101034246394,RandomAgent_1,4245.615125470533,EpsilonGreedyAgent_1,6601.573487979707,UCB_BaselineAgent_1,196.46567541337762,RiskAverseEpsilonGreedyAgent_1,637.7360421183882,RiskAverseUCBAgent_1,366.74657927945685,RandomAgent_2,5825.962103406647,EpsilonGreedyAgent_2,7757.589594167412,UCB_BaselineAgent_2,338.2698779598901,RiskAverseEpsilonGreedyAgent_2,269.1110272644329,RiskAverseUCBAgent_2
high_congestion_zero_on_collision_baseline,baseline,high_congestion,zero_on_collision,10,10000,10,5,,,,,,30983.17161618835,3.098317161618835,0.3098317161618835,2.2361010776196237,30155,3.0155,0,0,0,5,0.616247205659816,390.29790863002836,RandomAgent_1,10014.670529440988,EpsilonGreedyAgent_1,8003.274434438027,UCB_BaselineAgent_1,120.66036626260549,RiskAverseEpsilonGreedyAgent_1,226.85034336343008,RiskAverseUCBAgent_1,357.81321221816506,RandomAgent_2,4520.586434758637,EpsilonGreedyAgent_2,6984.988676484832,UCB_BaselineAgent_2,111.70841119512238,RiskAverseEpsilonGreedyAgent_2,252.32129939651264,RiskAverseUCBAgent_2
high_congestion_zero_on_collision_baseline,baseline,high_congestion,zero_on_collision,11,10000,10,5,,,,,,24272.780305016702,2.4272780305016703,0.24272780305016703,2.056061793264815,33337,3.3337,0,0,0,5,0.5035661813030228,516.7735324568142,RandomAgent_1,5920.150076276737,EpsilonGreedyAgent_1,861.2774013587004,UCB_BaselineAgent_1,3162.0471939088857,RiskAverseEpsilonGreedyAgent_1,363.7655673747737,RiskAverseUCBAgent_1,449.4222633175608,RandomAgent_2,6748.647631294781,EpsilonGreedyAgent_2,4010.8696518298602,UCB_BaselineAgent_2,1756.7871176494475,RiskAverseEpsilonGreedyAgent_2,483.03986954914296,RiskAverseUCBAgent_2
high_congestion_zero_on_collision_baseline,baseline,high_congestion,zero_on_collision,12,10000,10,5,,,,,,23681.321888402646,2.3681321888402644,0.23681321888402646,1.9353578978838286,33623,3.3623,0,0,0,5,0.5153232995433314,323.92420964759515,RandomAgent_1,5328.419329248569,EpsilonGreedyAgent_1,614.3866330497966,UCB_BaselineAgent_1,1977.2953061911883,RiskAverseEpsilonGreedyAgent_1,353.2799183519717,RiskAverseUCBAgent_1,366.32840803986113,RandomAgent_2,5199.117110640008,EpsilonGreedyAgent_2,6230.7458708993845,UCB_BaselineAgent_2,3002.0422638365744,RiskAverseEpsilonGreedyAgent_2,285.7828384976977,RiskAverseUCBAgent_2
high_congestion_zero_on_collision_baseline,baseline,high_congestion,zero_on_collision,13,10000,10,5,,,,,,25132.98045657662,2.513298045657662,0.2513298045657662,2.0558876810327975,33137,3.3137,0,0,0,5,0.5439789108406994,347.27129000449406,RandomAgent_1,6523.599021166633,EpsilonGreedyAgent_1,715.4387829585061,UCB_BaselineAgent_1,4975.716303750969,RiskAverseEpsilonGreedyAgent_1,330.3638177774914,RiskAverseUCBAgent_1,436.35379736719756,RandomAgent_2,1577.6306259475084,EpsilonGreedyAgent_2,2484.283510881377,UCB_BaselineAgent_2,7377.43911590569,RiskAverseEpsilonGreedyAgent_2,364.8841908167539,RiskAverseUCBAgent_2
high_congestion_zero_on_collision_baseline,baseline,high_congestion,zero_on_collision,14,10000,10,5,,,,,,29759.98891434555,2.975998891434555,0.29759988914345553,2.2428616097069867,31145,3.1145,0,0,0,5,0.6134670602349988,388.62520861614496,RandomAgent_1,9623.444147816941,EpsilonGreedyAgent_1,3317.4246750397547,UCB_BaselineAgent_1,146.80311725769528,RiskAverseEpsilonGreedyAgent_1,455.03408655922016,RiskAverseUCBAgent_1,404.1916155326453,RandomAgent_2,6459.521778618983,EpsilonGreedyAgent_2,8443.740298323903,UCB_BaselineAgent_2,178.5260373471349,RiskAverseEpsilonGreedyAgent_2,342.67794923312783,RiskAverseUCBAgent_2
high_congestion_zero_on_collision_baseline,baseline,high_congestion,zero_on_collision,15,10000,10,5,,,,,,27547.71821357863,2.7547718213578634,0.2754771821357863,2.1581403312154186,31963,3.1963,0,0,0,5,0.5923607940605609,284.52663763196773,RandomAgent_1,595.2961896664021,EpsilonGreedyAgent_1,7488.467620650861,UCB_BaselineAgent_1,2230.797212956577,RiskAverseEpsilonGreedyAgent_1,219.25174031309965,RiskAverseUCBAgent_1,270.25020496005345,RandomAgent_2,6712.762356921337,EpsilonGreedyAgent_2,8407.301284851648,UCB_BaselineAgent_2,1122.716802401732,RiskAverseEpsilonGreedyAgent_2,216.34816322495303,RiskAverseUCBAgent_2
high_congestion_zero_on_collision_baseline,baseline,high_congestion,zero_on_collision,16,10000,10,5,,,,,,24257.062913200465,2.4257062913200467,0.24257062913200464,1.9868654130734238,33377,3.3377,0,0,0,5,0.5214568423695147,369.7340010695845,RandomAgent_1,4986.674067112565,EpsilonGreedyAgent_1,622.2057778017381,UCB_BaselineAgent_1,3098.119994239058,RiskAverseEpsilonGreedyAgent_1,350.48314092290434,RiskAverseUCBAgent_1,396.69597166093484,RandomAgent_2,5435.384975428233,EpsilonGreedyAgent_2,6833.968055419856,UCB_BaselineAgent_2,1829.7494724208607,RiskAverseEpsilonGreedyAgent_2,334.04745712473067,RiskAverseUCBAgent_2
high_congestion_zero_on_collision_baseline,baseline,high_congestion,zero_on_collision,17,10000,10,5,,,,,,23798.262087305116,2.3798262087305115,0.23798262087305116,2.00622579925791,33345,3.3345,0,0,0,5,0.5167247493565919,396.26912659937955,RandomAgent_1,6114.848752500017,EpsilonGreedyAgent_1,6128.894898065707,UCB_BaselineAgent_1,4445.259940616938,RiskAverseEpsilonGreedyAgent_1,320.41935847260436,RiskAverseUCBAgent_1,389.01326969624023,RandomAgent_2,2952.155909238138,EpsilonGreedyAgent_2,461.13206901641445,UCB_BaselineAgent_2,2307.5107515462714,RiskAverseEpsilonGreedyAgent_2,282.75801155340736,RiskAverseUCBAgent_2
high_congestion_zero_on_collision_baseline,baseline,high_congestion,zero_on_collision,18,10000,10,5,,,,,,29078.27745634045,2.907827745634045,0.2907827745634045,2.3167427325103667,31179,3.1179,0,0,0,5,0.614573501686694,588.3374871101348,RandomAgent_1,9520.133354472195,EpsilonGreedyAgent_1,4940.460527782545,UCB_BaselineAgent_1,194.43383630148145,RiskAverseEpsilonGreedyAgent_1,303.1493471099476,RiskAverseUCBAgent_1,524.3086211631645,RandomAgent_2,8958.382629992673,EpsilonGreedyAgent_2,3609.213874098284,UCB_BaselineAgent_2,230.9466412322021,RiskAverseEpsilonGreedyAgent_2,208.91113707782014,RiskAverseUCBAgent_2
high_congestion_zero_on_collision_baseline,baseline,high_congestion,zero_on_collision,19,10000,10,5,,,,,,29894.77507994441,2.989477507994441,0.29894775079944413,2.2485123422503746,30960,3.096,0,0,0,5,0.6174624489236069,592.8699389436906,RandomAgent_1,10274.831113877053,EpsilonGreedyAgent_1,3706.5243243270497,UCB_BaselineAgent_1,172.417816763111,RiskAverseEpsilonGreedyAgent_1,239.90070425793766,RiskAverseUCBAgent_1,473.078737557219,RandomAgent_2,6231.969674057367,EpsilonGreedyAgent_2,7764.291632141131,UCB_BaselineAgent_2,151.77033883598395,RiskAverseEpsilonGreedyAgent_2,287.1207991838669,RiskAverseUCBAgent_2
high_congestion_zero_on_collision_baseline,baseline,high_congestion,zero_on_collision,20,10000,10,5,,,,,,24497.23266525044,2.4497232665250444,0.24497232665250443,2.0465679392576392,33341,3.3341,0,0,0,5,0.5348001443358288,421.2962131575241,RandomAgent_1,7246.6353168947935,EpsilonGreedyAgent_1,3856.8631933692245,UCB_BaselineAgent_1,1880.1416949262543,RiskAverseEpsilonGreedyAgent_1,288.241363590628,RiskAverseUCBAgent_1,429.0556281339455,RandomAgent_2,6360.235812758759,EpsilonGreedyAgent_2,598.0650611357972,UCB_BaselineAgent_2,3060.818340153185,RiskAverseEpsilonGreedyAgent_2,355.88004113033236,RiskAverseUCBAgent_2
high_congestion_zero_on_collision_baseline,baseline,high_congestion,zero_on_collision,21,10000,10,5,,,,,,24629.292292758542,2.4629292292758542,0.24629292292758542,2.0874004924575087,32992,3.2992,0,0,0,5,0.5035924896961237,551.0920852597391,RandomAgent_1,7014.959712783331,EpsilonGreedyAgent_1,925.4107230541795,UCB_BaselineAgent_1,2643.5808201598147,RiskAverseEpsilonGreedyAgent_1,700.6969292016541,RiskAverseUCBAgent_1,465.3037211543123,RandomAgent_2,6691.078699214233,EpsilonGreedyAgent_2,1395.5121195111767,UCB_BaselineAgent_2,3699.593430532118,RiskAverseEpsilonGreedyAgent_2,542.0640518879839,RiskAverseUCBAgent_2
high_congestion_zero_on_collision_baseline,baseline,high_congestion,zero_on_collision,22,10000,10,5,,,,,,32354.194125499194,3.2354194125499194,0.3235419412549919,2.325636863465823,29340,2.934,0,0,0,5,0.6251526328072994,286.07414413021974,RandomAgent_1,6697.6401977112655,EpsilonGreedyAgent_1,9812.089543202905,UCB_BaselineAgent_1,97.70038403766115,RiskAverseEpsilonGreedyAgent_1,256.03875316386893,RiskAverseUCBAgent_1,299.3129226161875,RandomAgent_2,4521.699747325362,EpsilonGreedyAgent_2,10023.62554640618,UCB_BaselineAgent_2,126.60758979665181,RiskAverseEpsilonGreedyAgent_2,233.40529710889302,RiskAverseUCBAgent_2
high_congestion_zero_on_collision_baseline,baseline,high_congestion,zero_on_collision,23,10000,10,5,,,,,,29312.051180220795,2.9312051180220795,0.29312051180220794,2.1615000113160976,31132,3.1132,0,0,0,5,0.6022453130404293,237.494904101869,RandomAgent_1,4578.867751296016,EpsilonGreedyAgent_1,8750.34402086205,UCB_BaselineAgent_1,221.48511672048227,RiskAverseEpsilonGreedyAgent_1,239.0822310880035,RiskAverseUCBAgent_1,290.61366394205305,RandomAgent_2,6645.406834114267,EpsilonGreedyAgent_2,7956.0995773632885,UCB_BaselineAgent_2,180.9989183429212,RiskAverseEpsilonGreedyAgent_2,211.65816238984388,RiskAverseUCBAgent_2
high_congestion_zero_on_collision_baseline,baseline,high_congestion,zero_on_collision,24,10000,10,5,,,,,,27484.079371667165,2.7484079371667165,0.27484079371667164,2.1664977660275087,31775,3.1775,0,0,0,5,0.5713576810071732,390.6087773329141,RandomAgent_1,398.11756391395505,EpsilonGreedyAgent_1,6053.741199960826,UCB_BaselineAgent_1,3507.541767616176,RiskAverseEpsilonGreedyAgent_1,220.6482609670133,RiskAverseUCBAgent_1,398.3760678517018,RandomAgent_2,7384.2172073754655,EpsilonGreedyAgent_2,7848.462766320084,UCB_BaselineAgent_2,1052.9436512788998,RiskAverseEpsilonGreedyAgent_2,229.42210905012897,RiskAverseUCBAgent_2
high_congestion_zero_on_collision_baseline,baseline,high_congestion,zero_on_collision,25,10000,10,5,,,,,,30488.80968850304,3.048880968850304,0.3048880968850304,2.262127920727355,30291,3.0291,0,0,0,5,0.6113898733147196,366.64752892169486,RandomAgent_1,9485.433524851296,EpsilonGreedyAgent_1,6872.332913521914,UCB_BaselineAgent_1,138.66365469185493,RiskAverseEpsilonGreedyAgent_1,150.99414156489328,RiskAverseUCBAgent_1,398.63752558123275,RandomAgent_2,4866.572629201761,EpsilonGreedyAgent_2,7922.148348209781,UCB_BaselineAgent_2,149.55628046634874,RiskAverseEpsilonGreedyAgent_2,137.82314149226107,RiskAverseUCBAgent_2
high_congestion_zero_on_collision_baseline,baseline,high_congestion,zero_on_collision,26,10000,10,5,,,,,,24057.391423191533,2.4057391423191534,0.24057391423191532,1.958242005035802,33399,3.3399,0,0,0,5,0.5068453508337161,419.2244494763502,RandomAgent_1,4911.370261344248,EpsilonGreedyAgent_1,5989.707050589169,UCB_BaselineAgent_1,2044.6741466771234,RiskAverseEpsilonGreedyAgent_1,345.600418662908,RiskAverseUCBAgent_1,409.3183319502085,RandomAgent_2,5774.112731775301,EpsilonGreedyAgent_2,565.0485224621945,UCB_BaselineAgent_2,3306.635665229698,RiskAverseEpsilonGreedyAgent_2,291.6998450243332,RiskAverseUCBAgent_2
high_congestion_zero_on_collision_baseline,baseline,high_congestion,zero_on_collision,27,10000,10,5,,,,,,28856.802397917214,2.8856802397917214,0.28856802397917214,2.2192709296675335,31452,3.1452,0,0,0,5,0.5922210447301584,250.64247552043614,RandomAgent_1,3067.055361426497,EpsilonGreedyAgent_1,10277.522320250866,UCB_BaselineAgent_1,1040.7673910031544,RiskAverseEpsilonGreedyAgent_1,210.08984650364326,RiskAverseUCBAgent_1,298.84222221431804,RandomAgent_2,4249.571818598958,EpsilonGreedyAgent_2,7671.383734984712,UCB_BaselineAgent_2,1450.677640933028,RiskAverseEpsilonGreedyAgent_2,340.2495864816005,RiskAverseUCBAgent_2
high_congestion_zero_on_collision_baseline,baseline,high_congestion,zero_on_collision,28,10000,10,5,,,,,,29280.607943011906,2.9280607943011905,0.29280607943011905,2.23909810213533,30888,3.0888,0,0,0,5,0.5596794604591615,363.46512552167604,RandomAgent_1,6274.265512338903,EpsilonGreedyAgent_1,7599.135567290924,UCB_BaselineAgent_1,1339.2628352457202,RiskAverseEpsilonGreedyAgent_1,227.9999688764686,RiskAverseUCBAgent_1,482.1310839300382,RandomAgent_2,8047.0618467850245,EpsilonGreedyAgent_2,4265.812664312102,UCB_BaselineAgent_2,463.4551857844014,RiskAverseEpsilonGreedyAgent_2,218.0181529266476,RiskAverseUCBAgent_2
high_congestion_zero_on_collision_baseline,baseline,high_congestion,zero_on_collision,29,10000,10,5,,,,,,28157.30693316674,2.815730693316674,0.28157306933166737,2.1478138466934444,31583,3.1583,0,0,0,5,0.5888397518053659,252.9275678536178,RandomAgent_1,4392.994496230068,EpsilonGreedyAgent_1,8560.374839416909,UCB_BaselineAgent_1,532.6734596614521,RiskAverseEpsilonGreedyAgent_1,220.3616961105108,RiskAverseUCBAgent_1,293.734607465458,RandomAgent_2,356.43946378837126,EpsilonGreedyAgent_2,7953.860044232102,UCB_BaselineAgent_2,5209.174312446028,RiskAverseEpsilonGreedyAgent_2,384.76644596222167,RiskAverseUCBAgent_2
high_congestion_zero_on_collision_cb_opaque_ratio06_halt3,circuit_breaker,high_congestion,zero_on_collision,0,10000,10,5,6,0.6,3,0.0,False,25890.143932939078,2.589014393293908,0.2589014393293908,2.1327282886895698,32701,3.2701,275,50,0,4.985,0.5868371142820652,196.40122408556527,RandomAgent_1,457.92807606727627,EpsilonGreedyAgent_1,6482.970320459055,UCB_BaselineAgent_1,2090.8462952105638,RiskAverseEpsilonGreedyAgent_1,226.79036962898698,RiskAverseUCBAgent_1,257.60064481455333,RandomAgent_2,4329.4228939229015,EpsilonGreedyAgent_2,8858.587197347832,UCB_BaselineAgent_2,2811.0665321033216,RiskAverseEpsilonGreedyAgent_2,178.53037929902115,RiskAverseUCBAgent_2
high_congestion_zero_on_collision_cb_opaque_ratio06_halt3,circuit_breaker,high_congestion,zero_on_collision,1,10000,10,5,6,0.6,3,0.0,False,24414.084949050994,2.441408494905099,0.24414084949050993,1.861092064500494,32952,3.2952,194,43,0,4.9871,0.5344221305418235,461.7630729660238,RandomAgent_1,8449.101757951245,EpsilonGreedyAgent_1,2075.712735306695,UCB_BaselineAgent_1,5508.07104719869,RiskAverseEpsilonGreedyAgent_1,314.20517264970283,RiskAverseUCBAgent_1,492.92748152174624,RandomAgent_2,2108.9655962342367,EpsilonGreedyAgent_2,1101.341004995834,UCB_BaselineAgent_2,3542.0012659061595,RiskAverseEpsilonGreedyAgent_2,359.99581432065975,RiskAverseUCBAgent_2
high_congestion_zero_on_collision_cb_opaque_ratio06_halt3,circuit_breaker,high_congestion,zero_on_collision,2,10000,10,5,6,0.6,3,0.0,False,23291.533127661474,2.3291533127661475,0.23291533127661473,1.9402765488409273,33719,3.3719,176,35,0,4.9895,0.5146192262019496,309.83825246568574,RandomAgent_1,2039.9208829831593,EpsilonGreedyAgent_1,580.3463281135865,UCB_BaselineAgent_1,3159.4329550458383,RiskAverseEpsilonGreedyAgent_1,310.9169553589414,RiskAverseUCBAgent_1,414.6254581903969,RandomAgent_2,6068.48462006429,EpsilonGreedyAgent_2,5609.886571708931,UCB_BaselineAgent_2,4513.523242985397,RiskAverseEpsilonGreedyAgent_2,284.5578607452486,RiskAverseUCBAgent_2
high_congestion_zero_on_collision_cb_opaque_ratio06_halt3,circuit_breaker,high_congestion,zero_on_collision,3,10000,10,5,6,0.6,3,0.0,False,30096.215036727768,3.009621503672777,0.3009621503672777,2.3025801946104356,30569,3.0569,856,126,0,4.9622,0.6154300874532812,365.11003561112614,RandomAgent_1,4710.625171933752,EpsilonGreedyAgent_1,8967.365680111145,UCB_BaselineAgent_1,173.47937316909227,RiskAverseEpsilonGreedyAgent_1,184.36301403603204,RiskAverseUCBAgent_1,340.2976305238455,RandomAgent_2,9231.194810796575,EpsilonGreedyAgent_2,5814.004388442619,UCB_BaselineAgent_2,135.38527139445497,RiskAverseEpsilonGreedyAgent_2,174.38966070912878,RiskAverseUCBAgent_2
high_congestion_zero_on_collision_cb_opaque_ratio06_halt3,circuit_breaker,high_congestion,zero_on_collision,4,10000,10,5,6,0.6,3,0.0,False,23908.22777407684,2.390822777407684,0.2390822777407684,1.991668011449834,33426,3.3426,152,36,0,4.9892,0.5204152121392622,365.67515433178835,RandomAgent_1,4395.561475228735,EpsilonGreedyAgent_1,7126.818446928475,UCB_BaselineAgent_1,3283.5918136005826,RiskAverseEpsilonGreedyAgent_1,345.1140239043911,RiskAverseUCBAgent_1,383.5768059397,RandomAgent_2,5056.387931081675,EpsilonGreedyAgent_2,661.6045492218068,UCB_BaselineAgent_2,1972.2977002914367,RiskAverseEpsilonGreedyAgent_2,317.59987354825137,RiskAverseUCBAgent_2
high_congestion_zero_on_collision_cb_opaque_ratio06_halt3,circuit_breaker,high_congestion,zero_on_collision,5,10000,10,5,6,0.6,3,0.0,False,23759.43002343222,2.375943002343222,0.2375943002343222,1.9389654223509318,33453,3.3453,214,45,0,4.9865,0.5117941213853485,421.4221888355296,RandomAgent_1,6437.744067024466,EpsilonGreedyAgent_1,5278.755090976876,UCB_BaselineAgent_1,1874.4031267095277,RiskAverseEpsilonGreedyAgent_1,325.01826448127866,RiskAverseUCBAgent_1,435.4209410421837,RandomAgent_2,4867.014583257102,EpsilonGreedyAgent_2,562.6804672045027,UCB_BaselineAgent_2,3229.892552368375,RiskAverseEpsilonGreedyAgent_2,327.0787415323812,RiskAverseUCBAgent_2
high_congestion_zero_on_collision_cb_opaque_ratio06_halt3,circuit_breaker,high_congestion,zero_on_collision,6,10000,10,5,6,0.6,3,0.0,False,31035.03399243371,3.103503399243371,0.3103503399243371,2.2728955598621825,30020,3.002,1120,164,0,4.9508,0.6094716514024072,387.71332223708566,RandomAgent_1,9175.314787123876,EpsilonGreedyAgent_1,6623.5327688705775,UCB_BaselineAgent_1,108.67681281302545,RiskAverseEpsilonGreedyAgent_1,275.6885466988448,RiskAverseUCBAgent_1,480.1298509189286,RandomAgent_2,4664.260986665577,EpsilonGreedyAgent_2,9002.09900714176,UCB_BaselineAgent_2,126.20438746024834,RiskAverseEpsilonGreedyAgent_2,191.41352250378733,RiskAverseUCBAgent_2
high_congestion_zero_on_collision_cb_opaque_ratio06_halt3,circuit_breaker,high_congestion,zero_on_collision,7,10000,10,5,6,0.6,3,0.0,False,25297.27959314392,2.529727959314392,0.25297279593143923,2.0824809258234662,32869,3.2869,243,43,0,4.9871,0.5911337701992772,249.51876130819707,RandomAgent_1,353.02877681536387,EpsilonGreedyAgent_1,7879.018592984855,UCB_BaselineAgent_1,3779.377760513867,RiskAverseEpsilonGreedyAgent_1,257.5774824280181,RiskAverseUCBAgent_1,248.15637296937854,RandomAgent_2,1319.047748141632,EpsilonGreedyAgent_2,7926.551442068307,UCB_BaselineAgent_2,3042.350540103259,RiskAverseEpsilonGreedyAgent_2,242.6521158110431,RiskAverseUCBAgent_2
high_congestion_zero_on_collision_cb_opaque_ratio06_halt3,circuit_breaker,high_congestion,zero_on_collision,8,10000,10,5,6,0.6,3,0.0,False,28484.809648120165,2.8484809648120164,0.28484809648120163,2.1457158329449335,31612,3.1612,554,97,0,4.9709,0.6058496445220714,416.60188214010105,RandomAgent_1,6602.799562939385,EpsilonGreedyAgent_1,6831.101577015397,UCB_BaselineAgent_1,232.2899296629254,RiskAverseEpsilonGreedyAgent_1,244.31644204752132,RiskAverseUCBAgent_1,430.2094901071127,RandomAgent_2,9532.862481760236,EpsilonGreedyAgent_2,3759.943589863399,UCB_BaselineAgent_2,204.29987436676217,RiskAverseEpsilonGreedyAgent_2,230.38481821732563,RiskAverseUCBAgent_2
high_congestion_zero_on_collision_cb_opaque_ratio06_halt3,circuit_breaker,high_congestion,zero_on_collision,9,10000,10,5,6,0.6,3,0.0,False,23413.797958230953,2.3413797958230953,0.23413797958230953,1.923699556782299,33453,3.3453,151,36,0,4.9892,0.49791996687207796,390.116646077645,RandomAgent_1,5867.007367635311,EpsilonGreedyAgent_1,5373.137180527479,UCB_BaselineAgent_1,2038.7634508575227,RiskAverseEpsilonGreedyAgent_1,402.9742167115663,RiskAverseUCBAgent_1,405.22170967875144,RandomAgent_2,4787.066165181842,EpsilonGreedyAgent_2,593.9151659032202,UCB_BaselineAgent_2,3229.0405491584443,RiskAverseEpsilonGreedyAgent_2,326.5555064991693,RiskAverseUCBAgent_2
high_congestion_zero_on_collision_cb_opaque_ratio06_halt3,circuit_breaker,high_congestion,zero_on_collision,10,10000,10,5,6,0.6,3,0.0,False,29005.57656632766,2.900557656632766,0.2900557656632766,2.1580722419190037,31455,3.1455,487,76,0,4.9772,0.6111059744137757,247.21448717760103,RandomAgent_1,462.5718018743438,EpsilonGreedyAgent_1,7547.010435252264,UCB_BaselineAgent_1,151.38599201625863,RiskAverseEpsilonGreedyAgent_1,3609.418368161657,RiskAverseUCBAgent_1,294.9063952865762,RandomAgent_2,9047.486734631353,EpsilonGreedyAgent_2,7229.931812561598,UCB_BaselineAgent_2,105.74802654967021,RiskAverseEpsilonGreedyAgent_2,309.9025128163388,RiskAverseUCBAgent_2
high_congestion_zero_on_collision_cb_opaque_ratio06_halt3,circuit_breaker,high_congestion,zero_on_collision,11,10000,10,5,6,0.6,3,0.0,False,29677.029563403004,2.9677029563403003,0.29677029563403007,2.2944989188376548,30789,3.0789,847,138,0,4.9586,0.6114294142927534,479.67507264227856,RandomAgent_1,6724.731986523243,EpsilonGreedyAgent_1,7893.7453046634155,UCB_BaselineAgent_1,159.53130820886273,RiskAverseEpsilonGreedyAgent_1,178.4688930614022,RiskAverseUCBAgent_1,418.8524190833693,RandomAgent_2,9342.517148048883,EpsilonGreedyAgent_2,4137.215338817221,UCB_BaselineAgent_2,157.49535481271784,RiskAverseEpsilonGreedyAgent_2,184.79673754161263,RiskAverseUCBAgent_2
high_congestion_zero_on_collision_cb_opaque_ratio06_halt3,circuit_breaker,high_congestion,zero_on_collision,12,10000,10,5,6,0.6,3,0.0,False,23471.37401482898,2.347137401482898,0.2347137401482898,1.9502088755630211,33484,3.3484,147,34,0,4.9898,0.5010297238100425,388.2440128285427,RandomAgent_1,5394.36348007611,EpsilonGreedyAgent_1,558.854867733908,UCB_BaselineAgent_1,2057.1147363312325,RiskAverseEpsilonGreedyAgent_1,321.08940581270065,RiskAverseUCBAgent_1,403.1182217174562,RandomAgent_2,5202.000487688295,EpsilonGreedyAgent_2,5613.580945261077,UCB_BaselineAgent_2,3250.2330426999447,RiskAverseEpsilonGreedyAgent_2,282.77481467971165,RiskAverseUCBAgent_2
high_congestion_zero_on_collision_cb_opaque_ratio06_halt3,circuit_breaker,high_congestion,zero_on_collision,13,10000,10,5,6,0.6,3,0.0,False,27369.851028720266,2.7369851028720267,0.27369851028720266,2.178523194772601,31910,3.191,581,102,0,4.9694,0.5968683927800491,303.1700500931812,RandomAgent_1,8708.47905499034,EpsilonGreedyAgent_1,4672.154596715031,UCB_BaselineAgent_1,303.5422111802208,RiskAverseEpsilonGreedyAgent_1,181.21038842767393,RiskAverseUCBAgent_1,426.93851136117667,RandomAgent_2,4390.4776835403,EpsilonGreedyAgent_2,7733.040302204295,UCB_BaselineAgent_2,418.0816294713349,RiskAverseEpsilonGreedyAgent_2,232.7566007367124,RiskAverseUCBAgent_2
high_congestion_zero_on_collision_cb_opaque_ratio06_halt3,circuit_breaker,high_congestion,zero_on_collision,14,10000,10,5,6,0.6,3,0.0,False,29623.538626502654,2.9623538626502652,0.29623538626502655,2.2368652801727467,30703,3.0703,893,135,0,4.9595,0.6057424969464971,381.4660987646954,RandomAgent_1,9262.589866435048,EpsilonGreedyAgent_1,7387.829332255214,UCB_BaselineAgent_1,136.5538367263811,RiskAverseEpsilonGreedyAgent_1,230.51177415663034,RiskAverseUCBAgent_1,420.76694587939244,RandomAgent_2,6825.529052480307,EpsilonGreedyAgent_2,4664.0958362990095,UCB_BaselineAgent_2,151.7429557453621,RiskAverseEpsilonGreedyAgent_2,162.45292776061598,RiskAverseUCBAgent_2
high_congestion_zero_on_collision_cb_opaque_ratio06_halt3,circuit_breaker,high_congestion,zero_on_collision,15,10000,10,5,6,0.6,3,0.0,False,31073.75935508216,3.107375935508216,0.3107375935508216,2.2952341987491875,30062,3.0062,1147,168,0,4.9496,0.6118653388772612,425.764009504712,RandomAgent_1,9277.415406761356,EpsilonGreedyAgent_1,4666.525253034318,UCB_BaselineAgent_1,135.41722034326614,RiskAverseEpsilonGreedyAgent_1,191.36082415488428,RiskAverseUCBAgent_1,347.3443595685366,RandomAgent_2,6952.688593073155,EpsilonGreedyAgent_2,8771.542694277448,UCB_BaselineAgent_2,144.03524397228645,RiskAverseEpsilonGreedyAgent_2,161.66575039219632,RiskAverseUCBAgent_2
high_congestion_zero_on_collision_cb_opaque_ratio06_halt3,circuit_breaker,high_congestion,zero_on_collision,16,10000,10,5,6,0.6,3,0.0,False,25627.01659544494,2.5627016595444942,0.2562701659544494,2.104357801125772,32816,3.2816,240,43,0,4.9871,0.5892216757340807,252.66572234302626,RandomAgent_1,1924.2336275404098,EpsilonGreedyAgent_1,7849.590029724191,UCB_BaselineAgent_1,1870.9875695642615,RiskAverseEpsilonGreedyAgent_1,292.43177635772935,RiskAverseUCBAgent_1,266.63820905495686,RandomAgent_2,415.41074650056646,EpsilonGreedyAgent_2,8291.952185106844,UCB_BaselineAgent_2,4148.6121348294055,RiskAverseEpsilonGreedyAgent_2,314.49459442355123,RiskAverseUCBAgent_2
high_congestion_zero_on_collision_cb_opaque_ratio06_halt3,circuit_breaker,high_congestion,zero_on_collision,17,10000,10,5,6,0.6,3,0.0,False,23561.45469458493,2.3561454694584927,0.2356145469458493,1.948245378452953,33651,3.3651,125,31,0,4.9907,0.5044346733015694,361.0483313874396,RandomAgent_1,5741.628472673941,EpsilonGreedyAgent_1,5725.4435782179535,UCB_BaselineAgent_1,4702.388654179196,RiskAverseEpsilonGreedyAgent_1,329.5529260787755,RiskAverseUCBAgent_1,339.0394649103161,RandomAgent_2,3253.421978915479,EpsilonGreedyAgent_2,618.225382060629,UCB_BaselineAgent_2,2194.6967843270004,RiskAverseEpsilonGreedyAgent_2,296.00912183419626,RiskAverseUCBAgent_2
high_congestion_zero_on_collision_cb_opaque_ratio06_halt3,circuit_breaker,high_congestion,zero_on_collision,18,10000,10,5,6,0.6,3,0.0,False,23211.259246718346,2.3211259246718345,0.23211259246718347,1.9019484617872513,33443,3.3443,119,29,0,4.9913,0.49990234146095736,371.20766992883205,RandomAgent_1,4850.618159998251,EpsilonGreedyAgent_1,5747.973547555564,UCB_BaselineAgent_1,3206.949775685086,RiskAverseEpsilonGreedyAgent_1,319.04975541829157,RiskAverseUCBAgent_1,418.5508125122754,RandomAgent_2,5308.373674713545,EpsilonGreedyAgent_2,558.553669187073,UCB_BaselineAgent_2,2102.60977575565,RiskAverseEpsilonGreedyAgent_2,327.37240596377654,RiskAverseUCBAgent_2
high_congestion_zero_on_collision_cb_opaque_ratio06_halt3,circuit_breaker,high_congestion,zero_on_collision,19,10000,10,5,6,0.6,3,0.0,False,23841.892674045826,2.3841892674045826,0.23841892674045825,1.9498094608397676,33494,3.3494,145,35,0,4.9895,0.5052941519978353,387.1617091242142,RandomAgent_1,2015.8324128179372,EpsilonGreedyAgent_1,570.8958228015819,UCB_BaselineAgent_1,5241.2454399946255,RiskAverseEpsilonGreedyAgent_1,311.09962552794036,RiskAverseUCBAgent_1,364.5841575531585,RandomAgent_2,6044.730683628564,EpsilonGreedyAgent_2,5337.259429108319,UCB_BaselineAgent_2,3175.3629866436936,RiskAverseEpsilonGreedyAgent_2,393.7204068457906,RiskAverseUCBAgent_2
high_congestion_zero_on_collision_cb_opaque_ratio06_halt3,circuit_breaker,high_congestion,zero_on_collision,20,10000,10,5,6,0.6,3,0.0,False,23978.99561475629,2.3978995614756293,0.2397899561475629,1.9607367124113464,33556,3.3556,163,39,0,4.9883,0.5212265705883645,374.686033205319,RandomAgent_1,5480.524627345817,EpsilonGreedyAgent_1,592.658576375596,UCB_BaselineAgent_1,1861.3505824133383,RiskAverseEpsilonGreedyAgent_1,429.81762627135436,RiskAverseUCBAgent_1,392.6782385635294,RandomAgent_2,4952.735894416893,EpsilonGreedyAgent_2,6591.177149603115,UCB_BaselineAgent_2,3072.8505476232053,RiskAverseEpsilonGreedyAgent_2,230.5163389381251,RiskAverseUCBAgent_2
high_congestion_zero_on_collision_cb_opaque_ratio06_halt3,circuit_breaker,high_congestion,zero_on_collision,21,10000,10,5,6,0.6,3,0.0,False,23976.086468028654,2.3976086468028655,0.23976086468028654,1.8893444562946318,33170,3.317,289,45,0,4.9865,0.5794186470394407,363.94876980707267,RandomAgent_1,698.890440100471,EpsilonGreedyAgent_1,4913.903212079465,UCB_BaselineAgent_1,1177.2053560914176,RiskAverseEpsilonGreedyAgent_1,488.1112519405438,RiskAverseUCBAgent_1,362.0950228106,RandomAgent_2,2247.312375731093,EpsilonGreedyAgent_2,9410.35377423386,UCB_BaselineAgent_2,224.38794510190016,RiskAverseEpsilonGreedyAgent_2,4089.878320132232,RiskAverseUCBAgent_2
high_congestion_zero_on_collision_cb_opaque_ratio06_halt3,circuit_breaker,high_congestion,zero_on_collision,22,10000,10,5,6,0.6,3,0.0,False,23745.424586765857,2.3745424586765855,0.23745424586765856,1.9962311566613233,33466,3.3466,309,56,0,4.9832,0.5257850481986979,420.47033148114286,RandomAgent_1,4773.089073583838,EpsilonGreedyAgent_1,543.4007484652823,UCB_BaselineAgent_1,2822.5558573276717,RiskAverseEpsilonGreedyAgent_1,417.1476284578061,RiskAverseUCBAgent_1,327.54449493530905,RandomAgent_2,5667.461723756078,EpsilonGreedyAgent_2,6690.265117745862,UCB_BaselineAgent_2,1756.692889146555,RiskAverseEpsilonGreedyAgent_2,326.7967218663122,RiskAverseUCBAgent_2
high_congestion_zero_on_collision_cb_opaque_ratio06_halt3,circuit_breaker,high_congestion,zero_on_collision,23,10000,10,5,6,0.6,3,0.0,False,23727.439948080835,2.3727439948080837,0.23727439948080836,1.9225384336795084,33380,3.338,195,47,0,4.9859,0.5062169205464169,399.4245843905243,RandomAgent_1,5800.831191692399,EpsilonGreedyAgent_1,555.4862963870036,UCB_BaselineAgent_1,1982.1374068841103,RiskAverseEpsilonGreedyAgent_1,324.0107779251476,RiskAverseUCBAgent_1,366.88689029460505,RandomAgent_2,5003.455815636387,EpsilonGreedyAgent_2,5692.345136181004,UCB_BaselineAgent_2,3278.3327109295947,RiskAverseEpsilonGreedyAgent_2,324.5291377600593,RiskAverseUCBAgent_2
high_congestion_zero_on_collision_cb_opaque_ratio06_halt3,circuit_breaker,high_congestion,zero_on_collision,24,10000,10,5,6,0.6,3,0.0,False,26523.866703158048,2.652386670315805,0.2652386670315805,2.0675857265012625,32443,3.2443,483,82,0,4.9754,0.5830785187565193,236.92163986329834,RandomAgent_1,301.3358034532562,EpsilonGreedyAgent_1,7002.768211280829,UCB_BaselineAgent_1,4033.8734964824453,RiskAverseEpsilonGreedyAgent_1,277.26054500728065,RiskAverseUCBAgent_1,281.2334143803754,RandomAgent_2,4485.37113205574,EpsilonGreedyAgent_2,8367.97139270651,UCB_BaselineAgent_2,1381.9342788705862,RiskAverseEpsilonGreedyAgent_2,155.19678905772693,RiskAverseUCBAgent_2
high_congestion_zero_on_collision_cb_opaque_ratio06_halt3,circuit_breaker,high_congestion,zero_on_collision,25,10000,10,5,6,0.6,3,0.0,False,24280.71405238158,2.428071405238158,0.2428071405238158,2.0593914002663314,33308,3.3308,216,55,0,4.9835,0.5306710426362231,481.47840150587916,RandomAgent_1,6343.254878672233,EpsilonGreedyAgent_1,3079.0211061181944,UCB_BaselineAgent_1,3319.8392831039027,RiskAverseEpsilonGreedyAgent_1,302.5694841256974,RiskAverseUCBAgent_1,438.73220184101046,RandomAgent_2,7349.983880373088,EpsilonGreedyAgent_2,698.8662041116215,UCB_BaselineAgent_2,1923.8359595038746,RiskAverseEpsilonGreedyAgent_2,343.13265302607846,RiskAverseUCBAgent_2
high_congestion_zero_on_collision_cb_opaque_ratio06_halt3,circuit_breaker,high_congestion,zero_on_collision,26,10000,10,5,6,0.6,3,0.0,False,29001.946361191403,2.9001946361191404,0.29001946361191405,2.1668851008524586,30984,3.0984,651,103,0,4.9691,0.5977232847173033,273.87572416247485,RandomAgent_1,6886.2554223867355,EpsilonGreedyAgent_1,8450.874345135042,UCB_BaselineAgent_1,187.0802088208703,RiskAverseEpsilonGreedyAgent_1,380.3047803889285,RiskAverseUCBAgent_1,310.1464673181331,RandomAgent_2,4435.156561690356,EpsilonGreedyAgent_2,7721.964886457969,UCB_BaselineAgent_2,163.62838526125617,RiskAverseEpsilonGreedyAgent_2,192.65957956963564,RiskAverseUCBAgent_2
high_congestion_zero_on_collision_cb_opaque_ratio06_halt3,circuit_breaker,high_congestion,zero_on_collision,27,10000,10,5,6,0.6,3,0.0,False,32188.980869613304,3.2188980869613304,0.32188980869613304,2.3330470988599075,29482,2.9482,1464,201,0,4.9397,0.6225956700427566,439.26798426774866,RandomAgent_1,4860.257785519499,EpsilonGreedyAgent_1,6498.994467397617,UCB_BaselineAgent_1,116.89890621117488,RiskAverseEpsilonGreedyAgent_1,185.07382043037663,RiskAverseUCBAgent_1,370.6693247549326,RandomAgent_2,10276.117551600288,EpsilonGreedyAgent_2,9143.779213139062,UCB_BaselineAgent_2,98.53813163728319,RiskAverseEpsilonGreedyAgent_2,199.38368465532307,RiskAverseUCBAgent_2
high_congestion_zero_on_collision_cb_opaque_ratio06_halt3,circuit_breaker,high_congestion,zero_on_collision,28,10000,10,5,6,0.6,3,0.0,False,23605.30831264115,2.360530831264115,0.23605308312641152,1.9891285314795244,33405,3.3405,220,56,0,4.9832,0.48454287062294465,504.6784578124782,RandomAgent_1,5669.477940027869,EpsilonGreedyAgent_1,1572.1058613505447,UCB_BaselineAgent_1,4387.608539093078,RiskAverseEpsilonGreedyAgent_1,603.7513542263298,RiskAverseUCBAgent_1,485.3942628620669,RandomAgent_2,6172.539856112385,EpsilonGreedyAgent_2,808.762025092055,UCB_BaselineAgent_2,2894.343676748034,RiskAverseEpsilonGreedyAgent_2,506.6463393163085,RiskAverseUCBAgent_2
high_congestion_zero_on_collision_cb_opaque_ratio06_halt3,circuit_breaker,high_congestion,zero_on_collision,29,10000,10,5,6,0.6,3,0.0,False,22849.940665746002,2.2849940665746002,0.22849940665746002,1.8696969807909423,33689,3.3689,199,40,0,4.988,0.4923747765429656,403.9398914363795,RandomAgent_1,4879.020564520695,EpsilonGreedyAgent_1,6285.3604738956,UCB_BaselineAgent_1,3506.7919929074546,RiskAverseEpsilonGreedyAgent_1,354.95944246801446,RiskAverseUCBAgent_1,488.66646011405606,RandomAgent_2,3849.1884591595012,EpsilonGreedyAgent_2,770.9928989203263,UCB_BaselineAgent_2,1956.0134871082887,RiskAverseEpsilonGreedyAgent_2,355.0069952156848,RiskAverseUCBAgent_2
high_congestion_zero_on_collision_cb_transparent_ratio06_halt3,circuit_breaker,high_congestion,zero_on_collision,0,10000,10,5,6,0.6,3,0.0,True,29229.35859260099,2.922935859260099,0.2922935859260099,2.2575795966888967,30769,3.0769,0,159,0,4.9523,0.569815622680105,372.9917611393557,RandomAgent_1,7262.364863274,EpsilonGreedyAgent_1,8704.693018977723,UCB_BaselineAgent_1,1613.2637555932467,RiskAverseEpsilonGreedyAgent_1,205.6700197608728,RiskAverseUCBAgent_1,327.1442858439466,RandomAgent_2,4558.600969348201,EpsilonGreedyAgent_2,5601.5702006769425,UCB_BaselineAgent_2,439.9583877417976,RiskAverseEpsilonGreedyAgent_2,143.10133024490565,RiskAverseUCBAgent_2
high_congestion_zero_on_collision_cb_transparent_ratio06_halt3,circuit_breaker,high_congestion,zero_on_collision,1,10000,10,5,6,0.6,3,0.0,True,28417.437401426505,2.8417437401426504,0.28417437401426504,2.249511753655549,31295,3.1295,0,129,0,4.9613,0.6047245314913863,363.7911128128837,RandomAgent_1,8743.631278645782,EpsilonGreedyAgent_1,5580.224834780652,UCB_BaselineAgent_1,196.74709742902675,RiskAverseEpsilonGreedyAgent_1,227.16713721820534,RiskAverseUCBAgent_1,325.1699631636961,RandomAgent_2,4509.56887967985,EpsilonGreedyAgent_2,8071.588781839171,UCB_BaselineAgent_2,209.90654518225796,RiskAverseEpsilonGreedyAgent_2,189.64177067497866,RiskAverseUCBAgent_2
high_congestion_zero_on_collision_cb_transparent_ratio06_halt3,circuit_breaker,high_congestion,zero_on_collision,2,10000,10,5,6,0.6,3,0.0,True,26734.909278630286,2.6734909278630288,0.26734909278630287,2.0939489890553338,32279,3.2279,0,103,0,4.9691,0.5710405218234116,250.54694576884148,RandomAgent_1,4202.403329017193,EpsilonGreedyAgent_1,7626.093983196687,UCB_BaselineAgent_1,1976.920196051661,RiskAverseEpsilonGreedyAgent_1,142.17881327069318,RiskAverseUCBAgent_1,232.16427168488715,RandomAgent_2,1858.9248942398426,EpsilonGreedyAgent_2,8574.595297211008,UCB_BaselineAgent_2,1541.0931817962223,RiskAverseEpsilonGreedyAgent_2,329.9883663932523,RiskAverseUCBAgent_2
high_congestion_zero_on_collision_cb_transparent_ratio06_halt3,circuit_breaker,high_congestion,zero_on_collision,3,10000,10,5,6,0.6,3,0.0,True,28996.8594994794,2.89968594994794,0.289968594994794,2.274249959487256,30889,3.0889,0,157,0,4.9529,0.6126087984018131,331.15164153390793,RandomAgent_1,4472.574204505759,EpsilonGreedyAgent_1,8898.720449043498,UCB_BaselineAgent_1,173.35360286000582,RiskAverseEpsilonGreedyAgent_1,208.45144301421507,RiskAverseUCBAgent_1,375.70046942740896,RandomAgent_2,9177.193531881127,EpsilonGreedyAgent_2,4860.275281100432,UCB_BaselineAgent_2,252.20834213997193,RiskAverseEpsilonGreedyAgent_2,247.23053397307612,RiskAverseUCBAgent_2
high_congestion_zero_on_collision_cb_transparent_ratio06_halt3,circuit_breaker,high_congestion,zero_on_collision,4,10000,10,5,6,0.6,3,0.0,True,25341.923074982937,2.5341923074982935,0.25341923074982936,2.096548876597135,32647,3.2647,0,55,0,4.9835,0.5745816840033389,240.30453011111237,RandomAgent_1,395.5166045937356,EpsilonGreedyAgent_1,6791.962581383568,UCB_BaselineAgent_1,3216.145630253663,RiskAverseEpsilonGreedyAgent_1,220.18096827281605,RiskAverseUCBAgent_1,270.04753995014045,RandomAgent_2,4406.966425148874,EpsilonGreedyAgent_2,7807.287670105,UCB_BaselineAgent_2,1800.750102531805,RiskAverseEpsilonGreedyAgent_2,192.76102263222276,RiskAverseUCBAgent_2
high_congestion_zero_on_collision_cb_transparent_ratio06_halt3,circuit_breaker,high_congestion,zero_on_collision,5,10000,10,5,6,0.6,3,0.0,True,28545.917838395973,2.8545917838395973,0.28545917838395973,2.2240641844132987,31077,3.1077,0,178,0,4.9467,0.6127696113400023,340.5286258847918,RandomAgent_1,9693.241041421441,EpsilonGreedyAgent_1,5800.557820247241,UCB_BaselineAgent_1,194.64371239694643,RiskAverseEpsilonGreedyAgent_1,189.25696941880068,RiskAverseUCBAgent_1,393.92604858423505,RandomAgent_2,4260.905987844965,EpsilonGreedyAgent_2,7223.203409551221,UCB_BaselineAgent_2,178.80131971520436,RiskAverseEpsilonGreedyAgent_2,270.8529033311276,RiskAverseUCBAgent_2
high_congestion_zero_on_collision_cb_transparent_ratio06_halt3,circuit_breaker,high_congestion,zero_on_collision,6,10000,10,5,6,0.6,3,0.0,True,28974.205817876318,2.8974205817876317,0.2897420581787632,2.1805611907498386,31026,3.1026,0,118,0,4.9646,0.596102553882637,238.06040909220422,RandomAgent_1,6511.575668966488,EpsilonGreedyAgent_1,7981.368577603003,UCB_BaselineAgent_1,179.3160664115945,RiskAverseEpsilonGreedyAgent_1,546.4987794550776,RiskAverseUCBAgent_1,324.31271900815693,RandomAgent_2,2544.7438528146554,EpsilonGreedyAgent_2,8911.160085153668,UCB_BaselineAgent_2,131.836807785777,RiskAverseEpsilonGreedyAgent_2,1605.3328515856942,RiskAverseUCBAgent_2
high_congestion_zero_on_collision_cb_transparent_ratio06_halt3,circuit_breaker,high_congestion,zero_on_collision,7,10000,10,5,6,0.6,3,0.0,True,29650.72537231715,2.965072537231715,0.2965072537231715,2.2756180901383365,30427,3.0427,0,196,0,4.9412,0.606000180565293,352.43600067549755,RandomAgent_1,4852.346356242164,EpsilonGreedyAgent_1,5919.2515586501595,UCB_BaselineAgent_1,116.70733535337106,RiskAverseEpsilonGreedyAgent_1,164.86515816080978,RiskAverseUCBAgent_1,385.2612070708892,RandomAgent_2,8903.363549469374,EpsilonGreedyAgent_2,8487.211149312263,UCB_BaselineAgent_2,215.5757330839576,RiskAverseEpsilonGreedyAgent_2,253.70732429866317,RiskAverseUCBAgent_2
high_congestion_zero_on_collision_cb_transparent_ratio06_halt3,circuit_breaker,high_congestion,zero_on_collision,8,10000,10,5,6,0.6,3,0.0,True,25736.326908079172,2.5736326908079175,0.2573632690807917,2.039153906620692,32538,3.2538,0,86,0,4.9742,0.5540511770245655,340.8492569362424,RandomAgent_1,4409.668757512801,EpsilonGreedyAgent_1,6547.280270218585,UCB_BaselineAgent_1,331.1341119033484,RiskAverseEpsilonGreedyAgent_1,317.5912913636439,RiskAverseUCBAgent_1,276.54171930140853,RandomAgent_2,6326.526368447258,EpsilonGreedyAgent_2,6541.284763760945,UCB_BaselineAgent_2,368.18804595697355,RiskAverseEpsilonGreedyAgent_2,277.2623226779656,RiskAverseUCBAgent_2
high_congestion_zero_on_collision_cb_transparent_ratio06_halt3,circuit_breaker,high_congestion,zero_on_collision,9,10000,10,5,6,0.6,3,0.0,True,23489.531635641448,2.3489531635641447,0.23489531635641447,1.9399903835246677,33624,3.3624,0,44,0,4.9868,0.4956223612966635,366.83131484151767,RandomAgent_1,5302.51608199284,EpsilonGreedyAgent_1,723.1485543978948,UCB_BaselineAgent_1,3345.2570868987755,RiskAverseEpsilonGreedyAgent_1,346.22556116902365,RiskAverseUCBAgent_1,381.75332130601754,RandomAgent_2,5186.893821689445,EpsilonGreedyAgent_2,5636.92827467441,UCB_BaselineAgent_2,1852.2003010843964,RiskAverseEpsilonGreedyAgent_2,347.7773175871279,RiskAverseUCBAgent_2
high_congestion_zero_on_collision_cb_transparent_ratio06_halt3,circuit_breaker,high_congestion,zero_on_collision,10,10000,10,5,6,0.6,3,0.0,True,28622.620009942806,2.8622620009942805,0.28622620009942806,2.2688803608495878,31916,3.1916,0,99,0,4.9703,0.651628448155553,244.32767234772257,RandomAgent_1,2204.925473262754,EpsilonGreedyAgent_1,9780.669888313456,UCB_BaselineAgent_1,254.91120467379633,RiskAverseEpsilonGreedyAgent_1,3977.0854336830844,RiskAverseUCBAgent_1,198.36187684097692,RandomAgent_2,455.89442555069854,EpsilonGreedyAgent_2,10789.741288606507,UCB_BaselineAgent_2,452.44531210361475,RiskAverseEpsilonGreedyAgent_2,264.2574345601973,RiskAverseUCBAgent_2
high_congestion_zero_on_collision_cb_transparent_ratio06_halt3,circuit_breaker,high_congestion,zero_on_collision,11,10000,10,5,6,0.6,3,0.0,True,27596.886605774318,2.759688660577432,0.2759688660577432,2.2282746294659104,31780,3.178,0,157,0,4.9529,0.6041722968552583,428.6602495907766,RandomAgent_1,9187.813410235252,EpsilonGreedyAgent_1,7623.207357956496,UCB_BaselineAgent_1,233.48425192616588,RiskAverseEpsilonGreedyAgent_1,519.5472779719729,RiskAverseUCBAgent_1,449.50297944750196,RandomAgent_2,5467.255440653721,EpsilonGreedyAgent_2,3197.8682733338424,UCB_BaselineAgent_2,242.4395067793366,RiskAverseEpsilonGreedyAgent_2,247.10785787925127,RiskAverseUCBAgent_2
high_congestion_zero_on_collision_cb_transparent_ratio06_halt3,circuit_breaker,high_congestion,zero_on_collision,12,10000,10,5,6,0.6,3,0.0,True,23924.839615479257,2.3924839615479256,0.23924839615479257,1.852572302654849,33360,3.336,0,36,0,4.9892,0.5157194751732721,331.21798474611177,RandomAgent_1,3862.583152847612,EpsilonGreedyAgent_1,762.1475608224263,UCB_BaselineAgent_1,3425.4702360673514,RiskAverseEpsilonGreedyAgent_1,282.2611276230253,RiskAverseUCBAgent_1,388.7776046813107,RandomAgent_2,5746.692726391217,EpsilonGreedyAgent_2,6644.388981654712,UCB_BaselineAgent_2,2157.9253800810334,RiskAverseEpsilonGreedyAgent_2,323.37486056445744,RiskAverseUCBAgent_2
high_congestion_zero_on_collision_cb_transparent_ratio06_halt3,circuit_breaker,high_congestion,zero_on_collision,13,10000,10,5,6,0.6,3,0.0,True,30195.495393255365,3.0195495393255367,0.30195495393255367,2.2919047691022394,30204,3.0204,0,225,0,4.9325,0.620729919412013,356.70412505743155,RandomAgent_1,9235.192292655358,EpsilonGreedyAgent_1,9003.364786053777,UCB_BaselineAgent_1,98.84230906987948,RiskAverseEpsilonGreedyAgent_1,136.93949073333616,RiskAverseUCBAgent_1,376.6185895141839,RandomAgent_2,4497.0100224391035,EpsilonGreedyAgent_2,6169.77595324702,UCB_BaselineAgent_2,188.49469825521473,RiskAverseEpsilonGreedyAgent_2,132.55312623006023,RiskAverseUCBAgent_2
high_congestion_zero_on_collision_cb_transparent_ratio06_halt3,circuit_breaker,high_congestion,zero_on_collision,14,10000,10,5,6,0.6,3,0.0,True,24228.985632529322,2.4228985632529323,0.24228985632529323,2.0437294390674565,33412,3.3412,0,29,0,4.9913,0.5458442190617909,322.7702308574938,RandomAgent_1,4447.895000568439,EpsilonGreedyAgent_1,8102.457561928916,UCB_BaselineAgent_1,2868.910154046561,RiskAverseEpsilonGreedyAgent_1,407.57121403318536,RiskAverseUCBAgent_1,290.8469686807166,RandomAgent_2,4993.773606877989,EpsilonGreedyAgent_2,703.2075563657005,UCB_BaselineAgent_2,1790.7558858820782,RiskAverseEpsilonGreedyAgent_2,300.7974532882426,RiskAverseUCBAgent_2
high_congestion_zero_on_collision_cb_transparent_ratio06_halt3,circuit_breaker,high_congestion,zero_on_collision,15,10000,10,5,6,0.6,3,0.0,True,23652.691036435655,2.3652691036435654,0.23652691036435655,1.963918122827055,33560,3.356,0,56,0,4.9832,0.5197268241854271,400.60526525100676,RandomAgent_1,4993.438062382681,EpsilonGreedyAgent_1,688.0343488802195,UCB_BaselineAgent_1,2004.4261860722186,RiskAverseEpsilonGreedyAgent_1,341.51424227193706,RiskAverseUCBAgent_1,388.3047343111015,RandomAgent_2,3020.3535308642713,EpsilonGreedyAgent_2,7368.000260826962,UCB_BaselineAgent_2,4051.9507888406442,RiskAverseEpsilonGreedyAgent_2,396.06361673461345,RiskAverseUCBAgent_2
high_congestion_zero_on_collision_cb_transparent_ratio06_halt3,circuit_breaker,high_congestion,zero_on_collision,16,10000,10,5,6,0.6,3,0.0,True,27741.02844049888,2.7741028440498883,0.2774102844049888,2.281739554340309,30048,3.0048,0,375,0,4.8875,0.589282161277572,625.4951187357851,RandomAgent_1,8725.724560191484,EpsilonGreedyAgent_1,8011.55859086904,UCB_BaselineAgent_1,153.7801027107026,RiskAverseEpsilonGreedyAgent_1,496.57849125802323,RiskAverseUCBAgent_1,655.454340344795,RandomAgent_2,5694.14804588956,EpsilonGreedyAgent_2,2431.1137933985196,UCB_BaselineAgent_2,181.48789406433107,RiskAverseEpsilonGreedyAgent_2,765.6875030366416,RiskAverseUCBAgent_2
high_congestion_zero_on_collision_cb_transparent_ratio06_halt3,circuit_breaker,high_congestion,zero_on_collision,17,10000,10,5,6,0.6,3,0.0,True,23947.84647102583,2.394784647102583,0.2394784647102583,1.971785181938303,33330,3.333,0,38,0,4.9886,0.5249009989591826,411.18678480755153,RandomAgent_1,5960.3116415869135,EpsilonGreedyAgent_1,6547.658724801351,UCB_BaselineAgent_1,4368.103791693332,RiskAverseEpsilonGreedyAgent_1,348.363798832531,RiskAverseUCBAgent_1,342.9505243856107,RandomAgent_2,3043.0979073536228,EpsilonGreedyAgent_2,502.47994640250243,UCB_BaselineAgent_2,2177.3315786926682,RiskAverseEpsilonGreedyAgent_2,246.36177246974802,RiskAverseUCBAgent_2
high_congestion_zero_on_collision_cb_transparent_ratio06_halt3,circuit_breaker,high_congestion,zero_on_collision,18,10000,10,5,6,0.6,3,0.0,True,24135.727166554912,2.4135727166554912,0.24135727166554913,1.99002800676534,33246,3.3246,0,48,0,4.9856,0.5187243015620828,419.51162018986486,RandomAgent_1,6286.6284526832505,EpsilonGreedyAgent_1,526.8220351880282,UCB_BaselineAgent_1,3136.4013910054855,RiskAverseEpsilonGreedyAgent_1,343.64904376927313,RiskAverseUCBAgent_1,468.1439041041187,RandomAgent_2,6241.265974086771,EpsilonGreedyAgent_2,4587.545689178347,UCB_BaselineAgent_2,1814.8618321959648,RiskAverseEpsilonGreedyAgent_2,310.8972241538075,RiskAverseUCBAgent_2
high_congestion_zero_on_collision_cb_transparent_ratio06_halt3,circuit_breaker,high_congestion,zero_on_collision,19,10000,10,5,6,0.6,3,0.0,True,27160.061220810563,2.7160061220810565,0.2716006122081056,2.121103217011276,31993,3.1993,0,98,0,4.9706,0.5795050577758196,374.38079946194307,RandomAgent_1,3099.0957932475385,EpsilonGreedyAgent_1,7396.7738303330225,UCB_BaselineAgent_1,227.5527523856889,RiskAverseEpsilonGreedyAgent_1,1035.927272495804,RiskAverseUCBAgent_1,290.0375958939956,RandomAgent_2,6880.624343787981,EpsilonGreedyAgent_2,7411.881427204827,UCB_BaselineAgent_2,251.17298727374046,RiskAverseEpsilonGreedyAgent_2,192.61441872602103,RiskAverseUCBAgent_2
high_congestion_zero_on_collision_cb_transparent_ratio06_halt3,circuit_breaker,high_congestion,zero_on_collision,20,10000,10,5,6,0.6,3,0.0,True,28899.596814634,2.8899596814633997,0.28899596814634,2.2040116922179998,30296,3.0296,0,241,0,4.9277,0.5989468373030593,518.1320753449414,RandomAgent_1,1101.2699261546845,EpsilonGreedyAgent_1,6859.010945529344,UCB_BaselineAgent_1,186.99310040044014,RiskAverseEpsilonGreedyAgent_1,2326.475612042365,RiskAverseUCBAgent_1,498.7454887323583,RandomAgent_2,9705.367398566237,EpsilonGreedyAgent_2,7171.377038085364,UCB_BaselineAgent_2,296.2034122788357,RiskAverseEpsilonGreedyAgent_2,236.02181749942898,RiskAverseUCBAgent_2
high_congestion_zero_on_collision_cb_transparent_ratio06_halt3,circuit_breaker,high_congestion,zero_on_collision,21,10000,10,5,6,0.6,3,0.0,True,24789.992827484144,2.4789992827484144,0.24789992827484145,2.0881749260047755,32885,3.2885,0,80,0,4.976,0.524510896157458,495.7742478967031,RandomAgent_1,7356.621039308179,EpsilonGreedyAgent_1,836.154372252434,UCB_BaselineAgent_1,1435.0913025759196,RiskAverseEpsilonGreedyAgent_1,363.9509765668506,RiskAverseUCBAgent_1,514.9611830864064,RandomAgent_2,5879.073326397417,EpsilonGreedyAgent_2,2352.677328614392,UCB_BaselineAgent_2,5099.606576285819,RiskAverseEpsilonGreedyAgent_2,456.0824745000221,RiskAverseUCBAgent_2
high_congestion_zero_on_collision_cb_transparent_ratio06_halt3,circuit_breaker,high_congestion,zero_on_collision,22,10000,10,5,6,0.6,3,0.0,True,23321.041859591922,2.332104185959192,0.2332104185959192,2.007745617607735,33442,3.3442,0,47,0,4.9859,0.5157340750851305,380.26462210950075,RandomAgent_1,3862.684346946278,EpsilonGreedyAgent_1,801.2379895248639,UCB_BaselineAgent_1,3285.9402599771856,RiskAverseEpsilonGreedyAgent_1,332.93171318165207,RiskAverseUCBAgent_1,371.401590508445,RandomAgent_2,7355.455745958965,EpsilonGreedyAgent_2,4517.42350156602,UCB_BaselineAgent_2,2113.513140456503,RiskAverseEpsilonGreedyAgent_2,300.1889493625095,RiskAverseUCBAgent_2
high_congestion_zero_on_collision_cb_transparent_ratio06_halt3,circuit_breaker,high_congestion,zero_on_collision,23,10000,10,5,6,0.6,3,0.0,True,23700.23481407814,2.370023481407814,0.2370023481407814,1.7872469948757386,32503,3.2503,0,106,0,4.9682,0.5882667001150605,396.64022753880005,RandomAgent_1,1615.5288492568793,EpsilonGreedyAgent_1,7273.197002675206,UCB_BaselineAgent_1,210.81645727064344,RiskAverseEpsilonGreedyAgent_1,234.20378878382112,RiskAverseUCBAgent_1,378.5357978649314,RandomAgent_2,646.9776997774544,EpsilonGreedyAgent_2,7169.379309236228,UCB_BaselineAgent_2,669.7129689831779,RiskAverseEpsilonGreedyAgent_2,5105.242712690996,RiskAverseUCBAgent_2
high_congestion_zero_on_collision_cb_transparent_ratio06_halt3,circuit_breaker,high_congestion,zero_on_collision,24,10000,10,5,6,0.6,3,0.0,True,31575.375426268096,3.1575375426268097,0.315753754262681,2.2640016134962875,29389,2.9389,0,180,0,4.946,0.623870655475742,175.79108871271328,RandomAgent_1,508.7298490253932,EpsilonGreedyAgent_1,9065.130456523411,UCB_BaselineAgent_1,60.45982534993903,RiskAverseEpsilonGreedyAgent_1,7000.935592063992,RiskAverseUCBAgent_1,212.57658298443474,RandomAgent_2,4713.906404895477,EpsilonGreedyAgent_2,9610.780135390109,UCB_BaselineAgent_2,99.57203176815219,RiskAverseEpsilonGreedyAgent_2,127.49345955447518,RiskAverseUCBAgent_2
high_congestion_zero_on_collision_cb_transparent_ratio06_halt3,circuit_breaker,high_congestion,zero_on_collision,25,10000,10,5,6,0.6,3,0.0,True,24160.29429735773,2.416029429735773,0.2416029429735773,2.030909522156626,33214,3.3214,0,44,0,4.9868,0.5360500256358929,431.9058396858905,RandomAgent_1,6611.792244418239,EpsilonGreedyAgent_1,711.1360265534195,UCB_BaselineAgent_1,3143.948218760236,RiskAverseEpsilonGreedyAgent_1,313.94306077565477,RiskAverseUCBAgent_1,352.1376745636205,RandomAgent_2,1807.6756370067003,EpsilonGreedyAgent_2,3458.7241951876663,UCB_BaselineAgent_2,7034.555707891966,RiskAverseEpsilonGreedyAgent_2,294.4756925143378,RiskAverseUCBAgent_2
high_congestion_zero_on_collision_cb_transparent_ratio06_halt3,circuit_breaker,high_congestion,zero_on_collision,26,10000,10,5,6,0.6,3,0.0,True,24507.47656987371,2.450747656987371,0.2450747656987371,2.0637135099778927,33244,3.3244,0,50,0,4.985,0.5317497510737728,320.2417391886612,RandomAgent_1,6671.416967569991,EpsilonGreedyAgent_1,7099.73398446815,UCB_BaselineAgent_1,3344.116417095827,RiskAverseEpsilonGreedyAgent_1,386.5958633192562,RiskAverseUCBAgent_1,351.7421359473139,RandomAgent_2,3277.2438898275564,EpsilonGreedyAgent_2,980.8670195508123,UCB_BaselineAgent_2,1798.9331706322696,RiskAverseEpsilonGreedyAgent_2,276.58538227387305,RiskAverseUCBAgent_2
high_congestion_zero_on_collision_cb_transparent_ratio06_halt3,circuit_breaker,high_congestion,zero_on_collision,27,10000,10,5,6,0.6,3,0.0,True,23120.024038145104,2.3120024038145104,0.23120024038145104,1.8037872680150413,33595,3.3595,0,44,0,4.9868,0.5109874946626205,343.06518984674176,RandomAgent_1,1733.200673592751,EpsilonGreedyAgent_1,7180.638347547094,UCB_BaselineAgent_1,2026.5419715724836,RiskAverseEpsilonGreedyAgent_1,455.4083132379398,RiskAverseUCBAgent_1,285.68429764223265,RandomAgent_2,5419.741567297546,EpsilonGreedyAgent_2,1514.8719658940856,UCB_BaselineAgent_2,3626.3515731162756,RiskAverseEpsilonGreedyAgent_2,534.5201383979543,RiskAverseUCBAgent_2
high_congestion_zero_on_collision_cb_transparent_ratio06_halt3,circuit_breaker,high_congestion,zero_on_collision,28,10000,10,5,6,0.6,3,0.0,True,23783.934560771704,2.3783934560771702,0.23783934560771705,1.964895367956581,33316,3.3316,0,54,0,4.9838,0.5235341654670191,360.5594514260675,RandomAgent_1,3087.225612461021,EpsilonGreedyAgent_1,493.0402668922464,UCB_BaselineAgent_1,4854.149995839944,RiskAverseEpsilonGreedyAgent_1,329.1758603597611,RiskAverseUCBAgent_1,334.36366372482996,RandomAgent_2,5402.99762633913,EpsilonGreedyAgent_2,6613.509902546343,UCB_BaselineAgent_2,1997.3001587038468,RiskAverseEpsilonGreedyAgent_2,311.61202247851367,RiskAverseUCBAgent_2
high_congestion_zero_on_collision_cb_transparent_ratio06_halt3,circuit_breaker,high_congestion,zero_on_collision,29,10000,10,5,6,0.6,3,0.0,True,25757.633670779847,2.5757633670779847,0.25757633670779845,1.9176879182566189,32883,3.2883,0,67,0,4.9799,0.6077989290091199,261.31360856719175,RandomAgent_1,6318.2770665575745,EpsilonGreedyAgent_1,9195.236629812913,UCB_BaselineAgent_1,204.8897966571326,RiskAverseEpsilonGreedyAgent_1,5288.620709238254,RiskAverseUCBAgent_1,314.37727271218466,RandomAgent_2,2590.0589547741197,EpsilonGreedyAgent_2,1109.79511688497,UCB_BaselineAgent_2,217.9371131599637,RiskAverseEpsilonGreedyAgent_2,257.1274024155437,RiskAverseUCBAgent_2
high_congestion_zero_on_collision_cb_opaque_ratio06_halt5,circuit_breaker,high_congestion,zero_on_collision,0,10000,10,5,6,0.6,5,0.0,False,25839.732219725338,2.583973221972534,0.25839732219725337,2.0907178735217906,32548,3.2548,710,63,0,4.9685,0.4551115462695754,374.42002711457013,RandomAgent_1,5479.786637302063,EpsilonGreedyAgent_1,5635.6555886083015,UCB_BaselineAgent_1,3898.6265510548287,RiskAverseEpsilonGreedyAgent_1,353.3268174932112,RiskAverseUCBAgent_1,337.3750253165408,RandomAgent_2,3729.0822096163965,EpsilonGreedyAgent_2,4459.102387898934,UCB_BaselineAgent_2,1275.3070525193646,RiskAverseEpsilonGreedyAgent_2,297.04992280112907,RiskAverseUCBAgent_2
high_congestion_zero_on_collision_cb_opaque_ratio06_halt5,circuit_breaker,high_congestion,zero_on_collision,1,10000,10,5,6,0.6,5,0.0,False,27541.049968968255,2.7541049968968254,0.27541049968968256,2.182744153139096,32068,3.2068,939,78,0,4.961,0.5874716335283185,414.7356938968638,RandomAgent_1,6277.24514622766,EpsilonGreedyAgent_1,2763.1217582661097,UCB_BaselineAgent_1,303.2189927966281,RiskAverseEpsilonGreedyAgent_1,511.61953487208274,RiskAverseUCBAgent_1,439.36614711669944,RandomAgent_2,8651.42064655894,EpsilonGreedyAgent_2,7461.751967745937,UCB_BaselineAgent_2,282.5193633121671,RiskAverseEpsilonGreedyAgent_2,436.0507181751675,RiskAverseUCBAgent_2
high_congestion_zero_on_collision_cb_opaque_ratio06_halt5,circuit_breaker,high_congestion,zero_on_collision,2,10000,10,5,6,0.6,5,0.0,False,27337.787911265918,2.733778791126592,0.27337787911265915,2.134664791179523,32034,3.2034,1097,86,0,4.957,0.5848407018255106,306.8444377886745,RandomAgent_1,4367.1475538874,EpsilonGreedyAgent_1,8483.642608674314,UCB_BaselineAgent_1,4026.2790703831356,RiskAverseEpsilonGreedyAgent_1,231.92492205211175,RiskAverseUCBAgent_1,277.68193657273275,RandomAgent_2,411.4754564364208,EpsilonGreedyAgent_2,7817.614792115158,UCB_BaselineAgent_2,1197.2335787590453,RiskAverseEpsilonGreedyAgent_2,217.94355459692437,RiskAverseUCBAgent_2
high_congestion_zero_on_collision_cb_opaque_ratio06_halt5,circuit_breaker,high_congestion,zero_on_collision,3,10000,10,5,6,0.6,5,0.0,False,24133.876362397892,2.413387636239789,0.2413387636239789,1.6874328039263606,32842,3.2842,681,60,0,4.97,0.5815097199676849,263.99910688541354,RandomAgent_1,477.73355083488167,EpsilonGreedyAgent_1,5759.8867687813845,UCB_BaselineAgent_1,4368.731295080467,RiskAverseEpsilonGreedyAgent_1,354.8719250894913,RiskAverseUCBAgent_1,264.9091826721425,RandomAgent_2,897.6891451856111,EpsilonGreedyAgent_2,8370.053167320055,UCB_BaselineAgent_2,3075.3152517385506,RiskAverseEpsilonGreedyAgent_2,300.68696880989376,RiskAverseUCBAgent_2
high_congestion_zero_on_collision_cb_opaque_ratio06_halt5,circuit_breaker,high_congestion,zero_on_collision,4,10000,10,5,6,0.6,5,0.0,False,30415.695113069884,3.0415695113069883,0.30415695113069885,2.2499439781910158,30277,3.0277,1934,139,0,4.9305,0.6079712138745672,335.7603841591542,RandomAgent_1,4572.442719581105,EpsilonGreedyAgent_1,8542.829686938827,UCB_BaselineAgent_1,98.0198642014099,RiskAverseEpsilonGreedyAgent_1,218.44370843065175,RiskAverseUCBAgent_1,348.46203255069315,RandomAgent_2,7132.229586068275,EpsilonGreedyAgent_2,8812.421299745512,UCB_BaselineAgent_2,136.1129105726037,RiskAverseEpsilonGreedyAgent_2,218.97292082164978,RiskAverseUCBAgent_2
high_congestion_zero_on_collision_cb_opaque_ratio06_halt5,circuit_breaker,high_congestion,zero_on_collision,5,10000,10,5,6,0.6,5,0.0,False,21841.822125323917,2.1841822125323915,0.21841822125323918,1.7866042046809745,33873,3.3873,251,24,0,4.988,0.5602676397204205,291.213327854303,RandomAgent_1,858.607438685428,EpsilonGreedyAgent_1,5282.715603176715,UCB_BaselineAgent_1,2782.9071500489886,RiskAverseEpsilonGreedyAgent_1,210.23109738412052,RiskAverseUCBAgent_1,243.53609497385335,RandomAgent_2,810.7304642095353,EpsilonGreedyAgent_2,6839.821245254278,UCB_BaselineAgent_2,4251.9433482856975,RiskAverseEpsilonGreedyAgent_2,270.1163554509978,RiskAverseUCBAgent_2
high_congestion_zero_on_collision_cb_opaque_ratio06_halt5,circuit_breaker,high_congestion,zero_on_collision,6,10000,10,5,6,0.6,5,0.0,False,24154.84090685078,2.415484090685078,0.2415484090685078,1.9762943793007102,33498,3.3498,461,51,0,4.9745,0.5174209475784253,384.2313944482285,RandomAgent_1,4622.92266596563,EpsilonGreedyAgent_1,6468.43744328259,UCB_BaselineAgent_1,2009.0876620445883,RiskAverseEpsilonGreedyAgent_1,288.08709064981605,RiskAverseUCBAgent_1,350.9259311793777,RandomAgent_2,5842.315006975772,EpsilonGreedyAgent_2,508.5863563956565,UCB_BaselineAgent_2,3211.0190677516916,RiskAverseEpsilonGreedyAgent_2,469.22828815742776,RiskAverseUCBAgent_2
high_congestion_zero_on_collision_cb_opaque_ratio06_halt5,circuit_breaker,high_congestion,zero_on_collision,7,10000,10,5,6,0.6,5,0.0,False,29812.371186426488,2.9812371186426487,0.2981237118642649,2.226734823591508,30667,3.0667,1781,134,0,4.933,0.6002217337724212,313.2963914873942,RandomAgent_1,6916.659404313625,EpsilonGreedyAgent_1,7598.15831234395,UCB_BaselineAgent_1,146.47029870269307,RiskAverseEpsilonGreedyAgent_1,376.55787790608855,RiskAverseUCBAgent_1,296.98793928811375,RandomAgent_2,4894.398870684348,EpsilonGreedyAgent_2,8949.952738819838,UCB_BaselineAgent_2,161.15761718218718,RiskAverseEpsilonGreedyAgent_2,158.7317356982507,RiskAverseUCBAgent_2
high_congestion_zero_on_collision_cb_opaque_ratio06_halt5,circuit_breaker,high_congestion,zero_on_collision,8,10000,10,5,6,0.6,5,0.0,False,26922.708985899826,2.6922708985899826,0.26922708985899824,2.159617612823106,32524,3.2524,893,68,0,4.966,0.629278045210484,148.28048225790494,RandomAgent_1,1525.0710909984346,EpsilonGreedyAgent_1,8903.651177087928,UCB_BaselineAgent_1,296.6373458093181,RiskAverseEpsilonGreedyAgent_1,133.1029279420455,RiskAverseUCBAgent_1,155.1103592993391,RandomAgent_2,424.8528888664269,EpsilonGreedyAgent_2,8652.344420068377,UCB_BaselineAgent_2,1236.9682502157377,RiskAverseEpsilonGreedyAgent_2,5446.690043354315,RiskAverseUCBAgent_2
high_congestion_zero_on_collision_cb_opaque_ratio06_halt5,circuit_breaker,high_congestion,zero_on_collision,9,10000,10,5,6,0.6,5,0.0,False,23655.725585100532,2.365572558510053,0.23655725585100532,1.9218154732137613,33489,3.3489,334,37,0,4.9815,0.5138471032232781,359.01931169468605,RandomAgent_1,4798.052224874456,EpsilonGreedyAgent_1,6619.1777363666415,UCB_BaselineAgent_1,2045.219469840315,RiskAverseEpsilonGreedyAgent_1,297.89393385719774,RiskAverseUCBAgent_1,356.6380349522129,RandomAgent_2,4961.1179151030665,EpsilonGreedyAgent_2,614.1072131448511,UCB_BaselineAgent_2,3260.5253982827653,RiskAverseEpsilonGreedyAgent_2,343.974346984338,RiskAverseUCBAgent_2
high_congestion_zero_on_collision_cb_opaque_ratio06_halt5,circuit_breaker,high_congestion,zero_on_collision,10,10000,10,5,6,0.6,5,0.0,False,23884.831014897747,2.3884831014897747,0.23884831014897748,1.9835241169301532,33456,3.3456,453,44,0,4.978,0.5283248291849465,347.438679675242,RandomAgent_1,5176.946449034616,EpsilonGreedyAgent_1,621.0910990669847,UCB_BaselineAgent_1,4630.600936059746,RiskAverseEpsilonGreedyAgent_1,314.7041354629503,RiskAverseUCBAgent_1,371.2407195666072,RandomAgent_2,1878.2601721430733,EpsilonGreedyAgent_2,7208.961449436665,UCB_BaselineAgent_2,2964.5134658596126,RiskAverseEpsilonGreedyAgent_2,371.0739085922509,RiskAverseUCBAgent_2
high_congestion_zero_on_collision_cb_opaque_ratio06_halt5,circuit_breaker,high_congestion,zero_on_collision,11,10000,10,5,6,0.6,5,0.0,False,30671.997257198364,3.0671997257198362,0.30671997257198363,2.2723292162863893,30510,3.051,2190,162,0,4.919,0.619849925899165,356.9512274948395,RandomAgent_1,9933.919395704997,EpsilonGreedyAgent_1,8752.17362165192,UCB_BaselineAgent_1,151.55444134814343,RiskAverseEpsilonGreedyAgent_1,152.41819052565134,RiskAverseUCBAgent_1,366.08644484364726,RandomAgent_2,4783.012043596248,EpsilonGreedyAgent_2,5789.993813107782,UCB_BaselineAgent_2,146.27362953437705,RiskAverseEpsilonGreedyAgent_2,239.61444939075827,RiskAverseUCBAgent_2
high_congestion_zero_on_collision_cb_opaque_ratio06_halt5,circuit_breaker,high_congestion,zero_on_collision,12,10000,10,5,6,0.6,5,0.0,False,30621.260707744368,3.0621260707744367,0.3062126070774437,2.312055977011752,30346,3.0346,1951,146,0,4.927,0.6216911267576688,481.1889654638912,RandomAgent_1,9744.863236231946,EpsilonGreedyAgent_1,4480.59589557135,UCB_BaselineAgent_1,115.53700633895542,RiskAverseEpsilonGreedyAgent_1,153.00311516755772,RiskAverseUCBAgent_1,465.29379468197914,RandomAgent_2,9269.539294243257,EpsilonGreedyAgent_2,5563.761344776852,UCB_BaselineAgent_2,175.43604688761636,RiskAverseEpsilonGreedyAgent_2,172.04200838096335,RiskAverseUCBAgent_2
high_congestion_zero_on_collision_cb_opaque_ratio06_halt5,circuit_breaker,high_congestion,zero_on_collision,13,10000,10,5,6,0.6,5,0.0,False,24143.37716469656,2.4143377164696562,0.2414337716469656,1.938406520316359,33328,3.3328,440,45,0,4.9775,0.5181638111800475,422.80499332827947,RandomAgent_1,3370.2052348332236,EpsilonGreedyAgent_1,4821.054862305198,UCB_BaselineAgent_1,5034.02354904877,RiskAverseEpsilonGreedyAgent_1,387.47470232514473,RiskAverseUCBAgent_1,408.35153283291913,RandomAgent_2,6958.034496433779,EpsilonGreedyAgent_2,646.1423575302217,UCB_BaselineAgent_2,1855.208477938083,RiskAverseEpsilonGreedyAgent_2,240.07695812094255,RiskAverseUCBAgent_2
high_congestion_zero_on_collision_cb_opaque_ratio06_halt5,circuit_breaker,high_congestion,zero_on_collision,14,10000,10,5,6,0.6,5,0.0,False,26076.46432563585,2.607646432563585,0.2607646432563585,2.0541215166619846,32457,3.2457,853,76,0,4.962,0.5554338222999584,279.6160679763128,RandomAgent_1,3639.6149595135953,EpsilonGreedyAgent_1,7905.3819695800175,UCB_BaselineAgent_1,1339.5652511504834,RiskAverseEpsilonGreedyAgent_1,206.02590117127713,RiskAverseUCBAgent_1,266.636669748303,RandomAgent_2,4438.350233148223,EpsilonGreedyAgent_2,6520.554299084255,UCB_BaselineAgent_2,1316.9633798202271,RiskAverseEpsilonGreedyAgent_2,163.7555944431546,RiskAverseUCBAgent_2
high_congestion_zero_on_collision_cb_opaque_ratio06_halt5,circuit_breaker,high_congestion,zero_on_collision,15,10000,10,5,6,0.6,5,0.0,False,23969.570463243166,2.396957046324317,0.23969570463243167,1.982695641101795,33311,3.3311,439,44,0,4.978,0.5173969912615428,397.2009639224423,RandomAgent_1,3081.3438257534535,EpsilonGreedyAgent_1,709.4267179464356,UCB_BaselineAgent_1,1735.127958668516,RiskAverseEpsilonGreedyAgent_1,325.34918569073164,RiskAverseUCBAgent_1,383.9325310067945,RandomAgent_2,5773.638113499844,EpsilonGreedyAgent_2,6410.537841312973,UCB_BaselineAgent_2,4812.3581505791035,RiskAverseEpsilonGreedyAgent_2,340.65517486287433,RiskAverseUCBAgent_2
high_congestion_zero_on_collision_cb_opaque_ratio06_halt5,circuit_breaker,high_congestion,zero_on_collision,16,10000,10,5,6,0.6,5,0.0,False,29714.234195407207,2.9714234195407205,0.2971423419540721,2.2248585969339847,30647,3.0647,1790,133,0,4.9335,0.6015409723968519,341.81220136428834,RandomAgent_1,4585.5722903968335,EpsilonGreedyAgent_1,8928.29045430635,UCB_BaselineAgent_1,178.98061214609285,RiskAverseEpsilonGreedyAgent_1,249.59754509687212,RiskAverseUCBAgent_1,318.1470472492022,RandomAgent_2,6668.25174547633,EpsilonGreedyAgent_2,7983.918752380573,UCB_BaselineAgent_2,127.9478920977292,RiskAverseEpsilonGreedyAgent_2,331.7156548929334,RiskAverseUCBAgent_2
high_congestion_zero_on_collision_cb_opaque_ratio06_halt5,circuit_breaker,high_congestion,zero_on_collision,17,10000,10,5,6,0.6,5,0.0,False,24750.813107507183,2.4750813107507184,0.24750813107507183,1.9941222444590423,33351,3.3351,277,31,0,4.9845,0.5449558762550648,368.9394340495282,RandomAgent_1,5403.06714550189,EpsilonGreedyAgent_1,7853.497995702414,UCB_BaselineAgent_1,4677.602831013985,RiskAverseEpsilonGreedyAgent_1,335.43138725195695,RiskAverseUCBAgent_1,289.2888563195774,RandomAgent_2,3063.7021807016886,EpsilonGreedyAgent_2,576.4793620194444,UCB_BaselineAgent_2,1880.3274356487707,RiskAverseEpsilonGreedyAgent_2,302.47647929792663,RiskAverseUCBAgent_2
high_congestion_zero_on_collision_cb_opaque_ratio06_halt5,circuit_breaker,high_congestion,zero_on_collision,18,10000,10,5,6,0.6,5,0.0,False,23866.057809515823,2.3866057809515824,0.23866057809515823,2.044409636179814,33457,3.3457,386,44,0,4.978,0.5190774924187975,465.4248730536411,RandomAgent_1,6157.19800056134,EpsilonGreedyAgent_1,4082.081853234634,UCB_BaselineAgent_1,2974.026634198503,RiskAverseEpsilonGreedyAgent_1,321.4932683531713,RiskAverseUCBAgent_1,497.2683599289025,RandomAgent_2,6586.200238007909,EpsilonGreedyAgent_2,712.5101973647099,UCB_BaselineAgent_2,1758.5239086295032,RiskAverseEpsilonGreedyAgent_2,311.33047618350815,RiskAverseUCBAgent_2
high_congestion_zero_on_collision_cb_opaque_ratio06_halt5,circuit_breaker,high_congestion,zero_on_collision,19,10000,10,5,6,0.6,5,0.0,False,29373.993127253136,2.9373993127253137,0.29373993127253134,2.178186218412782,31006,3.1006,1458,113,0,4.9435,0.6100708858930279,286.209994383281,RandomAgent_1,4773.279378067049,EpsilonGreedyAgent_1,9465.239306490492,UCB_BaselineAgent_1,166.7308305566905,RiskAverseEpsilonGreedyAgent_1,160.7021864973097,RiskAverseUCBAgent_1,271.93317912781333,RandomAgent_2,6880.1608149060985,EpsilonGreedyAgent_2,7014.82240486405,UCB_BaselineAgent_2,221.5258711080302,RiskAverseEpsilonGreedyAgent_2,133.38916125232106,RiskAverseUCBAgent_2
high_congestion_zero_on_collision_cb_opaque_ratio06_halt5,circuit_breaker,high_congestion,zero_on_collision,20,10000,10,5,6,0.6,5,0.0,False,23357.948895096408,2.335794889509641,0.2335794889509641,1.9199180214509204,33477,3.3477,326,36,0,4.982,0.5001927446030963,402.30893213362594,RandomAgent_1,4831.144158579183,EpsilonGreedyAgent_1,5880.616007372145,UCB_BaselineAgent_1,3005.908931508167,RiskAverseEpsilonGreedyAgent_1,357.36420380316287,RiskAverseUCBAgent_1,383.34740852156887,RandomAgent_2,5387.04780892026,EpsilonGreedyAgent_2,700.3003509908873,UCB_BaselineAgent_2,2104.115280118814,RiskAverseEpsilonGreedyAgent_2,305.79581314859473,RiskAverseUCBAgent_2
high_congestion_zero_on_collision_cb_opaque_ratio06_halt5,circuit_breaker,high_congestion,zero_on_collision,21,10000,10,5,6,0.6,5,0.0,False,26352.62159055826,2.6352621590558263,0.2635262159055826,2.1265026057026426,32110,3.211,913,77,0,4.9615,0.6029552641653413,214.9073269742947,RandomAgent_1,310.16861867685026,EpsilonGreedyAgent_1,7996.0840018804165,UCB_BaselineAgent_1,2458.802235322769,RiskAverseEpsilonGreedyAgent_1,213.64544362929664,RiskAverseUCBAgent_1,208.89700577946908,RandomAgent_2,1654.5257361882336,EpsilonGreedyAgent_2,8642.632254815866,UCB_BaselineAgent_2,4353.310211252853,RiskAverseEpsilonGreedyAgent_2,299.64875603821355,RiskAverseUCBAgent_2
high_congestion_zero_on_collision_cb_opaque_ratio06_halt5,circuit_breaker,high_congestion,zero_on_collision,22,10000,10,5,6,0.6,5,0.0,False,24853.295303139508,2.4853295303139507,0.24853295303139508,2.0797822276252997,33038,3.3038,543,55,0,4.9725,0.5313358651942217,513.9428484777261,RandomAgent_1,6566.165456674027,EpsilonGreedyAgent_1,876.0440706027578,UCB_BaselineAgent_1,5047.176430534443,RiskAverseEpsilonGreedyAgent_1,377.7751578160987,RiskAverseUCBAgent_1,450.1638964567537,RandomAgent_2,7135.927242614012,EpsilonGreedyAgent_2,1876.1101383964067,UCB_BaselineAgent_2,1640.678443724345,RiskAverseEpsilonGreedyAgent_2,369.3116178429363,RiskAverseUCBAgent_2
high_congestion_zero_on_collision_cb_opaque_ratio06_halt5,circuit_breaker,high_congestion,zero_on_collision,23,10000,10,5,6,0.6,5,0.0,False,23924.79370542672,2.392479370542672,0.2392479370542672,1.9453031437226433,33428,3.3428,315,35,0,4.9825,0.5123708215815037,357.17552208939304,RandomAgent_1,4881.773689171381,EpsilonGreedyAgent_1,6450.354354479847,UCB_BaselineAgent_1,3260.108094762464,RiskAverseEpsilonGreedyAgent_1,321.73821680046217,RiskAverseUCBAgent_1,376.5702277090452,RandomAgent_2,5321.052076989183,EpsilonGreedyAgent_2,612.347222836764,UCB_BaselineAgent_2,1990.4018978149809,RiskAverseEpsilonGreedyAgent_2,353.27240277319896,RiskAverseUCBAgent_2
high_congestion_zero_on_collision_cb_opaque_ratio06_halt5,circuit_breaker,high_congestion,zero_on_collision,24,10000,10,5,6,0.6,5,0.0,False,29269.62068269233,2.926962068269233,0.2926962068269233,2.233166781887552,30806,3.0806,1942,147,0,4.9265,0.6019576395350801,400.9222699005718,RandomAgent_1,8913.038576980647,EpsilonGreedyAgent_1,4759.929100724852,UCB_BaselineAgent_1,128.13857050519056,RiskAverseEpsilonGreedyAgent_1,201.6363368182638,RiskAverseUCBAgent_1,370.69178311799226,RandomAgent_2,6743.356711589438,EpsilonGreedyAgent_2,7394.383552948729,UCB_BaselineAgent_2,145.02887225170267,RiskAverseEpsilonGreedyAgent_2,212.49490785494075,RiskAverseUCBAgent_2
high_congestion_zero_on_collision_cb_opaque_ratio06_halt5,circuit_breaker,high_congestion,zero_on_collision,25,10000,10,5,6,0.6,5,0.0,False,24913.53576327242,2.491353576327242,0.24913535763272418,2.0749901936483193,32989,3.2989,473,52,0,4.974,0.5505626668455261,306.5242915557591,RandomAgent_1,6534.604266680688,EpsilonGreedyAgent_1,601.595101888421,UCB_BaselineAgent_1,4698.848269328836,RiskAverseEpsilonGreedyAgent_1,305.2969469063916,RiskAverseUCBAgent_1,394.42839991200907,RandomAgent_2,2598.3101243530286,EpsilonGreedyAgent_2,7407.764292647442,UCB_BaselineAgent_2,1745.3983163605008,RiskAverseEpsilonGreedyAgent_2,320.7657536393435,RiskAverseUCBAgent_2
high_congestion_zero_on_collision_cb_opaque_ratio06_halt5,circuit_breaker,high_congestion,zero_on_collision,26,10000,10,5,6,0.6,5,0.0,False,29464.44610373752,2.946444610373752,0.2946444610373752,2.2339555136361477,30928,3.0928,1573,123,0,4.9385,0.6076243989329018,372.0355227846797,RandomAgent_1,9428.673919259938,EpsilonGreedyAgent_1,6671.699701886273,UCB_BaselineAgent_1,205.60684832623724,RiskAverseEpsilonGreedyAgent_1,177.05866540138516,RiskAverseUCBAgent_1,346.37996442327415,RandomAgent_2,4560.398394929695,EpsilonGreedyAgent_2,7343.330627166249,UCB_BaselineAgent_2,199.0069898713562,RiskAverseEpsilonGreedyAgent_2,160.25546968843116,RiskAverseUCBAgent_2
high_congestion_zero_on_collision_cb_opaque_ratio06_halt5,circuit_breaker,high_congestion,zero_on_collision,27,10000,10,5,6,0.6,5,0.0,False,24458.706162722567,2.4458706162722565,0.24458706162722565,2.0180919496350724,33359,3.3359,362,42,0,4.979,0.533684562270516,404.0033559438057,RandomAgent_1,7060.969863302174,EpsilonGreedyAgent_1,504.8976297081066,UCB_BaselineAgent_1,1634.0221294001676,RiskAverseEpsilonGreedyAgent_1,305.03583200499503,RiskAverseUCBAgent_1,419.23065243935565,RandomAgent_2,3103.646332920756,EpsilonGreedyAgent_2,5968.402004782985,UCB_BaselineAgent_2,4683.104365043871,RiskAverseEpsilonGreedyAgent_2,375.39399717634996,RiskAverseUCBAgent_2
high_congestion_zero_on_collision_cb_opaque_ratio06_halt5,circuit_breaker,high_congestion,zero_on_collision,28,10000,10,5,6,0.6,5,0.0,False,25458.812125599467,2.5458812125599466,0.25458812125599467,1.8863071900735282,32948,3.2948,619,46,0,4.977,0.6093679770852776,257.0559647883731,RandomAgent_1,1447.5704965520056,EpsilonGreedyAgent_1,1761.4250040850995,UCB_BaselineAgent_1,242.62356255494936,RiskAverseEpsilonGreedyAgent_1,155.0262658992461,RiskAverseUCBAgent_1,278.36585648345584,RandomAgent_2,5232.02309235755,EpsilonGreedyAgent_2,8857.266605206865,UCB_BaselineAgent_2,355.9650246354186,RiskAverseEpsilonGreedyAgent_2,6871.4902530365025,RiskAverseUCBAgent_2
high_congestion_zero_on_collision_cb_opaque_ratio06_halt5,circuit_breaker,high_congestion,zero_on_collision,29,10000,10,5,6,0.6,5,0.0,False,23162.63363562586,2.316263363562586,0.23162633635625862,1.9426707557860892,33659,3.3659,377,44,0,4.978,0.5073203253304546,335.5718858883853,RandomAgent_1,4415.6464249892815,EpsilonGreedyAgent_1,6405.656078245203,UCB_BaselineAgent_1,2082.996866400242,RiskAverseEpsilonGreedyAgent_1,307.0910693122811,RiskAverseUCBAgent_1,370.5995493560815,RandomAgent_2,4955.153212492946,EpsilonGreedyAgent_2,680.0670731737728,UCB_BaselineAgent_2,3245.561007182987,RiskAverseEpsilonGreedyAgent_2,364.2904685846795,RiskAverseUCBAgent_2
high_congestion_zero_on_collision_cb_transparent_ratio06_halt5,circuit_breaker,high_congestion,zero_on_collision,0,10000,10,5,6,0.6,5,0.0,True,25323.348607100615,2.5323348607100615,0.25323348607100615,2.1334909283419936,32829,3.2829,0,68,0,4.966,0.5296799930574745,516.9445664078216,RandomAgent_1,7406.407828304183,EpsilonGreedyAgent_1,4356.194738696208,UCB_BaselineAgent_1,7103.655454744791,RiskAverseEpsilonGreedyAgent_1,372.36294242640975,RiskAverseUCBAgent_1,532.5678805152778,RandomAgent_2,2276.447007782,EpsilonGreedyAgent_2,1019.2351466365916,UCB_BaselineAgent_2,1233.5996478003658,RiskAverseEpsilonGreedyAgent_2,505.9333937869668,RiskAverseUCBAgent_2
high_congestion_zero_on_collision_cb_transparent_ratio06_halt5,circuit_breaker,high_congestion,zero_on_collision,1,10000,10,5,6,0.6,5,0.0,True,-0.941728907001635,-9.41728907001635e-05,-9.41728907001635e-06,0.011852596778724788,10008,1.0008,0,9999,0,0.0015,0.875,-1.16417608550051,RandomAgent_1,0.0,EpsilonGreedyAgent_1,-0.24880865375573857,UCB_BaselineAgent_1,0.0,RiskAverseEpsilonGreedyAgent_1,0.0,RiskAverseUCBAgent_1,0.0,RandomAgent_2,0.0,EpsilonGreedyAgent_2,0.0,UCB_BaselineAgent_2,0.0,RiskAverseEpsilonGreedyAgent_2,0.47125583225461365,RiskAverseUCBAgent_2
high_congestion_zero_on_collision_cb_transparent_ratio06_halt5,circuit_breaker,high_congestion,zero_on_collision,2,10000,10,5,6,0.6,5,0.0,True,17.510410272377435,0.0017510410272377434,0.00017510410272377435,0.07753903033070295,10022,1.0022,0,9992,0,0.005,0.5800624920301733,4.431887289869722,RandomAgent_1,0.0,EpsilonGreedyAgent_1,6.539184973287963,UCB_BaselineAgent_1,0.0,RiskAverseEpsilonGreedyAgent_1,3.6178940061214417,RiskAverseUCBAgent_1,1.565258992693282,RandomAgent_2,0.0,EpsilonGreedyAgent_2,2.807658069330531,UCB_BaselineAgent_2,0.0,RiskAverseEpsilonGreedyAgent_2,-1.4514730589255052,RiskAverseUCBAgent_2
high_congestion_zero_on_collision_cb_transparent_ratio06_halt5,circuit_breaker,high_congestion,zero_on_collision,3,10000,10,5,6,0.6,5,0.0,True,59.44943271047675,0.005944943271047675,0.0005944943271047675,0.15990735722613275,10042,1.0042,0,9978,0,0.012,0.5009729061548238,10.80039966668062,RandomAgent_1,0.0,EpsilonGreedyAgent_1,14.4927148750591,UCB_BaselineAgent_1,0.0,RiskAverseEpsilonGreedyAgent_1,10.707467216858573,RiskAverseUCBAgent_1,7.260150606902812,RandomAgent_2,0.0,EpsilonGreedyAgent_2,3.7074654551588377,UCB_BaselineAgent_2,0.9654612497740496,RiskAverseEpsilonGreedyAgent_2,11.51577364004276,RiskAverseUCBAgent_2
high_congestion_zero_on_collision_cb_transparent_ratio06_halt5,circuit_breaker,high_congestion,zero_on_collision,4,10000,10,5,6,0.6,5,0.0,True,59.19323735195469,0.005919323735195469,0.000591932373519547,0.1523120405005569,10063,1.0063,0,9972,0,0.015,0.4138081676646861,8.13902738503343,RandomAgent_1,0.0,EpsilonGreedyAgent_1,9.003931839529661,UCB_BaselineAgent_1,0.0,RiskAverseEpsilonGreedyAgent_1,3.2918184971430824,RiskAverseUCBAgent_1,4.676266986784861,RandomAgent_2,12.618592249912094,EpsilonGreedyAgent_2,14.835762201253758,UCB_BaselineAgent_2,-0.9988040582399862,RiskAverseEpsilonGreedyAgent_2,7.626642250537795,RiskAverseUCBAgent_2
high_congestion_zero_on_collision_cb_transparent_ratio06_halt5,circuit_breaker,high_congestion,zero_on_collision,5,10000,10,5,6,0.6,5,0.0,True,29.94436136366906,0.002994436136366906,0.0002994436136366906,0.11525486568617016,10020,1.002,0,9990,0,0.006,0.6400232191037907,8.174354922465813,RandomAgent_1,0.0,EpsilonGreedyAgent_1,4.207750123704697,UCB_BaselineAgent_1,0.0,RiskAverseEpsilonGreedyAgent_1,1.3208026534131825,RiskAverseUCBAgent_1,11.389947270106122,RandomAgent_2,0.0,EpsilonGreedyAgent_2,1.2483042005659168,UCB_BaselineAgent_2,0.0,RiskAverseEpsilonGreedyAgent_2,3.6032021934133285,RiskAverseUCBAgent_2
high_congestion_zero_on_collision_cb_transparent_ratio06_halt5,circuit_breaker,high_congestion,zero_on_collision,6,10000,10,5,6,0.6,5,0.0,True,25.75444187137589,0.002575444187137589,0.0002575444187137589,0.09109224254718729,10018,1.0018,0,9993,0,0.0045,0.6035907973619963,0.971426426058116,RandomAgent_1,0.0,EpsilonGreedyAgent_1,7.183602700871543,UCB_BaselineAgent_1,0.0,RiskAverseEpsilonGreedyAgent_1,7.5339038983213635,RiskAverseUCBAgent_1,1.8348485462004218,RandomAgent_2,0.0,EpsilonGreedyAgent_2,5.9028420183304515,UCB_BaselineAgent_2,0.0,RiskAverseEpsilonGreedyAgent_2,2.3278182815939914,RiskAverseUCBAgent_2
high_congestion_zero_on_collision_cb_transparent_ratio06_halt5,circuit_breaker,high_congestion,zero_on_collision,7,10000,10,5,6,0.6,5,0.0,True,32.77711201281358,0.0032777112012813583,0.0003277711201281358,0.10851010498733933,10031,1.0031,0,9986,0,0.008,0.4802706413902058,5.8301184201124014,RandomAgent_1,0.8677597829386361,EpsilonGreedyAgent_1,7.956450714424567,UCB_BaselineAgent_1,0.0,RiskAverseEpsilonGreedyAgent_1,5.9140780360745175,RiskAverseUCBAgent_1,2.948616836371422,RandomAgent_2,0.0,EpsilonGreedyAgent_2,3.483358586633763,UCB_BaselineAgent_2,0.0,RiskAverseEpsilonGreedyAgent_2,5.776729636258272,RiskAverseUCBAgent_2
high_congestion_zero_on_collision_cb_transparent_ratio06_halt5,circuit_breaker,high_congestion,zero_on_collision,8,10000,10,5,6,0.6,5,0.0,True,27.11076886300113,0.002711076886300113,0.0002711076886300113,0.09685413045608789,10023,1.0023,0,9991,0,0.0055,0.6179462196018497,5.783151748420412,RandomAgent_1,0.0,EpsilonGreedyAgent_1,0.4938089846883851,UCB_BaselineAgent_1,1.283732980425973,RiskAverseEpsilonGreedyAgent_1,0.8288925339543158,RiskAverseUCBAgent_1,10.563965977782917,RandomAgent_2,0.0,EpsilonGreedyAgent_2,3.8936407130651944,UCB_BaselineAgent_2,0.0,RiskAverseEpsilonGreedyAgent_2,4.2635759246639315,RiskAverseUCBAgent_2
high_congestion_zero_on_collision_cb_transparent_ratio06_halt5,circuit_breaker,high_congestion,zero_on_collision,9,10000,10,5,6,0.6,5,0.0,True,935.6990881983312,0.09356990881983313,0.009356990881983312,0.6564103844469916,10728,1.0728,0,9660,0,0.171,0.5045206444961332,37.28394291060387,RandomAgent_1,57.64334138536884,EpsilonGreedyAgent_1,230.8140853292354,UCB_BaselineAgent_1,7.1922926447143505,RiskAverseEpsilonGreedyAgent_1,161.08084176219342,RiskAverseUCBAgent_1,32.02867767488709,RandomAgent_2,94.66975925106738,EpsilonGreedyAgent_2,269.0703321237739,UCB_BaselineAgent_2,17.956829362679066,RiskAverseEpsilonGreedyAgent_2,27.958985753807845,RiskAverseUCBAgent_2
high_congestion_zero_on_collision_cb_transparent_ratio06_halt5,circuit_breaker,high_congestion,zero_on_collision,10,10000,10,5,6,0.6,5,0.0,True,34.243225979122876,0.0034243225979122874,0.0003424322597912288,0.10407379192357581,10036,1.0036,0,9984,0,0.009,0.5140628095015403,9.462200530622722,RandomAgent_1,0.0,EpsilonGreedyAgent_1,7.14975221448748,UCB_BaselineAgent_1,0.0,RiskAverseEpsilonGreedyAgent_1,5.928770692489829,RiskAverseUCBAgent_1,4.335879921912744,RandomAgent_2,0.8107386241637736,EpsilonGreedyAgent_2,3.5801129474869073,UCB_BaselineAgent_2,0.0,RiskAverseEpsilonGreedyAgent_2,2.9757710479594204,RiskAverseUCBAgent_2
high_congestion_zero_on_collision_cb_transparent_ratio06_halt5,circuit_breaker,high_congestion,zero_on_collision,11,10000,10,5,6,0.6,5,0.0,True,22.057895735293627,0.0022057895735293626,0.00022057895735293627,0.09567266749370658,10019,1.0019,0,9992,0,0.005,0.707408970472456,5.786683994018211,RandomAgent_1,0.0,EpsilonGreedyAgent_1,1.6393774070897618,UCB_BaselineAgent_1,0.0,RiskAverseEpsilonGreedyAgent_1,0.0,RiskAverseUCBAgent_1,5.267974014534806,RandomAgent_2,0.0,EpsilonGreedyAgent_2,0.0,UCB_BaselineAgent_2,0.0,RiskAverseEpsilonGreedyAgent_2,9.363860319650849,RiskAverseUCBAgent_2
high_congestion_zero_on_collision_cb_transparent_ratio06_halt5,circuit_breaker,high_congestion,zero_on_collision,12,10000,10,5,6,0.6,5,0.0,True,63.43044166878302,0.006343044166878302,0.0006343044166878302,0.1639082101807888,10067,1.0067,0,9968,0,0.017,0.5112380989417655,-0.8496636130671852,RandomAgent_1,0.0,EpsilonGreedyAgent_1,21.000223446879335,UCB_BaselineAgent_1,0.0,RiskAverseEpsilonGreedyAgent_1,8.084695346808346,RiskAverseUCBAgent_1,9.2583620219655,RandomAgent_2,12.865254655228494,EpsilonGreedyAgent_2,9.699174914704509,UCB_BaselineAgent_2,0.0,RiskAverseEpsilonGreedyAgent_2,3.37239489626402,RiskAverseUCBAgent_2
high_congestion_zero_on_collision_cb_transparent_ratio06_halt5,circuit_breaker,high_congestion,zero_on_collision,13,10000,10,5,6,0.6,5,0.0,True,24.18934614751437,0.002418934614751437,0.0002418934614751437,0.0842796214436883,10022,1.0022,0,9990,0,0.006,0.5477956938035826,3.860117530736303,RandomAgent_1,0.0,EpsilonGreedyAgent_1,6.705551718268826,UCB_BaselineAgent_1,0.0,RiskAverseEpsilonGreedyAgent_1,1.4542956174006005,RiskAverseUCBAgent_1,5.810066217805988,RandomAgent_2,0.0,EpsilonGreedyAgent_2,3.641080233340803,UCB_BaselineAgent_2,0.0,RiskAverseEpsilonGreedyAgent_2,2.718234829961852,RiskAverseUCBAgent_2
high_congestion_zero_on_collision_cb_transparent_ratio06_halt5,circuit_breaker,high_congestion,zero_on_collision,14,10000,10,5,6,0.6,5,0.0,True,10.27219411489726,0.001027219411489726,0.0001027219411489726,0.0455351382719881,10011,1.0011,0,9997,0,0.0025,0.5574476415139569,0.0,RandomAgent_1,0.0,EpsilonGreedyAgent_1,1.3268518911879275,UCB_BaselineAgent_1,2.307385509214212,RiskAverseEpsilonGreedyAgent_1,1.7496820813748182,RiskAverseUCBAgent_1,2.465677856002344,RandomAgent_2,0.0,EpsilonGreedyAgent_2,0.0,UCB_BaselineAgent_2,0.0,RiskAverseEpsilonGreedyAgent_2,2.422596777117958,RiskAverseUCBAgent_2
high_congestion_zero_on_collision_cb_transparent_ratio06_halt5,circuit_breaker,high_congestion,zero_on_collision,15,10000,10,5,6,0.6,5,0.0,True,57.98671480430811,0.005798671480430811,0.0005798671480430811,0.15128635466255957,10072,1.0072,0,9969,0,0.0165,0.4872847418173083,11.191899941951505,RandomAgent_1,0.0,EpsilonGreedyAgent_1,8.542951585804726,UCB_BaselineAgent_1,-0.2839592596563678,RiskAverseEpsilonGreedyAgent_1,0.8958614885530369,RiskAverseUCBAgent_1,6.164007457364937,RandomAgent_2,0.0,EpsilonGreedyAgent_2,17.972764815937012,UCB_BaselineAgent_2,14.014139657450258,RiskAverseEpsilonGreedyAgent_2,-0.510950883096999,RiskAverseUCBAgent_2
high_congestion_zero_on_collision_cb_transparent_ratio06_halt5,circuit_breaker,high_congestion,zero_on_collision,16,10000,10,5,6,0.6,5,0.0,True,28.142570265657604,0.0028142570265657606,0.000281425702656576,0.11209845915371773,10023,1.0023,0,9991,0,0.0055,0.5142027373105653,6.618916171362857,RandomAgent_1,1.091350633999141,EpsilonGreedyAgent_1,1.6157014958186864,UCB_BaselineAgent_1,1.9390669283105888,RiskAverseEpsilonGreedyAgent_1,5.378205860260483,RiskAverseUCBAgent_1,1.846533487478161,RandomAgent_2,0.0,EpsilonGreedyAgent_2,1.3316680539772014,UCB_BaselineAgent_2,0.0,RiskAverseEpsilonGreedyAgent_2,8.321127634450486,RiskAverseUCBAgent_2
high_congestion_zero_on_collision_cb_transparent_ratio06_halt5,circuit_breaker,high_congestion,zero_on_collision,17,10000,10,5,6,0.6,5,0.0,True,22658.294772591413,2.265829477259141,0.22658294772591414,1.8506966184097031,33613,3.3613,0,35,0,4.9825,0.47760969223699146,364.21330235717227,RandomAgent_1,5191.3364988680605,EpsilonGreedyAgent_1,4226.870445141877,UCB_BaselineAgent_1,5098.07068462627,RiskAverseEpsilonGreedyAgent_1,275.6095066577493,RiskAverseUCBAgent_1,380.83305394176324,RandomAgent_2,3545.8039935489105,EpsilonGreedyAgent_2,790.6322195149332,UCB_BaselineAgent_2,2470.8854211950256,RiskAverseEpsilonGreedyAgent_2,314.03964673964975,RiskAverseUCBAgent_2
high_congestion_zero_on_collision_cb_transparent_ratio06_halt5,circuit_breaker,high_congestion,zero_on_collision,18,10000,10,5,6,0.6,5,0.0,True,3766.7216233636705,0.376672162336367,0.037667216233636704,1.1751882911128742,13733,1.3733,0,8365,0,0.8185,0.4223885989587992,93.45281082251616,RandomAgent_1,625.4101693664986,EpsilonGreedyAgent_1,260.50338409098146,UCB_BaselineAgent_1,289.11265546806027,RiskAverseEpsilonGreedyAgent_1,161.39829884278933,RiskAverseUCBAgent_1,110.50189372435403,RandomAgent_2,1086.2042229692054,EpsilonGreedyAgent_2,721.0596177058716,UCB_BaselineAgent_2,255.43546120979659,RiskAverseEpsilonGreedyAgent_2,163.643109163597,RiskAverseUCBAgent_2
high_congestion_zero_on_collision_cb_transparent_ratio06_halt5,circuit_breaker,high_congestion,zero_on_collision,19,10000,10,5,6,0.6,5,0.0,True,15.162964460172683,0.0015162964460172684,0.00015162964460172684,0.07543392888313523,10025,1.0025,0,9992,0,0.005,0.7355766760825178,3.1414944266046767,RandomAgent_1,0.0,EpsilonGreedyAgent_1,0.0,UCB_BaselineAgent_1,0.0,RiskAverseEpsilonGreedyAgent_1,-1.7718908003034397,RiskAverseUCBAgent_1,10.225983064028473,RandomAgent_2,0.0,EpsilonGreedyAgent_2,1.407190634635819,UCB_BaselineAgent_2,2.1601871352071544,RiskAverseEpsilonGreedyAgent_2,0.0,RiskAverseUCBAgent_2
high_congestion_zero_on_collision_cb_transparent_ratio06_halt5,circuit_breaker,high_congestion,zero_on_collision,20,10000,10,5,6,0.6,5,0.0,True,59.40466453718771,0.005940466453718771,0.0005940466453718771,0.13437344492371203,10061,1.0061,0,9971,0,0.0155,0.5057029917777924,5.048211910859427,RandomAgent_1,0.9431788624648952,EpsilonGreedyAgent_1,0.0,UCB_BaselineAgent_1,0.0,RiskAverseEpsilonGreedyAgent_1,11.386336830368307,RiskAverseUCBAgent_1,8.06422753664622,RandomAgent_2,14.090841366614054,EpsilonGreedyAgent_2,6.459350159096084,UCB_BaselineAgent_2,0.0,RiskAverseEpsilonGreedyAgent_2,13.412517871138729,RiskAverseUCBAgent_2
high_congestion_zero_on_collision_cb_transparent_ratio06_halt5,circuit_breaker,high_congestion,zero_on_collision,21,10000,10,5,6,0.6,5,0.0,True,26.045760915686664,0.0026045760915686662,0.0002604576091568666,0.08730312864294651,10024,1.0024,0,9990,0,0.006,0.6238615817704689,1.5070464771984122,RandomAgent_1,0.0,EpsilonGreedyAgent_1,6.500992755282487,UCB_BaselineAgent_1,4.478886001099663,RiskAverseEpsilonGreedyAgent_1,1.2859814016267448,RiskAverseUCBAgent_1,1.9843020571728944,RandomAgent_2,0.0,EpsilonGreedyAgent_2,0.0,UCB_BaselineAgent_2,0.3485687097139143,RiskAverseEpsilonGreedyAgent_2,9.93998351359255,RiskAverseUCBAgent_2
high_congestion_zero_on_collision_cb_transparent_ratio06_halt5,circuit_breaker,high_congestion,zero_on_collision,22,10000,10,5,6,0.6,5,0.0,True,20391.231749255454,2.039123174925545,0.20391231749255453,2.0209789080945995,30412,3.0412,0,1320,0,4.341,0.5167430393692956,372.97261500378,RandomAgent_1,4412.823064349043,EpsilonGreedyAgent_1,3263.3837325050063,UCB_BaselineAgent_1,2637.2717539987843,RiskAverseEpsilonGreedyAgent_1,274.3155729608052,RiskAverseUCBAgent_1,347.11485488231955,RandomAgent_2,6181.906945005721,EpsilonGreedyAgent_2,581.0023125562785,UCB_BaselineAgent_2,2085.428435057155,RiskAverseEpsilonGreedyAgent_2,235.01246293656132,RiskAverseUCBAgent_2
high_congestion_zero_on_collision_cb_transparent_ratio06_halt5,circuit_breaker,high_congestion,zero_on_collision,23,10000,10,5,6,0.6,5,0.0,True,16.281518470257055,0.0016281518470257054,0.00016281518470257056,0.06026899869159604,10033,1.0033,0,9988,0,0.007,0.5499753101344886,1.2006017814598118,RandomAgent_1,0.0,EpsilonGreedyAgent_1,2.177253848565993,UCB_BaselineAgent_1,0.0,RiskAverseEpsilonGreedyAgent_1,3.231780247641257,RiskAverseUCBAgent_1,0.0,RandomAgent_2,0.0,EpsilonGreedyAgent_2,2.0936570680296875,UCB_BaselineAgent_2,2.1769140470885193,RiskAverseEpsilonGreedyAgent_2,5.401311477471786,RiskAverseUCBAgent_2
high_congestion_zero_on_collision_cb_transparent_ratio06_halt5,circuit_breaker,high_congestion,zero_on_collision,24,10000,10,5,6,0.6,5,0.0,True,27.11338566514938,0.002711338566514938,0.0002711338566514938,0.09644817197958806,10031,1.0031,0,9987,0,0.0075,0.5101802637832602,7.87676898040986,RandomAgent_1,0.0,EpsilonGreedyAgent_1,5.2570141004003155,UCB_BaselineAgent_1,0.0,RiskAverseEpsilonGreedyAgent_1,3.069637506546702,RiskAverseUCBAgent_1,1.7848480607111792,RandomAgent_2,0.0,EpsilonGreedyAgent_2,4.3315815157849835,UCB_BaselineAgent_2,3.679172076611577,RiskAverseEpsilonGreedyAgent_2,1.1143634246847642,RiskAverseUCBAgent_2
high_congestion_zero_on_collision_cb_transparent_ratio06_halt5,circuit_breaker,high_congestion,zero_on_collision,25,10000,10,5,6,0.6,5,0.0,True,103.53898870556215,0.010353898870556214,0.0010353898870556215,0.20336113818969273,10108,1.0108,0,9950,0,0.026,0.3207422044446986,5.936879066516777,RandomAgent_1,0.8296057815325562,EpsilonGreedyAgent_1,13.778581338827296,UCB_BaselineAgent_1,10.267442607717424,RiskAverseEpsilonGreedyAgent_1,13.640741294462671,RiskAverseUCBAgent_1,10.702449315681736,RandomAgent_2,0.0,EpsilonGreedyAgent_2,20.4584519790237,UCB_BaselineAgent_2,13.387568644204002,RiskAverseEpsilonGreedyAgent_2,14.53726867759599,RiskAverseUCBAgent_2
high_congestion_zero_on_collision_cb_transparent_ratio06_halt5,circuit_breaker,high_congestion,zero_on_collision,26,10000,10,5,6,0.6,5,0.0,True,12.905412777679004,0.0012905412777679003,0.00012905412777679005,0.07978080273983132,10020,1.002,0,9993,0,0.0045,0.6909479593258567,0.3022008453799925,RandomAgent_1,2.3724616795059372,EpsilonGreedyAgent_1,0.0,UCB_BaselineAgent_1,0.0,RiskAverseEpsilonGreedyAgent_1,7.240211116004248,RiskAverseUCBAgent_1,-2.7637537713224605,RandomAgent_2,0.0,EpsilonGreedyAgent_2,4.629771600011393,UCB_BaselineAgent_2,0.0,RiskAverseEpsilonGreedyAgent_2,1.1245213080998933,RiskAverseUCBAgent_2
high_congestion_zero_on_collision_cb_transparent_ratio06_halt5,circuit_breaker,high_congestion,zero_on_collision,27,10000,10,5,6,0.6,5,0.0,True,31.00796845490559,0.003100796845490559,0.0003100796845490559,0.11619973019740343,10028,1.0028,0,9988,0,0.007,0.6875687366291978,1.1360785414740227,RandomAgent_1,0.0,EpsilonGreedyAgent_1,10.228175544615448,UCB_BaselineAgent_1,0.0,RiskAverseEpsilonGreedyAgent_1,1.1868321375560418,RiskAverseUCBAgent_1,3.4379701178648667,RandomAgent_2,0.0,EpsilonGreedyAgent_2,0.0,UCB_BaselineAgent_2,13.217754603645735,RiskAverseEpsilonGreedyAgent_2,1.8011575097494763,RiskAverseUCBAgent_2
high_congestion_zero_on_collision_cb_transparent_ratio06_halt5,circuit_breaker,high_congestion,zero_on_collision,28,10000,10,5,6,0.6,5,0.0,True,31.700060290058225,0.0031700060290058224,0.0003170006029005823,0.10862745587101717,10039,1.0039,0,9981,0,0.0105,0.5137923852212387,2.655805022604575,RandomAgent_1,-1.1063771189525122,EpsilonGreedyAgent_1,3.6440902627670773,UCB_BaselineAgent_1,0.0,RiskAverseEpsilonGreedyAgent_1,6.101271637443805,RiskAverseUCBAgent_1,11.609905818383591,RandomAgent_2,0.0,EpsilonGreedyAgent_2,9.555393707471515,UCB_BaselineAgent_2,-2.2183069668309936,RiskAverseEpsilonGreedyAgent_2,1.4582779271711677,RiskAverseUCBAgent_2
high_congestion_zero_on_collision_cb_transparent_ratio06_halt5,circuit_breaker,high_congestion,zero_on_collision,29,10000,10,5,6,0.6,5,0.0,True,15.633292221082572,0.0015633292221082572,0.0001563329222108257,0.07647258411535574,10020,1.002,0,9992,0,0.005,0.6877104368359375,3.985897192414832,RandomAgent_1,0.0,EpsilonGreedyAgent_1,0.0,UCB_BaselineAgent_1,0.0,RiskAverseEpsilonGreedyAgent_1,0.0,RiskAverseUCBAgent_1,6.532600851136845,RandomAgent_2,0.0,EpsilonGreedyAgent_2,2.7363558428587527,UCB_BaselineAgent_2,0.0,RiskAverseEpsilonGreedyAgent_2,2.3784383346721425,RiskAverseUCBAgent_2
high_congestion_zero_on_collision_cb_opaque_ratio08_halt3,circuit_breaker,high_congestion,zero_on_collision,0,10000,10,5,8,0.8,3,0.0,False,24863.603408963307,2.4863603408963306,0.24863603408963306,2.033824093227666,32846,3.2846,0,0,0,5.0,0.5714825881961536,316.8612620788138,RandomAgent_1,1128.3080981890444,EpsilonGreedyAgent_1,9100.431747988809,UCB_BaselineAgent_1,6022.317548065342,RiskAverseEpsilonGreedyAgent_1,288.4368003101537,RiskAverseUCBAgent_1,283.02477292073144,RandomAgent_2,3613.2862448138317,EpsilonGreedyAgent_2,2136.826190748069,UCB_BaselineAgent_2,1678.3120129710417,RiskAverseEpsilonGreedyAgent_2,295.79873087747086,RiskAverseUCBAgent_2
high_congestion_zero_on_collision_cb_opaque_ratio08_halt3,circuit_breaker,high_congestion,zero_on_collision,1,10000,10,5,8,0.8,3,0.0,False,24660.213801409765,2.4660213801409765,0.24660213801409767,2.0367337965131553,33123,3.3123,0,0,0,5.0,0.5281120662626342,461.76237200526054,RandomAgent_1,6426.440548372791,EpsilonGreedyAgent_1,609.7062877341691,UCB_BaselineAgent_1,1946.9365744079016,RiskAverseEpsilonGreedyAgent_1,286.54004720587574,RiskAverseUCBAgent_1,369.9237523213803,RandomAgent_2,4751.844979228312,EpsilonGreedyAgent_2,6732.032897450437,UCB_BaselineAgent_2,2686.559384183264,RiskAverseEpsilonGreedyAgent_2,388.46695850037503,RiskAverseUCBAgent_2
high_congestion_zero_on_collision_cb_opaque_ratio08_halt3,circuit_breaker,high_congestion,zero_on_collision,2,10000,10,5,8,0.8,3,0.0,False,23299.93875757714,2.329993875757714,0.2329993875757714,1.9552398767615744,33584,3.3584,0,0,0,5.0,0.5007326728038382,362.30202359890495,RandomAgent_1,5737.906792529562,EpsilonGreedyAgent_1,5211.241386690943,UCB_BaselineAgent_1,5036.3186400473505,RiskAverseEpsilonGreedyAgent_1,279.5854423184332,RiskAverseUCBAgent_1,378.2144770399769,RandomAgent_2,2282.03883425507,EpsilonGreedyAgent_2,598.0004226488303,UCB_BaselineAgent_2,3104.766135014462,RiskAverseEpsilonGreedyAgent_2,309.5646034336057,RiskAverseUCBAgent_2
high_congestion_zero_on_collision_cb_opaque_ratio08_halt3,circuit_breaker,high_congestion,zero_on_collision,3,10000,10,5,8,0.8,3,0.0,False,26115.72511143913,2.6115725111439128,0.2611572511143913,1.9208468690788272,32912,3.2912,0,0,0,5.0,0.6223868922392652,257.7694824532533,RandomAgent_1,591.4561305661073,EpsilonGreedyAgent_1,10541.197612178032,UCB_BaselineAgent_1,253.1791317915512,RiskAverseEpsilonGreedyAgent_1,3668.9743259586985,RiskAverseUCBAgent_1,215.3398872437976,RandomAgent_2,2753.636107134882,EpsilonGreedyAgent_2,6766.10031766335,UCB_BaselineAgent_2,443.9666108726379,RiskAverseEpsilonGreedyAgent_2,624.1055055768203,RiskAverseUCBAgent_2
high_congestion_zero_on_collision_cb_opaque_ratio08_halt3,circuit_breaker,high_congestion,zero_on_collision,4,10000,10,5,8,0.8,3,0.0,False,25644.05521038887,2.564405521038887,0.2564405521038887,2.1016914148346255,32837,3.2837,0,0,0,5.0,0.5733572242645566,261.07932008525984,RandomAgent_1,811.628925413392,EpsilonGreedyAgent_1,8084.924278989559,UCB_BaselineAgent_1,1514.4131889027385,RiskAverseEpsilonGreedyAgent_1,354.09156629786713,RiskAverseUCBAgent_1,261.3035266576366,RandomAgent_2,3935.625281537942,EpsilonGreedyAgent_2,7266.409556767962,UCB_BaselineAgent_2,2967.4592273418725,RiskAverseEpsilonGreedyAgent_2,187.12033839463842,RiskAverseUCBAgent_2
high_congestion_zero_on_collision_cb_opaque_ratio08_halt3,circuit_breaker,high_congestion,zero_on_collision,5,10000,10,5,8,0.8,3,0.0,False,24868.42595719443,2.4868425957194433,0.24868425957194432,2.0353850904598816,32929,3.2929,0,0,0,5.0,0.5701219219430125,274.6192142655901,RandomAgent_1,580.6283138901086,EpsilonGreedyAgent_1,5432.403768563964,UCB_BaselineAgent_1,4178.090253982439,RiskAverseEpsilonGreedyAgent_1,356.17164431071114,RiskAverseUCBAgent_1,251.61951600184477,RandomAgent_2,3439.1083851399653,EpsilonGreedyAgent_2,8639.411902806472,UCB_BaselineAgent_2,1502.1970647856892,RiskAverseEpsilonGreedyAgent_2,214.1758934476465,RiskAverseUCBAgent_2
high_congestion_zero_on_collision_cb_opaque_ratio08_halt3,circuit_breaker,high_congestion,zero_on_collision,6,10000,10,5,8,0.8,3,0.0,False,23916.48656833551,2.391648656833551,0.2391648656833551,1.9485030239524885,33477,3.3477,0,0,0,5.0,0.5030912834528278,379.1022077649048,RandomAgent_1,3407.6198613567617,EpsilonGreedyAgent_1,683.139888264007,UCB_BaselineAgent_1,4501.513522475551,RiskAverseEpsilonGreedyAgent_1,321.2807501959325,RiskAverseUCBAgent_1,442.02622062884814,RandomAgent_2,5852.438060334175,EpsilonGreedyAgent_2,5949.995546051386,UCB_BaselineAgent_2,2064.233514193466,RiskAverseEpsilonGreedyAgent_2,315.1369970704768,RiskAverseUCBAgent_2
high_congestion_zero_on_collision_cb_opaque_ratio08_halt3,circuit_breaker,high_congestion,zero_on_collision,7,10000,10,5,8,0.8,3,0.0,False,24801.156636235606,2.4801156636235606,0.24801156636235605,2.054396281350375,33061,3.3061,0,0,0,5.0,0.5827460149722159,223.34864308681742,RandomAgent_1,448.1268533721622,EpsilonGreedyAgent_1,6965.870424956901,UCB_BaselineAgent_1,4253.251760251134,RiskAverseEpsilonGreedyAgent_1,207.11645576611875,RiskAverseUCBAgent_1,287.3548360825023,RandomAgent_2,1741.402680201388,EpsilonGreedyAgent_2,7911.03051866729,UCB_BaselineAgent_2,2514.45939061228,RiskAverseEpsilonGreedyAgent_2,249.19507323901252,RiskAverseUCBAgent_2
high_congestion_zero_on_collision_cb_opaque_ratio08_halt3,circuit_breaker,high_congestion,zero_on_collision,8,10000,10,5,8,0.8,3,0.0,False,23578.78866710649,2.357878866710649,0.23578788667106493,1.9259671936235219,33541,3.3541,0,0,0,5.0,0.5077838526182308,439.2153583369193,RandomAgent_1,4398.828308522621,EpsilonGreedyAgent_1,6525.607938115847,UCB_BaselineAgent_1,3415.819548919902,RiskAverseEpsilonGreedyAgent_1,308.13248835007494,RiskAverseUCBAgent_1,329.29262796430925,RandomAgent_2,5075.343651597749,EpsilonGreedyAgent_2,800.753741820084,UCB_BaselineAgent_2,1971.0530846375505,RiskAverseEpsilonGreedyAgent_2,314.7419188414337,RiskAverseUCBAgent_2
high_congestion_zero_on_collision_cb_opaque_ratio08_halt3,circuit_breaker,high_congestion,zero_on_collision,9,10000,10,5,8,0.8,3,0.0,False,26541.979616484485,2.6541979616484483,0.26541979616484485,2.069087392451049,32319,3.2319,0,0,0,5.0,0.5726235943783187,302.9101034246394,RandomAgent_1,4245.615125470533,EpsilonGreedyAgent_1,6601.573487979707,UCB_BaselineAgent_1,196.46567541337762,RiskAverseEpsilonGreedyAgent_1,637.7360421183882,RiskAverseUCBAgent_1,366.74657927945685,RandomAgent_2,5825.962103406647,EpsilonGreedyAgent_2,7757.589594167412,UCB_BaselineAgent_2,338.2698779598901,RiskAverseEpsilonGreedyAgent_2,269.1110272644329,RiskAverseUCBAgent_2
high_congestion_zero_on_collision_cb_opaque_ratio08_halt3,circuit_breaker,high_congestion,zero_on_collision,10,10000,10,5,8,0.8,3,0.0,False,30983.17161618835,3.098317161618835,0.3098317161618835,2.2361010776196237,30155,3.0155,0,0,0,5.0,0.616247205659816,390.29790863002836,RandomAgent_1,10014.670529440988,EpsilonGreedyAgent_1,8003.274434438027,UCB_BaselineAgent_1,120.66036626260549,RiskAverseEpsilonGreedyAgent_1,226.85034336343008,RiskAverseUCBAgent_1,357.81321221816506,RandomAgent_2,4520.586434758637,EpsilonGreedyAgent_2,6984.988676484832,UCB_BaselineAgent_2,111.70841119512238,RiskAverseEpsilonGreedyAgent_2,252.32129939651264,RiskAverseUCBAgent_2
high_congestion_zero_on_collision_cb_opaque_ratio08_halt3,circuit_breaker,high_congestion,zero_on_collision,11,10000,10,5,8,0.8,3,0.0,False,24272.780305016702,2.4272780305016703,0.24272780305016703,2.056061793264815,33337,3.3337,0,0,0,5.0,0.5035661813030228,516.7735324568142,RandomAgent_1,5920.150076276737,EpsilonGreedyAgent_1,861.2774013587004,UCB_BaselineAgent_1,3162.0471939088857,RiskAverseEpsilonGreedyAgent_1,363.7655673747737,RiskAverseUCBAgent_1,449.4222633175608,RandomAgent_2,6748.647631294781,EpsilonGreedyAgent_2,4010.8696518298602,UCB_BaselineAgent_2,1756.7871176494475,RiskAverseEpsilonGreedyAgent_2,483.03986954914296,RiskAverseUCBAgent_2
high_congestion_zero_on_collision_cb_opaque_ratio08_halt3,circuit_breaker,high_congestion,zero_on_collision,12,10000,10,5,8,0.8,3,0.0,False,23681.321888402646,2.3681321888402644,0.23681321888402646,1.9353578978838286,33623,3.3623,0,0,0,5.0,0.5153232995433314,323.92420964759515,RandomAgent_1,5328.419329248569,EpsilonGreedyAgent_1,614.3866330497966,UCB_BaselineAgent_1,1977.2953061911883,RiskAverseEpsilonGreedyAgent_1,353.2799183519717,RiskAverseUCBAgent_1,366.32840803986113,RandomAgent_2,5199.117110640008,EpsilonGreedyAgent_2,6230.7458708993845,UCB_BaselineAgent_2,3002.0422638365744,RiskAverseEpsilonGreedyAgent_2,285.7828384976977,RiskAverseUCBAgent_2
high_congestion_zero_on_collision_cb_opaque_ratio08_halt3,circuit_breaker,high_congestion,zero_on_collision,13,10000,10,5,8,0.8,3,0.0,False,25132.98045657662,2.513298045657662,0.2513298045657662,2.0558876810327975,33137,3.3137,0,0,0,5.0,0.5439789108406994,347.27129000449406,RandomAgent_1,6523.599021166633,EpsilonGreedyAgent_1,715.4387829585061,UCB_BaselineAgent_1,4975.716303750969,RiskAverseEpsilonGreedyAgent_1,330.3638177774914,RiskAverseUCBAgent_1,436.35379736719756,RandomAgent_2,1577.6306259475084,EpsilonGreedyAgent_2,2484.283510881377,UCB_BaselineAgent_2,7377.43911590569,RiskAverseEpsilonGreedyAgent_2,364.8841908167539,RiskAverseUCBAgent_2
high_congestion_zero_on_collision_cb_opaque_ratio08_halt3,circuit_breaker,high_congestion,zero_on_collision,14,10000,10,5,8,0.8,3,0.0,False,29759.98891434555,2.975998891434555,0.29759988914345553,2.2428616097069867,31145,3.1145,0,0,0,5.0,0.6134670602349988,388.62520861614496,RandomAgent_1,9623.444147816941,EpsilonGreedyAgent_1,3317.4246750397547,UCB_BaselineAgent_1,146.80311725769528,RiskAverseEpsilonGreedyAgent_1,455.03408655922016,RiskAverseUCBAgent_1,404.1916155326453,RandomAgent_2,6459.521778618983,EpsilonGreedyAgent_2,8443.740298323903,UCB_BaselineAgent_2,178.5260373471349,RiskAverseEpsilonGreedyAgent_2,342.67794923312783,RiskAverseUCBAgent_2
high_congestion_zero_on_collision_cb_opaque_ratio08_halt3,circuit_breaker,high_congestion,zero_on_collision,15,10000,10,5,8,0.8,3,0.0,False,27547.71821357863,2.7547718213578634,0.2754771821357863,2.1581403312154186,31963,3.1963,0,0,0,5.0,0.5923607940605609,284.52663763196773,RandomAgent_1,595.2961896664021,EpsilonGreedyAgent_1,7488.467620650861,UCB_BaselineAgent_1,2230.797212956577,RiskAverseEpsilonGreedyAgent_1,219.25174031309965,RiskAverseUCBAgent_1,270.25020496005345,RandomAgent_2,6712.762356921337,EpsilonGreedyAgent_2,8407.301284851648,UCB_BaselineAgent_2,1122.716802401732,RiskAverseEpsilonGreedyAgent_2,216.34816322495303,RiskAverseUCBAgent_2
high_congestion_zero_on_collision_cb_opaque_ratio08_halt3,circuit_breaker,high_congestion,zero_on_collision,16,10000,10,5,8,0.8,3,0.0,False,24257.062913200465,2.4257062913200467,0.24257062913200464,1.9868654130734238,33377,3.3377,0,0,0,5.0,0.5214568423695147,369.7340010695845,RandomAgent_1,4986.674067112565,EpsilonGreedyAgent_1,622.2057778017381,UCB_BaselineAgent_1,3098.119994239058,RiskAverseEpsilonGreedyAgent_1,350.48314092290434,RiskAverseUCBAgent_1,396.69597166093484,RandomAgent_2,5435.384975428233,EpsilonGreedyAgent_2,6833.968055419856,UCB_BaselineAgent_2,1829.7494724208607,RiskAverseEpsilonGreedyAgent_2,334.04745712473067,RiskAverseUCBAgent_2
high_congestion_zero_on_collision_cb_opaque_ratio08_halt3,circuit_breaker,high_congestion,zero_on_collision,17,10000,10,5,8,0.8,3,0.0,False,23798.262087305116,2.3798262087305115,0.23798262087305116,2.00622579925791,33345,3.3345,0,0,0,5.0,0.5167247493565919,396.26912659937955,RandomAgent_1,6114.848752500017,EpsilonGreedyAgent_1,6128.894898065707,UCB_BaselineAgent_1,4445.259940616938,RiskAverseEpsilonGreedyAgent_1,320.41935847260436,RiskAverseUCBAgent_1,389.01326969624023,RandomAgent_2,2952.155909238138,EpsilonGreedyAgent_2,461.13206901641445,UCB_BaselineAgent_2,2307.5107515462714,RiskAverseEpsilonGreedyAgent_2,282.75801155340736,RiskAverseUCBAgent_2
high_congestion_zero_on_collision_cb_opaque_ratio08_halt3,circuit_breaker,high_congestion,zero_on_collision,18,10000,10,5,8,0.8,3,0.0,False,31025.385451527123,3.1025385451527123,0.3102538545152712,2.308199002776239,30072,3.0072,7,1,0,4.9997,0.6089599732441147,529.321374305401,RandomAgent_1,9689.064862888383,EpsilonGreedyAgent_1,5669.271990511108,UCB_BaselineAgent_1,150.170486631039,RiskAverseEpsilonGreedyAgent_1,289.02740782121623,RiskAverseUCBAgent_1,528.331337457026,RandomAgent_2,9187.668466401643,EpsilonGreedyAgent_2,4525.304422790725,UCB_BaselineAgent_2,106.39026506581186,RiskAverseEpsilonGreedyAgent_2,350.83483765477126,RiskAverseUCBAgent_2
high_congestion_zero_on_collision_cb_opaque_ratio08_halt3,circuit_breaker,high_congestion,zero_on_collision,19,10000,10,5,8,0.8,3,0.0,False,29894.77507994441,2.989477507994441,0.29894775079944413,2.2485123422503746,30960,3.096,0,0,0,5.0,0.6174624489236069,592.8699389436906,RandomAgent_1,10274.831113877053,EpsilonGreedyAgent_1,3706.5243243270497,UCB_BaselineAgent_1,172.417816763111,RiskAverseEpsilonGreedyAgent_1,239.90070425793766,RiskAverseUCBAgent_1,473.078737557219,RandomAgent_2,6231.969674057367,EpsilonGreedyAgent_2,7764.291632141131,UCB_BaselineAgent_2,151.77033883598395,RiskAverseEpsilonGreedyAgent_2,287.1207991838669,RiskAverseUCBAgent_2
high_congestion_zero_on_collision_cb_opaque_ratio08_halt3,circuit_breaker,high_congestion,zero_on_collision,20,10000,10,5,8,0.8,3,0.0,False,24497.23266525044,2.4497232665250444,0.24497232665250443,2.0465679392576392,33341,3.3341,0,0,0,5.0,0.5348001443358288,421.2962131575241,RandomAgent_1,7246.6353168947935,EpsilonGreedyAgent_1,3856.8631933692245,UCB_BaselineAgent_1,1880.1416949262543,RiskAverseEpsilonGreedyAgent_1,288.241363590628,RiskAverseUCBAgent_1,429.0556281339455,RandomAgent_2,6360.235812758759,EpsilonGreedyAgent_2,598.0650611357972,UCB_BaselineAgent_2,3060.818340153185,RiskAverseEpsilonGreedyAgent_2,355.88004113033236,RiskAverseUCBAgent_2
high_congestion_zero_on_collision_cb_opaque_ratio08_halt3,circuit_breaker,high_congestion,zero_on_collision,21,10000,10,5,8,0.8,3,0.0,False,24629.292292758542,2.4629292292758542,0.24629292292758542,2.0874004924575087,32992,3.2992,0,0,0,5.0,0.5035924896961237,551.0920852597391,RandomAgent_1,7014.959712783331,EpsilonGreedyAgent_1,925.4107230541795,UCB_BaselineAgent_1,2643.5808201598147,RiskAverseEpsilonGreedyAgent_1,700.6969292016541,RiskAverseUCBAgent_1,465.3037211543123,RandomAgent_2,6691.078699214233,EpsilonGreedyAgent_2,1395.5121195111767,UCB_BaselineAgent_2,3699.593430532118,RiskAverseEpsilonGreedyAgent_2,542.0640518879839,RiskAverseUCBAgent_2
high_congestion_zero_on_collision_cb_opaque_ratio08_halt3,circuit_breaker,high_congestion,zero_on_collision,22,10000,10,5,8,0.8,3,0.0,False,32354.194125499194,3.2354194125499194,0.3235419412549919,2.325636863465823,29340,2.934,0,0,0,5.0,0.6251526328072994,286.07414413021974,RandomAgent_1,6697.6401977112655,EpsilonGreedyAgent_1,9812.089543202905,UCB_BaselineAgent_1,97.70038403766115,RiskAverseEpsilonGreedyAgent_1,256.03875316386893,RiskAverseUCBAgent_1,299.3129226161875,RandomAgent_2,4521.699747325362,EpsilonGreedyAgent_2,10023.62554640618,UCB_BaselineAgent_2,126.60758979665181,RiskAverseEpsilonGreedyAgent_2,233.40529710889302,RiskAverseUCBAgent_2
high_congestion_zero_on_collision_cb_opaque_ratio08_halt3,circuit_breaker,high_congestion,zero_on_collision,23,10000,10,5,8,0.8,3,0.0,False,29312.051180220795,2.9312051180220795,0.29312051180220794,2.1615000113160976,31132,3.1132,0,0,0,5.0,0.6022453130404293,237.494904101869,RandomAgent_1,4578.867751296016,EpsilonGreedyAgent_1,8750.34402086205,UCB_BaselineAgent_1,221.48511672048227,RiskAverseEpsilonGreedyAgent_1,239.0822310880035,RiskAverseUCBAgent_1,290.61366394205305,RandomAgent_2,6645.406834114267,EpsilonGreedyAgent_2,7956.0995773632885,UCB_BaselineAgent_2,180.9989183429212,RiskAverseEpsilonGreedyAgent_2,211.65816238984388,RiskAverseUCBAgent_2
high_congestion_zero_on_collision_cb_opaque_ratio08_halt3,circuit_breaker,high_congestion,zero_on_collision,24,10000,10,5,8,0.8,3,0.0,False,27484.079371667165,2.7484079371667165,0.27484079371667164,2.1664977660275087,31775,3.1775,0,0,0,5.0,0.5713576810071732,390.6087773329141,RandomAgent_1,398.11756391395505,EpsilonGreedyAgent_1,6053.741199960826,UCB_BaselineAgent_1,3507.541767616176,RiskAverseEpsilonGreedyAgent_1,220.6482609670133,RiskAverseUCBAgent_1,398.3760678517018,RandomAgent_2,7384.2172073754655,EpsilonGreedyAgent_2,7848.462766320084,UCB_BaselineAgent_2,1052.9436512788998,RiskAverseEpsilonGreedyAgent_2,229.42210905012897,RiskAverseUCBAgent_2
high_congestion_zero_on_collision_cb_opaque_ratio08_halt3,circuit_breaker,high_congestion,zero_on_collision,25,10000,10,5,8,0.8,3,0.0,False,30488.80968850304,3.048880968850304,0.3048880968850304,2.262127920727355,30291,3.0291,0,0,0,5.0,0.6113898733147196,366.64752892169486,RandomAgent_1,9485.433524851296,EpsilonGreedyAgent_1,6872.332913521914,UCB_BaselineAgent_1,138.66365469185493,RiskAverseEpsilonGreedyAgent_1,150.99414156489328,RiskAverseUCBAgent_1,398.63752558123275,RandomAgent_2,4866.572629201761,EpsilonGreedyAgent_2,7922.148348209781,UCB_BaselineAgent_2,149.55628046634874,RiskAverseEpsilonGreedyAgent_2,137.82314149226107,RiskAverseUCBAgent_2
high_congestion_zero_on_collision_cb_opaque_ratio08_halt3,circuit_breaker,high_congestion,zero_on_collision,26,10000,10,5,8,0.8,3,0.0,False,24057.391423191533,2.4057391423191534,0.24057391423191532,1.958242005035802,33399,3.3399,0,0,0,5.0,0.5068453508337161,419.2244494763502,RandomAgent_1,4911.370261344248,EpsilonGreedyAgent_1,5989.707050589169,UCB_BaselineAgent_1,2044.6741466771234,RiskAverseEpsilonGreedyAgent_1,345.600418662908,RiskAverseUCBAgent_1,409.3183319502085,RandomAgent_2,5774.112731775301,EpsilonGreedyAgent_2,565.0485224621945,UCB_BaselineAgent_2,3306.635665229698,RiskAverseEpsilonGreedyAgent_2,291.6998450243332,RiskAverseUCBAgent_2
high_congestion_zero_on_collision_cb_opaque_ratio08_halt3,circuit_breaker,high_congestion,zero_on_collision,27,10000,10,5,8,0.8,3,0.0,False,28856.802397917214,2.8856802397917214,0.28856802397917214,2.2192709296675335,31452,3.1452,0,0,0,5.0,0.5922210447301584,250.64247552043614,RandomAgent_1,3067.055361426497,EpsilonGreedyAgent_1,10277.522320250866,UCB_BaselineAgent_1,1040.7673910031544,RiskAverseEpsilonGreedyAgent_1,210.08984650364326,RiskAverseUCBAgent_1,298.84222221431804,RandomAgent_2,4249.571818598958,EpsilonGreedyAgent_2,7671.383734984712,UCB_BaselineAgent_2,1450.677640933028,RiskAverseEpsilonGreedyAgent_2,340.2495864816005,RiskAverseUCBAgent_2
high_congestion_zero_on_collision_cb_opaque_ratio08_halt3,circuit_breaker,high_congestion,zero_on_collision,28,10000,10,5,8,0.8,3,0.0,False,29280.607943011906,2.9280607943011905,0.29280607943011905,2.23909810213533,30888,3.0888,0,0,0,5.0,0.5596794604591615,363.46512552167604,RandomAgent_1,6274.265512338903,EpsilonGreedyAgent_1,7599.135567290924,UCB_BaselineAgent_1,1339.2628352457202,RiskAverseEpsilonGreedyAgent_1,227.9999688764686,RiskAverseUCBAgent_1,482.1310839300382,RandomAgent_2,8047.0618467850245,EpsilonGreedyAgent_2,4265.812664312102,UCB_BaselineAgent_2,463.4551857844014,RiskAverseEpsilonGreedyAgent_2,218.0181529266476,RiskAverseUCBAgent_2
high_congestion_zero_on_collision_cb_opaque_ratio08_halt3,circuit_breaker,high_congestion,zero_on_collision,29,10000,10,5,8,0.8,3,0.0,False,28157.30693316674,2.815730693316674,0.28157306933166737,2.1478138466934444,31583,3.1583,0,0,0,5.0,0.5888397518053659,252.9275678536178,RandomAgent_1,4392.994496230068,EpsilonGreedyAgent_1,8560.374839416909,UCB_BaselineAgent_1,532.6734596614521,RiskAverseEpsilonGreedyAgent_1,220.3616961105108,RiskAverseUCBAgent_1,293.734607465458,RandomAgent_2,356.43946378837126,EpsilonGreedyAgent_2,7953.860044232102,UCB_BaselineAgent_2,5209.174312446028,RiskAverseEpsilonGreedyAgent_2,384.76644596222167,RiskAverseUCBAgent_2
high_congestion_zero_on_collision_cb_transparent_ratio08_halt3,circuit_breaker,high_congestion,zero_on_collision,0,10000,10,5,8,0.8,3,0.0,True,24863.603408963307,2.4863603408963306,0.24863603408963306,2.033824093227666,32846,3.2846,0,0,0,5.0,0.5714825881961536,316.8612620788138,RandomAgent_1,1128.3080981890444,EpsilonGreedyAgent_1,9100.431747988809,UCB_BaselineAgent_1,6022.317548065342,RiskAverseEpsilonGreedyAgent_1,288.4368003101537,RiskAverseUCBAgent_1,283.02477292073144,RandomAgent_2,3613.2862448138317,EpsilonGreedyAgent_2,2136.826190748069,UCB_BaselineAgent_2,1678.3120129710417,RiskAverseEpsilonGreedyAgent_2,295.79873087747086,RiskAverseUCBAgent_2
high_congestion_zero_on_collision_cb_transparent_ratio08_halt3,circuit_breaker,high_congestion,zero_on_collision,1,10000,10,5,8,0.8,3,0.0,True,24660.213801409765,2.4660213801409765,0.24660213801409767,2.0367337965131553,33123,3.3123,0,0,0,5.0,0.5281120662626342,461.76237200526054,RandomAgent_1,6426.440548372791,EpsilonGreedyAgent_1,609.7062877341691,UCB_BaselineAgent_1,1946.9365744079016,RiskAverseEpsilonGreedyAgent_1,286.54004720587574,RiskAverseUCBAgent_1,369.9237523213803,RandomAgent_2,4751.844979228312,EpsilonGreedyAgent_2,6732.032897450437,UCB_BaselineAgent_2,2686.559384183264,RiskAverseEpsilonGreedyAgent_2,388.46695850037503,RiskAverseUCBAgent_2
high_congestion_zero_on_collision_cb_transparent_ratio08_halt3,circuit_breaker,high_congestion,zero_on_collision,2,10000,10,5,8,0.8,3,0.0,True,23299.93875757714,2.329993875757714,0.2329993875757714,1.9552398767615744,33584,3.3584,0,0,0,5.0,0.5007326728038382,362.30202359890495,RandomAgent_1,5737.906792529562,EpsilonGreedyAgent_1,5211.241386690943,UCB_BaselineAgent_1,5036.3186400473505,RiskAverseEpsilonGreedyAgent_1,279.5854423184332,RiskAverseUCBAgent_1,378.2144770399769,RandomAgent_2,2282.03883425507,EpsilonGreedyAgent_2,598.0004226488303,UCB_BaselineAgent_2,3104.766135014462,RiskAverseEpsilonGreedyAgent_2,309.5646034336057,RiskAverseUCBAgent_2
high_congestion_zero_on_collision_cb_transparent_ratio08_halt3,circuit_breaker,high_congestion,zero_on_collision,3,10000,10,5,8,0.8,3,0.0,True,26115.72511143913,2.6115725111439128,0.2611572511143913,1.9208468690788272,32912,3.2912,0,0,0,5.0,0.6223868922392652,257.7694824532533,RandomAgent_1,591.4561305661073,EpsilonGreedyAgent_1,10541.197612178032,UCB_BaselineAgent_1,253.1791317915512,RiskAverseEpsilonGreedyAgent_1,3668.9743259586985,RiskAverseUCBAgent_1,215.3398872437976,RandomAgent_2,2753.636107134882,EpsilonGreedyAgent_2,6766.10031766335,UCB_BaselineAgent_2,443.9666108726379,RiskAverseEpsilonGreedyAgent_2,624.1055055768203,RiskAverseUCBAgent_2
high_congestion_zero_on_collision_cb_transparent_ratio08_halt3,circuit_breaker,high_congestion,zero_on_collision,4,10000,10,5,8,0.8,3,0.0,True,25644.05521038887,2.564405521038887,0.2564405521038887,2.1016914148346255,32837,3.2837,0,0,0,5.0,0.5733572242645566,261.07932008525984,RandomAgent_1,811.628925413392,EpsilonGreedyAgent_1,8084.924278989559,UCB_BaselineAgent_1,1514.4131889027385,RiskAverseEpsilonGreedyAgent_1,354.09156629786713,RiskAverseUCBAgent_1,261.3035266576366,RandomAgent_2,3935.625281537942,EpsilonGreedyAgent_2,7266.409556767962,UCB_BaselineAgent_2,2967.4592273418725,RiskAverseEpsilonGreedyAgent_2,187.12033839463842,RiskAverseUCBAgent_2
high_congestion_zero_on_collision_cb_transparent_ratio08_halt3,circuit_breaker,high_congestion,zero_on_collision,5,10000,10,5,8,0.8,3,0.0,True,24868.42595719443,2.4868425957194433,0.24868425957194432,2.0353850904598816,32929,3.2929,0,0,0,5.0,0.5701219219430125,274.6192142655901,RandomAgent_1,580.6283138901086,EpsilonGreedyAgent_1,5432.403768563964,UCB_BaselineAgent_1,4178.090253982439,RiskAverseEpsilonGreedyAgent_1,356.17164431071114,RiskAverseUCBAgent_1,251.61951600184477,RandomAgent_2,3439.1083851399653,EpsilonGreedyAgent_2,8639.411902806472,UCB_BaselineAgent_2,1502.1970647856892,RiskAverseEpsilonGreedyAgent_2,214.1758934476465,RiskAverseUCBAgent_2
high_congestion_zero_on_collision_cb_transparent_ratio08_halt3,circuit_breaker,high_congestion,zero_on_collision,6,10000,10,5,8,0.8,3,0.0,True,23916.48656833551,2.391648656833551,0.2391648656833551,1.9485030239524885,33477,3.3477,0,0,0,5.0,0.5030912834528278,379.1022077649048,RandomAgent_1,3407.6198613567617,EpsilonGreedyAgent_1,683.139888264007,UCB_BaselineAgent_1,4501.513522475551,RiskAverseEpsilonGreedyAgent_1,321.2807501959325,RiskAverseUCBAgent_1,442.02622062884814,RandomAgent_2,5852.438060334175,EpsilonGreedyAgent_2,5949.995546051386,UCB_BaselineAgent_2,2064.233514193466,RiskAverseEpsilonGreedyAgent_2,315.1369970704768,RiskAverseUCBAgent_2
high_congestion_zero_on_collision_cb_transparent_ratio08_halt3,circuit_breaker,high_congestion,zero_on_collision,7,10000,10,5,8,0.8,3,0.0,True,24801.156636235606,2.4801156636235606,0.24801156636235605,2.054396281350375,33061,3.3061,0,0,0,5.0,0.5827460149722159,223.34864308681742,RandomAgent_1,448.1268533721622,EpsilonGreedyAgent_1,6965.870424956901,UCB_BaselineAgent_1,4253.251760251134,RiskAverseEpsilonGreedyAgent_1,207.11645576611875,RiskAverseUCBAgent_1,287.3548360825023,RandomAgent_2,1741.402680201388,EpsilonGreedyAgent_2,7911.03051866729,UCB_BaselineAgent_2,2514.45939061228,RiskAverseEpsilonGreedyAgent_2,249.19507323901252,RiskAverseUCBAgent_2
high_congestion_zero_on_collision_cb_transparent_ratio08_halt3,circuit_breaker,high_congestion,zero_on_collision,8,10000,10,5,8,0.8,3,0.0,True,23578.78866710649,2.357878866710649,0.23578788667106493,1.9259671936235219,33541,3.3541,0,0,0,5.0,0.5077838526182308,439.2153583369193,RandomAgent_1,4398.828308522621,EpsilonGreedyAgent_1,6525.607938115847,UCB_BaselineAgent_1,3415.819548919902,RiskAverseEpsilonGreedyAgent_1,308.13248835007494,RiskAverseUCBAgent_1,329.29262796430925,RandomAgent_2,5075.343651597749,EpsilonGreedyAgent_2,800.753741820084,UCB_BaselineAgent_2,1971.0530846375505,RiskAverseEpsilonGreedyAgent_2,314.7419188414337,RiskAverseUCBAgent_2
high_congestion_zero_on_collision_cb_transparent_ratio08_halt3,circuit_breaker,high_congestion,zero_on_collision,9,10000,10,5,8,0.8,3,0.0,True,26541.979616484485,2.6541979616484483,0.26541979616484485,2.069087392451049,32319,3.2319,0,0,0,5.0,0.5726235943783187,302.9101034246394,RandomAgent_1,4245.615125470533,EpsilonGreedyAgent_1,6601.573487979707,UCB_BaselineAgent_1,196.46567541337762,RiskAverseEpsilonGreedyAgent_1,637.7360421183882,RiskAverseUCBAgent_1,366.74657927945685,RandomAgent_2,5825.962103406647,EpsilonGreedyAgent_2,7757.589594167412,UCB_BaselineAgent_2,338.2698779598901,RiskAverseEpsilonGreedyAgent_2,269.1110272644329,RiskAverseUCBAgent_2
high_congestion_zero_on_collision_cb_transparent_ratio08_halt3,circuit_breaker,high_congestion,zero_on_collision,10,10000,10,5,8,0.8,3,0.0,True,30983.17161618835,3.098317161618835,0.3098317161618835,2.2361010776196237,30155,3.0155,0,0,0,5.0,0.616247205659816,390.29790863002836,RandomAgent_1,10014.670529440988,EpsilonGreedyAgent_1,8003.274434438027,UCB_BaselineAgent_1,120.66036626260549,RiskAverseEpsilonGreedyAgent_1,226.85034336343008,RiskAverseUCBAgent_1,357.81321221816506,RandomAgent_2,4520.586434758637,EpsilonGreedyAgent_2,6984.988676484832,UCB_BaselineAgent_2,111.70841119512238,RiskAverseEpsilonGreedyAgent_2,252.32129939651264,RiskAverseUCBAgent_2
high_congestion_zero_on_collision_cb_transparent_ratio08_halt3,circuit_breaker,high_congestion,zero_on_collision,11,10000,10,5,8,0.8,3,0.0,True,24272.780305016702,2.4272780305016703,0.24272780305016703,2.056061793264815,33337,3.3337,0,0,0,5.0,0.5035661813030228,516.7735324568142,RandomAgent_1,5920.150076276737,EpsilonGreedyAgent_1,861.2774013587004,UCB_BaselineAgent_1,3162.0471939088857,RiskAverseEpsilonGreedyAgent_1,363.7655673747737,RiskAverseUCBAgent_1,449.4222633175608,RandomAgent_2,6748.647631294781,EpsilonGreedyAgent_2,4010.8696518298602,UCB_BaselineAgent_2,1756.7871176494475,RiskAverseEpsilonGreedyAgent_2,483.03986954914296,RiskAverseUCBAgent_2
high_congestion_zero_on_collision_cb_transparent_ratio08_halt3,circuit_breaker,high_congestion,zero_on_collision,12,10000,10,5,8,0.8,3,0.0,True,23681.321888402646,2.3681321888402644,0.23681321888402646,1.9353578978838286,33623,3.3623,0,0,0,5.0,0.5153232995433314,323.92420964759515,RandomAgent_1,5328.419329248569,EpsilonGreedyAgent_1,614.3866330497966,UCB_BaselineAgent_1,1977.2953061911883,RiskAverseEpsilonGreedyAgent_1,353.2799183519717,RiskAverseUCBAgent_1,366.32840803986113,RandomAgent_2,5199.117110640008,EpsilonGreedyAgent_2,6230.7458708993845,UCB_BaselineAgent_2,3002.0422638365744,RiskAverseEpsilonGreedyAgent_2,285.7828384976977,RiskAverseUCBAgent_2
high_congestion_zero_on_collision_cb_transparent_ratio08_halt3,circuit_breaker,high_congestion,zero_on_collision,13,10000,10,5,8,0.8,3,0.0,True,25132.98045657662,2.513298045657662,0.2513298045657662,2.0558876810327975,33137,3.3137,0,0,0,5.0,0.5439789108406994,347.27129000449406,RandomAgent_1,6523.599021166633,EpsilonGreedyAgent_1,715.4387829585061,UCB_BaselineAgent_1,4975.716303750969,RiskAverseEpsilonGreedyAgent_1,330.3638177774914,RiskAverseUCBAgent_1,436.35379736719756,RandomAgent_2,1577.6306259475084,EpsilonGreedyAgent_2,2484.283510881377,UCB_BaselineAgent_2,7377.43911590569,RiskAverseEpsilonGreedyAgent_2,364.8841908167539,RiskAverseUCBAgent_2
high_congestion_zero_on_collision_cb_transparent_ratio08_halt3,circuit_breaker,high_congestion,zero_on_collision,14,10000,10,5,8,0.8,3,0.0,True,29759.98891434555,2.975998891434555,0.29759988914345553,2.2428616097069867,31145,3.1145,0,0,0,5.0,0.6134670602349988,388.62520861614496,RandomAgent_1,9623.444147816941,EpsilonGreedyAgent_1,3317.4246750397547,UCB_BaselineAgent_1,146.80311725769528,RiskAverseEpsilonGreedyAgent_1,455.03408655922016,RiskAverseUCBAgent_1,404.1916155326453,RandomAgent_2,6459.521778618983,EpsilonGreedyAgent_2,8443.740298323903,UCB_BaselineAgent_2,178.5260373471349,RiskAverseEpsilonGreedyAgent_2,342.67794923312783,RiskAverseUCBAgent_2
high_congestion_zero_on_collision_cb_transparent_ratio08_halt3,circuit_breaker,high_congestion,zero_on_collision,15,10000,10,5,8,0.8,3,0.0,True,27547.71821357863,2.7547718213578634,0.2754771821357863,2.1581403312154186,31963,3.1963,0,0,0,5.0,0.5923607940605609,284.52663763196773,RandomAgent_1,595.2961896664021,EpsilonGreedyAgent_1,7488.467620650861,UCB_BaselineAgent_1,2230.797212956577,RiskAverseEpsilonGreedyAgent_1,219.25174031309965,RiskAverseUCBAgent_1,270.25020496005345,RandomAgent_2,6712.762356921337,EpsilonGreedyAgent_2,8407.301284851648,UCB_BaselineAgent_2,1122.716802401732,RiskAverseEpsilonGreedyAgent_2,216.34816322495303,RiskAverseUCBAgent_2
high_congestion_zero_on_collision_cb_transparent_ratio08_halt3,circuit_breaker,high_congestion,zero_on_collision,16,10000,10,5,8,0.8,3,0.0,True,24257.062913200465,2.4257062913200467,0.24257062913200464,1.9868654130734238,33377,3.3377,0,0,0,5.0,0.5214568423695147,369.7340010695845,RandomAgent_1,4986.674067112565,EpsilonGreedyAgent_1,622.2057778017381,UCB_BaselineAgent_1,3098.119994239058,RiskAverseEpsilonGreedyAgent_1,350.48314092290434,RiskAverseUCBAgent_1,396.69597166093484,RandomAgent_2,5435.384975428233,EpsilonGreedyAgent_2,6833.968055419856,UCB_BaselineAgent_2,1829.7494724208607,RiskAverseEpsilonGreedyAgent_2,334.04745712473067,RiskAverseUCBAgent_2
high_congestion_zero_on_collision_cb_transparent_ratio08_halt3,circuit_breaker,high_congestion,zero_on_collision,17,10000,10,5,8,0.8,3,0.0,True,23798.262087305116,2.3798262087305115,0.23798262087305116,2.00622579925791,33345,3.3345,0,0,0,5.0,0.5167247493565919,396.26912659937955,RandomAgent_1,6114.848752500017,EpsilonGreedyAgent_1,6128.894898065707,UCB_BaselineAgent_1,4445.259940616938,RiskAverseEpsilonGreedyAgent_1,320.41935847260436,RiskAverseUCBAgent_1,389.01326969624023,RandomAgent_2,2952.155909238138,EpsilonGreedyAgent_2,461.13206901641445,UCB_BaselineAgent_2,2307.5107515462714,RiskAverseEpsilonGreedyAgent_2,282.75801155340736,RiskAverseUCBAgent_2
high_congestion_zero_on_collision_cb_transparent_ratio08_halt3,circuit_breaker,high_congestion,zero_on_collision,18,10000,10,5,8,0.8,3,0.0,True,25005.73011209565,2.500573011209565,0.25005730112095653,2.0597043917116333,32994,3.2994,0,1,0,4.9997,0.5248515236480467,456.1146991849049,RandomAgent_1,6178.685701156549,EpsilonGreedyAgent_1,4761.412811723773,UCB_BaselineAgent_1,3009.2926396452835,RiskAverseEpsilonGreedyAgent_1,438.59978159869746,RiskAverseUCBAgent_1,533.134338397685,RandomAgent_2,7175.800555938263,EpsilonGreedyAgent_2,766.0236764602924,UCB_BaselineAgent_2,1347.1200434238087,RiskAverseEpsilonGreedyAgent_2,339.54586456639544,RiskAverseUCBAgent_2
high_congestion_zero_on_collision_cb_transparent_ratio08_halt3,circuit_breaker,high_congestion,zero_on_collision,19,10000,10,5,8,0.8,3,0.0,True,29894.77507994441,2.989477507994441,0.29894775079944413,2.2485123422503746,30960,3.096,0,0,0,5.0,0.6174624489236069,592.8699389436906,RandomAgent_1,10274.831113877053,EpsilonGreedyAgent_1,3706.5243243270497,UCB_BaselineAgent_1,172.417816763111,RiskAverseEpsilonGreedyAgent_1,239.90070425793766,RiskAverseUCBAgent_1,473.078737557219,RandomAgent_2,6231.969674057367,EpsilonGreedyAgent_2,7764.291632141131,UCB_BaselineAgent_2,151.77033883598395,RiskAverseEpsilonGreedyAgent_2,287.1207991838669,RiskAverseUCBAgent_2
high_congestion_zero_on_collision_cb_transparent_ratio08_halt3,circuit_breaker,high_congestion,zero_on_collision,20,10000,10,5,8,0.8,3,0.0,True,24497.23266525044,2.4497232665250444,0.24497232665250443,2.0465679392576392,33341,3.3341,0,0,0,5.0,0.5348001443358288,421.2962131575241,RandomAgent_1,7246.6353168947935,EpsilonGreedyAgent_1,3856.8631933692245,UCB_BaselineAgent_1,1880.1416949262543,RiskAverseEpsilonGreedyAgent_1,288.241363590628,RiskAverseUCBAgent_1,429.0556281339455,RandomAgent_2,6360.235812758759,EpsilonGreedyAgent_2,598.0650611357972,UCB_BaselineAgent_2,3060.818340153185,RiskAverseEpsilonGreedyAgent_2,355.88004113033236,RiskAverseUCBAgent_2
high_congestion_zero_on_collision_cb_transparent_ratio08_halt3,circuit_breaker,high_congestion,zero_on_collision,21,10000,10,5,8,0.8,3,0.0,True,24629.292292758542,2.4629292292758542,0.24629292292758542,2.0874004924575087,32992,3.2992,0,0,0,5.0,0.5035924896961237,551.0920852597391,RandomAgent_1,7014.959712783331,EpsilonGreedyAgent_1,925.4107230541795,UCB_BaselineAgent_1,2643.5808201598147,RiskAverseEpsilonGreedyAgent_1,700.6969292016541,RiskAverseUCBAgent_1,465.3037211543123,RandomAgent_2,6691.078699214233,EpsilonGreedyAgent_2,1395.5121195111767,UCB_BaselineAgent_2,3699.593430532118,RiskAverseEpsilonGreedyAgent_2,542.0640518879839,RiskAverseUCBAgent_2
high_congestion_zero_on_collision_cb_transparent_ratio08_halt3,circuit_breaker,high_congestion,zero_on_collision,22,10000,10,5,8,0.8,3,0.0,True,32354.194125499194,3.2354194125499194,0.3235419412549919,2.325636863465823,29340,2.934,0,0,0,5.0,0.6251526328072994,286.07414413021974,RandomAgent_1,6697.6401977112655,EpsilonGreedyAgent_1,9812.089543202905,UCB_BaselineAgent_1,97.70038403766115,RiskAverseEpsilonGreedyAgent_1,256.03875316386893,RiskAverseUCBAgent_1,299.3129226161875,RandomAgent_2,4521.699747325362,EpsilonGreedyAgent_2,10023.62554640618,UCB_BaselineAgent_2,126.60758979665181,RiskAverseEpsilonGreedyAgent_2,233.40529710889302,RiskAverseUCBAgent_2
high_congestion_zero_on_collision_cb_transparent_ratio08_halt3,circuit_breaker,high_congestion,zero_on_collision,23,10000,10,5,8,0.8,3,0.0,True,29312.051180220795,2.9312051180220795,0.29312051180220794,2.1615000113160976,31132,3.1132,0,0,0,5.0,0.6022453130404293,237.494904101869,RandomAgent_1,4578.867751296016,EpsilonGreedyAgent_1,8750.34402086205,UCB_BaselineAgent_1,221.48511672048227,RiskAverseEpsilonGreedyAgent_1,239.0822310880035,RiskAverseUCBAgent_1,290.61366394205305,RandomAgent_2,6645.406834114267,EpsilonGreedyAgent_2,7956.0995773632885,UCB_BaselineAgent_2,180.9989183429212,RiskAverseEpsilonGreedyAgent_2,211.65816238984388,RiskAverseUCBAgent_2
high_congestion_zero_on_collision_cb_transparent_ratio08_halt3,circuit_breaker,high_congestion,zero_on_collision,24,10000,10,5,8,0.8,3,0.0,True,27484.079371667165,2.7484079371667165,0.27484079371667164,2.1664977660275087,31775,3.1775,0,0,0,5.0,0.5713576810071732,390.6087773329141,RandomAgent_1,398.11756391395505,EpsilonGreedyAgent_1,6053.741199960826,UCB_BaselineAgent_1,3507.541767616176,RiskAverseEpsilonGreedyAgent_1,220.6482609670133,RiskAverseUCBAgent_1,398.3760678517018,RandomAgent_2,7384.2172073754655,EpsilonGreedyAgent_2,7848.462766320084,UCB_BaselineAgent_2,1052.9436512788998,RiskAverseEpsilonGreedyAgent_2,229.42210905012897,RiskAverseUCBAgent_2
high_congestion_zero_on_collision_cb_transparent_ratio08_halt3,circuit_breaker,high_congestion,zero_on_collision,25,10000,10,5,8,0.8,3,0.0,True,30488.80968850304,3.048880968850304,0.3048880968850304,2.262127920727355,30291,3.0291,0,0,0,5.0,0.6113898733147196,366.64752892169486,RandomAgent_1,9485.433524851296,EpsilonGreedyAgent_1,6872.332913521914,UCB_BaselineAgent_1,138.66365469185493,RiskAverseEpsilonGreedyAgent_1,150.99414156489328,RiskAverseUCBAgent_1,398.63752558123275,RandomAgent_2,4866.572629201761,EpsilonGreedyAgent_2,7922.148348209781,UCB_BaselineAgent_2,149.55628046634874,RiskAverseEpsilonGreedyAgent_2,137.82314149226107,RiskAverseUCBAgent_2
high_congestion_zero_on_collision_cb_transparent_ratio08_halt3,circuit_breaker,high_congestion,zero_on_collision,26,10000,10,5,8,0.8,3,0.0,True,24057.391423191533,2.4057391423191534,0.24057391423191532,1.958242005035802,33399,3.3399,0,0,0,5.0,0.5068453508337161,419.2244494763502,RandomAgent_1,4911.370261344248,EpsilonGreedyAgent_1,5989.707050589169,UCB_BaselineAgent_1,2044.6741466771234,RiskAverseEpsilonGreedyAgent_1,345.600418662908,RiskAverseUCBAgent_1,409.3183319502085,RandomAgent_2,5774.112731775301,EpsilonGreedyAgent_2,565.0485224621945,UCB_BaselineAgent_2,3306.635665229698,RiskAverseEpsilonGreedyAgent_2,291.6998450243332,RiskAverseUCBAgent_2
high_congestion_zero_on_collision_cb_transparent_ratio08_halt3,circuit_breaker,high_congestion,zero_on_collision,27,10000,10,5,8,0.8,3,0.0,True,28856.802397917214,2.8856802397917214,0.28856802397917214,2.2192709296675335,31452,3.1452,0,0,0,5.0,0.5922210447301584,250.64247552043614,RandomAgent_1,3067.055361426497,EpsilonGreedyAgent_1,10277.522320250866,UCB_BaselineAgent_1,1040.7673910031544,RiskAverseEpsilonGreedyAgent_1,210.08984650364326,RiskAverseUCBAgent_1,298.84222221431804,RandomAgent_2,4249.571818598958,EpsilonGreedyAgent_2,7671.383734984712,UCB_BaselineAgent_2,1450.677640933028,RiskAverseEpsilonGreedyAgent_2,340.2495864816005,RiskAverseUCBAgent_2
high_congestion_zero_on_collision_cb_transparent_ratio08_halt3,circuit_breaker,high_congestion,zero_on_collision,28,10000,10,5,8,0.8,3,0.0,True,29280.607943011906,2.9280607943011905,0.29280607943011905,2.23909810213533,30888,3.0888,0,0,0,5.0,0.5596794604591615,363.46512552167604,RandomAgent_1,6274.265512338903,EpsilonGreedyAgent_1,7599.135567290924,UCB_BaselineAgent_1,1339.2628352457202,RiskAverseEpsilonGreedyAgent_1,227.9999688764686,RiskAverseUCBAgent_1,482.1310839300382,RandomAgent_2,8047.0618467850245,EpsilonGreedyAgent_2,4265.812664312102,UCB_BaselineAgent_2,463.4551857844014,RiskAverseEpsilonGreedyAgent_2,218.0181529266476,RiskAverseUCBAgent_2
high_congestion_zero_on_collision_cb_transparent_ratio08_halt3,circuit_breaker,high_congestion,zero_on_collision,29,10000,10,5,8,0.8,3,0.0,True,28157.30693316674,2.815730693316674,0.28157306933166737,2.1478138466934444,31583,3.1583,0,0,0,5.0,0.5888397518053659,252.9275678536178,RandomAgent_1,4392.994496230068,EpsilonGreedyAgent_1,8560.374839416909,UCB_BaselineAgent_1,532.6734596614521,RiskAverseEpsilonGreedyAgent_1,220.3616961105108,RiskAverseUCBAgent_1,293.734607465458,RandomAgent_2,356.43946378837126,EpsilonGreedyAgent_2,7953.860044232102,UCB_BaselineAgent_2,5209.174312446028,RiskAverseEpsilonGreedyAgent_2,384.76644596222167,RiskAverseUCBAgent_2
high_congestion_zero_on_collision_cb_opaque_ratio08_halt5,circuit_breaker,high_congestion,zero_on_collision,0,10000,10,5,8,0.8,5,0.0,False,24863.603408963307,2.4863603408963306,0.24863603408963306,2.033824093227666,32846,3.2846,0,0,0,5.0,0.5714825881961536,316.8612620788138,RandomAgent_1,1128.3080981890444,EpsilonGreedyAgent_1,9100.431747988809,UCB_BaselineAgent_1,6022.317548065342,RiskAverseEpsilonGreedyAgent_1,288.4368003101537,RiskAverseUCBAgent_1,283.02477292073144,RandomAgent_2,3613.2862448138317,EpsilonGreedyAgent_2,2136.826190748069,UCB_BaselineAgent_2,1678.3120129710417,RiskAverseEpsilonGreedyAgent_2,295.79873087747086,RiskAverseUCBAgent_2
high_congestion_zero_on_collision_cb_opaque_ratio08_halt5,circuit_breaker,high_congestion,zero_on_collision,1,10000,10,5,8,0.8,5,0.0,False,24660.213801409765,2.4660213801409765,0.24660213801409767,2.0367337965131553,33123,3.3123,0,0,0,5.0,0.5281120662626342,461.76237200526054,RandomAgent_1,6426.440548372791,EpsilonGreedyAgent_1,609.7062877341691,UCB_BaselineAgent_1,1946.9365744079016,RiskAverseEpsilonGreedyAgent_1,286.54004720587574,RiskAverseUCBAgent_1,369.9237523213803,RandomAgent_2,4751.844979228312,EpsilonGreedyAgent_2,6732.032897450437,UCB_BaselineAgent_2,2686.559384183264,RiskAverseEpsilonGreedyAgent_2,388.46695850037503,RiskAverseUCBAgent_2
high_congestion_zero_on_collision_cb_opaque_ratio08_halt5,circuit_breaker,high_congestion,zero_on_collision,2,10000,10,5,8,0.8,5,0.0,False,23299.93875757714,2.329993875757714,0.2329993875757714,1.9552398767615744,33584,3.3584,0,0,0,5.0,0.5007326728038382,362.30202359890495,RandomAgent_1,5737.906792529562,EpsilonGreedyAgent_1,5211.241386690943,UCB_BaselineAgent_1,5036.3186400473505,RiskAverseEpsilonGreedyAgent_1,279.5854423184332,RiskAverseUCBAgent_1,378.2144770399769,RandomAgent_2,2282.03883425507,EpsilonGreedyAgent_2,598.0004226488303,UCB_BaselineAgent_2,3104.766135014462,RiskAverseEpsilonGreedyAgent_2,309.5646034336057,RiskAverseUCBAgent_2
high_congestion_zero_on_collision_cb_opaque_ratio08_halt5,circuit_breaker,high_congestion,zero_on_collision,3,10000,10,5,8,0.8,5,0.0,False,26115.72511143913,2.6115725111439128,0.2611572511143913,1.9208468690788272,32912,3.2912,0,0,0,5.0,0.6223868922392652,257.7694824532533,RandomAgent_1,591.4561305661073,EpsilonGreedyAgent_1,10541.197612178032,UCB_BaselineAgent_1,253.1791317915512,RiskAverseEpsilonGreedyAgent_1,3668.9743259586985,RiskAverseUCBAgent_1,215.3398872437976,RandomAgent_2,2753.636107134882,EpsilonGreedyAgent_2,6766.10031766335,UCB_BaselineAgent_2,443.9666108726379,RiskAverseEpsilonGreedyAgent_2,624.1055055768203,RiskAverseUCBAgent_2
high_congestion_zero_on_collision_cb_opaque_ratio08_halt5,circuit_breaker,high_congestion,zero_on_collision,4,10000,10,5,8,0.8,5,0.0,False,25644.05521038887,2.564405521038887,0.2564405521038887,2.1016914148346255,32837,3.2837,0,0,0,5.0,0.5733572242645566,261.07932008525984,RandomAgent_1,811.628925413392,EpsilonGreedyAgent_1,8084.924278989559,UCB_BaselineAgent_1,1514.4131889027385,RiskAverseEpsilonGreedyAgent_1,354.09156629786713,RiskAverseUCBAgent_1,261.3035266576366,RandomAgent_2,3935.625281537942,EpsilonGreedyAgent_2,7266.409556767962,UCB_BaselineAgent_2,2967.4592273418725,RiskAverseEpsilonGreedyAgent_2,187.12033839463842,RiskAverseUCBAgent_2
high_congestion_zero_on_collision_cb_opaque_ratio08_halt5,circuit_breaker,high_congestion,zero_on_collision,5,10000,10,5,8,0.8,5,0.0,False,24868.42595719443,2.4868425957194433,0.24868425957194432,2.0353850904598816,32929,3.2929,0,0,0,5.0,0.5701219219430125,274.6192142655901,RandomAgent_1,580.6283138901086,EpsilonGreedyAgent_1,5432.403768563964,UCB_BaselineAgent_1,4178.090253982439,RiskAverseEpsilonGreedyAgent_1,356.17164431071114,RiskAverseUCBAgent_1,251.61951600184477,RandomAgent_2,3439.1083851399653,EpsilonGreedyAgent_2,8639.411902806472,UCB_BaselineAgent_2,1502.1970647856892,RiskAverseEpsilonGreedyAgent_2,214.1758934476465,RiskAverseUCBAgent_2
high_congestion_zero_on_collision_cb_opaque_ratio08_halt5,circuit_breaker,high_congestion,zero_on_collision,6,10000,10,5,8,0.8,5,0.0,False,23916.48656833551,2.391648656833551,0.2391648656833551,1.9485030239524885,33477,3.3477,0,0,0,5.0,0.5030912834528278,379.1022077649048,RandomAgent_1,3407.6198613567617,EpsilonGreedyAgent_1,683.139888264007,UCB_BaselineAgent_1,4501.513522475551,RiskAverseEpsilonGreedyAgent_1,321.2807501959325,RiskAverseUCBAgent_1,442.02622062884814,RandomAgent_2,5852.438060334175,EpsilonGreedyAgent_2,5949.995546051386,UCB_BaselineAgent_2,2064.233514193466,RiskAverseEpsilonGreedyAgent_2,315.1369970704768,RiskAverseUCBAgent_2
high_congestion_zero_on_collision_cb_opaque_ratio08_halt5,circuit_breaker,high_congestion,zero_on_collision,7,10000,10,5,8,0.8,5,0.0,False,24801.156636235606,2.4801156636235606,0.24801156636235605,2.054396281350375,33061,3.3061,0,0,0,5.0,0.5827460149722159,223.34864308681742,RandomAgent_1,448.1268533721622,EpsilonGreedyAgent_1,6965.870424956901,UCB_BaselineAgent_1,4253.251760251134,RiskAverseEpsilonGreedyAgent_1,207.11645576611875,RiskAverseUCBAgent_1,287.3548360825023,RandomAgent_2,1741.402680201388,EpsilonGreedyAgent_2,7911.03051866729,UCB_BaselineAgent_2,2514.45939061228,RiskAverseEpsilonGreedyAgent_2,249.19507323901252,RiskAverseUCBAgent_2
high_congestion_zero_on_collision_cb_opaque_ratio08_halt5,circuit_breaker,high_congestion,zero_on_collision,8,10000,10,5,8,0.8,5,0.0,False,23578.78866710649,2.357878866710649,0.23578788667106493,1.9259671936235219,33541,3.3541,0,0,0,5.0,0.5077838526182308,439.2153583369193,RandomAgent_1,4398.828308522621,EpsilonGreedyAgent_1,6525.607938115847,UCB_BaselineAgent_1,3415.819548919902,RiskAverseEpsilonGreedyAgent_1,308.13248835007494,RiskAverseUCBAgent_1,329.29262796430925,RandomAgent_2,5075.343651597749,EpsilonGreedyAgent_2,800.753741820084,UCB_BaselineAgent_2,1971.0530846375505,RiskAverseEpsilonGreedyAgent_2,314.7419188414337,RiskAverseUCBAgent_2
high_congestion_zero_on_collision_cb_opaque_ratio08_halt5,circuit_breaker,high_congestion,zero_on_collision,9,10000,10,5,8,0.8,5,0.0,False,26541.979616484485,2.6541979616484483,0.26541979616484485,2.069087392451049,32319,3.2319,0,0,0,5.0,0.5726235943783187,302.9101034246394,RandomAgent_1,4245.615125470533,EpsilonGreedyAgent_1,6601.573487979707,UCB_BaselineAgent_1,196.46567541337762,RiskAverseEpsilonGreedyAgent_1,637.7360421183882,RiskAverseUCBAgent_1,366.74657927945685,RandomAgent_2,5825.962103406647,EpsilonGreedyAgent_2,7757.589594167412,UCB_BaselineAgent_2,338.2698779598901,RiskAverseEpsilonGreedyAgent_2,269.1110272644329,RiskAverseUCBAgent_2
high_congestion_zero_on_collision_cb_opaque_ratio08_halt5,circuit_breaker,high_congestion,zero_on_collision,10,10000,10,5,8,0.8,5,0.0,False,30983.17161618835,3.098317161618835,0.3098317161618835,2.2361010776196237,30155,3.0155,0,0,0,5.0,0.616247205659816,390.29790863002836,RandomAgent_1,10014.670529440988,EpsilonGreedyAgent_1,8003.274434438027,UCB_BaselineAgent_1,120.66036626260549,RiskAverseEpsilonGreedyAgent_1,226.85034336343008,RiskAverseUCBAgent_1,357.81321221816506,RandomAgent_2,4520.586434758637,EpsilonGreedyAgent_2,6984.988676484832,UCB_BaselineAgent_2,111.70841119512238,RiskAverseEpsilonGreedyAgent_2,252.32129939651264,RiskAverseUCBAgent_2
high_congestion_zero_on_collision_cb_opaque_ratio08_halt5,circuit_breaker,high_congestion,zero_on_collision,11,10000,10,5,8,0.8,5,0.0,False,24272.780305016702,2.4272780305016703,0.24272780305016703,2.056061793264815,33337,3.3337,0,0,0,5.0,0.5035661813030228,516.7735324568142,RandomAgent_1,5920.150076276737,EpsilonGreedyAgent_1,861.2774013587004,UCB_BaselineAgent_1,3162.0471939088857,RiskAverseEpsilonGreedyAgent_1,363.7655673747737,RiskAverseUCBAgent_1,449.4222633175608,RandomAgent_2,6748.647631294781,EpsilonGreedyAgent_2,4010.8696518298602,UCB_BaselineAgent_2,1756.7871176494475,RiskAverseEpsilonGreedyAgent_2,483.03986954914296,RiskAverseUCBAgent_2
high_congestion_zero_on_collision_cb_opaque_ratio08_halt5,circuit_breaker,high_congestion,zero_on_collision,12,10000,10,5,8,0.8,5,0.0,False,23681.321888402646,2.3681321888402644,0.23681321888402646,1.9353578978838286,33623,3.3623,0,0,0,5.0,0.5153232995433314,323.92420964759515,RandomAgent_1,5328.419329248569,EpsilonGreedyAgent_1,614.3866330497966,UCB_BaselineAgent_1,1977.2953061911883,RiskAverseEpsilonGreedyAgent_1,353.2799183519717,RiskAverseUCBAgent_1,366.32840803986113,RandomAgent_2,5199.117110640008,EpsilonGreedyAgent_2,6230.7458708993845,UCB_BaselineAgent_2,3002.0422638365744,RiskAverseEpsilonGreedyAgent_2,285.7828384976977,RiskAverseUCBAgent_2
high_congestion_zero_on_collision_cb_opaque_ratio08_halt5,circuit_breaker,high_congestion,zero_on_collision,13,10000,10,5,8,0.8,5,0.0,False,25132.98045657662,2.513298045657662,0.2513298045657662,2.0558876810327975,33137,3.3137,0,0,0,5.0,0.5439789108406994,347.27129000449406,RandomAgent_1,6523.599021166633,EpsilonGreedyAgent_1,715.4387829585061,UCB_BaselineAgent_1,4975.716303750969,RiskAverseEpsilonGreedyAgent_1,330.3638177774914,RiskAverseUCBAgent_1,436.35379736719756,RandomAgent_2,1577.6306259475084,EpsilonGreedyAgent_2,2484.283510881377,UCB_BaselineAgent_2,7377.43911590569,RiskAverseEpsilonGreedyAgent_2,364.8841908167539,RiskAverseUCBAgent_2
high_congestion_zero_on_collision_cb_opaque_ratio08_halt5,circuit_breaker,high_congestion,zero_on_collision,14,10000,10,5,8,0.8,5,0.0,False,29759.98891434555,2.975998891434555,0.29759988914345553,2.2428616097069867,31145,3.1145,0,0,0,5.0,0.6134670602349988,388.62520861614496,RandomAgent_1,9623.444147816941,EpsilonGreedyAgent_1,3317.4246750397547,UCB_BaselineAgent_1,146.80311725769528,RiskAverseEpsilonGreedyAgent_1,455.03408655922016,RiskAverseUCBAgent_1,404.1916155326453,RandomAgent_2,6459.521778618983,EpsilonGreedyAgent_2,8443.740298323903,UCB_BaselineAgent_2,178.5260373471349,RiskAverseEpsilonGreedyAgent_2,342.67794923312783,RiskAverseUCBAgent_2
high_congestion_zero_on_collision_cb_opaque_ratio08_halt5,circuit_breaker,high_congestion,zero_on_collision,15,10000,10,5,8,0.8,5,0.0,False,27547.71821357863,2.7547718213578634,0.2754771821357863,2.1581403312154186,31963,3.1963,0,0,0,5.0,0.5923607940605609,284.52663763196773,RandomAgent_1,595.2961896664021,EpsilonGreedyAgent_1,7488.467620650861,UCB_BaselineAgent_1,2230.797212956577,RiskAverseEpsilonGreedyAgent_1,219.25174031309965,RiskAverseUCBAgent_1,270.25020496005345,RandomAgent_2,6712.762356921337,EpsilonGreedyAgent_2,8407.301284851648,UCB_BaselineAgent_2,1122.716802401732,RiskAverseEpsilonGreedyAgent_2,216.34816322495303,RiskAverseUCBAgent_2
high_congestion_zero_on_collision_cb_opaque_ratio08_halt5,circuit_breaker,high_congestion,zero_on_collision,16,10000,10,5,8,0.8,5,0.0,False,24257.062913200465,2.4257062913200467,0.24257062913200464,1.9868654130734238,33377,3.3377,0,0,0,5.0,0.5214568423695147,369.7340010695845,RandomAgent_1,4986.674067112565,EpsilonGreedyAgent_1,622.2057778017381,UCB_BaselineAgent_1,3098.119994239058,RiskAverseEpsilonGreedyAgent_1,350.48314092290434,RiskAverseUCBAgent_1,396.69597166093484,RandomAgent_2,5435.384975428233,EpsilonGreedyAgent_2,6833.968055419856,UCB_BaselineAgent_2,1829.7494724208607,RiskAverseEpsilonGreedyAgent_2,334.04745712473067,RiskAverseUCBAgent_2
high_congestion_zero_on_collision_cb_opaque_ratio08_halt5,circuit_breaker,high_congestion,zero_on_collision,17,10000,10,5,8,0.8,5,0.0,False,23798.262087305116,2.3798262087305115,0.23798262087305116,2.00622579925791,33345,3.3345,0,0,0,5.0,0.5167247493565919,396.26912659937955,RandomAgent_1,6114.848752500017,EpsilonGreedyAgent_1,6128.894898065707,UCB_BaselineAgent_1,4445.259940616938,RiskAverseEpsilonGreedyAgent_1,320.41935847260436,RiskAverseUCBAgent_1,389.01326969624023,RandomAgent_2,2952.155909238138,EpsilonGreedyAgent_2,461.13206901641445,UCB_BaselineAgent_2,2307.5107515462714,RiskAverseEpsilonGreedyAgent_2,282.75801155340736,RiskAverseUCBAgent_2
high_congestion_zero_on_collision_cb_opaque_ratio08_halt5,circuit_breaker,high_congestion,zero_on_collision,18,10000,10,5,8,0.8,5,0.0,False,31033.987156370426,3.1033987156370424,0.31033987156370424,2.308203236721087,30071,3.0071,17,1,0,4.9995,0.6089852068512285,529.321374305401,RandomAgent_1,9689.064862888383,EpsilonGreedyAgent_1,5669.271990511108,UCB_BaselineAgent_1,150.170486631039,RiskAverseEpsilonGreedyAgent_1,289.02740782121623,RiskAverseUCBAgent_1,528.331337457026,RandomAgent_2,9196.270171244943,EpsilonGreedyAgent_2,4525.304422790725,UCB_BaselineAgent_2,106.39026506581186,RiskAverseEpsilonGreedyAgent_2,350.83483765477126,RiskAverseUCBAgent_2
high_congestion_zero_on_collision_cb_opaque_ratio08_halt5,circuit_breaker,high_congestion,zero_on_collision,19,10000,10,5,8,0.8,5,0.0,False,29894.77507994441,2.989477507994441,0.29894775079944413,2.2485123422503746,30960,3.096,0,0,0,5.0,0.6174624489236069,592.8699389436906,RandomAgent_1,10274.831113877053,EpsilonGreedyAgent_1,3706.5243243270497,UCB_BaselineAgent_1,172.417816763111,RiskAverseEpsilonGreedyAgent_1,239.90070425793766,RiskAverseUCBAgent_1,473.078737557219,RandomAgent_2,6231.969674057367,EpsilonGreedyAgent_2,7764.291632141131,UCB_BaselineAgent_2,151.77033883598395,RiskAverseEpsilonGreedyAgent_2,287.1207991838669,RiskAverseUCBAgent_2
high_congestion_zero_on_collision_cb_opaque_ratio08_halt5,circuit_breaker,high_congestion,zero_on_collision,20,10000,10,5,8,0.8,5,0.0,False,24497.23266525044,2.4497232665250444,0.24497232665250443,2.0465679392576392,33341,3.3341,0,0,0,5.0,0.5348001443358288,421.2962131575241,RandomAgent_1,7246.6353168947935,EpsilonGreedyAgent_1,3856.8631933692245,UCB_BaselineAgent_1,1880.1416949262543,RiskAverseEpsilonGreedyAgent_1,288.241363590628,RiskAverseUCBAgent_1,429.0556281339455,RandomAgent_2,6360.235812758759,EpsilonGreedyAgent_2,598.0650611357972,UCB_BaselineAgent_2,3060.818340153185,RiskAverseEpsilonGreedyAgent_2,355.88004113033236,RiskAverseUCBAgent_2
high_congestion_zero_on_collision_cb_opaque_ratio08_halt5,circuit_breaker,high_congestion,zero_on_collision,21,10000,10,5,8,0.8,5,0.0,False,24629.292292758542,2.4629292292758542,0.24629292292758542,2.0874004924575087,32992,3.2992,0,0,0,5.0,0.5035924896961237,551.0920852597391,RandomAgent_1,7014.959712783331,EpsilonGreedyAgent_1,925.4107230541795,UCB_BaselineAgent_1,2643.5808201598147,RiskAverseEpsilonGreedyAgent_1,700.6969292016541,RiskAverseUCBAgent_1,465.3037211543123,RandomAgent_2,6691.078699214233,EpsilonGreedyAgent_2,1395.5121195111767,UCB_BaselineAgent_2,3699.593430532118,RiskAverseEpsilonGreedyAgent_2,542.0640518879839,RiskAverseUCBAgent_2
high_congestion_zero_on_collision_cb_opaque_ratio08_halt5,circuit_breaker,high_congestion,zero_on_collision,22,10000,10,5,8,0.8,5,0.0,False,32354.194125499194,3.2354194125499194,0.3235419412549919,2.325636863465823,29340,2.934,0,0,0,5.0,0.6251526328072994,286.07414413021974,RandomAgent_1,6697.6401977112655,EpsilonGreedyAgent_1,9812.089543202905,UCB_BaselineAgent_1,97.70038403766115,RiskAverseEpsilonGreedyAgent_1,256.03875316386893,RiskAverseUCBAgent_1,299.3129226161875,RandomAgent_2,4521.699747325362,EpsilonGreedyAgent_2,10023.62554640618,UCB_BaselineAgent_2,126.60758979665181,RiskAverseEpsilonGreedyAgent_2,233.40529710889302,RiskAverseUCBAgent_2
high_congestion_zero_on_collision_cb_opaque_ratio08_halt5,circuit_breaker,high_congestion,zero_on_collision,23,10000,10,5,8,0.8,5,0.0,False,29312.051180220795,2.9312051180220795,0.29312051180220794,2.1615000113160976,31132,3.1132,0,0,0,5.0,0.6022453130404293,237.494904101869,RandomAgent_1,4578.867751296016,EpsilonGreedyAgent_1,8750.34402086205,UCB_BaselineAgent_1,221.48511672048227,RiskAverseEpsilonGreedyAgent_1,239.0822310880035,RiskAverseUCBAgent_1,290.61366394205305,RandomAgent_2,6645.406834114267,EpsilonGreedyAgent_2,7956.0995773632885,UCB_BaselineAgent_2,180.9989183429212,RiskAverseEpsilonGreedyAgent_2,211.65816238984388,RiskAverseUCBAgent_2
high_congestion_zero_on_collision_cb_opaque_ratio08_halt5,circuit_breaker,high_congestion,zero_on_collision,24,10000,10,5,8,0.8,5,0.0,False,27484.079371667165,2.7484079371667165,0.27484079371667164,2.1664977660275087,31775,3.1775,0,0,0,5.0,0.5713576810071732,390.6087773329141,RandomAgent_1,398.11756391395505,EpsilonGreedyAgent_1,6053.741199960826,UCB_BaselineAgent_1,3507.541767616176,RiskAverseEpsilonGreedyAgent_1,220.6482609670133,RiskAverseUCBAgent_1,398.3760678517018,RandomAgent_2,7384.2172073754655,EpsilonGreedyAgent_2,7848.462766320084,UCB_BaselineAgent_2,1052.9436512788998,RiskAverseEpsilonGreedyAgent_2,229.42210905012897,RiskAverseUCBAgent_2
high_congestion_zero_on_collision_cb_opaque_ratio08_halt5,circuit_breaker,high_congestion,zero_on_collision,25,10000,10,5,8,0.8,5,0.0,False,30488.80968850304,3.048880968850304,0.3048880968850304,2.262127920727355,30291,3.0291,0,0,0,5.0,0.6113898733147196,366.64752892169486,RandomAgent_1,9485.433524851296,EpsilonGreedyAgent_1,6872.332913521914,UCB_BaselineAgent_1,138.66365469185493,RiskAverseEpsilonGreedyAgent_1,150.99414156489328,RiskAverseUCBAgent_1,398.63752558123275,RandomAgent_2,4866.572629201761,EpsilonGreedyAgent_2,7922.148348209781,UCB_BaselineAgent_2,149.55628046634874,RiskAverseEpsilonGreedyAgent_2,137.82314149226107,RiskAverseUCBAgent_2
high_congestion_zero_on_collision_cb_opaque_ratio08_halt5,circuit_breaker,high_congestion,zero_on_collision,26,10000,10,5,8,0.8,5,0.0,False,24057.391423191533,2.4057391423191534,0.24057391423191532,1.958242005035802,33399,3.3399,0,0,0,5.0,0.5068453508337161,419.2244494763502,RandomAgent_1,4911.370261344248,EpsilonGreedyAgent_1,5989.707050589169,UCB_BaselineAgent_1,2044.6741466771234,RiskAverseEpsilonGreedyAgent_1,345.600418662908,RiskAverseUCBAgent_1,409.3183319502085,RandomAgent_2,5774.112731775301,EpsilonGreedyAgent_2,565.0485224621945,UCB_BaselineAgent_2,3306.635665229698,RiskAverseEpsilonGreedyAgent_2,291.6998450243332,RiskAverseUCBAgent_2
high_congestion_zero_on_collision_cb_opaque_ratio08_halt5,circuit_breaker,high_congestion,zero_on_collision,27,10000,10,5,8,0.8,5,0.0,False,28856.802397917214,2.8856802397917214,0.28856802397917214,2.2192709296675335,31452,3.1452,0,0,0,5.0,0.5922210447301584,250.64247552043614,RandomAgent_1,3067.055361426497,EpsilonGreedyAgent_1,10277.522320250866,UCB_BaselineAgent_1,1040.7673910031544,RiskAverseEpsilonGreedyAgent_1,210.08984650364326,RiskAverseUCBAgent_1,298.84222221431804,RandomAgent_2,4249.571818598958,EpsilonGreedyAgent_2,7671.383734984712,UCB_BaselineAgent_2,1450.677640933028,RiskAverseEpsilonGreedyAgent_2,340.2495864816005,RiskAverseUCBAgent_2
high_congestion_zero_on_collision_cb_opaque_ratio08_halt5,circuit_breaker,high_congestion,zero_on_collision,28,10000,10,5,8,0.8,5,0.0,False,29280.607943011906,2.9280607943011905,0.29280607943011905,2.23909810213533,30888,3.0888,0,0,0,5.0,0.5596794604591615,363.46512552167604,RandomAgent_1,6274.265512338903,EpsilonGreedyAgent_1,7599.135567290924,UCB_BaselineAgent_1,1339.2628352457202,RiskAverseEpsilonGreedyAgent_1,227.9999688764686,RiskAverseUCBAgent_1,482.1310839300382,RandomAgent_2,8047.0618467850245,EpsilonGreedyAgent_2,4265.812664312102,UCB_BaselineAgent_2,463.4551857844014,RiskAverseEpsilonGreedyAgent_2,218.0181529266476,RiskAverseUCBAgent_2
high_congestion_zero_on_collision_cb_opaque_ratio08_halt5,circuit_breaker,high_congestion,zero_on_collision,29,10000,10,5,8,0.8,5,0.0,False,28157.30693316674,2.815730693316674,0.28157306933166737,2.1478138466934444,31583,3.1583,0,0,0,5.0,0.5888397518053659,252.9275678536178,RandomAgent_1,4392.994496230068,EpsilonGreedyAgent_1,8560.374839416909,UCB_BaselineAgent_1,532.6734596614521,RiskAverseEpsilonGreedyAgent_1,220.3616961105108,RiskAverseUCBAgent_1,293.734607465458,RandomAgent_2,356.43946378837126,EpsilonGreedyAgent_2,7953.860044232102,UCB_BaselineAgent_2,5209.174312446028,RiskAverseEpsilonGreedyAgent_2,384.76644596222167,RiskAverseUCBAgent_2
high_congestion_zero_on_collision_cb_transparent_ratio08_halt5,circuit_breaker,high_congestion,zero_on_collision,0,10000,10,5,8,0.8,5,0.0,True,24863.603408963307,2.4863603408963306,0.24863603408963306,2.033824093227666,32846,3.2846,0,0,0,5.0,0.5714825881961536,316.8612620788138,RandomAgent_1,1128.3080981890444,EpsilonGreedyAgent_1,9100.431747988809,UCB_BaselineAgent_1,6022.317548065342,RiskAverseEpsilonGreedyAgent_1,288.4368003101537,RiskAverseUCBAgent_1,283.02477292073144,RandomAgent_2,3613.2862448138317,EpsilonGreedyAgent_2,2136.826190748069,UCB_BaselineAgent_2,1678.3120129710417,RiskAverseEpsilonGreedyAgent_2,295.79873087747086,RiskAverseUCBAgent_2
high_congestion_zero_on_collision_cb_transparent_ratio08_halt5,circuit_breaker,high_congestion,zero_on_collision,1,10000,10,5,8,0.8,5,0.0,True,24660.213801409765,2.4660213801409765,0.24660213801409767,2.0367337965131553,33123,3.3123,0,0,0,5.0,0.5281120662626342,461.76237200526054,RandomAgent_1,6426.440548372791,EpsilonGreedyAgent_1,609.7062877341691,UCB_BaselineAgent_1,1946.9365744079016,RiskAverseEpsilonGreedyAgent_1,286.54004720587574,RiskAverseUCBAgent_1,369.9237523213803,RandomAgent_2,4751.844979228312,EpsilonGreedyAgent_2,6732.032897450437,UCB_BaselineAgent_2,2686.559384183264,RiskAverseEpsilonGreedyAgent_2,388.46695850037503,RiskAverseUCBAgent_2
high_congestion_zero_on_collision_cb_transparent_ratio08_halt5,circuit_breaker,high_congestion,zero_on_collision,2,10000,10,5,8,0.8,5,0.0,True,23299.93875757714,2.329993875757714,0.2329993875757714,1.9552398767615744,33584,3.3584,0,0,0,5.0,0.5007326728038382,362.30202359890495,RandomAgent_1,5737.906792529562,EpsilonGreedyAgent_1,5211.241386690943,UCB_BaselineAgent_1,5036.3186400473505,RiskAverseEpsilonGreedyAgent_1,279.5854423184332,RiskAverseUCBAgent_1,378.2144770399769,RandomAgent_2,2282.03883425507,EpsilonGreedyAgent_2,598.0004226488303,UCB_BaselineAgent_2,3104.766135014462,RiskAverseEpsilonGreedyAgent_2,309.5646034336057,RiskAverseUCBAgent_2
high_congestion_zero_on_collision_cb_transparent_ratio08_halt5,circuit_breaker,high_congestion,zero_on_collision,3,10000,10,5,8,0.8,5,0.0,True,26115.72511143913,2.6115725111439128,0.2611572511143913,1.9208468690788272,32912,3.2912,0,0,0,5.0,0.6223868922392652,257.7694824532533,RandomAgent_1,591.4561305661073,EpsilonGreedyAgent_1,10541.197612178032,UCB_BaselineAgent_1,253.1791317915512,RiskAverseEpsilonGreedyAgent_1,3668.9743259586985,RiskAverseUCBAgent_1,215.3398872437976,RandomAgent_2,2753.636107134882,EpsilonGreedyAgent_2,6766.10031766335,UCB_BaselineAgent_2,443.9666108726379,RiskAverseEpsilonGreedyAgent_2,624.1055055768203,RiskAverseUCBAgent_2
high_congestion_zero_on_collision_cb_transparent_ratio08_halt5,circuit_breaker,high_congestion,zero_on_collision,4,10000,10,5,8,0.8,5,0.0,True,25644.05521038887,2.564405521038887,0.2564405521038887,2.1016914148346255,32837,3.2837,0,0,0,5.0,0.5733572242645566,261.07932008525984,RandomAgent_1,811.628925413392,EpsilonGreedyAgent_1,8084.924278989559,UCB_BaselineAgent_1,1514.4131889027385,RiskAverseEpsilonGreedyAgent_1,354.09156629786713,RiskAverseUCBAgent_1,261.3035266576366,RandomAgent_2,3935.625281537942,EpsilonGreedyAgent_2,7266.409556767962,UCB_BaselineAgent_2,2967.4592273418725,RiskAverseEpsilonGreedyAgent_2,187.12033839463842,RiskAverseUCBAgent_2
high_congestion_zero_on_collision_cb_transparent_ratio08_halt5,circuit_breaker,high_congestion,zero_on_collision,5,10000,10,5,8,0.8,5,0.0,True,24868.42595719443,2.4868425957194433,0.24868425957194432,2.0353850904598816,32929,3.2929,0,0,0,5.0,0.5701219219430125,274.6192142655901,RandomAgent_1,580.6283138901086,EpsilonGreedyAgent_1,5432.403768563964,UCB_BaselineAgent_1,4178.090253982439,RiskAverseEpsilonGreedyAgent_1,356.17164431071114,RiskAverseUCBAgent_1,251.61951600184477,RandomAgent_2,3439.1083851399653,EpsilonGreedyAgent_2,8639.411902806472,UCB_BaselineAgent_2,1502.1970647856892,RiskAverseEpsilonGreedyAgent_2,214.1758934476465,RiskAverseUCBAgent_2
high_congestion_zero_on_collision_cb_transparent_ratio08_halt5,circuit_breaker,high_congestion,zero_on_collision,6,10000,10,5,8,0.8,5,0.0,True,23916.48656833551,2.391648656833551,0.2391648656833551,1.9485030239524885,33477,3.3477,0,0,0,5.0,0.5030912834528278,379.1022077649048,RandomAgent_1,3407.6198613567617,EpsilonGreedyAgent_1,683.139888264007,UCB_BaselineAgent_1,4501.513522475551,RiskAverseEpsilonGreedyAgent_1,321.2807501959325,RiskAverseUCBAgent_1,442.02622062884814,RandomAgent_2,5852.438060334175,EpsilonGreedyAgent_2,5949.995546051386,UCB_BaselineAgent_2,2064.233514193466,RiskAverseEpsilonGreedyAgent_2,315.1369970704768,RiskAverseUCBAgent_2
high_congestion_zero_on_collision_cb_transparent_ratio08_halt5,circuit_breaker,high_congestion,zero_on_collision,7,10000,10,5,8,0.8,5,0.0,True,24801.156636235606,2.4801156636235606,0.24801156636235605,2.054396281350375,33061,3.3061,0,0,0,5.0,0.5827460149722159,223.34864308681742,RandomAgent_1,448.1268533721622,EpsilonGreedyAgent_1,6965.870424956901,UCB_BaselineAgent_1,4253.251760251134,RiskAverseEpsilonGreedyAgent_1,207.11645576611875,RiskAverseUCBAgent_1,287.3548360825023,RandomAgent_2,1741.402680201388,EpsilonGreedyAgent_2,7911.03051866729,UCB_BaselineAgent_2,2514.45939061228,RiskAverseEpsilonGreedyAgent_2,249.19507323901252,RiskAverseUCBAgent_2
high_congestion_zero_on_collision_cb_transparent_ratio08_halt5,circuit_breaker,high_congestion,zero_on_collision,8,10000,10,5,8,0.8,5,0.0,True,23578.78866710649,2.357878866710649,0.23578788667106493,1.9259671936235219,33541,3.3541,0,0,0,5.0,0.5077838526182308,439.2153583369193,RandomAgent_1,4398.828308522621,EpsilonGreedyAgent_1,6525.607938115847,UCB_BaselineAgent_1,3415.819548919902,RiskAverseEpsilonGreedyAgent_1,308.13248835007494,RiskAverseUCBAgent_1,329.29262796430925,RandomAgent_2,5075.343651597749,EpsilonGreedyAgent_2,800.753741820084,UCB_BaselineAgent_2,1971.0530846375505,RiskAverseEpsilonGreedyAgent_2,314.7419188414337,RiskAverseUCBAgent_2
high_congestion_zero_on_collision_cb_transparent_ratio08_halt5,circuit_breaker,high_congestion,zero_on_collision,9,10000,10,5,8,0.8,5,0.0,True,26541.979616484485,2.6541979616484483,0.26541979616484485,2.069087392451049,32319,3.2319,0,0,0,5.0,0.5726235943783187,302.9101034246394,RandomAgent_1,4245.615125470533,EpsilonGreedyAgent_1,6601.573487979707,UCB_BaselineAgent_1,196.46567541337762,RiskAverseEpsilonGreedyAgent_1,637.7360421183882,RiskAverseUCBAgent_1,366.74657927945685,RandomAgent_2,5825.962103406647,EpsilonGreedyAgent_2,7757.589594167412,UCB_BaselineAgent_2,338.2698779598901,RiskAverseEpsilonGreedyAgent_2,269.1110272644329,RiskAverseUCBAgent_2
high_congestion_zero_on_collision_cb_transparent_ratio08_halt5,circuit_breaker,high_congestion,zero_on_collision,10,10000,10,5,8,0.8,5,0.0,True,30983.17161618835,3.098317161618835,0.3098317161618835,2.2361010776196237,30155,3.0155,0,0,0,5.0,0.616247205659816,390.29790863002836,RandomAgent_1,10014.670529440988,EpsilonGreedyAgent_1,8003.274434438027,UCB_BaselineAgent_1,120.66036626260549,RiskAverseEpsilonGreedyAgent_1,226.85034336343008,RiskAverseUCBAgent_1,357.81321221816506,RandomAgent_2,4520.586434758637,EpsilonGreedyAgent_2,6984.988676484832,UCB_BaselineAgent_2,111.70841119512238,RiskAverseEpsilonGreedyAgent_2,252.32129939651264,RiskAverseUCBAgent_2
high_congestion_zero_on_collision_cb_transparent_ratio08_halt5,circuit_breaker,high_congestion,zero_on_collision,11,10000,10,5,8,0.8,5,0.0,True,24272.780305016702,2.4272780305016703,0.24272780305016703,2.056061793264815,33337,3.3337,0,0,0,5.0,0.5035661813030228,516.7735324568142,RandomAgent_1,5920.150076276737,EpsilonGreedyAgent_1,861.2774013587004,UCB_BaselineAgent_1,3162.0471939088857,RiskAverseEpsilonGreedyAgent_1,363.7655673747737,RiskAverseUCBAgent_1,449.4222633175608,RandomAgent_2,6748.647631294781,EpsilonGreedyAgent_2,4010.8696518298602,UCB_BaselineAgent_2,1756.7871176494475,RiskAverseEpsilonGreedyAgent_2,483.03986954914296,RiskAverseUCBAgent_2
high_congestion_zero_on_collision_cb_transparent_ratio08_halt5,circuit_breaker,high_congestion,zero_on_collision,12,10000,10,5,8,0.8,5,0.0,True,23681.321888402646,2.3681321888402644,0.23681321888402646,1.9353578978838286,33623,3.3623,0,0,0,5.0,0.5153232995433314,323.92420964759515,RandomAgent_1,5328.419329248569,EpsilonGreedyAgent_1,614.3866330497966,UCB_BaselineAgent_1,1977.2953061911883,RiskAverseEpsilonGreedyAgent_1,353.2799183519717,RiskAverseUCBAgent_1,366.32840803986113,RandomAgent_2,5199.117110640008,EpsilonGreedyAgent_2,6230.7458708993845,UCB_BaselineAgent_2,3002.0422638365744,RiskAverseEpsilonGreedyAgent_2,285.7828384976977,RiskAverseUCBAgent_2
high_congestion_zero_on_collision_cb_transparent_ratio08_halt5,circuit_breaker,high_congestion,zero_on_collision,13,10000,10,5,8,0.8,5,0.0,True,25132.98045657662,2.513298045657662,0.2513298045657662,2.0558876810327975,33137,3.3137,0,0,0,5.0,0.5439789108406994,347.27129000449406,RandomAgent_1,6523.599021166633,EpsilonGreedyAgent_1,715.4387829585061,UCB_BaselineAgent_1,4975.716303750969,RiskAverseEpsilonGreedyAgent_1,330.3638177774914,RiskAverseUCBAgent_1,436.35379736719756,RandomAgent_2,1577.6306259475084,EpsilonGreedyAgent_2,2484.283510881377,UCB_BaselineAgent_2,7377.43911590569,RiskAverseEpsilonGreedyAgent_2,364.8841908167539,RiskAverseUCBAgent_2
high_congestion_zero_on_collision_cb_transparent_ratio08_halt5,circuit_breaker,high_congestion,zero_on_collision,14,10000,10,5,8,0.8,5,0.0,True,29759.98891434555,2.975998891434555,0.29759988914345553,2.2428616097069867,31145,3.1145,0,0,0,5.0,0.6134670602349988,388.62520861614496,RandomAgent_1,9623.444147816941,EpsilonGreedyAgent_1,3317.4246750397547,UCB_BaselineAgent_1,146.80311725769528,RiskAverseEpsilonGreedyAgent_1,455.03408655922016,RiskAverseUCBAgent_1,404.1916155326453,RandomAgent_2,6459.521778618983,EpsilonGreedyAgent_2,8443.740298323903,UCB_BaselineAgent_2,178.5260373471349,RiskAverseEpsilonGreedyAgent_2,342.67794923312783,RiskAverseUCBAgent_2
high_congestion_zero_on_collision_cb_transparent_ratio08_halt5,circuit_breaker,high_congestion,zero_on_collision,15,10000,10,5,8,0.8,5,0.0,True,27547.71821357863,2.7547718213578634,0.2754771821357863,2.1581403312154186,31963,3.1963,0,0,0,5.0,0.5923607940605609,284.52663763196773,RandomAgent_1,595.2961896664021,EpsilonGreedyAgent_1,7488.467620650861,UCB_BaselineAgent_1,2230.797212956577,RiskAverseEpsilonGreedyAgent_1,219.25174031309965,RiskAverseUCBAgent_1,270.25020496005345,RandomAgent_2,6712.762356921337,EpsilonGreedyAgent_2,8407.301284851648,UCB_BaselineAgent_2,1122.716802401732,RiskAverseEpsilonGreedyAgent_2,216.34816322495303,RiskAverseUCBAgent_2
high_congestion_zero_on_collision_cb_transparent_ratio08_halt5,circuit_breaker,high_congestion,zero_on_collision,16,10000,10,5,8,0.8,5,0.0,True,24257.062913200465,2.4257062913200467,0.24257062913200464,1.9868654130734238,33377,3.3377,0,0,0,5.0,0.5214568423695147,369.7340010695845,RandomAgent_1,4986.674067112565,EpsilonGreedyAgent_1,622.2057778017381,UCB_BaselineAgent_1,3098.119994239058,RiskAverseEpsilonGreedyAgent_1,350.48314092290434,RiskAverseUCBAgent_1,396.69597166093484,RandomAgent_2,5435.384975428233,EpsilonGreedyAgent_2,6833.968055419856,UCB_BaselineAgent_2,1829.7494724208607,RiskAverseEpsilonGreedyAgent_2,334.04745712473067,RiskAverseUCBAgent_2
high_congestion_zero_on_collision_cb_transparent_ratio08_halt5,circuit_breaker,high_congestion,zero_on_collision,17,10000,10,5,8,0.8,5,0.0,True,23798.262087305116,2.3798262087305115,0.23798262087305116,2.00622579925791,33345,3.3345,0,0,0,5.0,0.5167247493565919,396.26912659937955,RandomAgent_1,6114.848752500017,EpsilonGreedyAgent_1,6128.894898065707,UCB_BaselineAgent_1,4445.259940616938,RiskAverseEpsilonGreedyAgent_1,320.41935847260436,RiskAverseUCBAgent_1,389.01326969624023,RandomAgent_2,2952.155909238138,EpsilonGreedyAgent_2,461.13206901641445,UCB_BaselineAgent_2,2307.5107515462714,RiskAverseEpsilonGreedyAgent_2,282.75801155340736,RiskAverseUCBAgent_2
high_congestion_zero_on_collision_cb_transparent_ratio08_halt5,circuit_breaker,high_congestion,zero_on_collision,18,10000,10,5,8,0.8,5,0.0,True,24734.950073623975,2.4734950073623976,0.24734950073623976,2.1082051868722047,32927,3.2927,0,1,0,4.9995,0.5239894095153748,524.1728934085495,RandomAgent_1,6882.0404494550985,EpsilonGreedyAgent_1,2841.6902745429074,UCB_BaselineAgent_1,3097.7114296516015,RiskAverseEpsilonGreedyAgent_1,384.9284904180557,RiskAverseUCBAgent_1,565.7010796160034,RandomAgent_2,7363.983904157874,EpsilonGreedyAgent_2,773.4460606088559,UCB_BaselineAgent_2,1964.2145204522992,RiskAverseEpsilonGreedyAgent_2,337.0609713127304,RiskAverseUCBAgent_2
high_congestion_zero_on_collision_cb_transparent_ratio08_halt5,circuit_breaker,high_congestion,zero_on_collision,19,10000,10,5,8,0.8,5,0.0,True,29894.77507994441,2.989477507994441,0.29894775079944413,2.2485123422503746,30960,3.096,0,0,0,5.0,0.6174624489236069,592.8699389436906,RandomAgent_1,10274.831113877053,EpsilonGreedyAgent_1,3706.5243243270497,UCB_BaselineAgent_1,172.417816763111,RiskAverseEpsilonGreedyAgent_1,239.90070425793766,RiskAverseUCBAgent_1,473.078737557219,RandomAgent_2,6231.969674057367,EpsilonGreedyAgent_2,7764.291632141131,UCB_BaselineAgent_2,151.77033883598395,RiskAverseEpsilonGreedyAgent_2,287.1207991838669,RiskAverseUCBAgent_2
high_congestion_zero_on_collision_cb_transparent_ratio08_halt5,circuit_breaker,high_congestion,zero_on_collision,20,10000,10,5,8,0.8,5,0.0,True,24497.23266525044,2.4497232665250444,0.24497232665250443,2.0465679392576392,33341,3.3341,0,0,0,5.0,0.5348001443358288,421.2962131575241,RandomAgent_1,7246.6353168947935,EpsilonGreedyAgent_1,3856.8631933692245,UCB_BaselineAgent_1,1880.1416949262543,RiskAverseEpsilonGreedyAgent_1,288.241363590628,RiskAverseUCBAgent_1,429.0556281339455,RandomAgent_2,6360.235812758759,EpsilonGreedyAgent_2,598.0650611357972,UCB_BaselineAgent_2,3060.818340153185,RiskAverseEpsilonGreedyAgent_2,355.88004113033236,RiskAverseUCBAgent_2
high_congestion_zero_on_collision_cb_transparent_ratio08_halt5,circuit_breaker,high_congestion,zero_on_collision,21,10000,10,5,8,0.8,5,0.0,True,24629.292292758542,2.4629292292758542,0.24629292292758542,2.0874004924575087,32992,3.2992,0,0,0,5.0,0.5035924896961237,551.0920852597391,RandomAgent_1,7014.959712783331,EpsilonGreedyAgent_1,925.4107230541795,UCB_BaselineAgent_1,2643.5808201598147,RiskAverseEpsilonGreedyAgent_1,700.6969292016541,RiskAverseUCBAgent_1,465.3037211543123,RandomAgent_2,6691.078699214233,EpsilonGreedyAgent_2,1395.5121195111767,UCB_BaselineAgent_2,3699.593430532118,RiskAverseEpsilonGreedyAgent_2,542.0640518879839,RiskAverseUCBAgent_2
high_congestion_zero_on_collision_cb_transparent_ratio08_halt5,circuit_breaker,high_congestion,zero_on_collision,22,10000,10,5,8,0.8,5,0.0,True,32354.194125499194,3.2354194125499194,0.3235419412549919,2.325636863465823,29340,2.934,0,0,0,5.0,0.6251526328072994,286.07414413021974,RandomAgent_1,6697.6401977112655,EpsilonGreedyAgent_1,9812.089543202905,UCB_BaselineAgent_1,97.70038403766115,RiskAverseEpsilonGreedyAgent_1,256.03875316386893,RiskAverseUCBAgent_1,299.3129226161875,RandomAgent_2,4521.699747325362,EpsilonGreedyAgent_2,10023.62554640618,UCB_BaselineAgent_2,126.60758979665181,RiskAverseEpsilonGreedyAgent_2,233.40529710889302,RiskAverseUCBAgent_2
high_congestion_zero_on_collision_cb_transparent_ratio08_halt5,circuit_breaker,high_congestion,zero_on_collision,23,10000,10,5,8,0.8,5,0.0,True,29312.051180220795,2.9312051180220795,0.29312051180220794,2.1615000113160976,31132,3.1132,0,0,0,5.0,0.6022453130404293,237.494904101869,RandomAgent_1,4578.867751296016,EpsilonGreedyAgent_1,8750.34402086205,UCB_BaselineAgent_1,221.48511672048227,RiskAverseEpsilonGreedyAgent_1,239.0822310880035,RiskAverseUCBAgent_1,290.61366394205305,RandomAgent_2,6645.406834114267,EpsilonGreedyAgent_2,7956.0995773632885,UCB_BaselineAgent_2,180.9989183429212,RiskAverseEpsilonGreedyAgent_2,211.65816238984388,RiskAverseUCBAgent_2
high_congestion_zero_on_collision_cb_transparent_ratio08_halt5,circuit_breaker,high_congestion,zero_on_collision,24,10000,10,5,8,0.8,5,0.0,True,27484.079371667165,2.7484079371667165,0.27484079371667164,2.1664977660275087,31775,3.1775,0,0,0,5.0,0.5713576810071732,390.6087773329141,RandomAgent_1,398.11756391395505,EpsilonGreedyAgent_1,6053.741199960826,UCB_BaselineAgent_1,3507.541767616176,RiskAverseEpsilonGreedyAgent_1,220.6482609670133,RiskAverseUCBAgent_1,398.3760678517018,RandomAgent_2,7384.2172073754655,EpsilonGreedyAgent_2,7848.462766320084,UCB_BaselineAgent_2,1052.9436512788998,RiskAverseEpsilonGreedyAgent_2,229.42210905012897,RiskAverseUCBAgent_2
high_congestion_zero_on_collision_cb_transparent_ratio08_halt5,circuit_breaker,high_congestion,zero_on_collision,25,10000,10,5,8,0.8,5,0.0,True,30488.80968850304,3.048880968850304,0.3048880968850304,2.262127920727355,30291,3.0291,0,0,0,5.0,0.6113898733147196,366.64752892169486,RandomAgent_1,9485.433524851296,EpsilonGreedyAgent_1,6872.332913521914,UCB_BaselineAgent_1,138.66365469185493,RiskAverseEpsilonGreedyAgent_1,150.99414156489328,RiskAverseUCBAgent_1,398.63752558123275,RandomAgent_2,4866.572629201761,EpsilonGreedyAgent_2,7922.148348209781,UCB_BaselineAgent_2,149.55628046634874,RiskAverseEpsilonGreedyAgent_2,137.82314149226107,RiskAverseUCBAgent_2
high_congestion_zero_on_collision_cb_transparent_ratio08_halt5,circuit_breaker,high_congestion,zero_on_collision,26,10000,10,5,8,0.8,5,0.0,True,24057.391423191533,2.4057391423191534,0.24057391423191532,1.958242005035802,33399,3.3399,0,0,0,5.0,0.5068453508337161,419.2244494763502,RandomAgent_1,4911.370261344248,EpsilonGreedyAgent_1,5989.707050589169,UCB_BaselineAgent_1,2044.6741466771234,RiskAverseEpsilonGreedyAgent_1,345.600418662908,RiskAverseUCBAgent_1,409.3183319502085,RandomAgent_2,5774.112731775301,EpsilonGreedyAgent_2,565.0485224621945,UCB_BaselineAgent_2,3306.635665229698,RiskAverseEpsilonGreedyAgent_2,291.6998450243332,RiskAverseUCBAgent_2
high_congestion_zero_on_collision_cb_transparent_ratio08_halt5,circuit_breaker,high_congestion,zero_on_collision,27,10000,10,5,8,0.8,5,0.0,True,28856.802397917214,2.8856802397917214,0.28856802397917214,2.2192709296675335,31452,3.1452,0,0,0,5.0,0.5922210447301584,250.64247552043614,RandomAgent_1,3067.055361426497,EpsilonGreedyAgent_1,10277.522320250866,UCB_BaselineAgent_1,1040.7673910031544,RiskAverseEpsilonGreedyAgent_1,210.08984650364326,RiskAverseUCBAgent_1,298.84222221431804,RandomAgent_2,4249.571818598958,EpsilonGreedyAgent_2,7671.383734984712,UCB_BaselineAgent_2,1450.677640933028,RiskAverseEpsilonGreedyAgent_2,340.2495864816005,RiskAverseUCBAgent_2
high_congestion_zero_on_collision_cb_transparent_ratio08_halt5,circuit_breaker,high_congestion,zero_on_collision,28,10000,10,5,8,0.8,5,0.0,True,29280.607943011906,2.9280607943011905,0.29280607943011905,2.23909810213533,30888,3.0888,0,0,0,5.0,0.5596794604591615,363.46512552167604,RandomAgent_1,6274.265512338903,EpsilonGreedyAgent_1,7599.135567290924,UCB_BaselineAgent_1,1339.2628352457202,RiskAverseEpsilonGreedyAgent_1,227.9999688764686,RiskAverseUCBAgent_1,482.1310839300382,RandomAgent_2,8047.0618467850245,EpsilonGreedyAgent_2,4265.812664312102,UCB_BaselineAgent_2,463.4551857844014,RiskAverseEpsilonGreedyAgent_2,218.0181529266476,RiskAverseUCBAgent_2
high_congestion_zero_on_collision_cb_transparent_ratio08_halt5,circuit_breaker,high_congestion,zero_on_collision,29,10000,10,5,8,0.8,5,0.0,True,28157.30693316674,2.815730693316674,0.28157306933166737,2.1478138466934444,31583,3.1583,0,0,0,5.0,0.5888397518053659,252.9275678536178,RandomAgent_1,4392.994496230068,EpsilonGreedyAgent_1,8560.374839416909,UCB_BaselineAgent_1,532.6734596614521,RiskAverseEpsilonGreedyAgent_1,220.3616961105108,RiskAverseUCBAgent_1,293.734607465458,RandomAgent_2,356.43946378837126,EpsilonGreedyAgent_2,7953.860044232102,UCB_BaselineAgent_2,5209.174312446028,RiskAverseEpsilonGreedyAgent_2,384.76644596222167,RiskAverseUCBAgent_2
