condition_name,condition_type,seed,steps,n_agents,n_arms,threshold,halt_duration,halted_reward,transparent,total_reward,avg_global_reward,reward_volatility,total_collisions,avg_collisions_per_step,total_halted_choices,total_triggers,gini_total_rewards,agent_0_reward,agent_0_name,agent_1_reward,agent_1_name,agent_2_reward,agent_2_name,agent_3_reward,agent_3_name,agent_4_reward,agent_4_name
baseline,baseline,0,10000,5,5,,,,,65370.90867386446,6.537090867386446,2.643504401699835,8792,0.8792,0,0,0.1371953617084971,8754.855375867332,RandomAgent,15547.195042973794,EpsilonGreedyAgent,17429.52380582855,UCB_BaselineAgent,10475.068251086303,RiskAverseEpsilonGreedyAgent,13164.266198108486,RiskAverseUCBAgent
baseline,baseline,1,10000,5,5,,,,,64546.07819668572,6.4546078196685714,2.6759310965511443,8835,0.8835,0,0,0.13479119475323675,8682.445847739442,RandomAgent,16914.706365173075,EpsilonGreedyAgent,15693.392642578025,UCB_BaselineAgent,12848.227155667655,RiskAverseEpsilonGreedyAgent,10407.306185527523,RiskAverseUCBAgent
baseline,baseline,2,10000,5,5,,,,,64875.56763920343,6.487556763920343,2.673211814199443,8950,0.895,0,0,0.1360436046084028,8766.708016569693,RandomAgent,12832.155890491107,EpsilonGreedyAgent,15751.585317443452,UCB_BaselineAgent,17123.90477067627,RiskAverseEpsilonGreedyAgent,10401.213644022906,RiskAverseUCBAgent
baseline,baseline,3,10000,5,5,,,,,64616.00585303337,6.461600585303337,2.6242273504398095,8906,0.8906,0,0,0.13975909142288434,8687.061705544938,RandomAgent,15138.111682025183,EpsilonGreedyAgent,17595.15743196866,UCB_BaselineAgent,12818.057572111267,RiskAverseEpsilonGreedyAgent,10377.617461383323,RiskAverseUCBAgent
baseline,baseline,4,10000,5,5,,,,,64754.60351668442,6.475460351668442,2.669216657591303,8861,0.8861,0,0,0.1345543749588609,8621.590018856234,RandomAgent,16806.363986761062,EpsilonGreedyAgent,15858.242071341294,UCB_BaselineAgent,10445.252002410147,RiskAverseEpsilonGreedyAgent,13023.155437315685,RiskAverseUCBAgent
baseline,baseline,5,10000,5,5,,,,,64679.49984125886,6.4679499841258865,2.6356989661286447,8873,0.8873,0,0,0.13935479227085557,8712.096768026639,RandomAgent,15139.855745128063,EpsilonGreedyAgent,17599.344782277436,UCB_BaselineAgent,12847.346433600722,RiskAverseEpsilonGreedyAgent,10380.856112226,RiskAverseUCBAgent
baseline,baseline,6,10000,5,5,,,,,65045.816750189886,6.504581675018988,2.625062808609578,8758,0.8758,0,0,0.13837126166850822,8684.623636811064,RandomAgent,15317.138663645059,EpsilonGreedyAgent,17494.4386698,UCB_BaselineAgent,10435.589404667071,RiskAverseEpsilonGreedyAgent,13114.026375266689,RiskAverseUCBAgent
baseline,baseline,7,10000,5,5,,,,,64955.6397116732,6.49556397116732,2.66037892137948,8877,0.8877,0,0,0.13784352953056733,8679.60407275638,RandomAgent,15560.975036704207,EpsilonGreedyAgent,17314.65636022931,UCB_BaselineAgent,10446.793009717778,RiskAverseEpsilonGreedyAgent,12953.611232265524,RiskAverseUCBAgent
baseline,baseline,8,10000,5,5,,,,,64823.07738131672,6.482307738131672,2.66323715709017,8793,0.8793,0,0,0.14086714074415108,8580.587127465285,RandomAgent,15473.700592211373,EpsilonGreedyAgent,17471.87101931375,UCB_BaselineAgent,10427.664463550993,RiskAverseEpsilonGreedyAgent,12869.254178775318,RiskAverseUCBAgent
baseline,baseline,9,10000,5,5,,,,,64442.89319019976,6.444289319019975,2.6428094164451137,8896,0.8896,0,0,0.13844025340106203,8687.401314656667,RandomAgent,14781.77820566252,EpsilonGreedyAgent,17689.636139386897,UCB_BaselineAgent,12801.555833242744,RiskAverseEpsilonGreedyAgent,10482.521697250924,RiskAverseUCBAgent
baseline,baseline,10,10000,5,5,,,,,65028.95175458397,6.502895175458397,2.610306320428193,8857,0.8857,0,0,0.13900320416914136,8743.61749568503,RandomAgent,15274.698947120562,EpsilonGreedyAgent,17628.622177714602,UCB_BaselineAgent,12935.38646700325,RiskAverseEpsilonGreedyAgent,10446.626667060526,RiskAverseUCBAgent
baseline,baseline,11,10000,5,5,,,,,64191.26232057733,6.4191262320577325,2.669540837187294,8921,0.8921,0,0,0.13269855238415262,8642.44239528795,RandomAgent,16736.507067549515,EpsilonGreedyAgent,15562.663160415397,UCB_BaselineAgent,12794.076156515997,RiskAverseEpsilonGreedyAgent,10455.573540808466,RiskAverseUCBAgent
baseline,baseline,12,10000,5,5,,,,,64514.34410892778,6.4514344108927775,2.65119967230025,8879,0.8879,0,0,0.1358493073931042,8615.6327321304,RandomAgent,16869.469941778007,EpsilonGreedyAgent,15805.077978136136,UCB_BaselineAgent,12821.983469747462,RiskAverseEpsilonGreedyAgent,10402.17998713577,RiskAverseUCBAgent
baseline,baseline,13,10000,5,5,,,,,64633.16634323992,6.463316634323992,2.6317645210627543,8849,0.8849,0,0,0.1380327719519987,8664.379955214306,RandomAgent,15171.007647529954,EpsilonGreedyAgent,17465.655643801598,UCB_BaselineAgent,12862.301847969611,RiskAverseEpsilonGreedyAgent,10469.821248724451,RiskAverseUCBAgent
baseline,baseline,14,10000,5,5,,,,,65081.423132107484,6.508142313210748,2.649466379590498,8896,0.8896,0,0,0.13978695365537552,8697.230884039589,RandomAgent,15403.932942014662,EpsilonGreedyAgent,17601.243419220493,UCB_BaselineAgent,12910.892572440756,RiskAverseEpsilonGreedyAgent,10468.123314391985,RiskAverseUCBAgent
baseline,baseline,15,10000,5,5,,,,,64422.91218663559,6.442291218663559,2.674053007173696,8936,0.8936,0,0,0.13461033055037563,8646.494154052218,RandomAgent,12743.578107200627,EpsilonGreedyAgent,15777.498188841639,UCB_BaselineAgent,16816.935205652004,RiskAverseEpsilonGreedyAgent,10438.406530889108,RiskAverseUCBAgent
baseline,baseline,16,10000,5,5,,,,,64645.789543373445,6.464578954337345,2.6637644556760383,8938,0.8938,0,0,0.1399730243351025,8539.690917604623,RandomAgent,10435.85491206595,EpsilonGreedyAgent,15630.90178567749,UCB_BaselineAgent,12786.341106080868,RiskAverseEpsilonGreedyAgent,17253.00082194451,RiskAverseUCBAgent
baseline,baseline,17,10000,5,5,,,,,65723.18525976193,6.5723185259761925,2.643471064228415,8796,0.8796,0,0,0.1396651097030075,8850.389627706556,RandomAgent,15535.8068040838,EpsilonGreedyAgent,17811.099748441888,UCB_BaselineAgent,10509.137347215143,RiskAverseEpsilonGreedyAgent,13016.75173231455,RiskAverseUCBAgent
baseline,baseline,18,10000,5,5,,,,,65088.95813223102,6.508895813223102,2.639695958545536,8816,0.8816,0,0,0.1416725916231938,8604.900644730726,RandomAgent,15360.016751506355,EpsilonGreedyAgent,17694.919099639035,UCB_BaselineAgent,10486.750199706186,RiskAverseEpsilonGreedyAgent,12942.371436648717,RiskAverseUCBAgent
baseline,baseline,19,10000,5,5,,,,,64131.67308020406,6.413167308020406,2.6831692481867186,8915,0.8915,0,0,0.12807042529163293,8807.886418163665,RandomAgent,15239.655316310349,EpsilonGreedyAgent,12960.916799030565,UCB_BaselineAgent,16677.586227276897,RiskAverseEpsilonGreedyAgent,10445.628319422587,RiskAverseUCBAgent
baseline,baseline,20,10000,5,5,,,,,64719.65420142661,6.471965420142661,2.6797172377980996,8836,0.8836,0,0,0.1324809295044258,8724.779577438423,RandomAgent,16762.868794091926,EpsilonGreedyAgent,15854.070469185968,UCB_BaselineAgent,12882.986322742388,RiskAverseEpsilonGreedyAgent,10494.949037967905,RiskAverseUCBAgent
baseline,baseline,21,10000,5,5,,,,,65306.77679172168,6.530677679172168,2.6859291735330375,8750,0.875,0,0,0.13518943769733482,8730.098047925834,RandomAgent,17007.368503650683,EpsilonGreedyAgent,16010.657344993951,UCB_BaselineAgent,10493.232175698155,RiskAverseEpsilonGreedyAgent,13065.420719453052,RiskAverseUCBAgent
baseline,baseline,22,10000,5,5,,,,,64740.8057380286,6.474080573802859,2.6446932373211407,8846,0.8846,0,0,0.13253714389737303,8737.06945251195,RandomAgent,16833.372185228865,EpsilonGreedyAgent,15700.92472268114,UCB_BaselineAgent,10442.126472782558,RiskAverseEpsilonGreedyAgent,13027.312904824083,RiskAverseUCBAgent
baseline,baseline,23,10000,5,5,,,,,64372.70102459081,6.437270102459081,2.671822414962477,9114,0.9114,0,0,0.12479568309454225,8845.455673159438,RandomAgent,16318.254115953992,EpsilonGreedyAgent,15762.948994536404,UCB_BaselineAgent,12821.08435332683,RiskAverseEpsilonGreedyAgent,10624.957887614144,RiskAverseUCBAgent
baseline,baseline,24,10000,5,5,,,,,64464.372666979034,6.446437266697903,2.630887409643902,8913,0.8913,0,0,0.13541135596557008,8625.461718862078,RandomAgent,15192.882441798158,EpsilonGreedyAgent,17152.477850898784,UCB_BaselineAgent,10423.894420107905,RiskAverseEpsilonGreedyAgent,13069.656235312113,RiskAverseUCBAgent
baseline,baseline,25,10000,5,5,,,,,64762.487666827845,6.476248766682785,2.641544148205734,8830,0.883,0,0,0.13554425550243088,8775.842926341455,RandomAgent,15597.814221255829,EpsilonGreedyAgent,17175.484907233047,UCB_BaselineAgent,12761.705367172372,RiskAverseEpsilonGreedyAgent,10451.64024482514,RiskAverseUCBAgent
baseline,baseline,26,10000,5,5,,,,,64095.525149409135,6.409552514940914,2.5705128406142603,9010,0.901,0,0,0.13696077808520446,8857.174025840779,RandomAgent,14772.056234171321,EpsilonGreedyAgent,17672.4657240376,UCB_BaselineAgent,10456.207139957804,RiskAverseEpsilonGreedyAgent,12337.62202540163,RiskAverseUCBAgent
baseline,baseline,27,10000,5,5,,,,,64756.419614793704,6.47564196147937,2.6499673422501364,8834,0.8834,0,0,0.1324259900810676,8685.187641260922,RandomAgent,16840.219991368638,EpsilonGreedyAgent,15643.423810196122,UCB_BaselineAgent,10514.90605642624,RiskAverseEpsilonGreedyAgent,13072.682115541786,RiskAverseUCBAgent
baseline,baseline,28,10000,5,5,,,,,64854.53448065599,6.4854534480655985,2.6247259275936483,8841,0.8841,0,0,0.13584286832562809,8802.49680426,RandomAgent,15035.60363433267,EpsilonGreedyAgent,17555.841113119117,UCB_BaselineAgent,10517.227282611775,RiskAverseEpsilonGreedyAgent,12943.36564633243,RiskAverseUCBAgent
baseline,baseline,29,10000,5,5,,,,,64737.830874549516,6.473783087454952,2.6503007515557964,8871,0.8871,0,0,0.1392798687107506,8691.896887126619,RandomAgent,15456.401151179893,EpsilonGreedyAgent,17394.164641820586,UCB_BaselineAgent,12876.122995919693,RiskAverseEpsilonGreedyAgent,10319.245198502726,RiskAverseUCBAgent
cb_opaque_threshold3_halt1,circuit_breaker,0,10000,5,5,3,1,0.0,False,65370.90867386446,6.537090867386446,2.643504401699835,8792,0.8792,0,306,0.1371953617084971,8754.855375867332,RandomAgent,15547.195042973794,EpsilonGreedyAgent,17429.52380582855,UCB_BaselineAgent,10475.068251086303,RiskAverseEpsilonGreedyAgent,13164.266198108486,RiskAverseUCBAgent
cb_opaque_threshold3_halt1,circuit_breaker,1,10000,5,5,3,1,0.0,False,64546.07819668572,6.4546078196685714,2.6759310965511443,8835,0.8835,0,318,0.13479119475323675,8682.445847739442,RandomAgent,16914.706365173075,EpsilonGreedyAgent,15693.392642578025,UCB_BaselineAgent,12848.227155667655,RiskAverseEpsilonGreedyAgent,10407.306185527523,RiskAverseUCBAgent
cb_opaque_threshold3_halt1,circuit_breaker,2,10000,5,5,3,1,0.0,False,64875.56763920343,6.487556763920343,2.673211814199443,8950,0.895,0,323,0.1360436046084028,8766.708016569693,RandomAgent,12832.155890491107,EpsilonGreedyAgent,15751.585317443452,UCB_BaselineAgent,17123.90477067627,RiskAverseEpsilonGreedyAgent,10401.213644022906,RiskAverseUCBAgent
cb_opaque_threshold3_halt1,circuit_breaker,3,10000,5,5,3,1,0.0,False,64616.00585303337,6.461600585303337,2.6242273504398095,8906,0.8906,0,315,0.13975909142288434,8687.061705544938,RandomAgent,15138.111682025183,EpsilonGreedyAgent,17595.15743196866,UCB_BaselineAgent,12818.057572111267,RiskAverseEpsilonGreedyAgent,10377.617461383323,RiskAverseUCBAgent
cb_opaque_threshold3_halt1,circuit_breaker,4,10000,5,5,3,1,0.0,False,64754.60351668442,6.475460351668442,2.669216657591303,8861,0.8861,0,321,0.1345543749588609,8621.590018856234,RandomAgent,16806.363986761062,EpsilonGreedyAgent,15858.242071341294,UCB_BaselineAgent,10445.252002410147,RiskAverseEpsilonGreedyAgent,13023.155437315685,RiskAverseUCBAgent
cb_opaque_threshold3_halt1,circuit_breaker,5,10000,5,5,3,1,0.0,False,64679.49984125886,6.4679499841258865,2.6356989661286447,8873,0.8873,0,313,0.13935479227085557,8712.096768026639,RandomAgent,15139.855745128063,EpsilonGreedyAgent,17599.344782277436,UCB_BaselineAgent,12847.346433600722,RiskAverseEpsilonGreedyAgent,10380.856112226,RiskAverseUCBAgent
cb_opaque_threshold3_halt1,circuit_breaker,6,10000,5,5,3,1,0.0,False,65045.816750189886,6.504581675018988,2.625062808609578,8758,0.8758,0,314,0.13837126166850822,8684.623636811064,RandomAgent,15317.138663645059,EpsilonGreedyAgent,17494.4386698,UCB_BaselineAgent,10435.589404667071,RiskAverseEpsilonGreedyAgent,13114.026375266689,RiskAverseUCBAgent
cb_opaque_threshold3_halt1,circuit_breaker,7,10000,5,5,3,1,0.0,False,64955.6397116732,6.49556397116732,2.66037892137948,8877,0.8877,0,292,0.13784352953056733,8679.60407275638,RandomAgent,15560.975036704207,EpsilonGreedyAgent,17314.65636022931,UCB_BaselineAgent,10446.793009717778,RiskAverseEpsilonGreedyAgent,12953.611232265524,RiskAverseUCBAgent
cb_opaque_threshold3_halt1,circuit_breaker,8,10000,5,5,3,1,0.0,False,64823.07738131672,6.482307738131672,2.66323715709017,8793,0.8793,0,327,0.14086714074415108,8580.587127465285,RandomAgent,15473.700592211373,EpsilonGreedyAgent,17471.87101931375,UCB_BaselineAgent,10427.664463550993,RiskAverseEpsilonGreedyAgent,12869.254178775318,RiskAverseUCBAgent
cb_opaque_threshold3_halt1,circuit_breaker,9,10000,5,5,3,1,0.0,False,64442.89319019976,6.444289319019975,2.6428094164451137,8896,0.8896,0,341,0.13844025340106203,8687.401314656667,RandomAgent,14781.77820566252,EpsilonGreedyAgent,17689.636139386897,UCB_BaselineAgent,12801.555833242744,RiskAverseEpsilonGreedyAgent,10482.521697250924,RiskAverseUCBAgent
cb_opaque_threshold3_halt1,circuit_breaker,10,10000,5,5,3,1,0.0,False,65028.95175458397,6.502895175458397,2.610306320428193,8857,0.8857,0,290,0.13900320416914136,8743.61749568503,RandomAgent,15274.698947120562,EpsilonGreedyAgent,17628.622177714602,UCB_BaselineAgent,12935.38646700325,RiskAverseEpsilonGreedyAgent,10446.626667060526,RiskAverseUCBAgent
cb_opaque_threshold3_halt1,circuit_breaker,11,10000,5,5,3,1,0.0,False,64191.26232057733,6.4191262320577325,2.669540837187294,8921,0.8921,0,363,0.13269855238415262,8642.44239528795,RandomAgent,16736.507067549515,EpsilonGreedyAgent,15562.663160415397,UCB_BaselineAgent,12794.076156515997,RiskAverseEpsilonGreedyAgent,10455.573540808466,RiskAverseUCBAgent
cb_opaque_threshold3_halt1,circuit_breaker,12,10000,5,5,3,1,0.0,False,64514.34410892778,6.4514344108927775,2.65119967230025,8879,0.8879,0,330,0.1358493073931042,8615.6327321304,RandomAgent,16869.469941778007,EpsilonGreedyAgent,15805.077978136136,UCB_BaselineAgent,12821.983469747462,RiskAverseEpsilonGreedyAgent,10402.17998713577,RiskAverseUCBAgent
cb_opaque_threshold3_halt1,circuit_breaker,13,10000,5,5,3,1,0.0,False,64633.16634323992,6.463316634323992,2.6317645210627543,8849,0.8849,0,339,0.1380327719519987,8664.379955214306,RandomAgent,15171.007647529954,EpsilonGreedyAgent,17465.655643801598,UCB_BaselineAgent,12862.301847969611,RiskAverseEpsilonGreedyAgent,10469.821248724451,RiskAverseUCBAgent
cb_opaque_threshold3_halt1,circuit_breaker,14,10000,5,5,3,1,0.0,False,65081.423132107484,6.508142313210748,2.649466379590498,8896,0.8896,0,320,0.13978695365537552,8697.230884039589,RandomAgent,15403.932942014662,EpsilonGreedyAgent,17601.243419220493,UCB_BaselineAgent,12910.892572440756,RiskAverseEpsilonGreedyAgent,10468.123314391985,RiskAverseUCBAgent
cb_opaque_threshold3_halt1,circuit_breaker,15,10000,5,5,3,1,0.0,False,64422.91218663559,6.442291218663559,2.674053007173696,8936,0.8936,0,317,0.13461033055037563,8646.494154052218,RandomAgent,12743.578107200627,EpsilonGreedyAgent,15777.498188841639,UCB_BaselineAgent,16816.935205652004,RiskAverseEpsilonGreedyAgent,10438.406530889108,RiskAverseUCBAgent
cb_opaque_threshold3_halt1,circuit_breaker,16,10000,5,5,3,1,0.0,False,64645.789543373445,6.464578954337345,2.6637644556760383,8938,0.8938,0,299,0.1399730243351025,8539.690917604623,RandomAgent,10435.85491206595,EpsilonGreedyAgent,15630.90178567749,UCB_BaselineAgent,12786.341106080868,RiskAverseEpsilonGreedyAgent,17253.00082194451,RiskAverseUCBAgent
cb_opaque_threshold3_halt1,circuit_breaker,17,10000,5,5,3,1,0.0,False,65723.18525976193,6.5723185259761925,2.643471064228415,8796,0.8796,0,289,0.1396651097030075,8850.389627706556,RandomAgent,15535.8068040838,EpsilonGreedyAgent,17811.099748441888,UCB_BaselineAgent,10509.137347215143,RiskAverseEpsilonGreedyAgent,13016.75173231455,RiskAverseUCBAgent
cb_opaque_threshold3_halt1,circuit_breaker,18,10000,5,5,3,1,0.0,False,65088.95813223102,6.508895813223102,2.639695958545536,8816,0.8816,0,326,0.1416725916231938,8604.900644730726,RandomAgent,15360.016751506355,EpsilonGreedyAgent,17694.919099639035,UCB_BaselineAgent,10486.750199706186,RiskAverseEpsilonGreedyAgent,12942.371436648717,RiskAverseUCBAgent
cb_opaque_threshold3_halt1,circuit_breaker,19,10000,5,5,3,1,0.0,False,64131.67308020406,6.413167308020406,2.6831692481867186,8915,0.8915,0,394,0.12807042529163293,8807.886418163665,RandomAgent,15239.655316310349,EpsilonGreedyAgent,12960.916799030565,UCB_BaselineAgent,16677.586227276897,RiskAverseEpsilonGreedyAgent,10445.628319422587,RiskAverseUCBAgent
cb_opaque_threshold3_halt1,circuit_breaker,20,10000,5,5,3,1,0.0,False,64719.65420142661,6.471965420142661,2.6797172377980996,8836,0.8836,0,320,0.1324809295044258,8724.779577438423,RandomAgent,16762.868794091926,EpsilonGreedyAgent,15854.070469185968,UCB_BaselineAgent,12882.986322742388,RiskAverseEpsilonGreedyAgent,10494.949037967905,RiskAverseUCBAgent
cb_opaque_threshold3_halt1,circuit_breaker,21,10000,5,5,3,1,0.0,False,65306.77679172168,6.530677679172168,2.6859291735330375,8750,0.875,0,282,0.13518943769733482,8730.098047925834,RandomAgent,17007.368503650683,EpsilonGreedyAgent,16010.657344993951,UCB_BaselineAgent,10493.232175698155,RiskAverseEpsilonGreedyAgent,13065.420719453052,RiskAverseUCBAgent
cb_opaque_threshold3_halt1,circuit_breaker,22,10000,5,5,3,1,0.0,False,64740.8057380286,6.474080573802859,2.6446932373211407,8846,0.8846,0,302,0.13253714389737303,8737.06945251195,RandomAgent,16833.372185228865,EpsilonGreedyAgent,15700.92472268114,UCB_BaselineAgent,10442.126472782558,RiskAverseEpsilonGreedyAgent,13027.312904824083,RiskAverseUCBAgent
cb_opaque_threshold3_halt1,circuit_breaker,23,10000,5,5,3,1,0.0,False,64372.70102459081,6.437270102459081,2.671822414962477,9114,0.9114,0,399,0.12479568309454225,8845.455673159438,RandomAgent,16318.254115953992,EpsilonGreedyAgent,15762.948994536404,UCB_BaselineAgent,12821.08435332683,RiskAverseEpsilonGreedyAgent,10624.957887614144,RiskAverseUCBAgent
cb_opaque_threshold3_halt1,circuit_breaker,24,10000,5,5,3,1,0.0,False,64464.372666979034,6.446437266697903,2.630887409643902,8913,0.8913,0,259,0.13541135596557008,8625.461718862078,RandomAgent,15192.882441798158,EpsilonGreedyAgent,17152.477850898784,UCB_BaselineAgent,10423.894420107905,RiskAverseEpsilonGreedyAgent,13069.656235312113,RiskAverseUCBAgent
cb_opaque_threshold3_halt1,circuit_breaker,25,10000,5,5,3,1,0.0,False,64762.487666827845,6.476248766682785,2.641544148205734,8830,0.883,0,305,0.13554425550243088,8775.842926341455,RandomAgent,15597.814221255829,EpsilonGreedyAgent,17175.484907233047,UCB_BaselineAgent,12761.705367172372,RiskAverseEpsilonGreedyAgent,10451.64024482514,RiskAverseUCBAgent
cb_opaque_threshold3_halt1,circuit_breaker,26,10000,5,5,3,1,0.0,False,64095.525149409135,6.409552514940914,2.5705128406142603,9010,0.901,0,320,0.13696077808520446,8857.174025840779,RandomAgent,14772.056234171321,EpsilonGreedyAgent,17672.4657240376,UCB_BaselineAgent,10456.207139957804,RiskAverseEpsilonGreedyAgent,12337.62202540163,RiskAverseUCBAgent
cb_opaque_threshold3_halt1,circuit_breaker,27,10000,5,5,3,1,0.0,False,64756.419614793704,6.47564196147937,2.6499673422501364,8834,0.8834,0,302,0.1324259900810676,8685.187641260922,RandomAgent,16840.219991368638,EpsilonGreedyAgent,15643.423810196122,UCB_BaselineAgent,10514.90605642624,RiskAverseEpsilonGreedyAgent,13072.682115541786,RiskAverseUCBAgent
cb_opaque_threshold3_halt1,circuit_breaker,28,10000,5,5,3,1,0.0,False,64854.53448065599,6.4854534480655985,2.6247259275936483,8841,0.8841,0,316,0.13584286832562809,8802.49680426,RandomAgent,15035.60363433267,EpsilonGreedyAgent,17555.841113119117,UCB_BaselineAgent,10517.227282611775,RiskAverseEpsilonGreedyAgent,12943.36564633243,RiskAverseUCBAgent
cb_opaque_threshold3_halt1,circuit_breaker,29,10000,5,5,3,1,0.0,False,64737.830874549516,6.473783087454952,2.6503007515557964,8871,0.8871,0,314,0.1392798687107506,8691.896887126619,RandomAgent,15456.401151179893,EpsilonGreedyAgent,17394.164641820586,UCB_BaselineAgent,12876.122995919693,RiskAverseEpsilonGreedyAgent,10319.245198502726,RiskAverseUCBAgent
cb_transparent_threshold3_halt1,circuit_breaker,0,10000,5,5,3,1,0.0,True,65370.90867386446,6.537090867386446,2.643504401699835,8792,0.8792,0,306,0.1371953617084971,8754.855375867332,RandomAgent,15547.195042973794,EpsilonGreedyAgent,17429.52380582855,UCB_BaselineAgent,10475.068251086303,RiskAverseEpsilonGreedyAgent,13164.266198108486,RiskAverseUCBAgent
cb_transparent_threshold3_halt1,circuit_breaker,1,10000,5,5,3,1,0.0,True,64546.07819668572,6.4546078196685714,2.6759310965511443,8835,0.8835,0,318,0.13479119475323675,8682.445847739442,RandomAgent,16914.706365173075,EpsilonGreedyAgent,15693.392642578025,UCB_BaselineAgent,12848.227155667655,RiskAverseEpsilonGreedyAgent,10407.306185527523,RiskAverseUCBAgent
cb_transparent_threshold3_halt1,circuit_breaker,2,10000,5,5,3,1,0.0,True,64875.56763920343,6.487556763920343,2.673211814199443,8950,0.895,0,323,0.1360436046084028,8766.708016569693,RandomAgent,12832.155890491107,EpsilonGreedyAgent,15751.585317443452,UCB_BaselineAgent,17123.90477067627,RiskAverseEpsilonGreedyAgent,10401.213644022906,RiskAverseUCBAgent
cb_transparent_threshold3_halt1,circuit_breaker,3,10000,5,5,3,1,0.0,True,64616.00585303337,6.461600585303337,2.6242273504398095,8906,0.8906,0,315,0.13975909142288434,8687.061705544938,RandomAgent,15138.111682025183,EpsilonGreedyAgent,17595.15743196866,UCB_BaselineAgent,12818.057572111267,RiskAverseEpsilonGreedyAgent,10377.617461383323,RiskAverseUCBAgent
cb_transparent_threshold3_halt1,circuit_breaker,4,10000,5,5,3,1,0.0,True,64754.60351668442,6.475460351668442,2.669216657591303,8861,0.8861,0,321,0.1345543749588609,8621.590018856234,RandomAgent,16806.363986761062,EpsilonGreedyAgent,15858.242071341294,UCB_BaselineAgent,10445.252002410147,RiskAverseEpsilonGreedyAgent,13023.155437315685,RiskAverseUCBAgent
cb_transparent_threshold3_halt1,circuit_breaker,5,10000,5,5,3,1,0.0,True,64679.49984125886,6.4679499841258865,2.6356989661286447,8873,0.8873,0,313,0.13935479227085557,8712.096768026639,RandomAgent,15139.855745128063,EpsilonGreedyAgent,17599.344782277436,UCB_BaselineAgent,12847.346433600722,RiskAverseEpsilonGreedyAgent,10380.856112226,RiskAverseUCBAgent
cb_transparent_threshold3_halt1,circuit_breaker,6,10000,5,5,3,1,0.0,True,65045.816750189886,6.504581675018988,2.625062808609578,8758,0.8758,0,314,0.13837126166850822,8684.623636811064,RandomAgent,15317.138663645059,EpsilonGreedyAgent,17494.4386698,UCB_BaselineAgent,10435.589404667071,RiskAverseEpsilonGreedyAgent,13114.026375266689,RiskAverseUCBAgent
cb_transparent_threshold3_halt1,circuit_breaker,7,10000,5,5,3,1,0.0,True,64955.6397116732,6.49556397116732,2.66037892137948,8877,0.8877,0,292,0.13784352953056733,8679.60407275638,RandomAgent,15560.975036704207,EpsilonGreedyAgent,17314.65636022931,UCB_BaselineAgent,10446.793009717778,RiskAverseEpsilonGreedyAgent,12953.611232265524,RiskAverseUCBAgent
cb_transparent_threshold3_halt1,circuit_breaker,8,10000,5,5,3,1,0.0,True,64823.07738131672,6.482307738131672,2.66323715709017,8793,0.8793,0,327,0.14086714074415108,8580.587127465285,RandomAgent,15473.700592211373,EpsilonGreedyAgent,17471.87101931375,UCB_BaselineAgent,10427.664463550993,RiskAverseEpsilonGreedyAgent,12869.254178775318,RiskAverseUCBAgent
cb_transparent_threshold3_halt1,circuit_breaker,9,10000,5,5,3,1,0.0,True,64442.89319019976,6.444289319019975,2.6428094164451137,8896,0.8896,0,341,0.13844025340106203,8687.401314656667,RandomAgent,14781.77820566252,EpsilonGreedyAgent,17689.636139386897,UCB_BaselineAgent,12801.555833242744,RiskAverseEpsilonGreedyAgent,10482.521697250924,RiskAverseUCBAgent
cb_transparent_threshold3_halt1,circuit_breaker,10,10000,5,5,3,1,0.0,True,65028.95175458397,6.502895175458397,2.610306320428193,8857,0.8857,0,290,0.13900320416914136,8743.61749568503,RandomAgent,15274.698947120562,EpsilonGreedyAgent,17628.622177714602,UCB_BaselineAgent,12935.38646700325,RiskAverseEpsilonGreedyAgent,10446.626667060526,RiskAverseUCBAgent
cb_transparent_threshold3_halt1,circuit_breaker,11,10000,5,5,3,1,0.0,True,64191.26232057733,6.4191262320577325,2.669540837187294,8921,0.8921,0,363,0.13269855238415262,8642.44239528795,RandomAgent,16736.507067549515,EpsilonGreedyAgent,15562.663160415397,UCB_BaselineAgent,12794.076156515997,RiskAverseEpsilonGreedyAgent,10455.573540808466,RiskAverseUCBAgent
cb_transparent_threshold3_halt1,circuit_breaker,12,10000,5,5,3,1,0.0,True,64514.34410892778,6.4514344108927775,2.65119967230025,8879,0.8879,0,330,0.1358493073931042,8615.6327321304,RandomAgent,16869.469941778007,EpsilonGreedyAgent,15805.077978136136,UCB_BaselineAgent,12821.983469747462,RiskAverseEpsilonGreedyAgent,10402.17998713577,RiskAverseUCBAgent
cb_transparent_threshold3_halt1,circuit_breaker,13,10000,5,5,3,1,0.0,True,64633.16634323992,6.463316634323992,2.6317645210627543,8849,0.8849,0,339,0.1380327719519987,8664.379955214306,RandomAgent,15171.007647529954,EpsilonGreedyAgent,17465.655643801598,UCB_BaselineAgent,12862.301847969611,RiskAverseEpsilonGreedyAgent,10469.821248724451,RiskAverseUCBAgent
cb_transparent_threshold3_halt1,circuit_breaker,14,10000,5,5,3,1,0.0,True,65081.423132107484,6.508142313210748,2.649466379590498,8896,0.8896,0,320,0.13978695365537552,8697.230884039589,RandomAgent,15403.932942014662,EpsilonGreedyAgent,17601.243419220493,UCB_BaselineAgent,12910.892572440756,RiskAverseEpsilonGreedyAgent,10468.123314391985,RiskAverseUCBAgent
cb_transparent_threshold3_halt1,circuit_breaker,15,10000,5,5,3,1,0.0,True,64422.91218663559,6.442291218663559,2.674053007173696,8936,0.8936,0,317,0.13461033055037563,8646.494154052218,RandomAgent,12743.578107200627,EpsilonGreedyAgent,15777.498188841639,UCB_BaselineAgent,16816.935205652004,RiskAverseEpsilonGreedyAgent,10438.406530889108,RiskAverseUCBAgent
cb_transparent_threshold3_halt1,circuit_breaker,16,10000,5,5,3,1,0.0,True,64645.789543373445,6.464578954337345,2.6637644556760383,8938,0.8938,0,299,0.1399730243351025,8539.690917604623,RandomAgent,10435.85491206595,EpsilonGreedyAgent,15630.90178567749,UCB_BaselineAgent,12786.341106080868,RiskAverseEpsilonGreedyAgent,17253.00082194451,RiskAverseUCBAgent
cb_transparent_threshold3_halt1,circuit_breaker,17,10000,5,5,3,1,0.0,True,65723.18525976193,6.5723185259761925,2.643471064228415,8796,0.8796,0,289,0.1396651097030075,8850.389627706556,RandomAgent,15535.8068040838,EpsilonGreedyAgent,17811.099748441888,UCB_BaselineAgent,10509.137347215143,RiskAverseEpsilonGreedyAgent,13016.75173231455,RiskAverseUCBAgent
cb_transparent_threshold3_halt1,circuit_breaker,18,10000,5,5,3,1,0.0,True,65088.95813223102,6.508895813223102,2.639695958545536,8816,0.8816,0,326,0.1416725916231938,8604.900644730726,RandomAgent,15360.016751506355,EpsilonGreedyAgent,17694.919099639035,UCB_BaselineAgent,10486.750199706186,RiskAverseEpsilonGreedyAgent,12942.371436648717,RiskAverseUCBAgent
cb_transparent_threshold3_halt1,circuit_breaker,19,10000,5,5,3,1,0.0,True,64131.67308020406,6.413167308020406,2.6831692481867186,8915,0.8915,0,394,0.12807042529163293,8807.886418163665,RandomAgent,15239.655316310349,EpsilonGreedyAgent,12960.916799030565,UCB_BaselineAgent,16677.586227276897,RiskAverseEpsilonGreedyAgent,10445.628319422587,RiskAverseUCBAgent
cb_transparent_threshold3_halt1,circuit_breaker,20,10000,5,5,3,1,0.0,True,64719.65420142661,6.471965420142661,2.6797172377980996,8836,0.8836,0,320,0.1324809295044258,8724.779577438423,RandomAgent,16762.868794091926,EpsilonGreedyAgent,15854.070469185968,UCB_BaselineAgent,12882.986322742388,RiskAverseEpsilonGreedyAgent,10494.949037967905,RiskAverseUCBAgent
cb_transparent_threshold3_halt1,circuit_breaker,21,10000,5,5,3,1,0.0,True,65306.77679172168,6.530677679172168,2.6859291735330375,8750,0.875,0,282,0.13518943769733482,8730.098047925834,RandomAgent,17007.368503650683,EpsilonGreedyAgent,16010.657344993951,UCB_BaselineAgent,10493.232175698155,RiskAverseEpsilonGreedyAgent,13065.420719453052,RiskAverseUCBAgent
cb_transparent_threshold3_halt1,circuit_breaker,22,10000,5,5,3,1,0.0,True,64740.8057380286,6.474080573802859,2.6446932373211407,8846,0.8846,0,302,0.13253714389737303,8737.06945251195,RandomAgent,16833.372185228865,EpsilonGreedyAgent,15700.92472268114,UCB_BaselineAgent,10442.126472782558,RiskAverseEpsilonGreedyAgent,13027.312904824083,RiskAverseUCBAgent
cb_transparent_threshold3_halt1,circuit_breaker,23,10000,5,5,3,1,0.0,True,64372.70102459081,6.437270102459081,2.671822414962477,9114,0.9114,0,399,0.12479568309454225,8845.455673159438,RandomAgent,16318.254115953992,EpsilonGreedyAgent,15762.948994536404,UCB_BaselineAgent,12821.08435332683,RiskAverseEpsilonGreedyAgent,10624.957887614144,RiskAverseUCBAgent
cb_transparent_threshold3_halt1,circuit_breaker,24,10000,5,5,3,1,0.0,True,64464.372666979034,6.446437266697903,2.630887409643902,8913,0.8913,0,259,0.13541135596557008,8625.461718862078,RandomAgent,15192.882441798158,EpsilonGreedyAgent,17152.477850898784,UCB_BaselineAgent,10423.894420107905,RiskAverseEpsilonGreedyAgent,13069.656235312113,RiskAverseUCBAgent
cb_transparent_threshold3_halt1,circuit_breaker,25,10000,5,5,3,1,0.0,True,64762.487666827845,6.476248766682785,2.641544148205734,8830,0.883,0,305,0.13554425550243088,8775.842926341455,RandomAgent,15597.814221255829,EpsilonGreedyAgent,17175.484907233047,UCB_BaselineAgent,12761.705367172372,RiskAverseEpsilonGreedyAgent,10451.64024482514,RiskAverseUCBAgent
cb_transparent_threshold3_halt1,circuit_breaker,26,10000,5,5,3,1,0.0,True,64095.525149409135,6.409552514940914,2.5705128406142603,9010,0.901,0,320,0.13696077808520446,8857.174025840779,RandomAgent,14772.056234171321,EpsilonGreedyAgent,17672.4657240376,UCB_BaselineAgent,10456.207139957804,RiskAverseEpsilonGreedyAgent,12337.62202540163,RiskAverseUCBAgent
cb_transparent_threshold3_halt1,circuit_breaker,27,10000,5,5,3,1,0.0,True,64756.419614793704,6.47564196147937,2.6499673422501364,8834,0.8834,0,302,0.1324259900810676,8685.187641260922,RandomAgent,16840.219991368638,EpsilonGreedyAgent,15643.423810196122,UCB_BaselineAgent,10514.90605642624,RiskAverseEpsilonGreedyAgent,13072.682115541786,RiskAverseUCBAgent
cb_transparent_threshold3_halt1,circuit_breaker,28,10000,5,5,3,1,0.0,True,64854.53448065599,6.4854534480655985,2.6247259275936483,8841,0.8841,0,316,0.13584286832562809,8802.49680426,RandomAgent,15035.60363433267,EpsilonGreedyAgent,17555.841113119117,UCB_BaselineAgent,10517.227282611775,RiskAverseEpsilonGreedyAgent,12943.36564633243,RiskAverseUCBAgent
cb_transparent_threshold3_halt1,circuit_breaker,29,10000,5,5,3,1,0.0,True,64737.830874549516,6.473783087454952,2.6503007515557964,8871,0.8871,0,314,0.1392798687107506,8691.896887126619,RandomAgent,15456.401151179893,EpsilonGreedyAgent,17394.164641820586,UCB_BaselineAgent,12876.122995919693,RiskAverseEpsilonGreedyAgent,10319.245198502726,RiskAverseUCBAgent
cb_opaque_threshold3_halt3,circuit_breaker,0,10000,5,5,3,3,0.0,False,63283.184392586845,6.328318439258685,2.649536802701851,8872,0.8872,801,349,0.12965975889150694,8615.032956846639,RandomAgent,15118.559860969703,EpsilonGreedyAgent,12732.439870697537,UCB_BaselineAgent,16480.621277456827,RiskAverseEpsilonGreedyAgent,10336.530426616138,RiskAverseUCBAgent
cb_opaque_threshold3_halt3,circuit_breaker,1,10000,5,5,3,3,0.0,False,63927.44322242732,6.392744322242732,2.6907675687359927,8811,0.8811,618,282,0.13369950550568865,8678.804925295382,RandomAgent,16904.42077553603,EpsilonGreedyAgent,15244.339753590473,UCB_BaselineAgent,12771.97518163749,RiskAverseEpsilonGreedyAgent,10327.90258636794,RiskAverseUCBAgent
cb_opaque_threshold3_halt3,circuit_breaker,2,10000,5,5,3,3,0.0,False,59836.80006872463,5.983680006872463,2.3924023718166487,9011,0.9011,857,373,0.12683946257250134,8889.570600904211,RandomAgent,13364.011367081515,EpsilonGreedyAgent,16854.863721817073,UCB_BaselineAgent,10320.428701969127,RiskAverseEpsilonGreedyAgent,10407.925676952704,RiskAverseUCBAgent
cb_opaque_threshold3_halt3,circuit_breaker,3,10000,5,5,3,3,0.0,False,64071.723374380046,6.407172337438005,2.655018278749567,8757,0.8757,712,303,0.13892776213066993,8451.994051466523,RandomAgent,16815.630402230847,EpsilonGreedyAgent,15800.197216583168,UCB_BaselineAgent,10274.117057466941,RiskAverseEpsilonGreedyAgent,12729.784646632568,RiskAverseUCBAgent
cb_opaque_threshold3_halt3,circuit_breaker,4,10000,5,5,3,3,0.0,False,63448.3274885251,6.34483274885251,2.636751244678686,8761,0.8761,677,296,0.13875148133756388,8606.572573297786,RandomAgent,14724.43829299919,EpsilonGreedyAgent,17268.959120456646,UCB_BaselineAgent,10040.337818757642,RiskAverseEpsilonGreedyAgent,12808.01968301384,RiskAverseUCBAgent
cb_opaque_threshold3_halt3,circuit_breaker,5,10000,5,5,3,3,0.0,False,64258.26457307416,6.425826457307416,2.637281161644809,8851,0.8851,621,276,0.13705852956157427,8587.863410648484,RandomAgent,15433.382245567003,EpsilonGreedyAgent,17034.874501546034,UCB_BaselineAgent,10309.546290951757,RiskAverseEpsilonGreedyAgent,12892.59812436088,RiskAverseUCBAgent
cb_opaque_threshold3_halt3,circuit_breaker,6,10000,5,5,3,3,0.0,False,62190.11068748862,6.219011068748862,2.6458100455775937,8810,0.881,727,315,0.145025329145553,8686.51317614203,RandomAgent,14654.102507929343,EpsilonGreedyAgent,17125.708735205317,UCB_BaselineAgent,8984.640445927414,RiskAverseEpsilonGreedyAgent,12739.145822284516,RiskAverseUCBAgent
cb_opaque_threshold3_halt3,circuit_breaker,7,10000,5,5,3,3,0.0,False,63898.931633983855,6.389893163398385,2.6404979312122685,8923,0.8923,641,281,0.13432307400706334,8532.845091815407,RandomAgent,16749.33406135753,EpsilonGreedyAgent,15447.960113060639,UCB_BaselineAgent,10423.18574503516,RiskAverseEpsilonGreedyAgent,12745.60662271512,RiskAverseUCBAgent
cb_opaque_threshold3_halt3,circuit_breaker,8,10000,5,5,3,3,0.0,False,63925.99964297163,6.392599964297163,2.6735082745221646,8800,0.88,769,318,0.1398525334602354,8448.385504881928,RandomAgent,15160.878754136224,EpsilonGreedyAgent,17214.24504130831,UCB_BaselineAgent,10342.065316869792,RiskAverseEpsilonGreedyAgent,12760.425025775372,RiskAverseUCBAgent
cb_opaque_threshold3_halt3,circuit_breaker,9,10000,5,5,3,3,0.0,False,63438.73121379401,6.343873121379401,2.651831277029464,8920,0.892,718,304,0.13607550164058457,8655.816689104908,RandomAgent,14881.419438803357,EpsilonGreedyAgent,17095.60025363044,UCB_BaselineAgent,12626.051197798935,RiskAverseEpsilonGreedyAgent,10179.84363445637,RiskAverseUCBAgent
cb_opaque_threshold3_halt3,circuit_breaker,10,10000,5,5,3,3,0.0,False,64154.634192498925,6.4154634192498925,2.6253860179980157,8788,0.8788,604,265,0.13624118903045712,8570.60443336185,RandomAgent,15068.743804467575,EpsilonGreedyAgent,17195.477312764946,UCB_BaselineAgent,10467.230452773572,RiskAverseEpsilonGreedyAgent,12852.578189130982,RiskAverseUCBAgent
cb_opaque_threshold3_halt3,circuit_breaker,11,10000,5,5,3,3,0.0,False,64311.50795464743,6.431150795464743,2.7138225652613195,8781,0.8781,635,270,0.13855326897971376,8586.999345550357,RandomAgent,12673.68885175745,EpsilonGreedyAgent,15436.397372806194,UCB_BaselineAgent,10404.939766814734,RiskAverseEpsilonGreedyAgent,17209.482617718695,RiskAverseUCBAgent
cb_opaque_threshold3_halt3,circuit_breaker,12,10000,5,5,3,3,0.0,False,62319.939312463684,6.231993931246368,2.567559016530437,8965,0.8965,804,351,0.13158040390279813,8775.695335419497,RandomAgent,14371.25483981445,EpsilonGreedyAgent,16975.110249310543,UCB_BaselineAgent,10269.877702766971,RiskAverseEpsilonGreedyAgent,11928.001185152221,RiskAverseUCBAgent
cb_opaque_threshold3_halt3,circuit_breaker,13,10000,5,5,3,3,0.0,False,64088.17142908025,6.408817142908025,2.6831219364531957,8832,0.8832,697,297,0.13146681401048976,8607.976142702235,RandomAgent,16522.641459837472,EpsilonGreedyAgent,15698.923212534815,UCB_BaselineAgent,10464.584562957085,RiskAverseEpsilonGreedyAgent,12794.046051048643,RiskAverseUCBAgent
cb_opaque_threshold3_halt3,circuit_breaker,14,10000,5,5,3,3,0.0,False,64028.573845207946,6.402857384520795,2.658297097762373,8896,0.8896,719,308,0.1319914292076576,8589.273572632195,RandomAgent,16540.472745643674,EpsilonGreedyAgent,15587.929895373965,UCB_BaselineAgent,10362.270811504342,RiskAverseEpsilonGreedyAgent,12948.62682005377,RiskAverseUCBAgent
cb_opaque_threshold3_halt3,circuit_breaker,15,10000,5,5,3,3,0.0,False,63767.02375030308,6.376702375030308,2.662755801042244,8874,0.8874,673,305,0.1356985637245527,8629.693980353803,RandomAgent,12746.696903147173,EpsilonGreedyAgent,15372.638746565206,UCB_BaselineAgent,16845.8257247144,RiskAverseEpsilonGreedyAgent,10172.168395522503,RiskAverseUCBAgent
cb_opaque_threshold3_halt3,circuit_breaker,16,10000,5,5,3,3,0.0,False,63610.602809027456,6.361060280902746,2.6478684481374923,8920,0.892,733,328,0.13721040340879842,8521.83333543372,RandomAgent,16777.679757292462,EpsilonGreedyAgent,15497.38056437535,UCB_BaselineAgent,12624.726925091829,RiskAverseEpsilonGreedyAgent,10188.982226834096,RiskAverseUCBAgent
cb_opaque_threshold3_halt3,circuit_breaker,17,10000,5,5,3,3,0.0,False,64063.98666555533,6.406398666555533,2.6356885139010218,8942,0.8942,684,304,0.13589564133434684,8712.257833306521,RandomAgent,15036.373740561468,EpsilonGreedyAgent,17235.846831318442,UCB_BaselineAgent,12760.997909660246,RiskAverseEpsilonGreedyAgent,10318.51035070865,RiskAverseUCBAgent
cb_opaque_threshold3_halt3,circuit_breaker,18,10000,5,5,3,3,0.0,False,63748.667927430535,6.374866792743053,2.6625058846395886,8846,0.8846,733,326,0.13811417063018738,8530.688319066174,RandomAgent,15269.722794537234,EpsilonGreedyAgent,17038.52047538039,UCB_BaselineAgent,12635.835230221792,RiskAverseEpsilonGreedyAgent,10273.90110822495,RiskAverseUCBAgent
cb_opaque_threshold3_halt3,circuit_breaker,19,10000,5,5,3,3,0.0,False,63503.483550423436,6.350348355042343,2.6902630048074956,8875,0.8875,796,349,0.1331778838734441,8604.620923234108,RandomAgent,15281.363270505099,EpsilonGreedyAgent,12655.957155281441,UCB_BaselineAgent,16677.523223986514,RiskAverseEpsilonGreedyAgent,10284.018977416272,RiskAverseUCBAgent
cb_opaque_threshold3_halt3,circuit_breaker,20,10000,5,5,3,3,0.0,False,63726.555848280805,6.37265558482808,2.7115765351125813,8801,0.8801,661,292,0.1315659666141351,8612.03492013277,RandomAgent,16615.799674157097,EpsilonGreedyAgent,15305.829838541893,UCB_BaselineAgent,12840.146866780326,RiskAverseEpsilonGreedyAgent,10352.744548668717,RiskAverseUCBAgent
cb_opaque_threshold3_halt3,circuit_breaker,21,10000,5,5,3,3,0.0,False,58356.519585326256,5.835651958532625,2.1187549812610413,8839,0.8839,750,318,0.1343130365149081,9372.280103761386,RandomAgent,17001.5993093446,EpsilonGreedyAgent,12752.58150786523,UCB_BaselineAgent,8894.19832896292,RiskAverseEpsilonGreedyAgent,10335.860335392113,RiskAverseUCBAgent
cb_opaque_threshold3_halt3,circuit_breaker,22,10000,5,5,3,3,0.0,False,63967.2411441001,6.39672411441001,2.6836546208218635,8851,0.8851,638,278,0.13524669155755853,8716.662760215519,RandomAgent,16666.377552590788,EpsilonGreedyAgent,15725.49922581498,UCB_BaselineAgent,9996.534478555364,RiskAverseEpsilonGreedyAgent,12862.167126923454,RiskAverseUCBAgent
cb_opaque_threshold3_halt3,circuit_breaker,23,10000,5,5,3,3,0.0,False,63110.106325486326,6.311010632548633,2.6322304831148675,8985,0.8985,780,333,0.13311244721111204,8549.798020993572,RandomAgent,14440.27862508971,EpsilonGreedyAgent,17065.594083299267,UCB_BaselineAgent,12584.416588250095,RiskAverseEpsilonGreedyAgent,10470.01900785368,RiskAverseUCBAgent
cb_opaque_threshold3_halt3,circuit_breaker,24,10000,5,5,3,3,0.0,False,63847.705469552624,6.384770546955262,2.6515116683356883,8768,0.8768,644,273,0.1357850358753001,8581.01805876706,RandomAgent,14835.45185639497,EpsilonGreedyAgent,17194.502790465995,UCB_BaselineAgent,10388.51387544583,RiskAverseEpsilonGreedyAgent,12848.218888478768,RiskAverseUCBAgent
cb_opaque_threshold3_halt3,circuit_breaker,25,10000,5,5,3,3,0.0,False,64070.682625705274,6.407068262570528,2.654515717196467,8873,0.8873,643,285,0.14035256902529092,8578.57555470644,RandomAgent,15094.75616003025,EpsilonGreedyAgent,17401.109395046333,UCB_BaselineAgent,12737.629939516704,RiskAverseEpsilonGreedyAgent,10258.611576405548,RiskAverseUCBAgent
cb_opaque_threshold3_halt3,circuit_breaker,26,10000,5,5,3,3,0.0,False,63800.94308165926,6.380094308165925,2.6468143191296822,8814,0.8814,705,317,0.13464710311777983,8650.610217842594,RandomAgent,16825.17942363504,EpsilonGreedyAgent,15349.577289598159,UCB_BaselineAgent,12753.39085471985,RiskAverseEpsilonGreedyAgent,10222.185295863617,RiskAverseUCBAgent
cb_opaque_threshold3_halt3,circuit_breaker,27,10000,5,5,3,3,0.0,False,63854.853274504,6.3854853274504,2.646388243382666,8814,0.8814,760,322,0.13864598714441856,8441.076575397597,RandomAgent,10406.347622251988,EpsilonGreedyAgent,15137.960694286794,UCB_BaselineAgent,12727.674385430397,RiskAverseEpsilonGreedyAgent,17141.79399713722,RiskAverseUCBAgent
cb_opaque_threshold3_halt3,circuit_breaker,28,10000,5,5,3,3,0.0,False,63851.67838192397,6.385167838192397,2.666301335437938,8900,0.89,693,295,0.13068333895598427,8658.533178156122,RandomAgent,10413.487627744453,EpsilonGreedyAgent,15465.674093359668,UCB_BaselineAgent,16562.878106465334,RiskAverseEpsilonGreedyAgent,12751.105376198395,RiskAverseUCBAgent
cb_opaque_threshold3_halt3,circuit_breaker,29,10000,5,5,3,3,0.0,False,63775.836019886396,6.37758360198864,2.678839656974372,8834,0.8834,657,283,0.1322083346738432,8607.200443580597,RandomAgent,16437.366421383667,EpsilonGreedyAgent,15694.83470558738,UCB_BaselineAgent,12760.510469694465,RiskAverseEpsilonGreedyAgent,10275.923979640284,RiskAverseUCBAgent
cb_transparent_threshold3_halt3,circuit_breaker,0,10000,5,5,3,3,0.0,True,64318.65034439607,6.431865034439607,2.7066662704110462,9141,0.9141,0,453,0.13148483070003092,8609.718273678898,RandomAgent,16546.4706527444,EpsilonGreedyAgent,15733.080756477995,UCB_BaselineAgent,10464.268386140506,RiskAverseEpsilonGreedyAgent,12965.112275354273,RiskAverseUCBAgent
cb_transparent_threshold3_halt3,circuit_breaker,1,10000,5,5,3,3,0.0,True,60348.95963633738,6.034895963633738,2.433938616544842,9337,0.9337,0,615,0.12284209157548753,8969.952548611962,RandomAgent,16330.951530127071,EpsilonGreedyAgent,14180.563326359234,UCB_BaselineAgent,10369.080224058525,RiskAverseEpsilonGreedyAgent,10498.412007180585,RiskAverseUCBAgent
cb_transparent_threshold3_halt3,circuit_breaker,2,10000,5,5,3,3,0.0,True,63597.94045415361,6.359794045415361,2.6573324748785296,9229,0.9229,0,460,0.13257332033580194,8578.98212119384,RandomAgent,16612.567348434066,EpsilonGreedyAgent,15406.747037965599,UCB_BaselineAgent,12604.201785428439,RiskAverseEpsilonGreedyAgent,10395.442161131668,RiskAverseUCBAgent
cb_transparent_threshold3_halt3,circuit_breaker,3,10000,5,5,3,3,0.0,True,64134.64799660017,6.413464799660018,2.656805397525475,9043,0.9043,0,401,0.13470435064531383,8528.961665180988,RandomAgent,16715.96823373371,EpsilonGreedyAgent,15619.350340818048,UCB_BaselineAgent,10395.323197303987,RiskAverseEpsilonGreedyAgent,12875.044559563436,RiskAverseUCBAgent
cb_transparent_threshold3_halt3,circuit_breaker,4,10000,5,5,3,3,0.0,True,63932.08036975014,6.393208036975014,2.68187073605387,9195,0.9195,0,440,0.13194796604953773,8658.066996782884,RandomAgent,16541.574130929668,EpsilonGreedyAgent,15712.407212603075,UCB_BaselineAgent,12629.880473798126,RiskAverseEpsilonGreedyAgent,10390.151555636387,RiskAverseUCBAgent
cb_transparent_threshold3_halt3,circuit_breaker,5,10000,5,5,3,3,0.0,True,63366.962953756534,6.336696295375654,2.645798661014519,9379,0.9379,0,508,0.1270411039128716,8659.751968736307,RandomAgent,15015.37417689331,EpsilonGreedyAgent,12926.919298714543,UCB_BaselineAgent,16398.18986103996,RiskAverseEpsilonGreedyAgent,10366.727648372418,RiskAverseUCBAgent
cb_transparent_threshold3_halt3,circuit_breaker,6,10000,5,5,3,3,0.0,True,63741.16979092086,6.374116979092086,2.650975191920036,9208,0.9208,0,472,0.13090493502963785,8627.219901068485,RandomAgent,16585.158535715404,EpsilonGreedyAgent,15331.312350396112,UCB_BaselineAgent,12810.373609534945,RiskAverseEpsilonGreedyAgent,10387.105394205917,RiskAverseUCBAgent
cb_transparent_threshold3_halt3,circuit_breaker,7,10000,5,5,3,3,0.0,True,63599.07518586685,6.359907518586685,2.666287256000359,9251,0.9251,0,475,0.1350129052758413,8535.681877155523,RandomAgent,15175.17570628679,EpsilonGreedyAgent,16857.627027626524,UCB_BaselineAgent,12678.264351820573,RiskAverseEpsilonGreedyAgent,10352.326222977443,RiskAverseUCBAgent
cb_transparent_threshold3_halt3,circuit_breaker,8,10000,5,5,3,3,0.0,True,64080.11177710977,6.408011177710977,2.6692754615852716,9126,0.9126,0,454,0.1362381561309447,8553.26895733522,RandomAgent,15129.390276452434,EpsilonGreedyAgent,17093.18612926114,UCB_BaselineAgent,10383.833937358617,RiskAverseEpsilonGreedyAgent,12920.43247670236,RiskAverseUCBAgent
cb_transparent_threshold3_halt3,circuit_breaker,9,10000,5,5,3,3,0.0,True,63479.80999873516,6.347980999873516,2.697213419786651,9245,0.9245,0,494,0.1315806781463036,8556.28609743997,RandomAgent,16510.131482887344,EpsilonGreedyAgent,15367.861790400148,UCB_BaselineAgent,12651.769187292999,RiskAverseEpsilonGreedyAgent,10393.761440714698,RiskAverseUCBAgent
cb_transparent_threshold3_halt3,circuit_breaker,10,10000,5,5,3,3,0.0,True,63934.36649289591,6.393436649289591,2.6170387272252884,9195,0.9195,0,422,0.13483117048779603,8648.343560245969,RandomAgent,14852.981788504581,EpsilonGreedyAgent,17202.800589743114,UCB_BaselineAgent,12819.20837848557,RiskAverseEpsilonGreedyAgent,10411.032175916676,RiskAverseUCBAgent
cb_transparent_threshold3_halt3,circuit_breaker,11,10000,5,5,3,3,0.0,True,64185.243451331975,6.418524345133197,2.6684941230162127,9178,0.9178,0,388,0.1324675828130788,8588.018424957836,RandomAgent,16665.2174086017,EpsilonGreedyAgent,15516.515516221307,UCB_BaselineAgent,10414.753352841686,RiskAverseEpsilonGreedyAgent,13000.738748709446,RiskAverseUCBAgent
cb_transparent_threshold3_halt3,circuit_breaker,12,10000,5,5,3,3,0.0,True,63918.49427454257,6.391849427454257,2.6746821696718386,9178,0.9178,0,431,0.1309874124681829,8629.400269493284,RandomAgent,12703.32555242353,EpsilonGreedyAgent,15685.304429132035,UCB_BaselineAgent,16468.418522686672,RiskAverseEpsilonGreedyAgent,10432.04550080705,RiskAverseUCBAgent
cb_transparent_threshold3_halt3,circuit_breaker,13,10000,5,5,3,3,0.0,True,63940.19842301551,6.39401984230155,2.676107368244478,9198,0.9198,0,495,0.1294229871647392,8720.442580429795,RandomAgent,15408.911484045497,EpsilonGreedyAgent,12847.794634630902,UCB_BaselineAgent,16561.11736675182,RiskAverseEpsilonGreedyAgent,10401.932357157491,RiskAverseUCBAgent
cb_transparent_threshold3_halt3,circuit_breaker,14,10000,5,5,3,3,0.0,True,64140.93522178448,6.414093522178448,2.6635412669482856,9201,0.9201,0,452,0.1391248115221082,8521.24149542291,RandomAgent,15292.81417543078,EpsilonGreedyAgent,17232.840602335447,UCB_BaselineAgent,12687.015368295764,RiskAverseEpsilonGreedyAgent,10407.023580299578,RiskAverseUCBAgent
cb_transparent_threshold3_halt3,circuit_breaker,15,10000,5,5,3,3,0.0,True,63301.44035919773,6.330144035919774,2.711949733931402,9242,0.9242,0,453,0.12903353391305816,8595.52059440878,RandomAgent,16402.415940352646,EpsilonGreedyAgent,15194.920272072448,UCB_BaselineAgent,12719.893966738573,RiskAverseEpsilonGreedyAgent,10388.689585625287,RiskAverseUCBAgent
cb_transparent_threshold3_halt3,circuit_breaker,16,10000,5,5,3,3,0.0,True,63149.52895443427,6.314952895443427,2.6431396455695157,9046,0.9046,0,355,0.14184443956197113,8660.441745440812,RandomAgent,16677.286932283183,EpsilonGreedyAgent,15663.493159552861,UCB_BaselineAgent,9303.659675377105,RiskAverseEpsilonGreedyAgent,12844.647441780307,RiskAverseUCBAgent
cb_transparent_threshold3_halt3,circuit_breaker,17,10000,5,5,3,3,0.0,True,62006.54492776061,6.200654492776061,2.5564267163089833,9478,0.9478,0,588,0.12527087512493118,8845.93452004988,RandomAgent,16509.071625241468,EpsilonGreedyAgent,14572.498801363967,UCB_BaselineAgent,10479.737645312307,RiskAverseEpsilonGreedyAgent,11599.302335792989,RiskAverseUCBAgent
cb_transparent_threshold3_halt3,circuit_breaker,18,10000,5,5,3,3,0.0,True,64053.96043081732,6.4053960430817325,2.6626330903163415,8988,0.8988,0,407,0.13561696950914426,8543.334576559138,RandomAgent,16847.488111653078,EpsilonGreedyAgent,15418.712893355263,UCB_BaselineAgent,10310.00996682793,RiskAverseEpsilonGreedyAgent,12934.41488242191,RiskAverseUCBAgent
cb_transparent_threshold3_halt3,circuit_breaker,19,10000,5,5,3,3,0.0,True,64136.6068402974,6.41366068402974,2.6816009787903887,9158,0.9158,0,419,0.13083930343857086,8638.731933567491,RandomAgent,16544.981066355012,EpsilonGreedyAgent,15582.74267868627,UCB_BaselineAgent,10416.268534516375,RiskAverseEpsilonGreedyAgent,12953.88262717225,RiskAverseUCBAgent
cb_transparent_threshold3_halt3,circuit_breaker,20,10000,5,5,3,3,0.0,True,64340.69729158534,6.434069729158534,2.6215168879233612,9035,0.9035,0,412,0.13585828847060788,8655.62858131233,RandomAgent,15237.470423108767,EpsilonGreedyAgent,17190.763492950413,UCB_BaselineAgent,12802.137080429551,RiskAverseEpsilonGreedyAgent,10454.697713784275,RiskAverseUCBAgent
cb_transparent_threshold3_halt3,circuit_breaker,21,10000,5,5,3,3,0.0,True,62859.03315955146,6.285903315955146,2.657188706271151,9631,0.9631,0,734,0.12849893434261728,8583.904780675786,RandomAgent,14999.887629012936,EpsilonGreedyAgent,10203.734402893015,UCB_BaselineAgent,12789.029710841894,RiskAverseEpsilonGreedyAgent,16282.47663612783,RiskAverseUCBAgent
cb_transparent_threshold3_halt3,circuit_breaker,22,10000,5,5,3,3,0.0,True,64402.484886765014,6.4402484886765015,2.6367361202376225,9110,0.911,0,377,0.13606538425787318,8604.033593130525,RandomAgent,15251.613420876649,EpsilonGreedyAgent,17166.45939363529,UCB_BaselineAgent,10469.092888687308,RiskAverseEpsilonGreedyAgent,12911.28559043524,RiskAverseUCBAgent
cb_transparent_threshold3_halt3,circuit_breaker,23,10000,5,5,3,3,0.0,True,63964.71929154493,6.396471929154493,2.6689924779360106,9182,0.9182,0,411,0.13381358738980054,8554.01267419989,RandomAgent,12792.355534663064,EpsilonGreedyAgent,15448.875127509376,UCB_BaselineAgent,10427.143434165608,RiskAverseEpsilonGreedyAgent,16742.332521006992,RiskAverseUCBAgent
cb_transparent_threshold3_halt3,circuit_breaker,24,10000,5,5,3,3,0.0,True,63802.5673672426,6.3802567367242595,2.674499965086377,9178,0.9178,0,404,0.1317397032044798,8630.96665995904,RandomAgent,12849.697635171251,EpsilonGreedyAgent,15309.634069724116,UCB_BaselineAgent,16659.298824731035,RiskAverseEpsilonGreedyAgent,10352.970177657155,RiskAverseUCBAgent
cb_transparent_threshold3_halt3,circuit_breaker,25,10000,5,5,3,3,0.0,True,64247.6827215404,6.42476827215404,2.6426261072254915,9133,0.9133,0,446,0.1323528775819529,8579.670940276177,RandomAgent,16593.792209179024,EpsilonGreedyAgent,15697.217090025371,UCB_BaselineAgent,10467.045412410596,RiskAverseEpsilonGreedyAgent,12909.957069649226,RiskAverseUCBAgent
cb_transparent_threshold3_halt3,circuit_breaker,26,10000,5,5,3,3,0.0,True,63782.61578211461,6.378261578211461,2.630291895223337,9293,0.9293,0,507,0.13834089004343175,8518.07181045176,RandomAgent,15108.12213646556,EpsilonGreedyAgent,17174.06949552509,UCB_BaselineAgent,12621.594424549907,RiskAverseEpsilonGreedyAgent,10360.757915122294,RiskAverseUCBAgent
cb_transparent_threshold3_halt3,circuit_breaker,27,10000,5,5,3,3,0.0,True,64331.691792924634,6.433169179292463,2.6752039253823585,9034,0.9034,0,406,0.13287074221476147,8583.828109077165,RandomAgent,16690.0742458845,EpsilonGreedyAgent,15616.779649729995,UCB_BaselineAgent,10459.772832201723,RiskAverseEpsilonGreedyAgent,12981.23695603125,RiskAverseUCBAgent
cb_transparent_threshold3_halt3,circuit_breaker,28,10000,5,5,3,3,0.0,True,64191.51993747844,6.419151993747844,2.655617706921853,9143,0.9143,0,399,0.13233055732082843,8596.00605341807,RandomAgent,16694.32099159599,EpsilonGreedyAgent,15474.174825776594,UCB_BaselineAgent,10434.555680638454,RiskAverseEpsilonGreedyAgent,12992.462386049338,RiskAverseUCBAgent
cb_transparent_threshold3_halt3,circuit_breaker,29,10000,5,5,3,3,0.0,True,64006.31284733584,6.400631284733584,2.651594531019966,8982,0.8982,0,421,0.1373666632481727,8691.383980971485,RandomAgent,15228.786134616466,EpsilonGreedyAgent,13029.194981426883,UCB_BaselineAgent,9993.026538890867,RiskAverseEpsilonGreedyAgent,17063.92121143014,RiskAverseUCBAgent
cb_opaque_threshold3_halt5,circuit_breaker,0,10000,5,5,3,5,0.0,False,63582.18905638734,6.358218905638734,2.6836309882087312,8792,0.8792,1299,286,0.13815650011757152,8418.493215859977,RandomAgent,15346.975520171089,EpsilonGreedyAgent,16870.47618989231,UCB_BaselineAgent,10290.20969362519,RiskAverseEpsilonGreedyAgent,12656.034436838774,RiskAverseUCBAgent
cb_opaque_threshold3_halt5,circuit_breaker,1,10000,5,5,3,5,0.0,False,62851.79581081774,6.285179581081774,2.6574078254424083,8858,0.8858,1303,280,0.13464349868194736,8483.326431277988,RandomAgent,14813.803816830534,EpsilonGreedyAgent,16760.347797578113,UCB_BaselineAgent,12582.935431729971,RiskAverseEpsilonGreedyAgent,10211.382333401136,RiskAverseUCBAgent
cb_opaque_threshold3_halt5,circuit_breaker,2,10000,5,5,3,5,0.0,False,63313.57843093198,6.331357843093198,2.690468875272928,8873,0.8873,1176,277,0.13688445046950592,8495.337915887209,RandomAgent,16574.151227929928,EpsilonGreedyAgent,15568.355110443978,UCB_BaselineAgent,12616.363419081687,RiskAverseEpsilonGreedyAgent,10059.370757589177,RiskAverseUCBAgent
cb_opaque_threshold3_halt5,circuit_breaker,3,10000,5,5,3,5,0.0,False,63594.231331630515,6.359423133163052,2.6726364079517215,8766,0.8766,1254,274,0.13811401274275226,8444.039932438704,RandomAgent,16708.79820346703,EpsilonGreedyAgent,15671.300063554867,UCB_BaselineAgent,10242.680414355656,RiskAverseEpsilonGreedyAgent,12527.412717814257,RiskAverseUCBAgent
cb_opaque_threshold3_halt5,circuit_breaker,4,10000,5,5,3,5,0.0,False,62478.17316818112,6.247817316818113,2.6673846811526514,8858,0.8858,1296,299,0.13096713925609738,8559.373423288613,RandomAgent,12279.723228544386,EpsilonGreedyAgent,14884.686951628302,UCB_BaselineAgent,16481.639491376027,RiskAverseEpsilonGreedyAgent,10272.75007334379,RiskAverseUCBAgent
cb_opaque_threshold3_halt5,circuit_breaker,5,10000,5,5,3,5,0.0,False,63479.99851307509,6.347999851307509,2.6408668325416786,8872,0.8872,1255,278,0.1380305395520749,8486.936624444254,RandomAgent,15180.046857677315,EpsilonGreedyAgent,16935.51579767094,UCB_BaselineAgent,10171.759090319065,RiskAverseEpsilonGreedyAgent,12705.740142963508,RiskAverseUCBAgent
cb_opaque_threshold3_halt5,circuit_breaker,6,10000,5,5,3,5,0.0,False,63391.75871364271,6.339175871364271,2.6913685503250067,8746,0.8746,1222,287,0.13890246983444565,8499.128854172832,RandomAgent,15219.328656330295,EpsilonGreedyAgent,16998.12615157829,UCB_BaselineAgent,12471.031431605577,RiskAverseEpsilonGreedyAgent,10204.143619955716,RiskAverseUCBAgent
cb_opaque_threshold3_halt5,circuit_breaker,7,10000,5,5,3,5,0.0,False,63337.83330627715,6.333783330627715,2.678094402299738,8849,0.8849,1292,272,0.134493158853644,8351.637436879777,RandomAgent,12722.143060085971,EpsilonGreedyAgent,15357.433086948999,UCB_BaselineAgent,10390.378155715796,RiskAverseEpsilonGreedyAgent,16516.241566646604,RiskAverseUCBAgent
cb_opaque_threshold3_halt5,circuit_breaker,8,10000,5,5,3,5,0.0,False,61504.47962453285,6.150447962453285,2.661762880750614,8877,0.8877,1301,285,0.1397725435307735,8603.695483010404,RandomAgent,16535.193448481634,EpsilonGreedyAgent,14915.575783890179,UCB_BaselineAgent,9286.97782568866,RiskAverseEpsilonGreedyAgent,12163.037083461973,RiskAverseUCBAgent
cb_opaque_threshold3_halt5,circuit_breaker,9,10000,5,5,3,5,0.0,False,63132.809154411116,6.313280915441111,2.6675427581484956,8882,0.8882,1295,302,0.13826314251381033,8449.789790415962,RandomAgent,15260.895522639754,EpsilonGreedyAgent,16797.188610277204,UCB_BaselineAgent,12491.593542249777,RiskAverseEpsilonGreedyAgent,10133.341688828421,RiskAverseUCBAgent
cb_opaque_threshold3_halt5,circuit_breaker,10,10000,5,5,3,5,0.0,False,62567.379952514646,6.256737995251465,2.6761793880225913,8875,0.8875,1245,295,0.1313448809273603,8484.995307782747,RandomAgent,14766.515416372,EpsilonGreedyAgent,12606.491651032758,UCB_BaselineAgent,16485.87181700684,RiskAverseEpsilonGreedyAgent,10223.505760320299,RiskAverseUCBAgent
cb_opaque_threshold3_halt5,circuit_breaker,11,10000,5,5,3,5,0.0,False,62582.48700063124,6.258248700063124,2.6861437991812447,8855,0.8855,1385,315,0.13410377604776236,8461.014594517657,RandomAgent,16518.041974553504,EpsilonGreedyAgent,15002.451444859924,UCB_BaselineAgent,12465.84233488017,RiskAverseEpsilonGreedyAgent,10135.136651819988,RiskAverseUCBAgent
cb_opaque_threshold3_halt5,circuit_breaker,12,10000,5,5,3,5,0.0,False,62906.32986343281,6.290632986343281,2.6634513586500606,8936,0.8936,1315,298,0.12635456164260384,8551.828863850782,RandomAgent,15901.506417691535,EpsilonGreedyAgent,15549.757118964699,UCB_BaselineAgent,12525.379572377262,RiskAverseEpsilonGreedyAgent,10377.857890548532,RiskAverseUCBAgent
cb_opaque_threshold3_halt5,circuit_breaker,13,10000,5,5,3,5,0.0,False,62739.95433227934,6.273995433227934,2.697702154365904,8818,0.8818,1410,301,0.13202902314750098,8464.62991618869,RandomAgent,16455.46527348601,EpsilonGreedyAgent,14999.336826111858,UCB_BaselineAgent,10272.270333682342,RiskAverseEpsilonGreedyAgent,12548.251982810441,RiskAverseUCBAgent
cb_opaque_threshold3_halt5,circuit_breaker,14,10000,5,5,3,5,0.0,False,63198.564060226185,6.319856406022619,2.650053718120337,8795,0.8795,1292,289,0.13648745820960118,8497.294727562028,RandomAgent,14867.7550805818,EpsilonGreedyAgent,16934.735596289127,UCB_BaselineAgent,12720.670265449544,RiskAverseEpsilonGreedyAgent,10178.108390343687,RiskAverseUCBAgent
cb_opaque_threshold3_halt5,circuit_breaker,15,10000,5,5,3,5,0.0,False,62246.07626010197,6.224607626010196,2.6542959377577744,8889,0.8889,1178,290,0.1281037355104031,8535.301812260574,RandomAgent,14775.565650848537,EpsilonGreedyAgent,12457.092105583943,UCB_BaselineAgent,16236.013963180916,RiskAverseEpsilonGreedyAgent,10242.102728227996,RiskAverseUCBAgent
cb_opaque_threshold3_halt5,circuit_breaker,16,10000,5,5,3,5,0.0,False,62847.71856815403,6.284771856815403,2.6444530728612254,8865,0.8865,1236,268,0.13563938321980662,8431.968214704353,RandomAgent,14787.096995919495,EpsilonGreedyAgent,16818.653614053113,UCB_BaselineAgent,10248.903336226043,RiskAverseEpsilonGreedyAgent,12561.096407251025,RiskAverseUCBAgent
cb_opaque_threshold3_halt5,circuit_breaker,17,10000,5,5,3,5,0.0,False,63453.634234260826,6.3453634234260825,2.6653346582562762,8889,0.8889,1319,308,0.13370916225432583,8653.981498622052,RandomAgent,12496.352286132704,EpsilonGreedyAgent,15465.642256570965,UCB_BaselineAgent,16630.269874082263,RiskAverseEpsilonGreedyAgent,10207.388318852843,RiskAverseUCBAgent
cb_opaque_threshold3_halt5,circuit_breaker,18,10000,5,5,3,5,0.0,False,62213.890119671574,6.221389011967157,2.705784416789434,8819,0.8819,1421,314,0.1378597702996791,8580.562477916192,RandomAgent,16558.78508475813,EpsilonGreedyAgent,15110.27038180561,UCB_BaselineAgent,9624.734092120965,RiskAverseEpsilonGreedyAgent,12339.538083070676,RiskAverseUCBAgent
cb_opaque_threshold3_halt5,circuit_breaker,19,10000,5,5,3,5,0.0,False,61160.582928032134,6.1160582928032134,2.6602557252969183,8800,0.88,1303,300,0.14529163570431103,8534.430281972984,RandomAgent,14896.729273832247,EpsilonGreedyAgent,16583.11453954425,UCB_BaselineAgent,8778.794953367391,RiskAverseEpsilonGreedyAgent,12367.51387931526,RiskAverseUCBAgent
cb_opaque_threshold3_halt5,circuit_breaker,20,10000,5,5,3,5,0.0,False,63809.776394954344,6.380977639495434,2.686495103552389,8696,0.8696,1127,269,0.13549017405216945,8560.90497512084,RandomAgent,16639.45119371881,EpsilonGreedyAgent,15715.10606412074,UCB_BaselineAgent,12636.109935633222,RiskAverseEpsilonGreedyAgent,10258.204226360735,RiskAverseUCBAgent
cb_opaque_threshold3_halt5,circuit_breaker,21,10000,5,5,3,5,0.0,False,62790.284568298375,6.279028456829837,2.6839976003394956,8667,0.8667,1248,275,0.1438277103452814,8581.064064847042,RandomAgent,15036.806217351928,EpsilonGreedyAgent,17110.461293463915,UCB_BaselineAgent,9518.14352111814,RiskAverseEpsilonGreedyAgent,12543.809471517348,RiskAverseUCBAgent
cb_opaque_threshold3_halt5,circuit_breaker,22,10000,5,5,3,5,0.0,False,63272.97825484864,6.327297825484864,2.672675758951345,8695,0.8695,1235,277,0.13727883546886033,8582.129102525581,RandomAgent,15005.480486886976,EpsilonGreedyAgent,16939.35509784332,UCB_BaselineAgent,10004.830548842125,RiskAverseEpsilonGreedyAgent,12741.183018750638,RiskAverseUCBAgent
cb_opaque_threshold3_halt5,circuit_breaker,23,10000,5,5,3,5,0.0,False,63787.39481105425,6.378739481105425,2.662494090011617,8842,0.8842,1221,269,0.13324386890238404,8631.815737240146,RandomAgent,16645.628047550985,EpsilonGreedyAgent,15530.546989303844,UCB_BaselineAgent,10309.973430353723,RiskAverseEpsilonGreedyAgent,12669.430606605549,RiskAverseUCBAgent
cb_opaque_threshold3_halt5,circuit_breaker,24,10000,5,5,3,5,0.0,False,63203.406713656,6.320340671365599,2.7127490332358106,8883,0.8883,1318,280,0.13775765942679463,8374.713797597102,RandomAgent,12500.623183184478,EpsilonGreedyAgent,15389.659672665692,UCB_BaselineAgent,10250.056252068804,RiskAverseEpsilonGreedyAgent,16688.353808139924,RiskAverseUCBAgent
cb_opaque_threshold3_halt5,circuit_breaker,25,10000,5,5,3,5,0.0,False,64043.67390946299,6.404367390946299,2.643758384158452,8734,0.8734,1082,236,0.13782145122752443,8593.416969774606,RandomAgent,15253.56145204701,EpsilonGreedyAgent,17145.41872070136,UCB_BaselineAgent,10291.08475353923,RiskAverseEpsilonGreedyAgent,12760.192013400785,RiskAverseUCBAgent
cb_opaque_threshold3_halt5,circuit_breaker,26,10000,5,5,3,5,0.0,False,62985.0412457256,6.298504124572561,2.6321265615386684,8784,0.8784,1135,257,0.14316244670578415,8610.584853731574,RandomAgent,15243.858191991312,EpsilonGreedyAgent,16943.675324218613,UCB_BaselineAgent,9367.307606458338,RiskAverseEpsilonGreedyAgent,12819.615269325763,RiskAverseUCBAgent
cb_opaque_threshold3_halt5,circuit_breaker,27,10000,5,5,3,5,0.0,False,61755.929834542505,6.1755929834542505,2.62113699250865,8797,0.8797,1299,281,0.13902669041069782,8776.597953623474,RandomAgent,14528.486051894322,EpsilonGreedyAgent,16889.651180590132,UCB_BaselineAgent,9290.286160498345,RiskAverseEpsilonGreedyAgent,12270.908487936233,RiskAverseUCBAgent
cb_opaque_threshold3_halt5,circuit_breaker,28,10000,5,5,3,5,0.0,False,63126.350815323465,6.312635081532346,2.684069405403634,8797,0.8797,1256,278,0.1314705715702218,8575.342066772393,RandomAgent,16453.73266799585,EpsilonGreedyAgent,15271.959170107611,UCB_BaselineAgent,10280.59681547229,RiskAverseEpsilonGreedyAgent,12544.72009497532,RiskAverseUCBAgent
cb_opaque_threshold3_halt5,circuit_breaker,29,10000,5,5,3,5,0.0,False,62882.65565571465,6.288265565571464,2.684924769629922,8847,0.8847,1212,281,0.13405999618622433,8448.180948705216,RandomAgent,16422.053365510455,EpsilonGreedyAgent,15277.996541333237,UCB_BaselineAgent,12583.804868683925,RiskAverseEpsilonGreedyAgent,10150.619931481811,RiskAverseUCBAgent
cb_transparent_threshold3_halt5,circuit_breaker,0,10000,5,5,3,5,0.0,True,15130.191493801929,1.513019149380193,1.2581116327588555,10000,1.0,0,10000,0.00015473121082765218,3028.379411610277,RandomAgent,3025.453020547913,EpsilonGreedyAgent,3025.453020547913,UCB_BaselineAgent,3025.453020547913,RiskAverseEpsilonGreedyAgent,3025.453020547913,RiskAverseUCBAgent
cb_transparent_threshold3_halt5,circuit_breaker,1,10000,5,5,3,5,0.0,True,14896.70701961555,1.489670701961555,1.2343454281487378,10000,1.0,0,10000,0.00034335579540045735,2984.456274610678,RandomAgent,2978.0626862512177,EpsilonGreedyAgent,2978.0626862512177,UCB_BaselineAgent,2978.0626862512177,RiskAverseEpsilonGreedyAgent,2978.0626862512177,RiskAverseUCBAgent
cb_transparent_threshold3_halt5,circuit_breaker,2,10000,5,5,3,5,0.0,True,14934.7019135741,1.49347019135741,1.2105366934747022,10000,1.0,0,10000,0.0003632638409292177,2992.0209764099172,RandomAgent,2986.101038647498,EpsilonGreedyAgent,2985.5266328388943,UCB_BaselineAgent,2985.5266328388943,RiskAverseEpsilonGreedyAgent,2985.5266328388943,RiskAverseUCBAgent
cb_transparent_threshold3_halt5,circuit_breaker,3,10000,5,5,3,5,0.0,True,15088.404088969113,1.5088404088969114,1.242774214317078,10000,1.0,0,10000,0.0001978702734422022,3020.6663644367136,RandomAgent,3016.9344311330997,EpsilonGreedyAgent,3016.9344311330997,UCB_BaselineAgent,3016.9344311330997,RiskAverseEpsilonGreedyAgent,3016.9344311330997,RiskAverseUCBAgent
cb_transparent_threshold3_halt5,circuit_breaker,4,10000,5,5,3,5,0.0,True,15201.314568660353,1.5201314568660353,1.2516605019124065,10000,1.0,0,10000,5.794329792108144e-05,3041.1437280309137,RandomAgent,3040.0427101573596,EpsilonGreedyAgent,3040.0427101573596,UCB_BaselineAgent,3040.0427101573596,RiskAverseEpsilonGreedyAgent,3040.0427101573596,RiskAverseUCBAgent
cb_transparent_threshold3_halt5,circuit_breaker,5,10000,5,5,3,5,0.0,True,15096.187826234762,1.5096187826234762,1.2144985881848454,10000,1.0,0,10000,4.3924163598108024e-05,3019.9006526707412,RandomAgent,3019.071793391005,EpsilonGreedyAgent,3019.071793391005,UCB_BaselineAgent,3019.071793391005,RiskAverseEpsilonGreedyAgent,3019.071793391005,RiskAverseUCBAgent
cb_transparent_threshold3_halt5,circuit_breaker,6,10000,5,5,3,5,0.0,True,15157.024379163498,1.51570243791635,1.2607216277307631,10000,1.0,0,10000,3.8553090210724505e-05,3031.9892259609146,RandomAgent,3031.258788300646,EpsilonGreedyAgent,3031.258788300646,UCB_BaselineAgent,3031.258788300646,RiskAverseEpsilonGreedyAgent,3031.258788300646,RiskAverseUCBAgent
cb_transparent_threshold3_halt5,circuit_breaker,7,10000,5,5,3,5,0.0,True,14949.353417222086,1.4949353417222087,1.2163486743164171,10000,1.0,0,10000,0.00023839230187805427,2991.1955082285203,RandomAgent,2988.7335332537623,EpsilonGreedyAgent,2988.7335332537623,UCB_BaselineAgent,2991.957309232279,RiskAverseEpsilonGreedyAgent,2988.7335332537623,RiskAverseUCBAgent
cb_transparent_threshold3_halt5,circuit_breaker,8,10000,5,5,3,5,0.0,True,14984.60684676999,1.498460684676999,1.236824868033348,10000,1.0,0,10000,8.593987545113535e-05,2998.209144600094,RandomAgent,2996.599425542474,EpsilonGreedyAgent,2996.599425542474,UCB_BaselineAgent,2996.599425542474,RiskAverseEpsilonGreedyAgent,2996.599425542474,RiskAverseUCBAgent
cb_transparent_threshold3_halt5,circuit_breaker,9,10000,5,5,3,5,0.0,True,15027.260206926614,1.5027260206926614,1.2372605667087415,10000,1.0,0,10000,0.00039358266494038396,3011.3665105043187,RandomAgent,3003.973424105574,EpsilonGreedyAgent,3003.973424105574,UCB_BaselineAgent,3003.973424105574,RiskAverseEpsilonGreedyAgent,3003.973424105574,RiskAverseUCBAgent
cb_transparent_threshold3_halt5,circuit_breaker,10,10000,5,5,3,5,0.0,True,15024.320314534765,1.5024320314534765,1.2200769399456517,10000,1.0,0,10000,0.0002441734065581347,3004.5568813270643,RandomAgent,3008.1259668538946,EpsilonGreedyAgent,3003.8791554512686,UCB_BaselineAgent,3003.8791554512686,RiskAverseEpsilonGreedyAgent,3003.8791554512686,RiskAverseUCBAgent
cb_transparent_threshold3_halt5,circuit_breaker,11,10000,5,5,3,5,0.0,True,15075.82578190003,1.507582578190003,1.244653995497696,10000,1.0,0,10000,0.00014141284048596603,3017.297071726495,RandomAgent,3014.632177543384,EpsilonGreedyAgent,3014.632177543384,UCB_BaselineAgent,3014.632177543384,RiskAverseEpsilonGreedyAgent,3014.632177543384,RiskAverseUCBAgent
cb_transparent_threshold3_halt5,circuit_breaker,12,10000,5,5,3,5,0.0,True,15112.032691467155,1.5112032691467154,1.222001268533565,10000,1.0,0,10000,0.00012699902111057426,3020.4873249346233,RandomAgent,3022.886341633133,EpsilonGreedyAgent,3022.886341633133,UCB_BaselineAgent,3022.886341633133,RiskAverseEpsilonGreedyAgent,3022.886341633133,RiskAverseUCBAgent
cb_transparent_threshold3_halt5,circuit_breaker,13,10000,5,5,3,5,0.0,True,14871.174508090728,1.4871174508090728,1.221798691651542,10000,1.0,0,10000,0.00014649986616821487,2976.413526693345,RandomAgent,2973.690245349346,EpsilonGreedyAgent,2973.690245349346,UCB_BaselineAgent,2973.690245349346,RiskAverseEpsilonGreedyAgent,2973.690245349346,RiskAverseUCBAgent
cb_transparent_threshold3_halt5,circuit_breaker,14,10000,5,5,3,5,0.0,True,14919.033357052951,1.491903335705295,1.228002554663445,10000,1.0,0,10000,0.00021550320534102774,2986.294598798025,RandomAgent,2982.881701179732,EpsilonGreedyAgent,2982.881701179732,UCB_BaselineAgent,2984.0936547157307,RiskAverseEpsilonGreedyAgent,2982.881701179732,RiskAverseUCBAgent
cb_transparent_threshold3_halt5,circuit_breaker,15,10000,5,5,3,5,0.0,True,14975.884428930121,1.4975884428930122,1.2045911558762943,10000,1.0,0,10000,0.00015071624108564663,2997.4339947940844,RandomAgent,2994.6126085340093,EpsilonGreedyAgent,2994.6126085340093,UCB_BaselineAgent,2994.6126085340093,RiskAverseEpsilonGreedyAgent,2994.6126085340093,RiskAverseUCBAgent
cb_transparent_threshold3_halt5,circuit_breaker,16,10000,5,5,3,5,0.0,True,14988.762328929131,1.498876232892913,1.2188243108040766,10000,1.0,0,10000,0.00010653054538578566,2999.349226811382,RandomAgent,2997.3532755294373,EpsilonGreedyAgent,2997.3532755294373,UCB_BaselineAgent,2997.3532755294373,RiskAverseEpsilonGreedyAgent,2997.3532755294373,RiskAverseUCBAgent
cb_transparent_threshold3_halt5,circuit_breaker,17,10000,5,5,3,5,0.0,True,14809.445541723147,1.4809445541723147,1.221515706001024,10000,1.0,0,10000,0.0002616944284574707,2964.9514734178124,RandomAgent,2960.7846902789884,EpsilonGreedyAgent,2960.7846902789884,UCB_BaselineAgent,2962.1399974683704,RiskAverseEpsilonGreedyAgent,2960.7846902789884,RiskAverseUCBAgent
cb_transparent_threshold3_halt5,circuit_breaker,18,10000,5,5,3,5,0.0,True,14883.413088264086,1.4883413088264086,1.244231544940073,10000,1.0,0,10000,0.0002058770040389568,2979.746770149304,RandomAgent,2975.9165795286954,EpsilonGreedyAgent,2975.9165795286954,UCB_BaselineAgent,2975.9165795286954,RiskAverseEpsilonGreedyAgent,2975.9165795286954,RiskAverseUCBAgent
cb_transparent_threshold3_halt5,circuit_breaker,19,10000,5,5,3,5,0.0,True,15070.247000105586,1.5070247000105585,1.2339604840651115,10000,1.0,0,10000,0.00018789243765238162,3016.8809854659903,RandomAgent,3013.341503659899,EpsilonGreedyAgent,3013.341503659899,UCB_BaselineAgent,3013.341503659899,RiskAverseEpsilonGreedyAgent,3013.341503659899,RiskAverseUCBAgent
cb_transparent_threshold3_halt5,circuit_breaker,20,10000,5,5,3,5,0.0,True,15028.004983113158,1.502800498311316,1.2298666599572048,10000,1.0,0,10000,0.0003254646239017056,3009.3060698998647,RandomAgent,3006.157241694058,EpsilonGreedyAgent,3004.180557173079,UCB_BaselineAgent,3004.180557173079,RiskAverseEpsilonGreedyAgent,3004.180557173079,RiskAverseUCBAgent
cb_transparent_threshold3_halt5,circuit_breaker,21,10000,5,5,3,5,0.0,True,15249.188126746227,1.5249188126746227,1.2429059005562808,10000,1.0,0,10000,0.00010702666889805812,3050.9185716814745,RandomAgent,3050.256293111657,EpsilonGreedyAgent,3049.337753984365,UCB_BaselineAgent,3049.337753984365,RiskAverseEpsilonGreedyAgent,3049.337753984365,RiskAverseUCBAgent
cb_transparent_threshold3_halt5,circuit_breaker,22,10000,5,5,3,5,0.0,True,14966.997230980003,1.4966997230980004,1.2202656172041808,10001,1.0001,0,10000,0.00016505762131191482,2994.3001290094953,RandomAgent,2992.613143394188,EpsilonGreedyAgent,2992.613143394188,UCB_BaselineAgent,2994.857671787945,RiskAverseEpsilonGreedyAgent,2992.613143394188,RiskAverseUCBAgent
cb_transparent_threshold3_halt5,circuit_breaker,23,10000,5,5,3,5,0.0,True,14921.246702819251,1.492124670281925,1.2330207233459949,10000,1.0,0,10000,0.0002682400895195336,2987.9503251262945,RandomAgent,2983.1984727612125,EpsilonGreedyAgent,2983.1984727612125,UCB_BaselineAgent,2983.7009594093192,RiskAverseEpsilonGreedyAgent,2983.1984727612125,RiskAverseUCBAgent
cb_transparent_threshold3_halt5,circuit_breaker,24,10000,5,5,3,5,0.0,True,15183.671635982673,1.5183671635982674,1.2359689029800114,10000,1.0,0,10000,0.00015090805414041952,3039.025665537827,RandomAgent,3036.1614926112115,EpsilonGreedyAgent,3036.1614926112115,UCB_BaselineAgent,3036.1614926112115,RiskAverseEpsilonGreedyAgent,3036.1614926112115,RiskAverseUCBAgent
cb_transparent_threshold3_halt5,circuit_breaker,25,10000,5,5,3,5,0.0,True,15049.742260088497,1.5049742260088497,1.241029080177986,10002,1.0002,0,10000,0.00045129720707404175,3015.801179154961,RandomAgent,3008.0939454367585,EpsilonGreedyAgent,3008.0939454367585,UCB_BaselineAgent,3009.6592446232594,RiskAverseEpsilonGreedyAgent,3008.0939454367585,RiskAverseUCBAgent
cb_transparent_threshold3_halt5,circuit_breaker,26,10000,5,5,3,5,0.0,True,14858.18298359916,1.485818298359916,1.2243016326740574,10000,1.0,0,10000,0.00033992251390801975,2976.0545520101923,RandomAgent,2971.322952424158,EpsilonGreedyAgent,2970.2684930549362,UCB_BaselineAgent,2970.2684930549362,RiskAverseEpsilonGreedyAgent,2970.2684930549362,RiskAverseUCBAgent
cb_transparent_threshold3_halt5,circuit_breaker,27,10000,5,5,3,5,0.0,True,15097.830944386656,1.5097830944386657,1.2303099486666575,10000,1.0,0,10000,0.00019278628240360085,3021.9759904941375,RandomAgent,3018.7550496884132,EpsilonGreedyAgent,3018.7550496884132,UCB_BaselineAgent,3019.58980482728,RiskAverseEpsilonGreedyAgent,3018.7550496884132,RiskAverseUCBAgent
cb_transparent_threshold3_halt5,circuit_breaker,28,10000,5,5,3,5,0.0,True,15157.3567649824,1.51573567649824,1.2367864003070652,10001,1.0001,0,10000,0.00010441410426142994,3032.403993840337,RandomAgent,3030.9673590414627,EpsilonGreedyAgent,3030.9673590414627,UCB_BaselineAgent,3032.050694017674,RiskAverseEpsilonGreedyAgent,3030.9673590414627,RiskAverseUCBAgent
cb_transparent_threshold3_halt5,circuit_breaker,29,10000,5,5,3,5,0.0,True,15146.521244293479,1.5146521244293478,1.2403860224671983,10002,1.0002,0,10000,0.0004153197974117173,3034.4432423456037,RandomAgent,3029.459071296676,EpsilonGreedyAgent,3027.5396435503994,UCB_BaselineAgent,3027.5396435503994,RiskAverseEpsilonGreedyAgent,3027.5396435503994,RiskAverseUCBAgent
cb_opaque_threshold4_halt1,circuit_breaker,0,10000,5,5,4,1,0.0,False,65370.90867386446,6.537090867386446,2.643504401699835,8792,0.8792,0,4,0.1371953617084971,8754.855375867332,RandomAgent,15547.195042973794,EpsilonGreedyAgent,17429.52380582855,UCB_BaselineAgent,10475.068251086303,RiskAverseEpsilonGreedyAgent,13164.266198108486,RiskAverseUCBAgent
cb_opaque_threshold4_halt1,circuit_breaker,1,10000,5,5,4,1,0.0,False,64546.07819668572,6.4546078196685714,2.6759310965511443,8835,0.8835,0,6,0.13479119475323675,8682.445847739442,RandomAgent,16914.706365173075,EpsilonGreedyAgent,15693.392642578025,UCB_BaselineAgent,12848.227155667655,RiskAverseEpsilonGreedyAgent,10407.306185527523,RiskAverseUCBAgent
cb_opaque_threshold4_halt1,circuit_breaker,2,10000,5,5,4,1,0.0,False,64875.56763920343,6.487556763920343,2.673211814199443,8950,0.895,0,6,0.1360436046084028,8766.708016569693,RandomAgent,12832.155890491107,EpsilonGreedyAgent,15751.585317443452,UCB_BaselineAgent,17123.90477067627,RiskAverseEpsilonGreedyAgent,10401.213644022906,RiskAverseUCBAgent
cb_opaque_threshold4_halt1,circuit_breaker,3,10000,5,5,4,1,0.0,False,64616.00585303337,6.461600585303337,2.6242273504398095,8906,0.8906,0,8,0.13975909142288434,8687.061705544938,RandomAgent,15138.111682025183,EpsilonGreedyAgent,17595.15743196866,UCB_BaselineAgent,12818.057572111267,RiskAverseEpsilonGreedyAgent,10377.617461383323,RiskAverseUCBAgent
cb_opaque_threshold4_halt1,circuit_breaker,4,10000,5,5,4,1,0.0,False,64754.60351668442,6.475460351668442,2.669216657591303,8861,0.8861,0,4,0.1345543749588609,8621.590018856234,RandomAgent,16806.363986761062,EpsilonGreedyAgent,15858.242071341294,UCB_BaselineAgent,10445.252002410147,RiskAverseEpsilonGreedyAgent,13023.155437315685,RiskAverseUCBAgent
cb_opaque_threshold4_halt1,circuit_breaker,5,10000,5,5,4,1,0.0,False,64679.49984125886,6.4679499841258865,2.6356989661286447,8873,0.8873,0,8,0.13935479227085557,8712.096768026639,RandomAgent,15139.855745128063,EpsilonGreedyAgent,17599.344782277436,UCB_BaselineAgent,12847.346433600722,RiskAverseEpsilonGreedyAgent,10380.856112226,RiskAverseUCBAgent
cb_opaque_threshold4_halt1,circuit_breaker,6,10000,5,5,4,1,0.0,False,65045.816750189886,6.504581675018988,2.625062808609578,8758,0.8758,0,3,0.13837126166850822,8684.623636811064,RandomAgent,15317.138663645059,EpsilonGreedyAgent,17494.4386698,UCB_BaselineAgent,10435.589404667071,RiskAverseEpsilonGreedyAgent,13114.026375266689,RiskAverseUCBAgent
cb_opaque_threshold4_halt1,circuit_breaker,7,10000,5,5,4,1,0.0,False,64955.6397116732,6.49556397116732,2.66037892137948,8877,0.8877,0,6,0.13784352953056733,8679.60407275638,RandomAgent,15560.975036704207,EpsilonGreedyAgent,17314.65636022931,UCB_BaselineAgent,10446.793009717778,RiskAverseEpsilonGreedyAgent,12953.611232265524,RiskAverseUCBAgent
cb_opaque_threshold4_halt1,circuit_breaker,8,10000,5,5,4,1,0.0,False,64823.07738131672,6.482307738131672,2.66323715709017,8793,0.8793,0,6,0.14086714074415108,8580.587127465285,RandomAgent,15473.700592211373,EpsilonGreedyAgent,17471.87101931375,UCB_BaselineAgent,10427.664463550993,RiskAverseEpsilonGreedyAgent,12869.254178775318,RiskAverseUCBAgent
cb_opaque_threshold4_halt1,circuit_breaker,9,10000,5,5,4,1,0.0,False,64442.89319019976,6.444289319019975,2.6428094164451137,8896,0.8896,0,8,0.13844025340106203,8687.401314656667,RandomAgent,14781.77820566252,EpsilonGreedyAgent,17689.636139386897,UCB_BaselineAgent,12801.555833242744,RiskAverseEpsilonGreedyAgent,10482.521697250924,RiskAverseUCBAgent
cb_opaque_threshold4_halt1,circuit_breaker,10,10000,5,5,4,1,0.0,False,65028.95175458397,6.502895175458397,2.610306320428193,8857,0.8857,0,4,0.13900320416914136,8743.61749568503,RandomAgent,15274.698947120562,EpsilonGreedyAgent,17628.622177714602,UCB_BaselineAgent,12935.38646700325,RiskAverseEpsilonGreedyAgent,10446.626667060526,RiskAverseUCBAgent
cb_opaque_threshold4_halt1,circuit_breaker,11,10000,5,5,4,1,0.0,False,64191.26232057733,6.4191262320577325,2.669540837187294,8921,0.8921,0,3,0.13269855238415262,8642.44239528795,RandomAgent,16736.507067549515,EpsilonGreedyAgent,15562.663160415397,UCB_BaselineAgent,12794.076156515997,RiskAverseEpsilonGreedyAgent,10455.573540808466,RiskAverseUCBAgent
cb_opaque_threshold4_halt1,circuit_breaker,12,10000,5,5,4,1,0.0,False,64514.34410892778,6.4514344108927775,2.65119967230025,8879,0.8879,0,7,0.1358493073931042,8615.6327321304,RandomAgent,16869.469941778007,EpsilonGreedyAgent,15805.077978136136,UCB_BaselineAgent,12821.983469747462,RiskAverseEpsilonGreedyAgent,10402.17998713577,RiskAverseUCBAgent
cb_opaque_threshold4_halt1,circuit_breaker,13,10000,5,5,4,1,0.0,False,64633.16634323992,6.463316634323992,2.6317645210627543,8849,0.8849,0,6,0.1380327719519987,8664.379955214306,RandomAgent,15171.007647529954,EpsilonGreedyAgent,17465.655643801598,UCB_BaselineAgent,12862.301847969611,RiskAverseEpsilonGreedyAgent,10469.821248724451,RiskAverseUCBAgent
cb_opaque_threshold4_halt1,circuit_breaker,14,10000,5,5,4,1,0.0,False,65081.423132107484,6.508142313210748,2.649466379590498,8896,0.8896,0,5,0.13978695365537552,8697.230884039589,RandomAgent,15403.932942014662,EpsilonGreedyAgent,17601.243419220493,UCB_BaselineAgent,12910.892572440756,RiskAverseEpsilonGreedyAgent,10468.123314391985,RiskAverseUCBAgent
cb_opaque_threshold4_halt1,circuit_breaker,15,10000,5,5,4,1,0.0,False,64422.91218663559,6.442291218663559,2.674053007173696,8936,0.8936,0,9,0.13461033055037563,8646.494154052218,RandomAgent,12743.578107200627,EpsilonGreedyAgent,15777.498188841639,UCB_BaselineAgent,16816.935205652004,RiskAverseEpsilonGreedyAgent,10438.406530889108,RiskAverseUCBAgent
cb_opaque_threshold4_halt1,circuit_breaker,16,10000,5,5,4,1,0.0,False,64645.789543373445,6.464578954337345,2.6637644556760383,8938,0.8938,0,7,0.1399730243351025,8539.690917604623,RandomAgent,10435.85491206595,EpsilonGreedyAgent,15630.90178567749,UCB_BaselineAgent,12786.341106080868,RiskAverseEpsilonGreedyAgent,17253.00082194451,RiskAverseUCBAgent
cb_opaque_threshold4_halt1,circuit_breaker,17,10000,5,5,4,1,0.0,False,65723.18525976193,6.5723185259761925,2.643471064228415,8796,0.8796,0,4,0.1396651097030075,8850.389627706556,RandomAgent,15535.8068040838,EpsilonGreedyAgent,17811.099748441888,UCB_BaselineAgent,10509.137347215143,RiskAverseEpsilonGreedyAgent,13016.75173231455,RiskAverseUCBAgent
cb_opaque_threshold4_halt1,circuit_breaker,18,10000,5,5,4,1,0.0,False,65088.95813223102,6.508895813223102,2.639695958545536,8816,0.8816,0,5,0.1416725916231938,8604.900644730726,RandomAgent,15360.016751506355,EpsilonGreedyAgent,17694.919099639035,UCB_BaselineAgent,10486.750199706186,RiskAverseEpsilonGreedyAgent,12942.371436648717,RiskAverseUCBAgent
cb_opaque_threshold4_halt1,circuit_breaker,19,10000,5,5,4,1,0.0,False,64131.67308020406,6.413167308020406,2.6831692481867186,8915,0.8915,0,13,0.12807042529163293,8807.886418163665,RandomAgent,15239.655316310349,EpsilonGreedyAgent,12960.916799030565,UCB_BaselineAgent,16677.586227276897,RiskAverseEpsilonGreedyAgent,10445.628319422587,RiskAverseUCBAgent
cb_opaque_threshold4_halt1,circuit_breaker,20,10000,5,5,4,1,0.0,False,64719.65420142661,6.471965420142661,2.6797172377980996,8836,0.8836,0,8,0.1324809295044258,8724.779577438423,RandomAgent,16762.868794091926,EpsilonGreedyAgent,15854.070469185968,UCB_BaselineAgent,12882.986322742388,RiskAverseEpsilonGreedyAgent,10494.949037967905,RiskAverseUCBAgent
cb_opaque_threshold4_halt1,circuit_breaker,21,10000,5,5,4,1,0.0,False,65306.77679172168,6.530677679172168,2.6859291735330375,8750,0.875,0,4,0.13518943769733482,8730.098047925834,RandomAgent,17007.368503650683,EpsilonGreedyAgent,16010.657344993951,UCB_BaselineAgent,10493.232175698155,RiskAverseEpsilonGreedyAgent,13065.420719453052,RiskAverseUCBAgent
cb_opaque_threshold4_halt1,circuit_breaker,22,10000,5,5,4,1,0.0,False,64740.8057380286,6.474080573802859,2.6446932373211407,8846,0.8846,0,11,0.13253714389737303,8737.06945251195,RandomAgent,16833.372185228865,EpsilonGreedyAgent,15700.92472268114,UCB_BaselineAgent,10442.126472782558,RiskAverseEpsilonGreedyAgent,13027.312904824083,RiskAverseUCBAgent
cb_opaque_threshold4_halt1,circuit_breaker,23,10000,5,5,4,1,0.0,False,64372.70102459081,6.437270102459081,2.671822414962477,9114,0.9114,0,5,0.12479568309454225,8845.455673159438,RandomAgent,16318.254115953992,EpsilonGreedyAgent,15762.948994536404,UCB_BaselineAgent,12821.08435332683,RiskAverseEpsilonGreedyAgent,10624.957887614144,RiskAverseUCBAgent
cb_opaque_threshold4_halt1,circuit_breaker,24,10000,5,5,4,1,0.0,False,64464.372666979034,6.446437266697903,2.630887409643902,8913,0.8913,0,3,0.13541135596557008,8625.461718862078,RandomAgent,15192.882441798158,EpsilonGreedyAgent,17152.477850898784,UCB_BaselineAgent,10423.894420107905,RiskAverseEpsilonGreedyAgent,13069.656235312113,RiskAverseUCBAgent
cb_opaque_threshold4_halt1,circuit_breaker,25,10000,5,5,4,1,0.0,False,64762.487666827845,6.476248766682785,2.641544148205734,8830,0.883,0,5,0.13554425550243088,8775.842926341455,RandomAgent,15597.814221255829,EpsilonGreedyAgent,17175.484907233047,UCB_BaselineAgent,12761.705367172372,RiskAverseEpsilonGreedyAgent,10451.64024482514,RiskAverseUCBAgent
cb_opaque_threshold4_halt1,circuit_breaker,26,10000,5,5,4,1,0.0,False,64095.525149409135,6.409552514940914,2.5705128406142603,9010,0.901,0,6,0.13696077808520446,8857.174025840779,RandomAgent,14772.056234171321,EpsilonGreedyAgent,17672.4657240376,UCB_BaselineAgent,10456.207139957804,RiskAverseEpsilonGreedyAgent,12337.62202540163,RiskAverseUCBAgent
cb_opaque_threshold4_halt1,circuit_breaker,27,10000,5,5,4,1,0.0,False,64756.419614793704,6.47564196147937,2.6499673422501364,8834,0.8834,0,8,0.1324259900810676,8685.187641260922,RandomAgent,16840.219991368638,EpsilonGreedyAgent,15643.423810196122,UCB_BaselineAgent,10514.90605642624,RiskAverseEpsilonGreedyAgent,13072.682115541786,RiskAverseUCBAgent
cb_opaque_threshold4_halt1,circuit_breaker,28,10000,5,5,4,1,0.0,False,64854.53448065599,6.4854534480655985,2.6247259275936483,8841,0.8841,0,4,0.13584286832562809,8802.49680426,RandomAgent,15035.60363433267,EpsilonGreedyAgent,17555.841113119117,UCB_BaselineAgent,10517.227282611775,RiskAverseEpsilonGreedyAgent,12943.36564633243,RiskAverseUCBAgent
cb_opaque_threshold4_halt1,circuit_breaker,29,10000,5,5,4,1,0.0,False,64737.830874549516,6.473783087454952,2.6503007515557964,8871,0.8871,0,9,0.1392798687107506,8691.896887126619,RandomAgent,15456.401151179893,EpsilonGreedyAgent,17394.164641820586,UCB_BaselineAgent,12876.122995919693,RiskAverseEpsilonGreedyAgent,10319.245198502726,RiskAverseUCBAgent
cb_transparent_threshold4_halt1,circuit_breaker,0,10000,5,5,4,1,0.0,True,65370.90867386446,6.537090867386446,2.643504401699835,8792,0.8792,0,4,0.1371953617084971,8754.855375867332,RandomAgent,15547.195042973794,EpsilonGreedyAgent,17429.52380582855,UCB_BaselineAgent,10475.068251086303,RiskAverseEpsilonGreedyAgent,13164.266198108486,RiskAverseUCBAgent
cb_transparent_threshold4_halt1,circuit_breaker,1,10000,5,5,4,1,0.0,True,64546.07819668572,6.4546078196685714,2.6759310965511443,8835,0.8835,0,6,0.13479119475323675,8682.445847739442,RandomAgent,16914.706365173075,EpsilonGreedyAgent,15693.392642578025,UCB_BaselineAgent,12848.227155667655,RiskAverseEpsilonGreedyAgent,10407.306185527523,RiskAverseUCBAgent
cb_transparent_threshold4_halt1,circuit_breaker,2,10000,5,5,4,1,0.0,True,64875.56763920343,6.487556763920343,2.673211814199443,8950,0.895,0,6,0.1360436046084028,8766.708016569693,RandomAgent,12832.155890491107,EpsilonGreedyAgent,15751.585317443452,UCB_BaselineAgent,17123.90477067627,RiskAverseEpsilonGreedyAgent,10401.213644022906,RiskAverseUCBAgent
cb_transparent_threshold4_halt1,circuit_breaker,3,10000,5,5,4,1,0.0,True,64616.00585303337,6.461600585303337,2.6242273504398095,8906,0.8906,0,8,0.13975909142288434,8687.061705544938,RandomAgent,15138.111682025183,EpsilonGreedyAgent,17595.15743196866,UCB_BaselineAgent,12818.057572111267,RiskAverseEpsilonGreedyAgent,10377.617461383323,RiskAverseUCBAgent
cb_transparent_threshold4_halt1,circuit_breaker,4,10000,5,5,4,1,0.0,True,64754.60351668442,6.475460351668442,2.669216657591303,8861,0.8861,0,4,0.1345543749588609,8621.590018856234,RandomAgent,16806.363986761062,EpsilonGreedyAgent,15858.242071341294,UCB_BaselineAgent,10445.252002410147,RiskAverseEpsilonGreedyAgent,13023.155437315685,RiskAverseUCBAgent
cb_transparent_threshold4_halt1,circuit_breaker,5,10000,5,5,4,1,0.0,True,64679.49984125886,6.4679499841258865,2.6356989661286447,8873,0.8873,0,8,0.13935479227085557,8712.096768026639,RandomAgent,15139.855745128063,EpsilonGreedyAgent,17599.344782277436,UCB_BaselineAgent,12847.346433600722,RiskAverseEpsilonGreedyAgent,10380.856112226,RiskAverseUCBAgent
cb_transparent_threshold4_halt1,circuit_breaker,6,10000,5,5,4,1,0.0,True,65045.816750189886,6.504581675018988,2.625062808609578,8758,0.8758,0,3,0.13837126166850822,8684.623636811064,RandomAgent,15317.138663645059,EpsilonGreedyAgent,17494.4386698,UCB_BaselineAgent,10435.589404667071,RiskAverseEpsilonGreedyAgent,13114.026375266689,RiskAverseUCBAgent
cb_transparent_threshold4_halt1,circuit_breaker,7,10000,5,5,4,1,0.0,True,64955.6397116732,6.49556397116732,2.66037892137948,8877,0.8877,0,6,0.13784352953056733,8679.60407275638,RandomAgent,15560.975036704207,EpsilonGreedyAgent,17314.65636022931,UCB_BaselineAgent,10446.793009717778,RiskAverseEpsilonGreedyAgent,12953.611232265524,RiskAverseUCBAgent
cb_transparent_threshold4_halt1,circuit_breaker,8,10000,5,5,4,1,0.0,True,64823.07738131672,6.482307738131672,2.66323715709017,8793,0.8793,0,6,0.14086714074415108,8580.587127465285,RandomAgent,15473.700592211373,EpsilonGreedyAgent,17471.87101931375,UCB_BaselineAgent,10427.664463550993,RiskAverseEpsilonGreedyAgent,12869.254178775318,RiskAverseUCBAgent
cb_transparent_threshold4_halt1,circuit_breaker,9,10000,5,5,4,1,0.0,True,64442.89319019976,6.444289319019975,2.6428094164451137,8896,0.8896,0,8,0.13844025340106203,8687.401314656667,RandomAgent,14781.77820566252,EpsilonGreedyAgent,17689.636139386897,UCB_BaselineAgent,12801.555833242744,RiskAverseEpsilonGreedyAgent,10482.521697250924,RiskAverseUCBAgent
cb_transparent_threshold4_halt1,circuit_breaker,10,10000,5,5,4,1,0.0,True,65028.95175458397,6.502895175458397,2.610306320428193,8857,0.8857,0,4,0.13900320416914136,8743.61749568503,RandomAgent,15274.698947120562,EpsilonGreedyAgent,17628.622177714602,UCB_BaselineAgent,12935.38646700325,RiskAverseEpsilonGreedyAgent,10446.626667060526,RiskAverseUCBAgent
cb_transparent_threshold4_halt1,circuit_breaker,11,10000,5,5,4,1,0.0,True,64191.26232057733,6.4191262320577325,2.669540837187294,8921,0.8921,0,3,0.13269855238415262,8642.44239528795,RandomAgent,16736.507067549515,EpsilonGreedyAgent,15562.663160415397,UCB_BaselineAgent,12794.076156515997,RiskAverseEpsilonGreedyAgent,10455.573540808466,RiskAverseUCBAgent
cb_transparent_threshold4_halt1,circuit_breaker,12,10000,5,5,4,1,0.0,True,64514.34410892778,6.4514344108927775,2.65119967230025,8879,0.8879,0,7,0.1358493073931042,8615.6327321304,RandomAgent,16869.469941778007,EpsilonGreedyAgent,15805.077978136136,UCB_BaselineAgent,12821.983469747462,RiskAverseEpsilonGreedyAgent,10402.17998713577,RiskAverseUCBAgent
cb_transparent_threshold4_halt1,circuit_breaker,13,10000,5,5,4,1,0.0,True,64633.16634323992,6.463316634323992,2.6317645210627543,8849,0.8849,0,6,0.1380327719519987,8664.379955214306,RandomAgent,15171.007647529954,EpsilonGreedyAgent,17465.655643801598,UCB_BaselineAgent,12862.301847969611,RiskAverseEpsilonGreedyAgent,10469.821248724451,RiskAverseUCBAgent
cb_transparent_threshold4_halt1,circuit_breaker,14,10000,5,5,4,1,0.0,True,65081.423132107484,6.508142313210748,2.649466379590498,8896,0.8896,0,5,0.13978695365537552,8697.230884039589,RandomAgent,15403.932942014662,EpsilonGreedyAgent,17601.243419220493,UCB_BaselineAgent,12910.892572440756,RiskAverseEpsilonGreedyAgent,10468.123314391985,RiskAverseUCBAgent
cb_transparent_threshold4_halt1,circuit_breaker,15,10000,5,5,4,1,0.0,True,64422.91218663559,6.442291218663559,2.674053007173696,8936,0.8936,0,9,0.13461033055037563,8646.494154052218,RandomAgent,12743.578107200627,EpsilonGreedyAgent,15777.498188841639,UCB_BaselineAgent,16816.935205652004,RiskAverseEpsilonGreedyAgent,10438.406530889108,RiskAverseUCBAgent
cb_transparent_threshold4_halt1,circuit_breaker,16,10000,5,5,4,1,0.0,True,64645.789543373445,6.464578954337345,2.6637644556760383,8938,0.8938,0,7,0.1399730243351025,8539.690917604623,RandomAgent,10435.85491206595,EpsilonGreedyAgent,15630.90178567749,UCB_BaselineAgent,12786.341106080868,RiskAverseEpsilonGreedyAgent,17253.00082194451,RiskAverseUCBAgent
cb_transparent_threshold4_halt1,circuit_breaker,17,10000,5,5,4,1,0.0,True,65723.18525976193,6.5723185259761925,2.643471064228415,8796,0.8796,0,4,0.1396651097030075,8850.389627706556,RandomAgent,15535.8068040838,EpsilonGreedyAgent,17811.099748441888,UCB_BaselineAgent,10509.137347215143,RiskAverseEpsilonGreedyAgent,13016.75173231455,RiskAverseUCBAgent
cb_transparent_threshold4_halt1,circuit_breaker,18,10000,5,5,4,1,0.0,True,65088.95813223102,6.508895813223102,2.639695958545536,8816,0.8816,0,5,0.1416725916231938,8604.900644730726,RandomAgent,15360.016751506355,EpsilonGreedyAgent,17694.919099639035,UCB_BaselineAgent,10486.750199706186,RiskAverseEpsilonGreedyAgent,12942.371436648717,RiskAverseUCBAgent
cb_transparent_threshold4_halt1,circuit_breaker,19,10000,5,5,4,1,0.0,True,64131.67308020406,6.413167308020406,2.6831692481867186,8915,0.8915,0,13,0.12807042529163293,8807.886418163665,RandomAgent,15239.655316310349,EpsilonGreedyAgent,12960.916799030565,UCB_BaselineAgent,16677.586227276897,RiskAverseEpsilonGreedyAgent,10445.628319422587,RiskAverseUCBAgent
cb_transparent_threshold4_halt1,circuit_breaker,20,10000,5,5,4,1,0.0,True,64719.65420142661,6.471965420142661,2.6797172377980996,8836,0.8836,0,8,0.1324809295044258,8724.779577438423,RandomAgent,16762.868794091926,EpsilonGreedyAgent,15854.070469185968,UCB_BaselineAgent,12882.986322742388,RiskAverseEpsilonGreedyAgent,10494.949037967905,RiskAverseUCBAgent
cb_transparent_threshold4_halt1,circuit_breaker,21,10000,5,5,4,1,0.0,True,65306.77679172168,6.530677679172168,2.6859291735330375,8750,0.875,0,4,0.13518943769733482,8730.098047925834,RandomAgent,17007.368503650683,EpsilonGreedyAgent,16010.657344993951,UCB_BaselineAgent,10493.232175698155,RiskAverseEpsilonGreedyAgent,13065.420719453052,RiskAverseUCBAgent
cb_transparent_threshold4_halt1,circuit_breaker,22,10000,5,5,4,1,0.0,True,64740.8057380286,6.474080573802859,2.6446932373211407,8846,0.8846,0,11,0.13253714389737303,8737.06945251195,RandomAgent,16833.372185228865,EpsilonGreedyAgent,15700.92472268114,UCB_BaselineAgent,10442.126472782558,RiskAverseEpsilonGreedyAgent,13027.312904824083,RiskAverseUCBAgent
cb_transparent_threshold4_halt1,circuit_breaker,23,10000,5,5,4,1,0.0,True,64372.70102459081,6.437270102459081,2.671822414962477,9114,0.9114,0,5,0.12479568309454225,8845.455673159438,RandomAgent,16318.254115953992,EpsilonGreedyAgent,15762.948994536404,UCB_BaselineAgent,12821.08435332683,RiskAverseEpsilonGreedyAgent,10624.957887614144,RiskAverseUCBAgent
cb_transparent_threshold4_halt1,circuit_breaker,24,10000,5,5,4,1,0.0,True,64464.372666979034,6.446437266697903,2.630887409643902,8913,0.8913,0,3,0.13541135596557008,8625.461718862078,RandomAgent,15192.882441798158,EpsilonGreedyAgent,17152.477850898784,UCB_BaselineAgent,10423.894420107905,RiskAverseEpsilonGreedyAgent,13069.656235312113,RiskAverseUCBAgent
cb_transparent_threshold4_halt1,circuit_breaker,25,10000,5,5,4,1,0.0,True,64762.487666827845,6.476248766682785,2.641544148205734,8830,0.883,0,5,0.13554425550243088,8775.842926341455,RandomAgent,15597.814221255829,EpsilonGreedyAgent,17175.484907233047,UCB_BaselineAgent,12761.705367172372,RiskAverseEpsilonGreedyAgent,10451.64024482514,RiskAverseUCBAgent
cb_transparent_threshold4_halt1,circuit_breaker,26,10000,5,5,4,1,0.0,True,64095.525149409135,6.409552514940914,2.5705128406142603,9010,0.901,0,6,0.13696077808520446,8857.174025840779,RandomAgent,14772.056234171321,EpsilonGreedyAgent,17672.4657240376,UCB_BaselineAgent,10456.207139957804,RiskAverseEpsilonGreedyAgent,12337.62202540163,RiskAverseUCBAgent
cb_transparent_threshold4_halt1,circuit_breaker,27,10000,5,5,4,1,0.0,True,64756.419614793704,6.47564196147937,2.6499673422501364,8834,0.8834,0,8,0.1324259900810676,8685.187641260922,RandomAgent,16840.219991368638,EpsilonGreedyAgent,15643.423810196122,UCB_BaselineAgent,10514.90605642624,RiskAverseEpsilonGreedyAgent,13072.682115541786,RiskAverseUCBAgent
cb_transparent_threshold4_halt1,circuit_breaker,28,10000,5,5,4,1,0.0,True,64854.53448065599,6.4854534480655985,2.6247259275936483,8841,0.8841,0,4,0.13584286832562809,8802.49680426,RandomAgent,15035.60363433267,EpsilonGreedyAgent,17555.841113119117,UCB_BaselineAgent,10517.227282611775,RiskAverseEpsilonGreedyAgent,12943.36564633243,RiskAverseUCBAgent
cb_transparent_threshold4_halt1,circuit_breaker,29,10000,5,5,4,1,0.0,True,64737.830874549516,6.473783087454952,2.6503007515557964,8871,0.8871,0,9,0.1392798687107506,8691.896887126619,RandomAgent,15456.401151179893,EpsilonGreedyAgent,17394.164641820586,UCB_BaselineAgent,12876.122995919693,RiskAverseEpsilonGreedyAgent,10319.245198502726,RiskAverseUCBAgent
cb_opaque_threshold4_halt3,circuit_breaker,0,10000,5,5,4,3,0.0,False,64769.033672286074,6.476903367228608,2.63689101073942,8806,0.8806,20,7,0.1374716396267266,8690.08650824976,RandomAgent,15336.096392562948,EpsilonGreedyAgent,17302.66365406037,UCB_BaselineAgent,10301.48754426456,RiskAverseEpsilonGreedyAgent,13138.699573148435,RiskAverseUCBAgent
cb_opaque_threshold4_halt3,circuit_breaker,1,10000,5,5,4,3,0.0,False,64748.67338574029,6.474867338574029,2.6795211668714844,8921,0.8921,7,4,0.1319239058176569,8767.665736819301,RandomAgent,10400.145602629105,EpsilonGreedyAgent,15705.284105467055,UCB_BaselineAgent,16792.46884734861,RiskAverseEpsilonGreedyAgent,13083.109093476214,RiskAverseUCBAgent
cb_opaque_threshold4_halt3,circuit_breaker,2,10000,5,5,4,3,0.0,False,65145.67679547497,6.514567679547497,2.651362466510799,8886,0.8886,12,6,0.14000612988878225,8639.723618041491,RandomAgent,12804.118534204572,EpsilonGreedyAgent,15920.960589287008,UCB_BaselineAgent,10467.092081096045,RiskAverseEpsilonGreedyAgent,17313.781972845853,RiskAverseUCBAgent
cb_opaque_threshold4_halt3,circuit_breaker,3,10000,5,5,4,3,0.0,False,64436.11615231161,6.443611615231161,2.6928018710469743,9003,0.9003,18,6,0.13070232992187458,8748.736456768193,RandomAgent,12835.647385459699,EpsilonGreedyAgent,15766.658629410067,UCB_BaselineAgent,16623.588081786376,RiskAverseEpsilonGreedyAgent,10461.485598887277,RiskAverseUCBAgent
cb_opaque_threshold4_halt3,circuit_breaker,4,10000,5,5,4,3,0.0,False,64713.279745544234,6.471327974554423,2.6781857348043605,8863,0.8863,18,6,0.13424857598276563,8707.511749306694,RandomAgent,16837.875430024338,EpsilonGreedyAgent,15904.94582589117,UCB_BaselineAgent,12816.437685529741,RiskAverseEpsilonGreedyAgent,10446.509054792292,RiskAverseUCBAgent
cb_opaque_threshold4_halt3,circuit_breaker,5,10000,5,5,4,3,0.0,False,64729.21700650197,6.472921700650197,2.6584267968372055,8910,0.891,10,6,0.13712993322262101,8737.85198393087,RandomAgent,15442.858335840037,EpsilonGreedyAgent,17306.081120830495,UCB_BaselineAgent,12853.891970396657,RiskAverseEpsilonGreedyAgent,10388.533595503908,RiskAverseUCBAgent
cb_opaque_threshold4_halt3,circuit_breaker,6,10000,5,5,4,3,0.0,False,65321.56305346817,6.532156305346817,2.657495103107724,8767,0.8767,13,6,0.14136605125025925,8645.583891969178,RandomAgent,10446.452799134959,EpsilonGreedyAgent,15710.682456444267,UCB_BaselineAgent,12962.560554650718,RiskAverseEpsilonGreedyAgent,17556.28335126905,RiskAverseUCBAgent
cb_opaque_threshold4_halt3,circuit_breaker,7,10000,5,5,4,3,0.0,False,65183.30648042904,6.518330648042904,2.654403698287489,8824,0.8824,13,5,0.13793312800599278,8694.514594240887,RandomAgent,15574.663045698453,EpsilonGreedyAgent,17403.647968924568,UCB_BaselineAgent,10515.58640351862,RiskAverseEpsilonGreedyAgent,12994.894468046512,RiskAverseUCBAgent
cb_opaque_threshold4_halt3,circuit_breaker,8,10000,5,5,4,3,0.0,False,64918.76910147822,6.4918769101478215,2.7129463033447636,8901,0.8901,7,5,0.1332039962084932,8702.524122349561,RandomAgent,16882.026561260558,EpsilonGreedyAgent,15760.206423094509,UCB_BaselineAgent,10500.612617783108,RiskAverseEpsilonGreedyAgent,13073.399376990483,RiskAverseUCBAgent
cb_opaque_threshold4_halt3,circuit_breaker,9,10000,5,5,4,3,0.0,False,64623.18547418175,6.4623185474181755,2.6747261516164045,8907,0.8907,25,12,0.13608760310700685,8665.206907880849,RandomAgent,12756.228337664503,EpsilonGreedyAgent,15815.13902880866,UCB_BaselineAgent,16962.640675861046,RiskAverseEpsilonGreedyAgent,10423.970523966693,RiskAverseUCBAgent
cb_opaque_threshold4_halt3,circuit_breaker,10,10000,5,5,4,3,0.0,False,64609.83400283739,6.460983400283739,2.638300559342319,8872,0.8872,11,8,0.13464124282795065,8676.446495071603,RandomAgent,15093.737274668858,EpsilonGreedyAgent,17271.947658475554,UCB_BaselineAgent,13030.833845768659,RiskAverseEpsilonGreedyAgent,10536.868728852722,RiskAverseUCBAgent
cb_opaque_threshold4_halt3,circuit_breaker,11,10000,5,5,4,3,0.0,False,64904.992581622995,6.490499258162299,2.656928169947101,8911,0.8911,19,8,0.13533396871827175,8741.3293537039,RandomAgent,12718.145880811386,EpsilonGreedyAgent,16064.850783407779,UCB_BaselineAgent,16919.366692317504,RiskAverseEpsilonGreedyAgent,10461.299871382425,RiskAverseUCBAgent
cb_opaque_threshold4_halt3,circuit_breaker,12,10000,5,5,4,3,0.0,False,65182.68885993953,6.518268885993953,2.6058946231167295,8791,0.8791,13,4,0.1369743645918029,8787.158879425584,RandomAgent,15645.952170647559,EpsilonGreedyAgent,17349.578749624336,UCB_BaselineAgent,10449.898438606584,RiskAverseEpsilonGreedyAgent,12950.100621635473,RiskAverseUCBAgent
cb_opaque_threshold4_halt3,circuit_breaker,13,10000,5,5,4,3,0.0,False,64705.946695927065,6.470594669592707,2.612369724250801,8903,0.8903,15,7,0.1380852983420493,8667.555541132697,RandomAgent,15325.19337233451,EpsilonGreedyAgent,17396.40269666192,UCB_BaselineAgent,12871.257287434553,RiskAverseEpsilonGreedyAgent,10445.537798363386,RiskAverseUCBAgent
cb_opaque_threshold4_halt3,circuit_breaker,14,10000,5,5,4,3,0.0,False,64917.45173771403,6.4917451737714025,2.682050033727794,8946,0.8946,16,8,0.1312615960551169,8843.277194288243,RandomAgent,16692.99593747921,EpsilonGreedyAgent,16121.35714144602,UCB_BaselineAgent,12741.947653980988,RiskAverseEpsilonGreedyAgent,10517.873810519568,RiskAverseUCBAgent
cb_opaque_threshold4_halt3,circuit_breaker,15,10000,5,5,4,3,0.0,False,64337.52828673798,6.433752828673798,2.702437011259648,8881,0.8881,15,8,0.13354905091420521,8670.271266518064,RandomAgent,16825.82702772102,EpsilonGreedyAgent,15577.035065504395,UCB_BaselineAgent,12856.787941233419,RiskAverseEpsilonGreedyAgent,10407.60698576108,RiskAverseUCBAgent
cb_opaque_threshold4_halt3,circuit_breaker,16,10000,5,5,4,3,0.0,False,64538.5188736679,6.45385188736679,2.632879711649228,9008,0.9008,10,7,0.13826141759484356,8695.956216836566,RandomAgent,15115.817539372263,EpsilonGreedyAgent,17468.537719723725,UCB_BaselineAgent,12905.194624950997,RiskAverseEpsilonGreedyAgent,10353.012772784343,RiskAverseUCBAgent
cb_opaque_threshold4_halt3,circuit_breaker,17,10000,5,5,4,3,0.0,False,64016.40559732177,6.401640559732177,2.578072739537423,8941,0.8941,10,4,0.1322146535856652,8857.614380696148,RandomAgent,14326.887168659367,EpsilonGreedyAgent,17500.75219849781,UCB_BaselineAgent,12877.756269829108,RiskAverseEpsilonGreedyAgent,10453.39557963934,RiskAverseUCBAgent
cb_opaque_threshold4_halt3,circuit_breaker,18,10000,5,5,4,3,0.0,False,64658.75567865401,6.4658755678654005,2.6322558230771844,8847,0.8847,9,4,0.14036529467340397,8614.204971313737,RandomAgent,15364.554942020013,EpsilonGreedyAgent,17464.775512296535,UCB_BaselineAgent,12839.137464162855,RiskAverseEpsilonGreedyAgent,10376.082788860871,RiskAverseUCBAgent
cb_opaque_threshold4_halt3,circuit_breaker,19,10000,5,5,4,3,0.0,False,63668.45028893179,6.366845028893179,2.6311114663076696,8852,0.8852,8,5,0.1342941049624875,8737.806004376638,RandomAgent,14636.738448084849,EpsilonGreedyAgent,17322.454716961656,UCB_BaselineAgent,10430.292008503076,RiskAverseEpsilonGreedyAgent,12541.159111005569,RiskAverseUCBAgent
cb_opaque_threshold4_halt3,circuit_breaker,20,10000,5,5,4,3,0.0,False,64918.625051737676,6.491862505173768,2.693782964050219,8840,0.884,26,10,0.13260811209755485,8654.897189831518,RandomAgent,16714.317057638378,EpsilonGreedyAgent,15870.308303731894,UCB_BaselineAgent,10467.307269145727,RiskAverseEpsilonGreedyAgent,13211.79523139016,RiskAverseUCBAgent
cb_opaque_threshold4_halt3,circuit_breaker,21,10000,5,5,4,3,0.0,False,64362.332330184116,6.436233233018411,2.685501136150618,8776,0.8776,19,9,0.13068697198633616,8725.700165864218,RandomAgent,16692.986512019757,EpsilonGreedyAgent,15591.022673679541,UCB_BaselineAgent,12855.323418155032,RiskAverseEpsilonGreedyAgent,10497.29956046557,RiskAverseUCBAgent
cb_opaque_threshold4_halt3,circuit_breaker,22,10000,5,5,4,3,0.0,False,64964.39720610132,6.496439720610132,2.6206618117112934,8879,0.8879,18,10,0.13359088600849378,8755.603740129018,RandomAgent,10417.856785629143,EpsilonGreedyAgent,15938.364665527772,UCB_BaselineAgent,16843.664027393203,RiskAverseEpsilonGreedyAgent,13008.907987422182,RiskAverseUCBAgent
cb_opaque_threshold4_halt3,circuit_breaker,23,10000,5,5,4,3,0.0,False,64711.58755050267,6.471158755050267,2.6916631016864487,9056,0.9056,10,3,0.12560031797994942,8815.569754477603,RandomAgent,16263.767646279422,EpsilonGreedyAgent,16096.58845910518,UCB_BaselineAgent,12862.167381257823,RiskAverseEpsilonGreedyAgent,10673.494309382644,RiskAverseUCBAgent
cb_opaque_threshold4_halt3,circuit_breaker,24,10000,5,5,4,3,0.0,False,64568.27534436481,6.456827534436481,2.6684971692270874,8870,0.887,26,7,0.1347901797293689,8650.861690722622,RandomAgent,12959.167492168846,EpsilonGreedyAgent,15582.669053462514,UCB_BaselineAgent,16950.851677399773,RiskAverseEpsilonGreedyAgent,10424.725430611054,RiskAverseUCBAgent
cb_opaque_threshold4_halt3,circuit_breaker,25,10000,5,5,4,3,0.0,False,65007.78682165509,6.500778682165509,2.653479820643528,8819,0.8819,13,4,0.13818947066405785,8763.126076290633,RandomAgent,15528.459849282426,EpsilonGreedyAgent,17473.77288955364,UCB_BaselineAgent,12751.15365553605,RiskAverseEpsilonGreedyAgent,10491.274350992346,RiskAverseUCBAgent
cb_opaque_threshold4_halt3,circuit_breaker,26,10000,5,5,4,3,0.0,False,64818.72556716885,6.481872556716885,2.6712120141201567,8951,0.8951,16,7,0.13606816726572202,8712.177482499501,RandomAgent,12770.884959433388,EpsilonGreedyAgent,15924.584539331574,UCB_BaselineAgent,16986.753997544314,RiskAverseEpsilonGreedyAgent,10424.324588360072,RiskAverseUCBAgent
cb_opaque_threshold4_halt3,circuit_breaker,27,10000,5,5,4,3,0.0,False,64525.59403332804,6.4525594033328035,2.674439304425192,8923,0.8923,13,9,0.13399478661926145,8685.417339639065,RandomAgent,12884.111652543286,EpsilonGreedyAgent,15721.247168124979,UCB_BaselineAgent,16833.21279803869,RiskAverseEpsilonGreedyAgent,10401.605074982017,RiskAverseUCBAgent
cb_opaque_threshold4_halt3,circuit_breaker,28,10000,5,5,4,3,0.0,False,64918.46865291552,6.491846865291552,2.644201930588264,8882,0.8882,21,9,0.13389333446580243,8748.449750837739,RandomAgent,12924.860920071811,EpsilonGreedyAgent,15917.059267209557,UCB_BaselineAgent,16879.438180047888,RiskAverseEpsilonGreedyAgent,10448.66053474853,RiskAverseUCBAgent
cb_opaque_threshold4_halt3,circuit_breaker,29,10000,5,5,4,3,0.0,False,64368.08475819377,6.436808475819377,2.662905031805726,8871,0.8871,14,7,0.13283877523222776,8612.036160298596,RandomAgent,16597.874122966467,EpsilonGreedyAgent,15785.034591119005,UCB_BaselineAgent,12992.873225661666,RiskAverseEpsilonGreedyAgent,10380.26665814804,RiskAverseUCBAgent
cb_transparent_threshold4_halt3,circuit_breaker,0,10000,5,5,4,3,0.0,True,64896.703858369845,6.489670385836985,2.635470276542292,8815,0.8815,0,9,0.13769611555096728,8722.258057813753,RandomAgent,15564.95657955396,EpsilonGreedyAgent,17339.879828920155,UCB_BaselineAgent,12809.469353712708,RiskAverseEpsilonGreedyAgent,10460.140038369267,RiskAverseUCBAgent
cb_transparent_threshold4_halt3,circuit_breaker,1,10000,5,5,4,3,0.0,True,64597.09481721969,6.459709481721969,2.663534066435722,8821,0.8821,0,5,0.13374224443155636,8712.240595928004,RandomAgent,16918.666406142383,EpsilonGreedyAgent,15654.14651486526,UCB_BaselineAgent,10468.597023761475,RiskAverseEpsilonGreedyAgent,12843.444276522563,RiskAverseUCBAgent
cb_transparent_threshold4_halt3,circuit_breaker,2,10000,5,5,4,3,0.0,True,64947.887723169,6.4947887723169,2.602427497575775,8880,0.888,0,10,0.14208481147451835,8538.68385350975,RandomAgent,15204.802109466451,EpsilonGreedyAgent,17699.87075765447,UCB_BaselineAgent,10456.90496071928,RiskAverseEpsilonGreedyAgent,13047.62604181905,RiskAverseUCBAgent
cb_transparent_threshold4_halt3,circuit_breaker,3,10000,5,5,4,3,0.0,True,65319.84444800853,6.5319844448008535,2.6120282952918483,8822,0.8822,0,7,0.14295201650964784,8597.198594412446,RandomAgent,15404.493453223045,EpsilonGreedyAgent,17815.409152092074,UCB_BaselineAgent,10496.90586373397,RiskAverseEpsilonGreedyAgent,13005.837384546992,RiskAverseUCBAgent
cb_transparent_threshold4_halt3,circuit_breaker,4,10000,5,5,4,3,0.0,True,64899.26894976047,6.489926894976048,2.6821649590812084,8847,0.8847,0,5,0.1324935022836169,8713.442488815603,RandomAgent,16713.83587327118,EpsilonGreedyAgent,16005.924766835915,UCB_BaselineAgent,10509.882938746674,RiskAverseEpsilonGreedyAgent,12956.182882091105,RiskAverseUCBAgent
cb_transparent_threshold4_halt3,circuit_breaker,5,10000,5,5,4,3,0.0,True,61369.436016034895,6.136943601603489,2.4450773043382807,9105,0.9105,0,12,0.12272353185055218,9138.733159517578,RandomAgent,16843.70707250988,EpsilonGreedyAgent,13952.213996920618,UCB_BaselineAgent,10533.476983994535,RiskAverseEpsilonGreedyAgent,10901.304803092284,RiskAverseUCBAgent
cb_transparent_threshold4_halt3,circuit_breaker,6,10000,5,5,4,3,0.0,True,64772.057146340834,6.477205714634083,2.6543939438950117,8881,0.8881,0,13,0.13756020564836935,8717.892645041267,RandomAgent,15400.55548864422,EpsilonGreedyAgent,17382.235221353887,UCB_BaselineAgent,12817.276903328453,RiskAverseEpsilonGreedyAgent,10454.096887973006,RiskAverseUCBAgent
cb_transparent_threshold4_halt3,circuit_breaker,7,10000,5,5,4,3,0.0,True,64761.7699724543,6.47617699724543,2.6587956478127217,8842,0.8842,0,7,0.13359861821316943,8712.956313116336,RandomAgent,16762.645456318074,EpsilonGreedyAgent,15973.764287103388,UCB_BaselineAgent,12869.468795807206,RiskAverseEpsilonGreedyAgent,10442.935120109292,RiskAverseUCBAgent
cb_transparent_threshold4_halt3,circuit_breaker,8,10000,5,5,4,3,0.0,True,64222.255745279996,6.4222255745279995,2.7264919439997155,9038,0.9038,0,12,0.13158547292692346,8687.834335769156,RandomAgent,16608.28716003024,EpsilonGreedyAgent,15706.369937905563,UCB_BaselineAgent,12799.278461838538,RiskAverseEpsilonGreedyAgent,10420.485849736504,RiskAverseUCBAgent
cb_transparent_threshold4_halt3,circuit_breaker,9,10000,5,5,4,3,0.0,True,64940.071347352874,6.494007134735288,2.6560438692101624,8800,0.88,0,7,0.14037356159034742,8638.872455367968,RandomAgent,15276.313113787006,EpsilonGreedyAgent,17600.005517543395,UCB_BaselineAgent,10408.906475739897,RiskAverseEpsilonGreedyAgent,13015.97378491461,RiskAverseUCBAgent
cb_transparent_threshold4_halt3,circuit_breaker,10,10000,5,5,4,3,0.0,True,65309.40442610328,6.530940442610328,2.6132299942918995,8805,0.8805,0,5,0.1394742771432902,8631.25814117335,RandomAgent,15422.099958655414,EpsilonGreedyAgent,17589.107518147666,UCB_BaselineAgent,10565.343780130157,RiskAverseEpsilonGreedyAgent,13101.5950279967,RiskAverseUCBAgent
cb_transparent_threshold4_halt3,circuit_breaker,11,10000,5,5,4,3,0.0,True,64785.368792177826,6.478536879217782,2.6726550713642254,8803,0.8803,0,6,0.13278976712273893,8687.172960629816,RandomAgent,16896.30572588012,EpsilonGreedyAgent,15584.743003828973,UCB_BaselineAgent,10495.923447144412,RiskAverseEpsilonGreedyAgent,13121.223654694502,RiskAverseUCBAgent
cb_transparent_threshold4_halt3,circuit_breaker,12,10000,5,5,4,3,0.0,True,65343.45344850988,6.534345344850988,2.633595537528053,8767,0.8767,0,10,0.1349470806649391,8741.040718080478,RandomAgent,17004.870568288286,EpsilonGreedyAgent,16023.578391450304,UCB_BaselineAgent,10506.467383261543,RiskAverseEpsilonGreedyAgent,13067.496387429268,RiskAverseUCBAgent
cb_transparent_threshold4_halt3,circuit_breaker,13,10000,5,5,4,3,0.0,True,64955.12543719169,6.495512543719169,2.6245369547252984,8877,0.8877,0,10,0.1380901994403776,8620.819511438494,RandomAgent,15333.855310311073,EpsilonGreedyAgent,17465.528550107043,UCB_BaselineAgent,10599.107821906828,RiskAverseEpsilonGreedyAgent,12935.814243428249,RiskAverseUCBAgent
cb_transparent_threshold4_halt3,circuit_breaker,14,10000,5,5,4,3,0.0,True,65062.02045204517,6.5062020452045175,2.6534056592768462,8852,0.8852,0,3,0.1357294139848204,8760.45901477749,RandomAgent,16960.74939600584,EpsilonGreedyAgent,16115.856260200513,UCB_BaselineAgent,12785.593529965337,RiskAverseEpsilonGreedyAgent,10439.362251095994,RiskAverseUCBAgent
cb_transparent_threshold4_halt3,circuit_breaker,15,10000,5,5,4,3,0.0,True,64282.82417476257,6.428282417476257,2.7002848732925377,8935,0.8935,0,10,0.13142919481096094,8711.85295232685,RandomAgent,16674.471436636908,EpsilonGreedyAgent,15604.478483211677,UCB_BaselineAgent,12883.905404414401,RiskAverseEpsilonGreedyAgent,10408.115898172739,RiskAverseUCBAgent
cb_transparent_threshold4_halt3,circuit_breaker,16,10000,5,5,4,3,0.0,True,64560.499564109734,6.456049956410974,2.645199408756348,8970,0.897,0,8,0.1362410187896803,8664.665254738766,RandomAgent,12754.473563679056,EpsilonGreedyAgent,16071.360385001475,UCB_BaselineAgent,16772.480356876335,RiskAverseEpsilonGreedyAgent,10297.520003814107,RiskAverseUCBAgent
cb_transparent_threshold4_halt3,circuit_breaker,17,10000,5,5,4,3,0.0,True,64843.57727494577,6.484357727494577,2.657896673117114,8944,0.8944,0,7,0.13434720162676173,8746.744887939074,RandomAgent,12867.337480261118,EpsilonGreedyAgent,15716.199599985077,UCB_BaselineAgent,17023.156119515905,RiskAverseEpsilonGreedyAgent,10490.139187244595,RiskAverseUCBAgent
cb_transparent_threshold4_halt3,circuit_breaker,18,10000,5,5,4,3,0.0,True,64820.27826600649,6.482027826600649,2.644667297100991,8859,0.8859,0,6,0.13632903548932918,8686.655408554188,RandomAgent,12883.90960019367,EpsilonGreedyAgent,15573.845969647595,UCB_BaselineAgent,10486.684895791615,RiskAverseEpsilonGreedyAgent,17189.182391819424,RiskAverseUCBAgent
cb_transparent_threshold4_halt3,circuit_breaker,19,10000,5,5,4,3,0.0,True,64736.285963816415,6.473628596381642,2.7104228767367102,8843,0.8843,0,10,0.13352299702995074,8690.932497405336,RandomAgent,16841.20918634105,EpsilonGreedyAgent,15757.228085531735,UCB_BaselineAgent,10448.324167211427,RiskAverseEpsilonGreedyAgent,12998.592027326866,RiskAverseUCBAgent
cb_transparent_threshold4_halt3,circuit_breaker,20,10000,5,5,4,3,0.0,True,64138.408306112266,6.4138408306112265,2.609637593028966,8806,0.8806,0,8,0.1360530242347655,8773.976595191785,RandomAgent,14624.444904443842,EpsilonGreedyAgent,17454.203630506356,UCB_BaselineAgent,10169.337925946043,RiskAverseEpsilonGreedyAgent,13116.44525002424,RiskAverseUCBAgent
cb_transparent_threshold4_halt3,circuit_breaker,21,10000,5,5,4,3,0.0,True,64438.08218422864,6.4438082184228636,2.6723713038731622,8873,0.8873,0,15,0.13325556260917404,8704.270389221545,RandomAgent,16907.46069796601,EpsilonGreedyAgent,15531.62700308161,UCB_BaselineAgent,12823.548710677876,RiskAverseEpsilonGreedyAgent,10471.175383281594,RiskAverseUCBAgent
cb_transparent_threshold4_halt3,circuit_breaker,22,10000,5,5,4,3,0.0,True,64629.4553386324,6.462945533863239,2.667257122752081,8990,0.899,0,10,0.13267761076878037,8807.495272302325,RandomAgent,12823.615184895998,EpsilonGreedyAgent,15657.417653021048,UCB_BaselineAgent,16911.901473013328,RiskAverseEpsilonGreedyAgent,10429.0257553997,RiskAverseUCBAgent
cb_transparent_threshold4_halt3,circuit_breaker,23,10000,5,5,4,3,0.0,True,64476.60629023318,6.447660629023319,2.681953760418929,9043,0.9043,0,6,0.12382817640794141,8871.310203067333,RandomAgent,16250.899911838293,EpsilonGreedyAgent,15860.209090645649,UCB_BaselineAgent,12834.850021225271,RiskAverseEpsilonGreedyAgent,10659.337063456636,RiskAverseUCBAgent
cb_transparent_threshold4_halt3,circuit_breaker,24,10000,5,5,4,3,0.0,True,64811.38765238751,6.481138765238751,2.670849221717535,8842,0.8842,0,10,0.13515677429316453,8739.72185852744,RandomAgent,12890.641879604605,EpsilonGreedyAgent,15757.095332745997,UCB_BaselineAgent,17015.17406573988,RiskAverseEpsilonGreedyAgent,10408.75451576958,RiskAverseUCBAgent
cb_transparent_threshold4_halt3,circuit_breaker,25,10000,5,5,4,3,0.0,True,65094.66342777907,6.509466342777907,2.7002817705131106,8831,0.8831,0,8,0.1354882319615085,8821.229101649467,RandomAgent,17163.625026452883,EpsilonGreedyAgent,15811.757281308594,UCB_BaselineAgent,12850.405032350889,RiskAverseEpsilonGreedyAgent,10447.646986017236,RiskAverseUCBAgent
cb_transparent_threshold4_halt3,circuit_breaker,26,10000,5,5,4,3,0.0,True,64886.37748802705,6.488637748802705,2.6386980838754326,8757,0.8757,0,7,0.13714208245886939,8576.330641424733,RandomAgent,17030.60956434263,EpsilonGreedyAgent,15792.296593356254,UCB_BaselineAgent,10454.222109391218,RiskAverseEpsilonGreedyAgent,13032.918579512218,RiskAverseUCBAgent
cb_transparent_threshold4_halt3,circuit_breaker,27,10000,5,5,4,3,0.0,True,64719.12000907036,6.471912000907036,2.672226774904449,8913,0.8913,0,19,0.1319343775539168,8767.396699900855,RandomAgent,16715.676259046766,EpsilonGreedyAgent,15872.694405585284,UCB_BaselineAgent,12940.79115624515,RiskAverseEpsilonGreedyAgent,10422.5614882923,RiskAverseUCBAgent
cb_transparent_threshold4_halt3,circuit_breaker,28,10000,5,5,4,3,0.0,True,64134.00508611615,6.413400508611615,2.654675131668866,8859,0.8859,0,8,0.13092099711156813,8692.893287876243,RandomAgent,15077.022313270616,EpsilonGreedyAgent,12981.296111692001,UCB_BaselineAgent,16894.25912411364,RiskAverseEpsilonGreedyAgent,10488.534249163653,RiskAverseUCBAgent
cb_transparent_threshold4_halt3,circuit_breaker,29,10000,5,5,4,3,0.0,True,64579.18577607914,6.457918577607914,2.610762897359793,8935,0.8935,0,9,0.13893566495885312,8636.026516013217,RandomAgent,15271.917347275596,EpsilonGreedyAgent,17397.119701989137,UCB_BaselineAgent,12910.898787325954,RiskAverseEpsilonGreedyAgent,10363.223423475238,RiskAverseUCBAgent
cb_opaque_threshold4_halt5,circuit_breaker,0,10000,5,5,4,5,0.0,False,64937.46993754446,6.4937469937544465,2.6546950202717516,8740,0.874,30,6,0.13243712733964474,8704.884832001431,RandomAgent,16820.918799184896,EpsilonGreedyAgent,15802.025925875227,UCB_BaselineAgent,10533.763922159873,RiskAverseEpsilonGreedyAgent,13075.876458323037,RiskAverseUCBAgent
cb_opaque_threshold4_halt5,circuit_breaker,1,10000,5,5,4,5,0.0,False,64569.09453000482,6.456909453000482,2.6062800679789007,8929,0.8929,9,3,0.13876708355900735,8673.779674302237,RandomAgent,15319.781617696613,EpsilonGreedyAgent,17385.36060160664,UCB_BaselineAgent,12847.391504030462,RiskAverseEpsilonGreedyAgent,10342.781132368862,RiskAverseUCBAgent
cb_opaque_threshold4_halt5,circuit_breaker,2,10000,5,5,4,5,0.0,False,62060.93937099761,6.2060939370997605,2.466982364165568,8861,0.8861,28,7,0.13337786632491944,9030.547649443875,RandomAgent,13954.641252670917,EpsilonGreedyAgent,17363.62159461163,UCB_BaselineAgent,9926.899954446806,RiskAverseEpsilonGreedyAgent,11785.228919824374,RiskAverseUCBAgent
cb_opaque_threshold4_halt5,circuit_breaker,3,10000,5,5,4,5,0.0,False,64604.30750326035,6.460430750326035,2.671679383463806,8808,0.8808,22,5,0.13467724230016898,8657.050563163955,RandomAgent,16988.321370470403,EpsilonGreedyAgent,15559.543194743072,UCB_BaselineAgent,10470.259871227956,RiskAverseEpsilonGreedyAgent,12929.132503654964,RiskAverseUCBAgent
cb_opaque_threshold4_halt5,circuit_breaker,4,10000,5,5,4,5,0.0,False,63928.33560054589,6.392833560054589,2.6368323740348765,9017,0.9017,42,8,0.1272272334854192,8794.41320369247,RandomAgent,15034.257675689112,EpsilonGreedyAgent,13018.513427831203,UCB_BaselineAgent,16656.427741497046,RiskAverseEpsilonGreedyAgent,10424.723551836061,RiskAverseUCBAgent
cb_opaque_threshold4_halt5,circuit_breaker,5,10000,5,5,4,5,0.0,False,64829.259014396965,6.482925901439696,2.662327286047844,8923,0.8923,30,7,0.137735101373889,8660.165297698233,RandomAgent,17151.623179300506,EpsilonGreedyAgent,15761.441298367043,UCB_BaselineAgent,12834.833583314776,RiskAverseEpsilonGreedyAgent,10421.195655716407,RiskAverseUCBAgent
cb_opaque_threshold4_halt5,circuit_breaker,6,10000,5,5,4,5,0.0,False,64493.398107440094,6.44933981074401,2.663092134497118,8855,0.8855,34,9,0.13171825887097754,8692.758373295175,RandomAgent,16718.764150627772,EpsilonGreedyAgent,15689.80347466948,UCB_BaselineAgent,12887.652347975032,RiskAverseEpsilonGreedyAgent,10504.419760872634,RiskAverseUCBAgent
cb_opaque_threshold4_halt5,circuit_breaker,7,10000,5,5,4,5,0.0,False,64732.83786634404,6.473283786634404,2.6457478818698146,8924,0.8924,29,7,0.1385110112719219,8679.124738517352,RandomAgent,15253.608221320588,EpsilonGreedyAgent,17473.57488991352,UCB_BaselineAgent,12899.54858090132,RiskAverseEpsilonGreedyAgent,10426.981435691256,RiskAverseUCBAgent
cb_opaque_threshold4_halt5,circuit_breaker,8,10000,5,5,4,5,0.0,False,65157.16629701007,6.515716629701007,2.631035455291643,8783,0.8783,7,3,0.14135934352919288,8683.272435138208,RandomAgent,15653.40776738812,EpsilonGreedyAgent,17578.509600465793,UCB_BaselineAgent,10417.446463123832,RiskAverseEpsilonGreedyAgent,12824.53003089412,RiskAverseUCBAgent
cb_opaque_threshold4_halt5,circuit_breaker,9,10000,5,5,4,5,0.0,False,64772.38396586075,6.477238396586075,2.663154806337296,8814,0.8814,45,11,0.13874208275509758,8547.158987705821,RandomAgent,10518.908820219614,EpsilonGreedyAgent,15588.391744408766,UCB_BaselineAgent,12872.187567369774,RiskAverseEpsilonGreedyAgent,17245.736846156768,RiskAverseUCBAgent
cb_opaque_threshold4_halt5,circuit_breaker,10,10000,5,5,4,5,0.0,False,65081.58428056534,6.508158428056534,2.6126683425621806,8762,0.8762,34,9,0.13900389994940565,8606.33077844878,RandomAgent,15286.113155160232,EpsilonGreedyAgent,17552.786663906823,UCB_BaselineAgent,10562.539851365036,RiskAverseEpsilonGreedyAgent,13073.813831684467,RiskAverseUCBAgent
cb_opaque_threshold4_halt5,circuit_breaker,11,10000,5,5,4,5,0.0,False,64928.05771500279,6.492805771500279,2.653895785973136,8770,0.877,24,6,0.138932977828105,8576.035098159256,RandomAgent,15333.433931510986,EpsilonGreedyAgent,17428.76837422663,UCB_BaselineAgent,10487.27947629473,RiskAverseEpsilonGreedyAgent,13102.540834811183,RiskAverseUCBAgent
cb_opaque_threshold4_halt5,circuit_breaker,12,10000,5,5,4,5,0.0,False,64509.071836519215,6.450907183651921,2.6580103675558875,8856,0.8856,25,7,0.13267568289418885,8631.171615907631,RandomAgent,10457.235320938616,EpsilonGreedyAgent,15628.805207675008,UCB_BaselineAgent,16743.86812101502,RiskAverseEpsilonGreedyAgent,13047.991570982935,RiskAverseUCBAgent
cb_opaque_threshold4_halt5,circuit_breaker,13,10000,5,5,4,5,0.0,False,64193.04644849467,6.4193046448494675,2.6304212113919325,8914,0.8914,29,7,0.13053883505072528,8703.668472691661,RandomAgent,16831.578669618968,EpsilonGreedyAgent,15309.17768956929,UCB_BaselineAgent,10615.784329064953,RiskAverseEpsilonGreedyAgent,12732.837287549803,RiskAverseUCBAgent
cb_opaque_threshold4_halt5,circuit_breaker,14,10000,5,5,4,5,0.0,False,64251.40645672853,6.425140645672853,2.639688104450539,9071,0.9071,39,10,0.12899135514434512,8813.46844313647,RandomAgent,15048.21995123365,EpsilonGreedyAgent,13005.385621456433,UCB_BaselineAgent,16894.246449300026,RiskAverseEpsilonGreedyAgent,10490.085991601954,RiskAverseUCBAgent
cb_opaque_threshold4_halt5,circuit_breaker,15,10000,5,5,4,5,0.0,False,64565.11196383807,6.456511196383807,2.66649538720825,8931,0.8931,15,4,0.13297832197728598,8791.010058054577,RandomAgent,12798.330374207766,EpsilonGreedyAgent,15763.749241283202,UCB_BaselineAgent,16831.564594395135,RiskAverseEpsilonGreedyAgent,10380.457695897392,RiskAverseUCBAgent
cb_opaque_threshold4_halt5,circuit_breaker,16,10000,5,5,4,5,0.0,False,63766.222721685706,6.376622272168571,2.6375252740482855,9022,0.9022,17,5,0.13023444758864722,8673.511013606974,RandomAgent,14762.081852773239,EpsilonGreedyAgent,13084.706004547108,UCB_BaselineAgent,16864.087000877516,RiskAverseEpsilonGreedyAgent,10381.836849880867,RiskAverseUCBAgent
cb_opaque_threshold4_halt5,circuit_breaker,17,10000,5,5,4,5,0.0,False,65032.4306424519,6.50324306424519,2.656556460240598,8865,0.8865,29,6,0.13663494469789783,8795.66340088984,RandomAgent,15473.740591058031,EpsilonGreedyAgent,17430.552405455568,UCB_BaselineAgent,12803.212055862194,RiskAverseEpsilonGreedyAgent,10529.26218918627,RiskAverseUCBAgent
cb_opaque_threshold4_halt5,circuit_breaker,18,10000,5,5,4,5,0.0,False,64436.96594004636,6.443696594004636,2.646546891020378,8880,0.888,37,9,0.13250354203634784,8632.759407722528,RandomAgent,16766.68448599289,EpsilonGreedyAgent,15538.318056810875,UCB_BaselineAgent,10460.852650522489,RiskAverseEpsilonGreedyAgent,13038.351338997578,RiskAverseUCBAgent
cb_opaque_threshold4_halt5,circuit_breaker,19,10000,5,5,4,5,0.0,False,64427.27367754117,6.442727367754117,2.6851715277571113,8914,0.8914,35,7,0.1306448121232675,8728.739666942018,RandomAgent,16691.480098124524,EpsilonGreedyAgent,15594.048666280007,UCB_BaselineAgent,10476.806865603257,RiskAverseEpsilonGreedyAgent,12936.198380591362,RiskAverseUCBAgent
cb_opaque_threshold4_halt5,circuit_breaker,20,10000,5,5,4,5,0.0,False,64599.818160492374,6.459981816049237,2.6362193617834393,8833,0.8833,15,4,0.13153893712975306,8757.635955717937,RandomAgent,15338.455952959548,EpsilonGreedyAgent,13088.046305669488,UCB_BaselineAgent,16945.3248178793,RiskAverseEpsilonGreedyAgent,10470.355128266105,RiskAverseUCBAgent
cb_opaque_threshold4_halt5,circuit_breaker,21,10000,5,5,4,5,0.0,False,64048.92979850757,6.404892979850757,2.650620879666586,8949,0.8949,39,10,0.12505919450994862,8874.045127118292,RandomAgent,14924.722198426514,EpsilonGreedyAgent,13053.871706768272,UCB_BaselineAgent,16681.475915522864,RiskAverseEpsilonGreedyAgent,10514.814850671626,RiskAverseUCBAgent
cb_opaque_threshold4_halt5,circuit_breaker,22,10000,5,5,4,5,0.0,False,64505.02449372316,6.450502449372316,2.625763078204723,8883,0.8883,39,8,0.13188485845083964,8794.693090478253,RandomAgent,15573.225979457473,EpsilonGreedyAgent,12948.088145245421,UCB_BaselineAgent,16824.4225139492,RiskAverseEpsilonGreedyAgent,10364.594764592812,RiskAverseUCBAgent
cb_opaque_threshold4_halt5,circuit_breaker,23,10000,5,5,4,5,0.0,False,64423.16540802951,6.442316540802951,2.6957739130194422,9084,0.9084,24,5,0.12366740432806789,8891.625324494522,RandomAgent,16281.672310089925,EpsilonGreedyAgent,15772.110245894213,UCB_BaselineAgent,12843.167421987784,RiskAverseEpsilonGreedyAgent,10634.590105563071,RiskAverseUCBAgent
cb_opaque_threshold4_halt5,circuit_breaker,24,10000,5,5,4,5,0.0,False,62458.16765800778,6.245816765800778,2.5912028778676315,8907,0.8907,34,6,0.1404833785393762,8968.324529533043,RandomAgent,16948.468194938603,EpsilonGreedyAgent,15013.90688682879,UCB_BaselineAgent,9038.358192700594,RiskAverseEpsilonGreedyAgent,12489.109854006743,RiskAverseUCBAgent
cb_opaque_threshold4_halt5,circuit_breaker,25,10000,5,5,4,5,0.0,False,65027.400944585155,6.502740094458516,2.646426372394037,8852,0.8852,32,6,0.1384392205393008,8725.15084659316,RandomAgent,15796.008122781965,EpsilonGreedyAgent,17287.923446727273,UCB_BaselineAgent,12802.621956594918,RiskAverseEpsilonGreedyAgent,10415.696571887838,RiskAverseUCBAgent
cb_opaque_threshold4_halt5,circuit_breaker,26,10000,5,5,4,5,0.0,False,64991.97041839048,6.499197041839048,2.66504418385424,8856,0.8856,25,6,0.13649535032938154,8669.813370206677,RandomAgent,10470.213948300694,EpsilonGreedyAgent,15951.896296357974,UCB_BaselineAgent,17017.849409746806,RiskAverseEpsilonGreedyAgent,12882.197393778328,RiskAverseUCBAgent
cb_opaque_threshold4_halt5,circuit_breaker,27,10000,5,5,4,5,0.0,False,64449.63755727859,6.444963755727859,2.6314901009347005,8970,0.897,32,7,0.13657432288319837,8609.367041130414,RandomAgent,15237.969678513367,EpsilonGreedyAgent,17229.7254628145,UCB_BaselineAgent,12899.302876571006,RiskAverseEpsilonGreedyAgent,10473.272498249302,RiskAverseUCBAgent
cb_opaque_threshold4_halt5,circuit_breaker,28,10000,5,5,4,5,0.0,False,64138.59544576425,6.413859544576425,2.6074832824284138,8762,0.8762,27,6,0.13471602600892663,8745.585847400682,RandomAgent,14630.581103360411,EpsilonGreedyAgent,17454.604102799793,UCB_BaselineAgent,12860.448508663725,RiskAverseEpsilonGreedyAgent,10447.375883539644,RiskAverseUCBAgent
cb_opaque_threshold4_halt5,circuit_breaker,29,10000,5,5,4,5,0.0,False,64442.38661365834,6.444238661365834,2.6549100275697546,8838,0.8838,20,5,0.1335980153814067,8649.902827555208,RandomAgent,16725.50410332739,EpsilonGreedyAgent,15735.08049303248,UCB_BaselineAgent,12969.053540231658,RiskAverseEpsilonGreedyAgent,10362.845649511604,RiskAverseUCBAgent
cb_transparent_threshold4_halt5,circuit_breaker,0,10000,5,5,4,5,0.0,True,15130.191493801929,1.513019149380193,1.2581116327588555,10000,1.0,0,10000,0.00015473121082765218,3028.379411610277,RandomAgent,3025.453020547913,EpsilonGreedyAgent,3025.453020547913,UCB_BaselineAgent,3025.453020547913,RiskAverseEpsilonGreedyAgent,3025.453020547913,RiskAverseUCBAgent
cb_transparent_threshold4_halt5,circuit_breaker,1,10000,5,5,4,5,0.0,True,14896.70701961555,1.489670701961555,1.2343454281487378,10000,1.0,0,10000,0.00034335579540045735,2984.456274610678,RandomAgent,2978.0626862512177,EpsilonGreedyAgent,2978.0626862512177,UCB_BaselineAgent,2978.0626862512177,RiskAverseEpsilonGreedyAgent,2978.0626862512177,RiskAverseUCBAgent
cb_transparent_threshold4_halt5,circuit_breaker,2,10000,5,5,4,5,0.0,True,14836.22724191285,1.483622724191285,1.2301987722026995,10003,1.0003,0,9996,0.0005368533753749016,2972.5773773448864,RandomAgent,2967.154268884856,EpsilonGreedyAgent,2967.800334206609,UCB_BaselineAgent,2964.3476307382493,RiskAverseEpsilonGreedyAgent,2964.3476307382493,RiskAverseUCBAgent
cb_transparent_threshold4_halt5,circuit_breaker,3,10000,5,5,4,5,0.0,True,15088.404088969113,1.5088404088969114,1.242774214317078,10000,1.0,0,10000,0.0001978702734422022,3020.6663644367136,RandomAgent,3016.9344311330997,EpsilonGreedyAgent,3016.9344311330997,UCB_BaselineAgent,3016.9344311330997,RiskAverseEpsilonGreedyAgent,3016.9344311330997,RiskAverseUCBAgent
cb_transparent_threshold4_halt5,circuit_breaker,4,10000,5,5,4,5,0.0,True,15201.314568660353,1.5201314568660353,1.2516605019124065,10000,1.0,0,10000,5.794329792108144e-05,3041.1437280309137,RandomAgent,3040.0427101573596,EpsilonGreedyAgent,3040.0427101573596,UCB_BaselineAgent,3040.0427101573596,RiskAverseEpsilonGreedyAgent,3040.0427101573596,RiskAverseUCBAgent
cb_transparent_threshold4_halt5,circuit_breaker,5,10000,5,5,4,5,0.0,True,15096.187826234762,1.5096187826234762,1.2144985881848454,10000,1.0,0,10000,4.3924163598108024e-05,3019.9006526707412,RandomAgent,3019.071793391005,EpsilonGreedyAgent,3019.071793391005,UCB_BaselineAgent,3019.071793391005,RiskAverseEpsilonGreedyAgent,3019.071793391005,RiskAverseUCBAgent
cb_transparent_threshold4_halt5,circuit_breaker,6,10000,5,5,4,5,0.0,True,15157.024379163498,1.51570243791635,1.2607216277307631,10000,1.0,0,10000,3.8553090210724505e-05,3031.9892259609146,RandomAgent,3031.258788300646,EpsilonGreedyAgent,3031.258788300646,UCB_BaselineAgent,3031.258788300646,RiskAverseEpsilonGreedyAgent,3031.258788300646,RiskAverseUCBAgent
cb_transparent_threshold4_halt5,circuit_breaker,7,10000,5,5,4,5,0.0,True,14949.353417222086,1.4949353417222087,1.2163486743164171,10000,1.0,0,10000,0.00023839230187805427,2991.1955082285203,RandomAgent,2988.7335332537623,EpsilonGreedyAgent,2988.7335332537623,UCB_BaselineAgent,2991.957309232279,RiskAverseEpsilonGreedyAgent,2988.7335332537623,RiskAverseUCBAgent
cb_transparent_threshold4_halt5,circuit_breaker,8,10000,5,5,4,5,0.0,True,14984.60684676999,1.498460684676999,1.236824868033348,10000,1.0,0,10000,8.593987545113535e-05,2998.209144600094,RandomAgent,2996.599425542474,EpsilonGreedyAgent,2996.599425542474,UCB_BaselineAgent,2996.599425542474,RiskAverseEpsilonGreedyAgent,2996.599425542474,RiskAverseUCBAgent
cb_transparent_threshold4_halt5,circuit_breaker,9,10000,5,5,4,5,0.0,True,15027.260206926614,1.5027260206926614,1.2372605667087415,10000,1.0,0,10000,0.00039358266494038396,3011.3665105043187,RandomAgent,3003.973424105574,EpsilonGreedyAgent,3003.973424105574,UCB_BaselineAgent,3003.973424105574,RiskAverseEpsilonGreedyAgent,3003.973424105574,RiskAverseUCBAgent
cb_transparent_threshold4_halt5,circuit_breaker,10,10000,5,5,4,5,0.0,True,15029.727139015664,1.5029727139015663,1.2206331029315187,10000,1.0,0,9999,0.0006567164701074546,3011.2309619083458,RandomAgent,3010.354963337078,EpsilonGreedyAgent,3002.713737923413,UCB_BaselineAgent,3002.713737923413,RiskAverseEpsilonGreedyAgent,3002.713737923413,RiskAverseUCBAgent
cb_transparent_threshold4_halt5,circuit_breaker,11,10000,5,5,4,5,0.0,True,15075.82578190003,1.507582578190003,1.244653995497696,10000,1.0,0,10000,0.00014141284048596603,3017.297071726495,RandomAgent,3014.632177543384,EpsilonGreedyAgent,3014.632177543384,UCB_BaselineAgent,3014.632177543384,RiskAverseEpsilonGreedyAgent,3014.632177543384,RiskAverseUCBAgent
cb_transparent_threshold4_halt5,circuit_breaker,12,10000,5,5,4,5,0.0,True,15112.032691467155,1.5112032691467154,1.222001268533565,10000,1.0,0,10000,0.00012699902111057426,3020.4873249346233,RandomAgent,3022.886341633133,EpsilonGreedyAgent,3022.886341633133,UCB_BaselineAgent,3022.886341633133,RiskAverseEpsilonGreedyAgent,3022.886341633133,RiskAverseUCBAgent
cb_transparent_threshold4_halt5,circuit_breaker,13,10000,5,5,4,5,0.0,True,14871.174508090728,1.4871174508090728,1.221798691651542,10000,1.0,0,10000,0.00014649986616821487,2976.413526693345,RandomAgent,2973.690245349346,EpsilonGreedyAgent,2973.690245349346,UCB_BaselineAgent,2973.690245349346,RiskAverseEpsilonGreedyAgent,2973.690245349346,RiskAverseUCBAgent
cb_transparent_threshold4_halt5,circuit_breaker,14,10000,5,5,4,5,0.0,True,65126.706421992065,6.512670642199207,2.6795076292484477,8956,0.8956,0,7,0.13493093692034863,8742.263206140207,RandomAgent,16862.923326872777,EpsilonGreedyAgent,16199.607533827377,UCB_BaselineAgent,12850.003369998878,RiskAverseEpsilonGreedyAgent,10471.908985152824,RiskAverseUCBAgent
cb_transparent_threshold4_halt5,circuit_breaker,15,10000,5,5,4,5,0.0,True,14975.884428930121,1.4975884428930122,1.2045911558762943,10000,1.0,0,10000,0.00015071624108564663,2997.4339947940844,RandomAgent,2994.6126085340093,EpsilonGreedyAgent,2994.6126085340093,UCB_BaselineAgent,2994.6126085340093,RiskAverseEpsilonGreedyAgent,2994.6126085340093,RiskAverseUCBAgent
cb_transparent_threshold4_halt5,circuit_breaker,16,10000,5,5,4,5,0.0,True,14988.762328929131,1.498876232892913,1.2188243108040766,10000,1.0,0,10000,0.00010653054538578566,2999.349226811382,RandomAgent,2997.3532755294373,EpsilonGreedyAgent,2997.3532755294373,UCB_BaselineAgent,2997.3532755294373,RiskAverseEpsilonGreedyAgent,2997.3532755294373,RiskAverseUCBAgent
cb_transparent_threshold4_halt5,circuit_breaker,17,10000,5,5,4,5,0.0,True,65427.3659916985,6.542736599169849,2.667774419296918,8813,0.8813,0,14,0.13404023249397246,8788.501259284007,RandomAgent,17005.81348016653,EpsilonGreedyAgent,16035.889882078993,UCB_BaselineAgent,10545.76595135529,RiskAverseEpsilonGreedyAgent,13051.395418813681,RiskAverseUCBAgent
cb_transparent_threshold4_halt5,circuit_breaker,18,10000,5,5,4,5,0.0,True,14883.413088264086,1.4883413088264086,1.244231544940073,10000,1.0,0,10000,0.0002058770040389568,2979.746770149304,RandomAgent,2975.9165795286954,EpsilonGreedyAgent,2975.9165795286954,UCB_BaselineAgent,2975.9165795286954,RiskAverseEpsilonGreedyAgent,2975.9165795286954,RiskAverseUCBAgent
cb_transparent_threshold4_halt5,circuit_breaker,19,10000,5,5,4,5,0.0,True,15070.247000105586,1.5070247000105585,1.2339604840651115,10000,1.0,0,10000,0.00018789243765238162,3016.8809854659903,RandomAgent,3013.341503659899,EpsilonGreedyAgent,3013.341503659899,UCB_BaselineAgent,3013.341503659899,RiskAverseEpsilonGreedyAgent,3013.341503659899,RiskAverseUCBAgent
cb_transparent_threshold4_halt5,circuit_breaker,20,10000,5,5,4,5,0.0,True,64945.988290044304,6.49459882900443,2.609719247151044,8739,0.8739,0,11,0.13848031250934878,8698.006431091037,RandomAgent,15392.937425279795,EpsilonGreedyAgent,17461.743556150497,UCB_BaselineAgent,12957.241088708846,RiskAverseEpsilonGreedyAgent,10436.059788814131,RiskAverseUCBAgent
cb_transparent_threshold4_halt5,circuit_breaker,21,10000,5,5,4,5,0.0,True,15249.188126746227,1.5249188126746227,1.2429059005562808,10000,1.0,0,10000,0.00010702666889805812,3050.9185716814745,RandomAgent,3050.256293111657,EpsilonGreedyAgent,3049.337753984365,UCB_BaselineAgent,3049.337753984365,RiskAverseEpsilonGreedyAgent,3049.337753984365,RiskAverseUCBAgent
cb_transparent_threshold4_halt5,circuit_breaker,22,10000,5,5,4,5,0.0,True,65139.55613545909,6.513955613545909,2.6591999308048564,8884,0.8884,0,9,0.1342346551722764,8781.572119689874,RandomAgent,16838.959660493736,EpsilonGreedyAgent,16216.538169387197,UCB_BaselineAgent,12831.137574689586,RiskAverseEpsilonGreedyAgent,10471.348611198697,RiskAverseUCBAgent
cb_transparent_threshold4_halt5,circuit_breaker,23,10000,5,5,4,5,0.0,True,64692.17321092775,6.469217321092775,2.6809579977156544,9018,0.9018,0,7,0.12783413069946392,8772.98911921305,RandomAgent,16391.307473232082,EpsilonGreedyAgent,16064.650709015152,UCB_BaselineAgent,12836.60780610948,RiskAverseEpsilonGreedyAgent,10626.618103357987,RiskAverseUCBAgent
cb_transparent_threshold4_halt5,circuit_breaker,24,10000,5,5,4,5,0.0,True,15183.671635982673,1.5183671635982674,1.2359689029800114,10000,1.0,0,10000,0.00015090805414041952,3039.025665537827,RandomAgent,3036.1614926112115,EpsilonGreedyAgent,3036.1614926112115,UCB_BaselineAgent,3036.1614926112115,RiskAverseEpsilonGreedyAgent,3036.1614926112115,RiskAverseUCBAgent
cb_transparent_threshold4_halt5,circuit_breaker,25,10000,5,5,4,5,0.0,True,64921.58951021151,6.492158951021151,2.647267432834377,8879,0.8879,0,8,0.13614579436366614,8836.299143537588,RandomAgent,15634.182645379244,EpsilonGreedyAgent,17276.73295686978,UCB_BaselineAgent,12756.327930430287,RiskAverseEpsilonGreedyAgent,10418.046833994615,RiskAverseUCBAgent
cb_transparent_threshold4_halt5,circuit_breaker,26,10000,5,5,4,5,0.0,True,14966.324582312269,1.496632458231227,1.2282437881766763,10000,1.0,0,9999,0.0005585647463446364,3001.3372619424945,RandomAgent,2991.6059748599264,EpsilonGreedyAgent,2991.1271151699493,UCB_BaselineAgent,2991.1271151699493,RiskAverseEpsilonGreedyAgent,2991.1271151699493,RiskAverseUCBAgent
cb_transparent_threshold4_halt5,circuit_breaker,27,10000,5,5,4,5,0.0,True,15097.830944386656,1.5097830944386657,1.2303099486666575,10000,1.0,0,10000,0.00019278628240360085,3021.9759904941375,RandomAgent,3018.7550496884132,EpsilonGreedyAgent,3018.7550496884132,UCB_BaselineAgent,3019.58980482728,RiskAverseEpsilonGreedyAgent,3018.7550496884132,RiskAverseUCBAgent
cb_transparent_threshold4_halt5,circuit_breaker,28,10000,5,5,4,5,0.0,True,15168.651546447583,1.5168651546447582,1.2372658711205913,10002,1.0002,0,9998,0.00013915127092678503,3035.3094662957506,RandomAgent,3033.5570117607494,EpsilonGreedyAgent,3033.5570117607494,UCB_BaselineAgent,3032.671044869584,RiskAverseEpsilonGreedyAgent,3033.5570117607494,RiskAverseUCBAgent
cb_transparent_threshold4_halt5,circuit_breaker,29,10000,5,5,4,5,0.0,True,64524.238526065295,6.45242385260653,2.6403445959813507,8983,0.8983,0,14,0.139146772995294,8601.299010107072,RandomAgent,15178.810394856635,EpsilonGreedyAgent,17437.932024776765,UCB_BaselineAgent,12899.969599330349,RiskAverseEpsilonGreedyAgent,10406.227496994477,RiskAverseUCBAgent
